{"type":"FeatureCollection","status":"ok","updated_at":"2026-10-04T13:14:04+00:00","window":"7days","total_rai":73,"province_rai":4030,"province_cells":308,"by_tambon":{"300907":72.6},"exposure":{"building":0,"population":0,"school":0,"hospital":0},"images":["S1C_20260928_0550","S1C_20260928_1819","S1D_20260929_1812","S1D_20261002_0609"],"features":[{"type":"Feature","properties":{"tb":"300304","tb_name":"ต.กุดโบสถ์","ap_name":"อ.เสิงสาง","area_rai":0.18,"img":"S1C_20260928_0550, S1C_20260928_1819, S1D_20260929_1812, S1D_20261002_0609","in_area":false,"near":false,"bldg":0,"pop":0,"school":0,"hosp":0},"geometry":{"coordinates":[[[[102.54323,14.42941],[102.54317,14.42935],[102.54279,14.42946],[102.54323,14.42946],[102.54323,14.42941]]]],"type":"MultiPolygon"}},{"type":"Feature","properties":{"tb":"300304","tb_name":"ต.กุดโบสถ์","ap_name":"อ.เสิงสาง","area_rai":18.23,"img":"S1C_20260928_0550, S1C_20260928_1819, S1D_20260929_1812, S1D_20261002_0609","in_area":false,"near":false,"bldg":0,"pop":0,"school":0,"hosp":0},"geometry":{"coordinates":[[[[102.54498,14.42889],[102.54498,14.4288],[102.54507,14.4288],[102.54507,14.42871],[102.54535,14.4287],[102.54535,14.42888],[102.54572,14.42888],[102.54572,14.42879],[102.54582,14.42879],[102.54581,14.42833],[102.54609,14.42833],[102.54609,14.42851],[102.54637,14.42851],[102.54637,14.42842],[102.54646,14.42842],[102.54646,14.42833],[102.54673,14.42832],[102.54673,14.42805],[102.54617,14.42806],[102.54617,14.42779],[102.54626,14.42779],[102.54626,14.4277],[102.54635,14.42769],[102.54635,14.4276],[102.54638,14.4276],[102.54559,14.42687],[102.54518,14.42699],[102.54551,14.42699],[102.54552,14.42753],[102.54561,14.42753],[102.54561,14.42771],[102.54571,14.4277],[102.54571,14.42798],[102.54562,14.42798],[102.54562,14.42843],[102.54535,14.42843],[102.54535,14.42834],[102.54525,14.42834],[102.54525,14.42825],[102.54516,14.42825],[102.54516,14.42816],[102.54506,14.42817],[102.54506,14.42789],[102.54497,14.4279],[102.54496,14.42754],[102.54487,14.42754],[102.54486,14.42718],[102.54496,14.42717],[102.54495,14.42708],[102.54505,14.42708],[102.54505,14.42703],[102.54449,14.42719],[102.5445,14.42745],[102.54441,14.42745],[102.54441,14.42799],[102.54451,14.42799],[102.54451,14.42808],[102.5446,14.42808],[102.5446,14.42817],[102.54469,14.42817],[102.5447,14.42826],[102.54479,14.42826],[102.54479,14.42862],[102.5447,14.42862],[102.5447,14.42871],[102.54461,14.42871],[102.54461,14.42898],[102.54489,14.42898],[102.54489,14.42889],[102.54498,14.42889]]],[[[102.5436,14.42936],[102.5436,14.42927],[102.54388,14.42927],[102.54387,14.42891],[102.54369,14.42891],[102.54369,14.42882],[102.54359,14.42882],[102.54359,14.42873],[102.54341,14.42873],[102.54341,14.42864],[102.54334,14.42864],[102.54317,14.42935],[102.54323,14.42941],[102.54323,14.42937],[102.5436,14.42936]]]],"type":"MultiPolygon"}},{"type":"Feature","properties":{"tb":"300304","tb_name":"ต.กุดโบสถ์","ap_name":"อ.เสิงสาง","area_rai":10.58,"img":"S1C_20260928_0550, S1C_20260928_1819, S1D_20260929_1812, S1D_20261002_0609","in_area":false,"near":false,"bldg":0,"pop":0,"school":0,"hosp":0},"geometry":{"coordinates":[[[[102.54331,14.42864],[102.5433,14.42774],[102.54321,14.42774],[102.5432,14.42765],[102.54237,14.42766],[102.54238,14.42821],[102.54247,14.4282],[102.54248,14.42875],[102.54257,14.42874],[102.54258,14.42902],[102.54248,14.42902],[102.54249,14.42929],[102.54258,14.42929],[102.54258,14.42938],[102.54268,14.42937],[102.54268,14.42947],[102.54279,14.42946],[102.54317,14.42935],[102.54334,14.42864],[102.54331,14.42864]]]],"type":"MultiPolygon"}},{"type":"Feature","properties":{"tb":"300304","tb_name":"ต.กุดโบสถ์","ap_name":"อ.เสิงสาง","area_rai":25.95,"img":"S1C_20260928_0550, S1C_20260928_1819, S1D_20260929_1812, S1D_20261002_0609","in_area":false,"near":false,"bldg":0,"pop":0,"school":0,"hosp":0},"geometry":{"coordinates":[[[[102.5491,14.42549],[102.549,14.42549],[102.54901,14.42585],[102.54855,14.42586],[102.54855,14.42595],[102.54846,14.42595],[102.54846,14.42604],[102.54827,14.42604],[102.54827,14.42613],[102.54818,14.42613],[102.54818,14.42622],[102.548,14.42623],[102.548,14.42632],[102.54772,14.42632],[102.54773,14.42659],[102.54782,14.42659],[102.54782,14.42686],[102.54773,14.42686],[102.54774,14.42722],[102.54783,14.42722],[102.54783,14.42749],[102.54811,14.42749],[102.54811,14.4274],[102.5482,14.4274],[102.5482,14.42722],[102.54848,14.42721],[102.54848,14.4273],[102.54876,14.4273],[102.54876,14.42748],[102.54904,14.42747],[102.54947,14.42574],[102.5491,14.4254],[102.5491,14.4254],[102.5491,14.42549]]],[[[102.54644,14.42733],[102.54653,14.42733],[102.54652,14.42679],[102.54643,14.42679],[102.54642,14.42598],[102.54651,14.42598],[102.5465,14.42553],[102.54592,14.42553],[102.54559,14.42687],[102.54638,14.4276],[102.54645,14.4276],[102.54644,14.42733]]]],"type":"MultiPolygon"}},{"type":"Feature","properties":{"tb":"300304","tb_name":"ต.กุดโบสถ์","ap_name":"อ.เสิงสาง","area_rai":15.51,"img":"S1C_20260928_0550, S1C_20260928_1819, S1D_20260929_1812, S1D_20261002_0609","in_area":false,"near":false,"bldg":0,"pop":0,"school":0,"hosp":0},"geometry":{"coordinates":[[[[102.54558,14.42554],[102.54558,14.42563],[102.54456,14.42565],[102.54456,14.42574],[102.54438,14.42574],[102.54439,14.42619],[102.54429,14.42619],[102.54429,14.42628],[102.54402,14.42629],[102.54402,14.42656],[102.54411,14.42656],[102.54411,14.42665],[102.54421,14.42664],[102.54421,14.42673],[102.5443,14.42673],[102.54431,14.42709],[102.5444,14.42709],[102.5444,14.42718],[102.54449,14.42718],[102.54449,14.42719],[102.54505,14.42703],[102.54505,14.42699],[102.54518,14.42699],[102.54559,14.42687],[102.54592,14.42553],[102.54558,14.42554]]]],"type":"MultiPolygon"}},{"type":"Feature","properties":{"tb":"300304","tb_name":"ต.กุดโบสถ์","ap_name":"อ.เสิงสาง","area_rai":9.52,"img":"S1C_20260928_0550, S1C_20260928_1819, S1D_20260929_1812, S1D_20261002_0609","in_area":false,"near":false,"bldg":0,"pop":0,"school":0,"hosp":0},"geometry":{"coordinates":[[[[102.55103,14.42501],[102.55103,14.42492],[102.55057,14.42492],[102.55057,14.42483],[102.55029,14.42484],[102.55029,14.42475],[102.54973,14.42476],[102.54974,14.42485],[102.54955,14.42485],[102.54955,14.42494],[102.54946,14.42494],[102.54946,14.42503],[102.54937,14.42503],[102.54937,14.42512],[102.54928,14.42512],[102.54928,14.4253],[102.54919,14.42531],[102.54919,14.4254],[102.5491,14.4254],[102.54947,14.42574],[102.55141,14.42517],[102.55145,14.425],[102.55103,14.42501]]]],"type":"MultiPolygon"}},{"type":"Feature","properties":{"tb":"300304","tb_name":"ต.กุดโบสถ์","ap_name":"อ.เสิงสาง","area_rai":22.9,"img":"S1C_20260928_0550, S1C_20260928_1819, S1D_20260929_1812, S1D_20261002_0609","in_area":false,"near":false,"bldg":0,"pop":0,"school":0,"hosp":0},"geometry":{"coordinates":[[[[102.54931,14.4272],[102.54987,14.42719],[102.54987,14.42728],[102.54996,14.42728],[102.54996,14.42737],[102.55033,14.42736],[102.55033,14.42703],[102.55027,14.42688],[102.55032,14.42686],[102.55032,14.42682],[102.55042,14.42682],[102.55041,14.42646],[102.55022,14.42646],[102.55022,14.4261],[102.55031,14.4261],[102.55031,14.42574],[102.55058,14.42574],[102.55059,14.4261],[102.55068,14.4261],[102.55069,14.42655],[102.55078,14.42654],[102.55078,14.42664],[102.55106,14.42663],[102.55106,14.42654],[102.55161,14.42653],[102.55161,14.42644],[102.55171,14.42644],[102.5517,14.42599],[102.55161,14.42599],[102.5516,14.42581],[102.55151,14.42581],[102.55151,14.42554],[102.5516,14.42554],[102.5516,14.42534],[102.55141,14.42517],[102.54947,14.42574],[102.54904,14.42747],[102.54922,14.42747],[102.54922,14.42738],[102.54931,14.42738],[102.54931,14.4272]],[[102.54993,14.42682],[102.55003,14.42702],[102.54994,14.42705],[102.54986,14.42686],[102.54993,14.42682]]]],"type":"MultiPolygon"}},{"type":"Feature","properties":{"tb":"300304","tb_name":"ต.กุดโบสถ์","ap_name":"อ.เสิงสาง","area_rai":10.67,"img":"S1C_20260928_0550, S1C_20260928_1819, S1D_20260929_1812, S1D_20261002_0609","in_area":false,"near":false,"bldg":0,"pop":0,"school":0,"hosp":0},"geometry":{"coordinates":[[[[102.55601,14.41762],[102.5561,14.41762],[102.5561,14.41735],[102.55601,14.41735],[102.556,14.4169],[102.55609,14.4169],[102.55609,14.41681],[102.55618,14.41681],[102.55618,14.41672],[102.55637,14.41671],[102.55636,14.41653],[102.55646,14.41653],[102.55645,14.41608],[102.55654,14.41608],[102.55654,14.41573],[102.55653,14.41573],[102.55648,14.41564],[102.55648,14.41563],[102.55644,14.41563],[102.55644,14.41545],[102.55635,14.41545],[102.55635,14.41536],[102.55598,14.41536],[102.55598,14.41554],[102.55589,14.41555],[102.55589,14.41564],[102.55579,14.41564],[102.5558,14.41591],[102.55553,14.41591],[102.55551,14.416],[102.55552,14.416],[102.55553,14.41645],[102.55562,14.41645],[102.55563,14.4169],[102.55554,14.41691],[102.55554,14.417],[102.55535,14.417],[102.55535,14.41703],[102.55601,14.41763],[102.55601,14.41762]]]],"type":"MultiPolygon"}},{"type":"Feature","properties":{"tb":"300304","tb_name":"ต.กุดโบสถ์","ap_name":"อ.เสิงสาง","area_rai":18.58,"img":"S1C_20260928_0550, S1C_20260928_1819, S1D_20260929_1812, S1D_20261002_0609","in_area":false,"near":false,"bldg":0,"pop":0,"school":0,"hosp":0},"geometry":{"coordinates":[[[[102.55306,14.41821],[102.55306,14.41812],[102.55278,14.41812],[102.55278,14.41803],[102.55241,14.41804],[102.5524,14.41795],[102.55231,14.41795],[102.55231,14.41786],[102.55222,14.41786],[102.55222,14.41777],[102.55185,14.41777],[102.55185,14.41786],[102.55175,14.41786],[102.55176,14.41796],[102.55166,14.41796],[102.55167,14.41805],[102.55157,14.41805],[102.55157,14.41814],[102.55148,14.41814],[102.55148,14.41823],[102.55121,14.41823],[102.55122,14.41887],[102.55149,14.41886],[102.55149,14.41895],[102.55159,14.41895],[102.55159,14.41904],[102.55168,14.41904],[102.55168,14.41913],[102.55178,14.41913],[102.55178,14.41958],[102.55169,14.41958],[102.55169,14.41977],[102.55285,14.41943],[102.55316,14.4182],[102.55306,14.41821]]]],"type":"MultiPolygon"}},{"type":"Feature","properties":{"tb":"300304","tb_name":"ต.กุดโบสถ์","ap_name":"อ.เสิงสาง","area_rai":1.81,"img":"S1C_20260928_0550, S1C_20260928_1819, S1D_20260929_1812, S1D_20261002_0609","in_area":false,"near":false,"bldg":0,"pop":0,"school":0,"hosp":0},"geometry":{"coordinates":[[[[102.55552,14.41591],[102.55552,14.41573],[102.55543,14.41573],[102.55542,14.41564],[102.55533,14.41564],[102.55533,14.41546],[102.55496,14.41547],[102.55497,14.41592],[102.55515,14.41592],[102.55515,14.41601],[102.55551,14.416],[102.55553,14.41591],[102.55552,14.41591]]]],"type":"MultiPolygon"}},{"type":"Feature","properties":{"tb":"300304","tb_name":"ต.กุดโบสถ์","ap_name":"อ.เสิงสาง","area_rai":3.32,"img":"S1C_20260928_0550, S1C_20260928_1819, S1D_20260929_1812, S1D_20261002_0609","in_area":false,"near":false,"bldg":0,"pop":0,"school":0,"hosp":0},"geometry":{"coordinates":[[[[102.55216,14.41993],[102.55281,14.41993],[102.5528,14.41983],[102.5529,14.41983],[102.5529,14.41974],[102.55299,14.41974],[102.55299,14.41956],[102.55285,14.41943],[102.55169,14.41977],[102.5517,14.41994],[102.55188,14.41994],[102.55188,14.42003],[102.55216,14.42003],[102.55216,14.41993]]]],"type":"MultiPolygon"}},{"type":"Feature","properties":{"tb":"300304","tb_name":"ต.กุดโบสถ์","ap_name":"อ.เสิงสาง","area_rai":0.26,"img":"S1C_20260928_0550, S1C_20260928_1819, S1D_20260929_1812, S1D_20261002_0609","in_area":false,"near":false,"bldg":0,"pop":0,"school":0,"hosp":0},"geometry":{"coordinates":[[[[102.55159,14.42509],[102.5515,14.42509],[102.5515,14.425],[102.55145,14.425],[102.55141,14.42517],[102.5516,14.42534],[102.55159,14.42509]]]],"type":"MultiPolygon"}},{"type":"Feature","properties":{"tb":"300304","tb_name":"ต.กุดโบสถ์","ap_name":"อ.เสิงสาง","area_rai":9.1,"img":"S1C_20260928_0550, S1C_20260928_1819, S1D_20260929_1812, S1D_20261002_0609","in_area":false,"near":false,"bldg":0,"pop":0,"school":0,"hosp":0},"geometry":{"coordinates":[[[[102.55535,14.41703],[102.55535,14.41709],[102.55526,14.41709],[102.55526,14.41718],[102.55517,14.41718],[102.55518,14.41763],[102.55527,14.41763],[102.55527,14.41772],[102.55536,14.41772],[102.55537,14.41781],[102.55546,14.41781],[102.55546,14.4179],[102.55583,14.41789],[102.55583,14.4178],[102.55601,14.4178],[102.55601,14.41763],[102.55535,14.41703]]],[[[102.55335,14.41938],[102.55335,14.41919],[102.55344,14.41919],[102.55344,14.41901],[102.55353,14.41901],[102.55353,14.41892],[102.55362,14.41892],[102.55362,14.41874],[102.5539,14.41874],[102.55389,14.41828],[102.55371,14.41829],[102.55371,14.4182],[102.55316,14.4182],[102.55285,14.41943],[102.55299,14.41956],[102.55298,14.41938],[102.55335,14.41938]]]],"type":"MultiPolygon"}},{"type":"Feature","properties":{"tb":"300304","tb_name":"ต.กุดโบสถ์","ap_name":"อ.เสิงสาง","area_rai":3.3,"img":"S1C_20260928_0550, S1C_20260928_1819, S1D_20260929_1812, S1D_20261002_0609","in_area":false,"near":false,"bldg":0,"pop":0,"school":0,"hosp":0},"geometry":{"coordinates":[[[[102.53407,14.41244],[102.53398,14.41245],[102.53398,14.41236],[102.53389,14.41236],[102.53388,14.41227],[102.53379,14.41227],[102.53379,14.41209],[102.53342,14.41209],[102.53342,14.41218],[102.53333,14.41218],[102.53333,14.41227],[102.53324,14.41228],[102.53324,14.41237],[102.53315,14.41237],[102.53315,14.41246],[102.53305,14.41246],[102.53306,14.41264],[102.53296,14.41264],[102.53297,14.41273],[102.53287,14.41273],[102.53287,14.41282],[102.53291,14.41285],[102.53407,14.41251],[102.53407,14.41244]]]],"type":"MultiPolygon"}},{"type":"Feature","properties":{"tb":"300304","tb_name":"ต.กุดโบสถ์","ap_name":"อ.เสิงสาง","area_rai":12.82,"img":"S1C_20260928_0550, S1C_20260928_1819, S1D_20260929_1812, S1D_20261002_0609","in_area":false,"near":false,"bldg":0,"pop":0,"school":0,"hosp":0},"geometry":{"coordinates":[[[[102.53034,14.41674],[102.53062,14.41674],[102.53062,14.41683],[102.53081,14.41683],[102.53081,14.41692],[102.53146,14.41691],[102.53146,14.41682],[102.53164,14.41681],[102.53164,14.41672],[102.53173,14.41672],[102.53173,14.41663],[102.53182,14.41663],[102.53182,14.41636],[102.53173,14.41636],[102.53173,14.41627],[102.53117,14.41628],[102.53117,14.41619],[102.53108,14.41619],[102.53107,14.41565],[102.53097,14.41565],[102.53097,14.41547],[102.53088,14.41547],[102.53088,14.41538],[102.53078,14.41538],[102.53078,14.41524],[102.53049,14.41533],[102.53001,14.41724],[102.53036,14.41756],[102.53034,14.41674]]]],"type":"MultiPolygon"}},{"type":"Feature","properties":{"tb":"300304","tb_name":"ต.กุดโบสถ์","ap_name":"อ.เสิงสาง","area_rai":17.34,"img":"S1C_20260928_0550, S1C_20260928_1819, S1D_20260929_1812, S1D_20261002_0609","in_area":false,"near":false,"bldg":0,"pop":0,"school":0,"hosp":0},"geometry":{"coordinates":[[[[102.53013,14.41512],[102.53013,14.41521],[102.52995,14.41521],[102.52995,14.4153],[102.52977,14.41531],[102.52977,14.4154],[102.52949,14.4154],[102.52949,14.41531],[102.52939,14.41531],[102.52939,14.41522],[102.5293,14.41522],[102.5293,14.41513],[102.52921,14.41513],[102.5292,14.41495],[102.52911,14.41496],[102.52911,14.41459],[102.52901,14.4146],[102.52901,14.41451],[102.52864,14.41451],[102.52865,14.41496],[102.52874,14.41496],[102.52874,14.41514],[102.52884,14.41514],[102.52884,14.41532],[102.52893,14.41532],[102.52893,14.41541],[102.52903,14.41541],[102.52903,14.41568],[102.52912,14.41568],[102.52912,14.41577],[102.52931,14.41576],[102.52931,14.41586],[102.5294,14.41585],[102.5294,14.41594],[102.5295,14.41594],[102.5295,14.41621],[102.52941,14.41621],[102.52941,14.4163],[102.52932,14.41631],[102.52932,14.4164],[102.52913,14.4164],[102.52914,14.41685],[102.52923,14.41685],[102.52924,14.41694],[102.52942,14.41694],[102.52942,14.41703],[102.52951,14.41703],[102.52952,14.41712],[102.52961,14.41711],[102.52961,14.41729],[102.5297,14.41729],[102.5297,14.41733],[102.53001,14.41724],[102.53049,14.41533],[102.53026,14.41512],[102.53013,14.41512]]]],"type":"MultiPolygon"}},{"type":"Feature","properties":{"tb":"300304","tb_name":"ต.กุดโบสถ์","ap_name":"อ.เสิงสาง","area_rai":1.09,"img":"S1C_20260928_0550, S1C_20260928_1819, S1D_20260929_1812, S1D_20261002_0609","in_area":false,"near":false,"bldg":0,"pop":0,"school":0,"hosp":0},"geometry":{"coordinates":[[[[102.53036,14.41756],[102.53001,14.41724],[102.5297,14.41733],[102.52971,14.41738],[102.5298,14.41738],[102.5298,14.41747],[102.52989,14.41747],[102.52989,14.41756],[102.52999,14.41756],[102.52999,14.41765],[102.53036,14.41764],[102.53036,14.41756]]]],"type":"MultiPolygon"}},{"type":"Feature","properties":{"tb":"300304","tb_name":"ต.กุดโบสถ์","ap_name":"อ.เสิงสาง","area_rai":11.24,"img":"S1C_20260928_0550, S1C_20260928_1819, S1D_20260929_1812, S1D_20261002_0609","in_area":false,"near":false,"bldg":0,"pop":0,"school":0,"hosp":0},"geometry":{"coordinates":[[[[102.53427,14.41307],[102.53418,14.41307],[102.53417,14.41253],[102.53407,14.41253],[102.53407,14.41251],[102.53291,14.41285],[102.53288,14.41297],[102.53288,14.41327],[102.53297,14.41327],[102.53298,14.41345],[102.53307,14.41345],[102.53307,14.41363],[102.53326,14.41363],[102.53326,14.41372],[102.53344,14.41372],[102.53345,14.41381],[102.53363,14.4138],[102.53363,14.41389],[102.53382,14.41389],[102.53382,14.41398],[102.53428,14.41398],[102.53427,14.41307]]]],"type":"MultiPolygon"}},{"type":"Feature","properties":{"tb":"300304","tb_name":"ต.กุดโบสถ์","ap_name":"อ.เสิงสาง","area_rai":0.76,"img":"S1C_20260928_0550, S1C_20260928_1819, S1D_20260929_1812, S1D_20261002_0609","in_area":false,"near":false,"bldg":0,"pop":0,"school":0,"hosp":0},"geometry":{"coordinates":[[[[102.53291,14.41285],[102.53287,14.41282],[102.53288,14.41297],[102.53291,14.41285]]],[[[102.5305,14.41502],[102.5305,14.41512],[102.53026,14.41512],[102.53049,14.41533],[102.53078,14.41524],[102.53078,14.41502],[102.5305,14.41502]]]],"type":"MultiPolygon"}},{"type":"Feature","properties":{"tb":"301404","tb_name":"ต.สำโรง","ap_name":"อ.ปักธงชัย","area_rai":0.41,"img":"S1C_20260928_0550, S1C_20260928_1819, S1D_20260929_1812, S1D_20261002_0609","in_area":false,"near":false,"bldg":0,"pop":0,"school":0,"hosp":0},"geometry":{"coordinates":[[[[102.08916,14.67848],[102.0894,14.67848],[102.08942,14.6784],[102.08915,14.67815],[102.08916,14.67848]]]],"type":"MultiPolygon"}},{"type":"Feature","properties":{"tb":"301404","tb_name":"ต.สำโรง","ap_name":"อ.ปักธงชัย","area_rai":54.99,"img":"S1C_20260928_0550, S1C_20260928_1819, S1D_20260929_1812, S1D_20261002_0609","in_area":false,"near":false,"bldg":0,"pop":0,"school":0,"hosp":0},"geometry":{"coordinates":[[[[102.09238,14.677],[102.09238,14.67673],[102.09247,14.67672],[102.09246,14.676],[102.09237,14.676],[102.09237,14.67591],[102.09218,14.67592],[102.09218,14.67583],[102.09217,14.67583],[102.09185,14.67592],[102.09137,14.67783],[102.09245,14.67882],[102.09283,14.67918],[102.09478,14.67861],[102.09482,14.67848],[102.09481,14.67778],[102.0949,14.67778],[102.09489,14.67732],[102.0948,14.67733],[102.0948,14.67724],[102.09443,14.67724],[102.09443,14.67715],[102.09424,14.67715],[102.09424,14.67706],[102.09387,14.67707],[102.09386,14.67653],[102.09377,14.67653],[102.09377,14.67644],[102.09367,14.67644],[102.09367,14.67635],[102.09349,14.67635],[102.09349,14.67626],[102.09339,14.67626],[102.09339,14.67617],[102.0933,14.67617],[102.0933,14.67608],[102.09293,14.67609],[102.09293,14.67618],[102.09284,14.67618],[102.09284,14.67663],[102.09275,14.67663],[102.09275,14.6769],[102.09266,14.6769],[102.09266,14.67699],[102.09253,14.67699],[102.09238,14.677]]]],"type":"MultiPolygon"}},{"type":"Feature","properties":{"tb":"301404","tb_name":"ต.สำโรง","ap_name":"อ.ปักธงชัย","area_rai":62.54,"img":"S1C_20260928_0550, S1C_20260928_1819, S1D_20260929_1812, S1D_20261002_0609","in_area":false,"near":false,"bldg":0,"pop":0,"school":0,"hosp":0},"geometry":{"coordinates":[[[[102.09116,14.67548],[102.09115,14.67539],[102.09069,14.67539],[102.09069,14.6753],[102.09041,14.67531],[102.09041,14.67522],[102.08985,14.67522],[102.08985,14.67513],[102.08976,14.67514],[102.08976,14.67505],[102.08948,14.67505],[102.08948,14.67514],[102.08893,14.67515],[102.08892,14.675],[102.08844,14.67513],[102.08802,14.6768],[102.08802,14.67687],[102.08811,14.67687],[102.08812,14.67696],[102.08821,14.67696],[102.08821,14.67714],[102.0883,14.67714],[102.08831,14.67732],[102.08858,14.67732],[102.08858,14.67714],[102.08867,14.67714],[102.08867,14.67668],[102.08876,14.67668],[102.08876,14.67659],[102.08904,14.67659],[102.08904,14.67686],[102.08895,14.67686],[102.08896,14.67731],[102.08905,14.67731],[102.08906,14.67785],[102.08915,14.67785],[102.08915,14.67815],[102.08942,14.6784],[102.08962,14.67834],[102.08962,14.6783],[102.08971,14.6783],[102.08971,14.67812],[102.0898,14.67811],[102.08979,14.67721],[102.09025,14.67721],[102.09026,14.67748],[102.09016,14.67748],[102.09017,14.67802],[102.09036,14.67802],[102.09036,14.67812],[102.09137,14.67783],[102.09185,14.67592],[102.09137,14.67548],[102.09116,14.67548]]]],"type":"MultiPolygon"}},{"type":"Feature","properties":{"tb":"301407","tb_name":"ต.ดอน","ap_name":"อ.ปักธงชัย","area_rai":24.76,"img":"S1C_20260928_0550, S1C_20260928_1819, S1D_20260929_1812, S1D_20261002_0609","in_area":false,"near":false,"bldg":0,"pop":83,"school":0,"hosp":0},"geometry":{"coordinates":[[[[102.09577,14.68029],[102.09577,14.68002],[102.09586,14.68002],[102.09585,14.67966],[102.09591,14.67966],[102.09548,14.67925],[102.09548,14.67948],[102.09539,14.67949],[102.09539,14.67985],[102.0953,14.67985],[102.09531,14.68039],[102.0954,14.68039],[102.0954,14.68048],[102.09568,14.68047],[102.09568,14.68029],[102.09577,14.68029]]],[[[102.09485,14.68085],[102.09485,14.68058],[102.09494,14.68057],[102.09493,14.68021],[102.09503,14.68021],[102.09501,14.67931],[102.09492,14.67931],[102.09492,14.67895],[102.09482,14.67895],[102.09482,14.67865],[102.09478,14.67861],[102.09283,14.67918],[102.09268,14.67979],[102.0927,14.67979],[102.0927,14.67988],[102.09279,14.67988],[102.0928,14.67997],[102.09298,14.67997],[102.09298,14.68006],[102.09317,14.68006],[102.09317,14.68015],[102.09354,14.68014],[102.09353,14.67969],[102.09363,14.67969],[102.09362,14.67915],[102.09371,14.67915],[102.09371,14.67906],[102.09427,14.67905],[102.09427,14.67941],[102.09418,14.67941],[102.09418,14.6795],[102.09409,14.6795],[102.09409,14.67986],[102.09419,14.67986],[102.09419,14.68022],[102.09401,14.68023],[102.09402,14.68095],[102.09429,14.68094],[102.0943,14.68112],[102.09476,14.68112],[102.09476,14.68085],[102.09485,14.68085]]]],"type":"MultiPolygon"}},{"type":"Feature","properties":{"tb":"301404","tb_name":"ต.สำโรง","ap_name":"อ.ปักธงชัย","area_rai":13.47,"img":"S1C_20260928_0550, S1C_20260928_1819, S1D_20260929_1812, S1D_20261002_0609","in_area":false,"near":false,"bldg":0,"pop":0,"school":0,"hosp":0},"geometry":{"coordinates":[[[[102.08009,14.6796],[102.08045,14.67959],[102.08045,14.67922],[102.08017,14.6793],[102.08009,14.6796]]],[[[102.0802,14.6814],[102.08039,14.6814],[102.08039,14.68149],[102.08076,14.68149],[102.08076,14.68158],[102.08094,14.68157],[102.08095,14.68166],[102.08107,14.68166],[102.08131,14.68131],[102.08131,14.68131],[102.08131,14.6813],[102.08122,14.6813],[102.08121,14.68058],[102.08112,14.68058],[102.08111,14.6804],[102.08093,14.6804],[102.08093,14.68031],[102.08083,14.68031],[102.08083,14.68022],[102.08065,14.68022],[102.08065,14.68013],[102.08018,14.68014],[102.08018,14.68023],[102.07995,14.68023],[102.07994,14.68025],[102.07993,14.68026],[102.07969,14.68122],[102.07992,14.68144],[102.07992,14.68123],[102.0802,14.68122],[102.0802,14.6814]]]],"type":"MultiPolygon"}},{"type":"Feature","properties":{"tb":"301404","tb_name":"ต.สำโรง","ap_name":"อ.ปักธงชัย","area_rai":33.75,"img":"S1C_20260928_0550, S1C_20260928_1819, S1D_20260929_1812, S1D_20261002_0609","in_area":false,"near":false,"bldg":0,"pop":0,"school":0,"hosp":0},"geometry":{"coordinates":[[[[102.07839,14.67818],[102.07849,14.67817],[102.07848,14.67802],[102.07784,14.67821],[102.07784,14.67827],[102.07839,14.67827],[102.07839,14.67818]]],[[[102.07914,14.67871],[102.07924,14.67871],[102.07924,14.67889],[102.07933,14.67889],[102.07933,14.67898],[102.07942,14.67898],[102.07943,14.67907],[102.07952,14.67906],[102.07952,14.67943],[102.07962,14.67942],[102.07962,14.67951],[102.0799,14.67951],[102.0799,14.6796],[102.08009,14.6796],[102.08017,14.6793],[102.07895,14.67818],[102.07895,14.67853],[102.07905,14.67853],[102.07905,14.67862],[102.07914,14.67862],[102.07914,14.67871]]],[[[102.07972,14.68037],[102.07972,14.68042],[102.07963,14.68042],[102.07963,14.68051],[102.07926,14.68051],[102.07926,14.68042],[102.07907,14.68042],[102.07906,14.67943],[102.07897,14.67943],[102.07896,14.67925],[102.07887,14.67925],[102.07887,14.67907],[102.07868,14.67908],[102.07868,14.67898],[102.07859,14.67899],[102.07859,14.6789],[102.0785,14.6789],[102.07849,14.67881],[102.07822,14.67881],[102.07822,14.6789],[102.07794,14.6789],[102.07794,14.67881],[102.07766,14.67882],[102.07766,14.67873],[102.07729,14.67873],[102.07728,14.67855],[102.07701,14.67856],[102.07701,14.67865],[102.07692,14.67865],[102.07692,14.67874],[102.07682,14.67874],[102.07683,14.67892],[102.07673,14.67892],[102.07674,14.67928],[102.07683,14.67928],[102.07683,14.67946],[102.07702,14.67946],[102.07702,14.67955],[102.07721,14.67955],[102.07721,14.67964],[102.0773,14.67964],[102.0773,14.67982],[102.0774,14.67981],[102.0774,14.68009],[102.07749,14.68008],[102.0775,14.68063],[102.07806,14.68062],[102.07806,14.68071],[102.07861,14.6807],[102.07861,14.68052],[102.0787,14.68052],[102.0787,14.68043],[102.07898,14.68043],[102.07899,14.68079],[102.07908,14.68079],[102.07908,14.68088],[102.07917,14.68087],[102.07918,14.68124],[102.07927,14.68123],[102.07927,14.68134],[102.07969,14.68122],[102.07993,14.68026],[102.07991,14.68028],[102.07991,14.68032],[102.07984,14.68032],[102.07974,14.68037],[102.07972,14.68037]]]],"type":"MultiPolygon"}},{"type":"Feature","properties":{"tb":"301407","tb_name":"ต.ดอน","ap_name":"อ.ปักธงชัย","area_rai":27.57,"img":"S1C_20260928_0550, S1C_20260928_1819, S1D_20260929_1812, S1D_20261002_0609","in_area":false,"near":false,"bldg":0,"pop":0,"school":0,"hosp":0},"geometry":{"coordinates":[[[[102.08286,14.68561],[102.08285,14.68543],[102.08276,14.68543],[102.08276,14.68534],[102.08267,14.68534],[102.08266,14.68507],[102.08276,14.68507],[102.08276,14.68498],[102.08285,14.68498],[102.08285,14.68489],[102.08294,14.68489],[102.08294,14.6848],[102.08303,14.6848],[102.08303,14.68444],[102.08201,14.68445],[102.08201,14.68454],[102.08164,14.68454],[102.08163,14.68445],[102.08108,14.68446],[102.08107,14.68419],[102.08117,14.68419],[102.08117,14.6841],[102.08237,14.68408],[102.08237,14.68399],[102.08256,14.68399],[102.08255,14.6839],[102.08265,14.6839],[102.08265,14.68381],[102.08274,14.68381],[102.08274,14.68372],[102.08283,14.68372],[102.08283,14.68363],[102.08292,14.68362],[102.08292,14.68326],[102.08273,14.68327],[102.08273,14.68318],[102.08245,14.68318],[102.08245,14.68327],[102.08236,14.68327],[102.08236,14.68335],[102.08236,14.68335],[102.08236,14.68335],[102.08236,14.68354],[102.08209,14.68354],[102.08208,14.68345],[102.08199,14.68346],[102.08199,14.68319],[102.0819,14.68319],[102.08189,14.6831],[102.0818,14.6831],[102.0818,14.68301],[102.08152,14.68301],[102.08152,14.6831],[102.08134,14.6831],[102.08134,14.68319],[102.08106,14.6832],[102.08106,14.68311],[102.08101,14.68311],[102.08067,14.68448],[102.08213,14.68583],[102.08287,14.68561],[102.08286,14.68561]]]],"type":"MultiPolygon"}},{"type":"Feature","properties":{"tb":"301407","tb_name":"ต.ดอน","ap_name":"อ.ปักธงชัย","area_rai":11.73,"img":"S1C_20260928_0550, S1C_20260928_1819, S1D_20260929_1812, S1D_20261002_0609","in_area":false,"near":false,"bldg":0,"pop":0,"school":0,"hosp":0},"geometry":{"coordinates":[[[[102.07992,14.68144],[102.07969,14.68122],[102.07927,14.68134],[102.07927,14.68142],[102.07937,14.68141],[102.07937,14.68159],[102.07946,14.68159],[102.07946,14.68168],[102.07974,14.68168],[102.07974,14.68159],[102.07992,14.68159],[102.07992,14.68144]]],[[[102.08023,14.68348],[102.08023,14.68339],[102.07995,14.68339],[102.07995,14.68348],[102.07986,14.68348],[102.07986,14.68357],[102.07977,14.68358],[102.07977,14.68367],[102.07969,14.68367],[102.07968,14.68369],[102.07969,14.68466],[102.0796,14.68466],[102.0796,14.68475],[102.07941,14.68475],[102.07941,14.68484],[102.08067,14.68448],[102.08101,14.68311],[102.08069,14.68311],[102.08069,14.68347],[102.08023,14.68348]]]],"type":"MultiPolygon"}},{"type":"Feature","properties":{"tb":"301404","tb_name":"ต.สำโรง","ap_name":"อ.ปักธงชัย","area_rai":40.51,"img":"S1C_20260928_0550, S1C_20260928_1819, S1D_20260929_1812, S1D_20261002_0609","in_area":false,"near":false,"bldg":0,"pop":0,"school":0,"hosp":0},"geometry":{"coordinates":[[[[102.08045,14.67905],[102.08091,14.67905],[102.08091,14.67896],[102.081,14.67895],[102.081,14.67855],[102.08093,14.6785],[102.0809,14.6785],[102.0809,14.67848],[102.08083,14.67843],[102.08079,14.67833],[102.08077,14.67816],[102.0808,14.67809],[102.0808,14.67796],[102.08089,14.67796],[102.08089,14.67787],[102.08108,14.67787],[102.08108,14.67778],[102.08117,14.67778],[102.08117,14.67769],[102.08126,14.67769],[102.08126,14.6776],[102.08135,14.67759],[102.08135,14.6775],[102.08144,14.6775],[102.08144,14.67741],[102.08154,14.67741],[102.08153,14.67678],[102.08143,14.67678],[102.08143,14.67669],[102.08088,14.6767],[102.08088,14.67661],[102.08069,14.67661],[102.08069,14.67652],[102.0805,14.67652],[102.0805,14.67643],[102.07976,14.67644],[102.07976,14.67635],[102.07957,14.67635],[102.07957,14.67626],[102.07948,14.67627],[102.07948,14.67617],[102.07939,14.67618],[102.07938,14.67609],[102.07929,14.67609],[102.07929,14.67601],[102.07919,14.67604],[102.07885,14.6774],[102.07885,14.67754],[102.07894,14.67754],[102.07894,14.67763],[102.07903,14.67763],[102.07904,14.67817],[102.07895,14.67817],[102.07895,14.67818],[102.08017,14.6793],[102.08045,14.67922],[102.08045,14.67905]]]],"type":"MultiPolygon"}},{"type":"Feature","properties":{"tb":"301407","tb_name":"ต.ดอน","ap_name":"อ.ปักธงชัย","area_rai":1.99,"img":"S1C_20260928_0550, S1C_20260928_1819, S1D_20260929_1812, S1D_20261002_0609","in_area":false,"near":false,"bldg":0,"pop":0,"school":0,"hosp":0},"geometry":{"coordinates":[[[[102.0979,14.68704],[102.09791,14.68713],[102.09781,14.68713],[102.09781,14.68722],[102.09772,14.68722],[102.09773,14.68767],[102.09764,14.68767],[102.09765,14.68839],[102.09772,14.68839],[102.09807,14.68703],[102.0979,14.68704]]]],"type":"MultiPolygon"}},{"type":"Feature","properties":{"tb":"301407","tb_name":"ต.ดอน","ap_name":"อ.ปักธงชัย","area_rai":2.2,"img":"S1C_20260928_0550, S1C_20260928_1819, S1D_20260929_1812, S1D_20261002_0609","in_area":false,"near":false,"bldg":0,"pop":0,"school":0,"hosp":0},"geometry":{"coordinates":[[[[102.09896,14.68954],[102.09869,14.68928],[102.09868,14.68928],[102.09868,14.68928],[102.09802,14.68867],[102.09802,14.68884],[102.09812,14.68884],[102.09812,14.68911],[102.09821,14.68911],[102.09822,14.68938],[102.09831,14.68938],[102.09831,14.68956],[102.09896,14.68955],[102.09896,14.68954]]]],"type":"MultiPolygon"}},{"type":"Feature","properties":{"tb":"301407","tb_name":"ต.ดอน","ap_name":"อ.ปักธงชัย","area_rai":12.37,"img":"S1C_20260928_0550, S1C_20260928_1819, S1D_20260929_1812, S1D_20261002_0609","in_area":false,"near":false,"bldg":0,"pop":0,"school":0,"hosp":0},"geometry":{"coordinates":[[[[102.09877,14.68892],[102.09876,14.68847],[102.09867,14.68847],[102.09866,14.68811],[102.09875,14.68811],[102.09875,14.68793],[102.09884,14.68793],[102.09884,14.68775],[102.09894,14.68775],[102.09893,14.68756],[102.09903,14.68756],[102.09902,14.68729],[102.09893,14.68729],[102.09893,14.68711],[102.09856,14.68712],[102.09856,14.68739],[102.09828,14.68739],[102.09828,14.68703],[102.09807,14.68703],[102.09772,14.68839],[102.09783,14.68839],[102.09783,14.68848],[102.09793,14.68848],[102.09793,14.68857],[102.09802,14.68857],[102.09802,14.68867],[102.09868,14.68928],[102.09867,14.68892],[102.09877,14.68892]]],[[[102.09869,14.68928],[102.09896,14.68954],[102.09896,14.68928],[102.09869,14.68928]]]],"type":"MultiPolygon"}},{"type":"Feature","properties":{"tb":"301407","tb_name":"ต.ดอน","ap_name":"อ.ปักธงชัย","area_rai":1.44,"img":"S1C_20260928_0550, S1C_20260928_1819, S1D_20260929_1812, S1D_20261002_0609","in_area":false,"near":false,"bldg":0,"pop":0,"school":0,"hosp":0},"geometry":{"coordinates":[[[[102.12424,14.67973],[102.12433,14.67973],[102.12433,14.67937],[102.12423,14.67937],[102.12423,14.67928],[102.12414,14.67928],[102.12414,14.67919],[102.12386,14.67919],[102.12386,14.67937],[102.12377,14.67938],[102.12424,14.67981],[102.12424,14.67973]]]],"type":"MultiPolygon"}},{"type":"Feature","properties":{"tb":"301407","tb_name":"ต.ดอน","ap_name":"อ.ปักธงชัย","area_rai":1.33,"img":"S1C_20260928_0550, S1C_20260928_1819, S1D_20260929_1812, S1D_20261002_0609","in_area":false,"near":false,"bldg":0,"pop":0,"school":0,"hosp":0},"geometry":{"coordinates":[[[[102.11754,14.67835],[102.11754,14.67829],[102.11747,14.67829],[102.11754,14.67835]]],[[[102.11763,14.67844],[102.11763,14.67837],[102.11756,14.67838],[102.11763,14.67844]]],[[[102.11773,14.67853],[102.11773,14.67846],[102.11766,14.67846],[102.11773,14.67853]]],[[[102.11866,14.67854],[102.11838,14.67855],[102.11838,14.67864],[102.11819,14.67864],[102.11819,14.67873],[102.1181,14.67873],[102.1181,14.67882],[102.11805,14.67882],[102.11816,14.67892],[102.11894,14.6787],[102.11894,14.67863],[102.11866,14.67863],[102.11866,14.67854]]]],"type":"MultiPolygon"}},{"type":"Feature","properties":{"tb":"301407","tb_name":"ต.ดอน","ap_name":"อ.ปักธงชัย","area_rai":0.28,"img":"S1C_20260928_0550, S1C_20260928_1819, S1D_20260929_1812, S1D_20261002_0609","in_area":false,"near":false,"bldg":0,"pop":0,"school":0,"hosp":0},"geometry":{"coordinates":[[[[102.11353,14.6768],[102.11344,14.67681],[102.11344,14.67672],[102.1133,14.67672],[102.11329,14.67679],[102.11353,14.67702],[102.11353,14.6768]]]],"type":"MultiPolygon"}},{"type":"Feature","properties":{"tb":"301407","tb_name":"ต.ดอน","ap_name":"อ.ปักธงชัย","area_rai":39.41,"img":"S1C_20260928_0550, S1C_20260928_1819, S1D_20260929_1812, S1D_20261002_0609","in_area":false,"near":false,"bldg":0,"pop":0,"school":0,"hosp":0},"geometry":{"coordinates":[[[[102.12052,14.67924],[102.12043,14.67924],[102.12043,14.67933],[102.11997,14.67934],[102.11996,14.67925],[102.11987,14.67925],[102.11987,14.67907],[102.11978,14.67907],[102.11978,14.67898],[102.11968,14.67898],[102.11968,14.67889],[102.11959,14.67889],[102.11959,14.6788],[102.11949,14.6788],[102.11949,14.67871],[102.11894,14.67872],[102.11894,14.6787],[102.11816,14.67892],[102.11802,14.67948],[102.11802,14.67954],[102.11821,14.67954],[102.11821,14.67963],[102.11839,14.67963],[102.11839,14.67972],[102.11858,14.67972],[102.11858,14.67981],[102.11867,14.67981],[102.11868,14.6799],[102.11877,14.67989],[102.11877,14.67998],[102.11886,14.67998],[102.11887,14.68034],[102.11896,14.68034],[102.11896,14.68043],[102.11905,14.68043],[102.11906,14.68052],[102.11915,14.68052],[102.11915,14.68061],[102.11971,14.6806],[102.1197,14.68051],[102.1198,14.68051],[102.11979,14.67979],[102.12006,14.67979],[102.12008,14.68051],[102.12017,14.68051],[102.12017,14.6806],[102.12045,14.68059],[102.12045,14.68068],[102.12073,14.68068],[102.12072,14.68041],[102.12082,14.68041],[102.12081,14.68032],[102.12128,14.68031],[102.12128,14.68022],[102.12144,14.68022],[102.12157,14.67971],[102.12096,14.67914],[102.12052,14.67915],[102.12052,14.67924]]],[[[102.11925,14.68142],[102.11925,14.68133],[102.11934,14.68133],[102.11934,14.68106],[102.11897,14.68107],[102.11897,14.68098],[102.11888,14.68098],[102.11887,14.68089],[102.11878,14.68089],[102.11878,14.6808],[102.1186,14.6808],[102.11859,14.68071],[102.1185,14.68071],[102.1185,14.68063],[102.11849,14.68062],[102.11831,14.68062],[102.11831,14.68053],[102.11822,14.68053],[102.11822,14.68044],[102.11813,14.68044],[102.11812,14.68017],[102.11803,14.68018],[102.11803,14.68008],[102.11794,14.68009],[102.11793,14.68],[102.11789,14.68],[102.11768,14.68084],[102.11842,14.68152],[102.11879,14.68152],[102.11879,14.68143],[102.11925,14.68142]]],[[[102.12058,14.68177],[102.12028,14.68177],[102.12028,14.68185],[102.12058,14.68177]]]],"type":"MultiPolygon"}},{"type":"Feature","properties":{"tb":"301407","tb_name":"ต.ดอน","ap_name":"อ.ปักธงชัย","area_rai":47.08,"img":"S1C_20260928_0550, S1C_20260928_1819, S1D_20260929_1812, S1D_20261002_0609","in_area":false,"near":false,"bldg":0,"pop":0,"school":0,"hosp":0},"geometry":{"coordinates":[[[[102.11801,14.67891],[102.11773,14.67891],[102.11773,14.67853],[102.11766,14.67846],[102.11763,14.67846],[102.11763,14.67844],[102.11756,14.67838],[102.11754,14.67838],[102.11754,14.67835],[102.11747,14.67829],[102.11735,14.67829],[102.11735,14.6782],[102.11717,14.6782],[102.11717,14.67811],[102.11707,14.67811],[102.11707,14.67802],[102.11689,14.67802],[102.11688,14.67793],[102.11651,14.67794],[102.11652,14.67803],[102.11624,14.67803],[102.11624,14.67794],[102.11549,14.67795],[102.11549,14.67804],[102.11522,14.67805],[102.11523,14.67877],[102.11532,14.67877],[102.11532,14.67886],[102.11569,14.67885],[102.11569,14.67894],[102.11653,14.67893],[102.11652,14.67866],[102.11662,14.67866],[102.11662,14.67857],[102.11689,14.67857],[102.1169,14.67884],[102.11699,14.67883],[102.11699,14.67892],[102.11708,14.67892],[102.11709,14.67901],[102.11718,14.67901],[102.11718,14.6791],[102.11746,14.6791],[102.11746,14.67919],[102.11755,14.67919],[102.11755,14.67928],[102.11774,14.67928],[102.11774,14.67937],[102.11783,14.67937],[102.11783,14.67946],[102.11802,14.67945],[102.11802,14.67948],[102.11816,14.67892],[102.11805,14.67882],[102.11801,14.67882],[102.11801,14.67891]]],[[[102.11784,14.67994],[102.11784,14.67994],[102.11779,14.67991],[102.11775,14.67991],[102.11775,14.67988],[102.11774,14.67988],[102.11766,14.67982],[102.11756,14.67982],[102.11756,14.67975],[102.11754,14.67973],[102.11747,14.67973],[102.11747,14.67968],[102.1174,14.67964],[102.11682,14.67965],[102.11682,14.67983],[102.11636,14.67984],[102.11636,14.67993],[102.11608,14.67993],[102.11608,14.67984],[102.11589,14.67984],[102.11589,14.67975],[102.11552,14.67976],[102.11551,14.6794],[102.11486,14.6794],[102.11486,14.67931],[102.11477,14.67932],[102.11477,14.67923],[102.11449,14.67923],[102.11449,14.67916],[102.11427,14.68005],[102.11469,14.68045],[102.11469,14.6804],[102.11479,14.6804],[102.11479,14.68031],[102.11488,14.68031],[102.11488,14.68022],[102.11515,14.68021],[102.11515,14.68012],[102.11525,14.68012],[102.11524,14.68003],[102.11534,14.68003],[102.11534,14.67985],[102.11561,14.67985],[102.11562,14.68012],[102.11552,14.68012],[102.11553,14.68048],[102.11544,14.68048],[102.11544,14.68075],[102.11553,14.68075],[102.11553,14.68084],[102.11563,14.68084],[102.11563,14.6812],[102.11573,14.6812],[102.11573,14.6814],[102.11573,14.6814],[102.11768,14.68084],[102.11789,14.68],[102.11784,14.68],[102.11784,14.67994]]]],"type":"MultiPolygon"}},{"type":"Feature","properties":{"tb":"301407","tb_name":"ต.ดอน","ap_name":"อ.ปักธงชัย","area_rai":1.4,"img":"S1C_20260928_0550, S1C_20260928_1819, S1D_20260929_1812, S1D_20261002_0609","in_area":false,"near":false,"bldg":0,"pop":0,"school":0,"hosp":0},"geometry":{"coordinates":[[[[102.12173,14.67958],[102.12164,14.67958],[102.12164,14.67949],[102.12154,14.6795],[102.12154,14.67913],[102.12096,14.67914],[102.12157,14.67971],[102.12173,14.67966],[102.12173,14.67958]]]],"type":"MultiPolygon"}},{"type":"Feature","properties":{"tb":"301407","tb_name":"ต.ดอน","ap_name":"อ.ปักธงชัย","area_rai":15.46,"img":"S1C_20260928_0550, S1C_20260928_1819, S1D_20260929_1812, S1D_20261002_0609","in_area":false,"near":false,"bldg":0,"pop":0,"school":0,"hosp":0},"geometry":{"coordinates":[[[[102.12104,14.68284],[102.12131,14.68284],[102.12132,14.68293],[102.12141,14.68293],[102.12141,14.68302],[102.12178,14.68301],[102.12178,14.68292],[102.12187,14.68292],[102.12187,14.68247],[102.12201,14.68247],[102.12153,14.68202],[102.1213,14.68203],[102.1213,14.68212],[102.12121,14.68212],[102.12121,14.68221],[102.12093,14.68221],[102.12093,14.68203],[102.12084,14.68203],[102.12084,14.68185],[102.12074,14.68185],[102.12074,14.68176],[102.12058,14.68177],[102.12028,14.68185],[102.12028,14.68195],[102.12019,14.68195],[102.12019,14.68213],[102.1201,14.68213],[102.1201,14.68231],[102.12001,14.68232],[102.12001,14.6825],[102.11992,14.6825],[102.11992,14.68277],[102.12001,14.68277],[102.12002,14.68286],[102.12011,14.68286],[102.12011,14.68295],[102.1202,14.68295],[102.12021,14.6834],[102.12039,14.68339],[102.1204,14.68348],[102.12077,14.68348],[102.12077,14.68339],[102.12086,14.68339],[102.12086,14.6833],[102.12095,14.6833],[102.12095,14.68303],[102.12104,14.68302],[102.12104,14.68284]]]],"type":"MultiPolygon"}},{"type":"Feature","properties":{"tb":"301407","tb_name":"ต.ดอน","ap_name":"อ.ปักธงชัย","area_rai":2.96,"img":"S1C_20260928_0550, S1C_20260928_1819, S1D_20260929_1812, S1D_20261002_0609","in_area":false,"near":false,"bldg":0,"pop":0,"school":0,"hosp":0},"geometry":{"coordinates":[[[[102.12473,14.68171],[102.12482,14.68171],[102.12482,14.68162],[102.12538,14.68161],[102.12538,14.68152],[102.12547,14.68152],[102.12547,14.68125],[102.12537,14.68125],[102.12537,14.68116],[102.12528,14.68116],[102.12528,14.68107],[102.12518,14.68107],[102.12518,14.68098],[102.12486,14.68099],[102.12465,14.6818],[102.12473,14.6818],[102.12473,14.68171]]],[[[102.12463,14.68189],[102.12464,14.68189],[102.12464,14.68185],[102.12463,14.68189]]]],"type":"MultiPolygon"}},{"type":"Feature","properties":{"tb":"301407","tb_name":"ต.ดอน","ap_name":"อ.ปักธงชัย","area_rai":36.44,"img":"S1C_20260928_0550, S1C_20260928_1819, S1D_20260929_1812, S1D_20261002_0609","in_area":false,"near":false,"bldg":0,"pop":0,"school":0,"hosp":0},"geometry":{"coordinates":[[[[102.12465,14.6818],[102.12486,14.68099],[102.12472,14.68099],[102.12472,14.6809],[102.12463,14.6809],[102.12462,14.68081],[102.12453,14.68081],[102.12453,14.68036],[102.12425,14.68036],[102.12425,14.68027],[102.12415,14.68027],[102.12415,14.67991],[102.12424,14.67991],[102.12424,14.67981],[102.12377,14.67938],[102.12377,14.67938],[102.12378,14.67983],[102.1235,14.67983],[102.1235,14.67965],[102.12312,14.67966],[102.12313,14.67975],[102.12285,14.67975],[102.12285,14.67984],[102.12266,14.67984],[102.12266,14.67993],[102.12257,14.67993],[102.12257,14.68002],[102.12248,14.68002],[102.12248,14.68012],[102.1223,14.68012],[102.1223,14.68021],[102.1222,14.68021],[102.12221,14.6803],[102.12193,14.6803],[102.12193,14.68021],[102.12183,14.68021],[102.12183,14.67994],[102.12174,14.67994],[102.12173,14.67966],[102.12157,14.67971],[102.12144,14.68022],[102.12156,14.68022],[102.12157,14.68094],[102.12184,14.68094],[102.12184,14.68085],[102.12221,14.68084],[102.12221,14.68075],[102.1223,14.68075],[102.1223,14.68066],[102.12267,14.68065],[102.12268,14.68083],[102.12277,14.68083],[102.12278,14.68183],[102.12288,14.68183],[102.12288,14.68192],[102.12325,14.68191],[102.12325,14.68182],[102.12343,14.68182],[102.12343,14.68173],[102.12371,14.68172],[102.12371,14.68181],[102.1239,14.68181],[102.1239,14.6819],[102.12463,14.68189],[102.12464,14.68185],[102.12464,14.6818],[102.12465,14.6818]]],[[[102.12214,14.68202],[102.12153,14.68202],[102.12201,14.68247],[102.12214,14.68247],[102.12214,14.68202]]]],"type":"MultiPolygon"}},{"type":"Feature","properties":{"tb":"301407","tb_name":"ต.ดอน","ap_name":"อ.ปักธงชัย","area_rai":4.21,"img":"S1C_20260928_0550, S1C_20260928_1819, S1D_20260929_1812, S1D_20261002_0609","in_area":false,"near":false,"bldg":0,"pop":0,"school":0,"hosp":0},"geometry":{"coordinates":[[[[102.10181,14.6747],[102.10191,14.6747],[102.1019,14.67434],[102.10181,14.67434],[102.10181,14.67425],[102.10153,14.67426],[102.10153,14.67453],[102.10135,14.67453],[102.10135,14.67462],[102.10107,14.67462],[102.10107,14.67453],[102.10098,14.67453],[102.10097,14.67435],[102.10088,14.67435],[102.10088,14.67426],[102.1006,14.67427],[102.1006,14.67454],[102.1006,14.67454],[102.10111,14.67501],[102.10181,14.6748],[102.10181,14.6747]]]],"type":"MultiPolygon"}},{"type":"Feature","properties":{"tb":"301404","tb_name":"ต.สำโรง","ap_name":"อ.ปักธงชัย","area_rai":0.85,"img":"S1C_20260928_0550, S1C_20260928_1819, S1D_20260929_1812, S1D_20261002_0609","in_area":false,"near":false,"bldg":0,"pop":0,"school":0,"hosp":0},"geometry":{"coordinates":[[[[102.09209,14.67583],[102.09209,14.67574],[102.09199,14.67574],[102.09199,14.67565],[102.09171,14.67565],[102.09171,14.67556],[102.09153,14.67556],[102.09153,14.67547],[102.09137,14.67548],[102.09185,14.67592],[102.09217,14.67583],[102.09209,14.67583]]]],"type":"MultiPolygon"}},{"type":"Feature","properties":{"tb":"301407","tb_name":"ต.ดอน","ap_name":"อ.ปักธงชัย","area_rai":0.7,"img":"S1C_20260928_0550, S1C_20260928_1819, S1D_20260929_1812, S1D_20261002_0609","in_area":false,"near":false,"bldg":0,"pop":0,"school":0,"hosp":0},"geometry":{"coordinates":[[[[102.11269,14.67673],[102.1127,14.67696],[102.11329,14.67679],[102.1133,14.67672],[102.11269,14.67673]]]],"type":"MultiPolygon"}},{"type":"Feature","properties":{"tb":"301407","tb_name":"ต.ดอน","ap_name":"อ.ปักธงชัย","area_rai":36.4,"img":"S1C_20260928_0550, S1C_20260928_1819, S1D_20260929_1812, S1D_20261002_0609","in_area":false,"near":false,"bldg":0,"pop":0,"school":0,"hosp":0},"geometry":{"coordinates":[[[[102.11449,14.67914],[102.11421,14.67914],[102.11421,14.67896],[102.11412,14.67896],[102.11411,14.6786],[102.1142,14.6786],[102.1142,14.67833],[102.11411,14.67833],[102.11411,14.67824],[102.11364,14.67825],[102.11364,14.67816],[102.11346,14.67816],[102.11345,14.67807],[102.1129,14.67808],[102.11289,14.67754],[102.11298,14.67753],[102.11298,14.67744],[102.11335,14.67744],[102.11335,14.67735],[102.11344,14.67735],[102.11344,14.67717],[102.11353,14.67717],[102.11353,14.67702],[102.11329,14.67679],[102.1127,14.67696],[102.1127,14.67709],[102.11261,14.67709],[102.11262,14.67799],[102.11271,14.67799],[102.11272,14.67871],[102.11281,14.67871],[102.11282,14.67934],[102.11255,14.67935],[102.11254,14.67926],[102.11245,14.67926],[102.11245,14.67917],[102.11236,14.67917],[102.11235,14.67872],[102.11226,14.67872],[102.11225,14.67836],[102.11216,14.67836],[102.11216,14.67818],[102.11179,14.67818],[102.11179,14.67845],[102.11188,14.67845],[102.11189,14.67881],[102.1118,14.67881],[102.1118,14.67908],[102.11171,14.67909],[102.11171,14.67918],[102.11152,14.67918],[102.11152,14.67927],[102.11134,14.67927],[102.11134,14.67954],[102.11143,14.67954],[102.11144,14.67963],[102.11153,14.67963],[102.11153,14.67981],[102.11162,14.67981],[102.11163,14.6799],[102.11181,14.6799],[102.11181,14.67999],[102.112,14.67999],[102.112,14.68008],[102.11228,14.68007],[102.11228,14.67998],[102.11246,14.67998],[102.11246,14.67989],[102.11265,14.67989],[102.11264,14.67943],[102.11292,14.67943],[102.11292,14.67952],[102.11301,14.67952],[102.11302,14.67997],[102.11311,14.67997],[102.11311,14.68006],[102.1132,14.68006],[102.11321,14.68024],[102.1133,14.68024],[102.1133,14.68033],[102.11427,14.68005],[102.11449,14.67916],[102.11449,14.67914]]]],"type":"MultiPolygon"}},{"type":"Feature","properties":{"tb":"301407","tb_name":"ต.ดอน","ap_name":"อ.ปักธงชัย","area_rai":20.94,"img":"S1C_20260928_0550, S1C_20260928_1819, S1D_20260929_1812, S1D_20261002_0609","in_area":false,"near":false,"bldg":0,"pop":0,"school":0,"hosp":0},"geometry":{"coordinates":[[[[102.09926,14.67817],[102.09926,14.67808],[102.09945,14.67808],[102.09945,14.67799],[102.09973,14.67798],[102.09973,14.67807],[102.1,14.67807],[102.1,14.6778],[102.10009,14.6778],[102.10009,14.67726],[102.10018,14.67725],[102.10018,14.67705],[102.09867,14.67749],[102.09848,14.67827],[102.09889,14.67826],[102.0989,14.67835],[102.09917,14.67835],[102.09917,14.67817],[102.09926,14.67817]]],[[[102.09892,14.67998],[102.09892,14.67989],[102.09957,14.67988],[102.09957,14.67997],[102.09975,14.67997],[102.09975,14.68006],[102.09985,14.68006],[102.09985,14.68015],[102.10013,14.68014],[102.10013,14.68005],[102.10022,14.68005],[102.10022,14.67996],[102.10031,14.67996],[102.10031,14.67987],[102.10059,14.67987],[102.10058,14.6796],[102.10021,14.6796],[102.10021,14.67951],[102.10002,14.67951],[102.10002,14.67942],[102.09975,14.67943],[102.09974,14.67934],[102.09965,14.67934],[102.09965,14.67925],[102.09928,14.67925],[102.09928,14.67916],[102.099,14.67917],[102.099,14.67908],[102.09881,14.67908],[102.09881,14.67899],[102.09853,14.67899],[102.09853,14.6789],[102.09835,14.6789],[102.09835,14.67881],[102.09834,14.67881],[102.09819,14.6794],[102.09883,14.67998],[102.09883,14.67998],[102.09892,14.67998]]]],"type":"MultiPolygon"}},{"type":"Feature","properties":{"tb":"301407","tb_name":"ต.ดอน","ap_name":"อ.ปักธงชัย","area_rai":13.96,"img":"S1C_20260928_0550, S1C_20260928_1819, S1D_20260929_1812, S1D_20261002_0609","in_area":false,"near":false,"bldg":0,"pop":0,"school":0,"hosp":0},"geometry":{"coordinates":[[[[102.09833,14.67746],[102.09842,14.67746],[102.09843,14.678],[102.09833,14.678],[102.09834,14.67827],[102.09848,14.67827],[102.09867,14.67749],[102.09823,14.67707],[102.09823,14.67728],[102.09832,14.67728],[102.09833,14.67746]]],[[[102.09482,14.67865],[102.09482,14.67848],[102.09478,14.67861],[102.09482,14.67865]]],[[[102.09612,14.67911],[102.09612,14.67902],[102.09631,14.67902],[102.09631,14.67893],[102.0964,14.67893],[102.0964,14.67875],[102.09649,14.67875],[102.09648,14.67839],[102.09639,14.67839],[102.09639,14.6783],[102.09574,14.67831],[102.09574,14.67804],[102.09583,14.67803],[102.09582,14.67767],[102.09573,14.67767],[102.09573,14.67758],[102.09545,14.67759],[102.09545,14.67768],[102.09536,14.67768],[102.09536,14.67777],[102.09527,14.67777],[102.09527,14.67813],[102.09537,14.67813],[102.09538,14.67894],[102.09547,14.67894],[102.09548,14.67925],[102.09591,14.67966],[102.09595,14.67966],[102.09594,14.67912],[102.09612,14.67911]]],[[[102.0977,14.67891],[102.09771,14.67954],[102.09819,14.6794],[102.09834,14.67881],[102.09779,14.67882],[102.09779,14.67891],[102.0977,14.67891]]]],"type":"MultiPolygon"}},{"type":"Feature","properties":{"tb":"301407","tb_name":"ต.ดอน","ap_name":"อ.ปักธงชัย","area_rai":24.29,"img":"S1C_20260928_0550, S1C_20260928_1819, S1D_20260929_1812, S1D_20261002_0609","in_area":false,"near":false,"bldg":0,"pop":0,"school":0,"hosp":0},"geometry":{"coordinates":[[[[102.10119,14.68293],[102.10128,14.68293],[102.10128,14.68266],[102.10137,14.68266],[102.10135,14.68157],[102.10126,14.68157],[102.10126,14.68139],[102.10089,14.6814],[102.10088,14.68068],[102.10051,14.68068],[102.10051,14.68077],[102.09967,14.68078],[102.09967,14.68096],[102.0996,14.68096],[102.09958,14.68103],[102.09959,14.68178],[102.0995,14.68178],[102.0995,14.68187],[102.09937,14.68187],[102.09928,14.68223],[102.09969,14.68223],[102.09969,14.68232],[102.10016,14.68231],[102.10016,14.6824],[102.10062,14.68239],[102.10062,14.6823],[102.1009,14.6823],[102.1009,14.68257],[102.101,14.68257],[102.101,14.68284],[102.10091,14.68284],[102.10091,14.68293],[102.10082,14.68293],[102.10082,14.68302],[102.10072,14.68303],[102.10073,14.68312],[102.10063,14.68312],[102.10064,14.68384],[102.10111,14.68383],[102.1011,14.68365],[102.1012,14.68365],[102.10119,14.68293]]]],"type":"MultiPolygon"}},{"type":"Feature","properties":{"tb":"301407","tb_name":"ต.ดอน","ap_name":"อ.ปักธงชัย","area_rai":10.81,"img":"S1C_20260928_0550, S1C_20260928_1819, S1D_20260929_1812, S1D_20261002_0609","in_area":false,"near":false,"bldg":0,"pop":0,"school":0,"hosp":0},"geometry":{"coordinates":[[[[102.09855,14.68044],[102.09855,14.68026],[102.09864,14.68025],[102.09864,14.68016],[102.09874,14.68016],[102.09873,14.68007],[102.09883,14.68007],[102.09883,14.67998],[102.09819,14.6794],[102.09771,14.67954],[102.09771,14.67954],[102.0978,14.67954],[102.0978,14.6799],[102.09771,14.67991],[102.09771,14.68],[102.09762,14.68],[102.09762,14.68009],[102.09753,14.68009],[102.09753,14.68036],[102.09781,14.68036],[102.09781,14.68045],[102.09818,14.68044],[102.09818,14.68053],[102.09846,14.68053],[102.09846,14.68044],[102.09855,14.68044]]],[[[102.0996,14.68096],[102.09958,14.68096],[102.09958,14.68103],[102.0996,14.68096]]],[[[102.09867,14.68179],[102.09866,14.6817],[102.0982,14.6817],[102.0982,14.6818],[102.09811,14.6818],[102.09811,14.68207],[102.09848,14.68206],[102.09849,14.68215],[102.09858,14.68215],[102.09858,14.68233],[102.09923,14.68232],[102.09923,14.68223],[102.09928,14.68223],[102.09937,14.68187],[102.09895,14.68188],[102.09894,14.68179],[102.09867,14.68179]]]],"type":"MultiPolygon"}},{"type":"Feature","properties":{"tb":"301407","tb_name":"ต.ดอน","ap_name":"อ.ปักธงชัย","area_rai":5.03,"img":"S1C_20260928_0550, S1C_20260928_1819, S1D_20260929_1812, S1D_20261002_0609","in_area":false,"near":false,"bldg":0,"pop":0,"school":0,"hosp":0},"geometry":{"coordinates":[[[[102.10146,14.67588],[102.10155,14.67588],[102.10155,14.67579],[102.10164,14.67579],[102.10164,14.67561],[102.10173,14.67561],[102.10172,14.67489],[102.10181,14.67488],[102.10181,14.6748],[102.10111,14.67501],[102.10093,14.67571],[102.10099,14.67571],[102.10099,14.6758],[102.10109,14.6758],[102.10109,14.67589],[102.10118,14.67589],[102.10118,14.67598],[102.10146,14.67597],[102.10146,14.67588]]]],"type":"MultiPolygon"}},{"type":"Feature","properties":{"tb":"301407","tb_name":"ต.ดอน","ap_name":"อ.ปักธงชัย","area_rai":24.69,"img":"S1C_20260928_0550, S1C_20260928_1819, S1D_20260929_1812, S1D_20261002_0609","in_area":false,"near":false,"bldg":0,"pop":0,"school":0,"hosp":0},"geometry":{"coordinates":[[[[102.10051,14.67472],[102.10042,14.67472],[102.10042,14.6749],[102.10033,14.6749],[102.10034,14.67536],[102.10089,14.67535],[102.1009,14.67571],[102.10093,14.67571],[102.10111,14.67501],[102.1006,14.67454],[102.10051,14.67454],[102.10051,14.67472]]],[[[102.10007,14.67644],[102.10007,14.67635],[102.09998,14.67635],[102.09998,14.67617],[102.09989,14.67617],[102.09988,14.67608],[102.09979,14.67609],[102.09979,14.67599],[102.09942,14.676],[102.09942,14.67591],[102.09932,14.67591],[102.09932,14.67582],[102.09923,14.67582],[102.09923,14.67573],[102.09914,14.67573],[102.09913,14.67555],[102.09904,14.67555],[102.09904,14.67546],[102.09895,14.67546],[102.09895,14.67537],[102.0982,14.67538],[102.09821,14.67547],[102.09811,14.67548],[102.09812,14.67584],[102.09821,14.67584],[102.09821,14.67593],[102.0983,14.67592],[102.09831,14.67601],[102.0984,14.67601],[102.09841,14.67683],[102.09832,14.67683],[102.09832,14.67701],[102.09823,14.67701],[102.09823,14.67707],[102.09867,14.67749],[102.10018,14.67705],[102.10017,14.67644],[102.10007,14.67644]]]],"type":"MultiPolygon"}},{"type":"Feature","properties":{"tb":"300707","tb_name":"ต.ท่าเยี่ยม","ap_name":"อ.โชคชัย","area_rai":0.12,"img":"S1C_20260928_0550, S1C_20260928_1819, S1D_20260929_1812, S1D_20261002_0609","in_area":false,"near":false,"bldg":0,"pop":0,"school":0,"hosp":0},"geometry":{"coordinates":[[[[102.21361,14.72742],[102.21352,14.72745],[102.21361,14.72745],[102.21361,14.72742]]],[[[102.21319,14.72754],[102.21352,14.72754],[102.21352,14.72745],[102.21319,14.72754]]]],"type":"MultiPolygon"}},{"type":"Feature","properties":{"tb":"300707","tb_name":"ต.ท่าเยี่ยม","ap_name":"อ.โชคชัย","area_rai":29.48,"img":"S1C_20260928_0550, S1C_20260928_1819, S1D_20260929_1812, S1D_20261002_0609","in_area":false,"near":false,"bldg":0,"pop":0,"school":0,"hosp":0},"geometry":{"coordinates":[[[[102.21517,14.72607],[102.21517,14.72598],[102.21572,14.72597],[102.21572,14.72606],[102.21582,14.72606],[102.21583,14.72687],[102.21592,14.72687],[102.21592,14.72696],[102.2162,14.72696],[102.2162,14.72678],[102.21648,14.72678],[102.21648,14.72687],[102.21657,14.72686],[102.21657,14.72695],[102.21676,14.72695],[102.21676,14.72704],[102.21713,14.72704],[102.21713,14.72695],[102.21722,14.72695],[102.21722,14.72676],[102.21731,14.72676],[102.21731,14.72667],[102.2174,14.72667],[102.21739,14.72595],[102.21749,14.72595],[102.21748,14.72555],[102.21663,14.72477],[102.21506,14.72523],[102.21507,14.72544],[102.21497,14.72544],[102.21497,14.72553],[102.21488,14.72553],[102.21488,14.72562],[102.2147,14.72563],[102.2147,14.72572],[102.21459,14.72572],[102.2145,14.72608],[102.21517,14.72607]]]],"type":"MultiPolygon"}},{"type":"Feature","properties":{"tb":"300707","tb_name":"ต.ท่าเยี่ยม","ap_name":"อ.โชคชัย","area_rai":11.43,"img":"S1C_20260928_0550, S1C_20260928_1819, S1D_20260929_1812, S1D_20261002_0609","in_area":false,"near":false,"bldg":0,"pop":0,"school":0,"hosp":0},"geometry":{"coordinates":[[[[102.20901,14.72968],[102.20901,14.72995],[102.2091,14.72995],[102.2091,14.73004],[102.20954,14.73003],[102.2091,14.72962],[102.2091,14.72968],[102.20901,14.72968]]],[[[102.2094,14.73139],[102.2094,14.73112],[102.20949,14.73112],[102.20949,14.73103],[102.20964,14.73102],[102.20983,14.73029],[102.20957,14.73005],[102.20957,14.73057],[102.2092,14.73058],[102.20921,14.73067],[102.20883,14.73067],[102.20884,14.73085],[102.20874,14.73086],[102.20875,14.73113],[102.20884,14.73112],[102.20885,14.73149],[102.20875,14.73149],[102.20876,14.73167],[102.20866,14.73167],[102.20866,14.73176],[102.20857,14.73176],[102.20858,14.73203],[102.20939,14.73202],[102.20953,14.73148],[102.2095,14.73148],[102.20949,14.73139],[102.2094,14.73139]]],[[[102.20812,14.7324],[102.20812,14.73231],[102.20784,14.73231],[102.20784,14.7324],[102.20775,14.7324],[102.20775,14.73249],[102.20719,14.7325],[102.20719,14.73258],[102.2074,14.73277],[102.20838,14.73249],[102.20821,14.73249],[102.20821,14.7324],[102.20812,14.7324]]]],"type":"MultiPolygon"}},{"type":"Feature","properties":{"tb":"300707","tb_name":"ต.ท่าเยี่ยม","ap_name":"อ.โชคชัย","area_rai":11.38,"img":"S1C_20260928_0550, S1C_20260928_1819, S1D_20260929_1812, S1D_20261002_0609","in_area":false,"near":false,"bldg":0,"pop":0,"school":0,"hosp":0},"geometry":{"coordinates":[[[[102.20822,14.73321],[102.20831,14.73321],[102.20831,14.73312],[102.2085,14.73312],[102.2085,14.73303],[102.20859,14.73302],[102.20859,14.73284],[102.20887,14.73284],[102.20887,14.73302],[102.20896,14.73302],[102.20896,14.73311],[102.20933,14.7331],[102.20933,14.73319],[102.2098,14.73319],[102.2098,14.73301],[102.21017,14.733],[102.21017,14.73309],[102.21026,14.73309],[102.21026,14.73318],[102.2104,14.73318],[102.20979,14.73262],[102.20979,14.73265],[102.20961,14.73265],[102.20961,14.73274],[102.20924,14.73274],[102.20923,14.73265],[102.20868,14.73266],[102.20868,14.73257],[102.2084,14.73258],[102.2084,14.73249],[102.20838,14.73249],[102.2074,14.73277],[102.20721,14.73349],[102.2073,14.73349],[102.2073,14.73358],[102.20767,14.73358],[102.20767,14.73349],[102.20776,14.73349],[102.20776,14.7334],[102.20813,14.73339],[102.20813,14.7333],[102.20822,14.7333],[102.20822,14.73321]]]],"type":"MultiPolygon"}},{"type":"Feature","properties":{"tb":"300707","tb_name":"ต.ท่าเยี่ยม","ap_name":"อ.โชคชัย","area_rai":1.09,"img":"S1C_20260928_0550, S1C_20260928_1819, S1D_20260929_1812, S1D_20261002_0609","in_area":false,"near":false,"bldg":0,"pop":0,"school":0,"hosp":0},"geometry":{"coordinates":[[[[102.2072,14.73286],[102.2071,14.73286],[102.20711,14.73341],[102.2072,14.7334],[102.20721,14.73349],[102.20721,14.73349],[102.2074,14.73277],[102.20719,14.73258],[102.2072,14.73286]]]],"type":"MultiPolygon"}},{"type":"Feature","properties":{"tb":"300707","tb_name":"ต.ท่าเยี่ยม","ap_name":"อ.โชคชัย","area_rai":2.39,"img":"S1C_20260928_0550, S1C_20260928_1819, S1D_20260929_1812, S1D_20261002_0609","in_area":false,"near":false,"bldg":0,"pop":0,"school":0,"hosp":0},"geometry":{"coordinates":[[[[102.2104,14.73011],[102.21031,14.73011],[102.21031,14.73002],[102.20994,14.73003],[102.20994,14.72994],[102.20947,14.72994],[102.20946,14.7294],[102.20909,14.72941],[102.2091,14.72962],[102.20954,14.73003],[102.20957,14.73003],[102.20957,14.73005],[102.20983,14.73029],[102.2104,14.73013],[102.2104,14.73011]]]],"type":"MultiPolygon"}},{"type":"Feature","properties":{"tb":"300707","tb_name":"ต.ท่าเยี่ยม","ap_name":"อ.โชคชัย","area_rai":9.33,"img":"S1C_20260928_0550, S1C_20260928_1819, S1D_20260929_1812, S1D_20261002_0609","in_area":false,"near":false,"bldg":0,"pop":0,"school":0,"hosp":0},"geometry":{"coordinates":[[[[102.21014,14.73093],[102.21023,14.73092],[102.21023,14.73083],[102.21032,14.73083],[102.21032,14.73056],[102.21041,14.73056],[102.2104,14.73013],[102.20983,14.73029],[102.20964,14.73102],[102.21014,14.73102],[102.21014,14.73093]]],[[[102.20968,14.73156],[102.20959,14.73157],[102.20959,14.73148],[102.20953,14.73148],[102.20939,14.73202],[102.20941,14.73202],[102.20941,14.73211],[102.2095,14.73211],[102.20951,14.7322],[102.20978,14.7322],[102.20978,14.73174],[102.20968,14.73175],[102.20968,14.73156]]],[[[102.21082,14.73326],[102.21082,14.73299],[102.21072,14.73299],[102.21072,14.73245],[102.21062,14.73245],[102.21062,14.73236],[102.21053,14.73237],[102.21053,14.73228],[102.21016,14.73228],[102.21016,14.73255],[102.20979,14.73256],[102.20979,14.73262],[102.2104,14.73318],[102.21054,14.73318],[102.21054,14.73327],[102.21082,14.73326]]]],"type":"MultiPolygon"}},{"type":"Feature","properties":{"tb":"300701","tb_name":"ต.กระโทก","ap_name":"อ.โชคชัย","area_rai":4.05,"img":"S1C_20260928_0550, S1C_20260928_1819, S1D_20260929_1812, S1D_20261002_0609","in_area":false,"near":false,"bldg":0,"pop":0,"school":0,"hosp":0},"geometry":{"coordinates":[[[[102.19645,14.74005],[102.19644,14.73978],[102.19607,14.73979],[102.19608,14.74051],[102.19599,14.74051],[102.196,14.74123],[102.19609,14.74123],[102.19609,14.74137],[102.19622,14.74133],[102.19654,14.74005],[102.19645,14.74005]]]],"type":"MultiPolygon"}},{"type":"Feature","properties":{"tb":"300701","tb_name":"ต.กระโทก","ap_name":"อ.โชคชัย","area_rai":9.0,"img":"S1C_20260928_0550, S1C_20260928_1819, S1D_20260929_1812, S1D_20261002_0609","in_area":false,"near":false,"bldg":0,"pop":0,"school":0,"hosp":0},"geometry":{"coordinates":[[[[102.19649,14.74312],[102.19668,14.74312],[102.19668,14.74303],[102.19677,14.74303],[102.19677,14.74294],[102.19695,14.74294],[102.19695,14.74285],[102.19704,14.74285],[102.19704,14.74276],[102.19714,14.74275],[102.19713,14.74248],[102.19685,14.74249],[102.19685,14.74213],[102.19676,14.74213],[102.19675,14.74204],[102.19629,14.74204],[102.19629,14.74195],[102.1962,14.74195],[102.19619,14.7415],[102.19637,14.7415],[102.19637,14.74148],[102.19622,14.74133],[102.19609,14.74137],[102.1961,14.74159],[102.19591,14.7416],[102.19592,14.74214],[102.19601,14.74214],[102.19601,14.74223],[102.19611,14.74223],[102.19611,14.74259],[102.19602,14.74259],[102.19602,14.74268],[102.19593,14.74268],[102.19593,14.74313],[102.19603,14.74313],[102.19603,14.74322],[102.19649,14.74321],[102.19649,14.74312]]]],"type":"MultiPolygon"}},{"type":"Feature","properties":{"tb":"300701","tb_name":"ต.กระโทก","ap_name":"อ.โชคชัย","area_rai":1.58,"img":"S1C_20260928_0550, S1C_20260928_1819, S1D_20260929_1812, S1D_20261002_0609","in_area":false,"near":false,"bldg":0,"pop":0,"school":0,"hosp":0},"geometry":{"coordinates":[[[[102.19637,14.74132],[102.19646,14.74132],[102.19646,14.74114],[102.19656,14.74114],[102.19654,14.74005],[102.19654,14.74005],[102.19622,14.74133],[102.19637,14.74148],[102.19637,14.74132]]]],"type":"MultiPolygon"}},{"type":"Feature","properties":{"tb":"300701","tb_name":"ต.กระโทก","ap_name":"อ.โชคชัย","area_rai":0.09,"img":"S1C_20260928_0550, S1C_20260928_1819, S1D_20260929_1812, S1D_20261002_0609","in_area":false,"near":false,"bldg":0,"pop":0,"school":0,"hosp":0},"geometry":{"coordinates":[[[[102.1997,14.72792],[102.19959,14.72795],[102.19956,14.72809],[102.19961,14.72809],[102.19961,14.728],[102.1997,14.728],[102.1997,14.72792]]]],"type":"MultiPolygon"}},{"type":"Feature","properties":{"tb":"300701","tb_name":"ต.กระโทก","ap_name":"อ.โชคชัย","area_rai":0.68,"img":"S1C_20260928_0550, S1C_20260928_1819, S1D_20260929_1812, S1D_20261002_0609","in_area":false,"near":false,"bldg":0,"pop":0,"school":0,"hosp":0},"geometry":{"coordinates":[[[[102.19924,14.72792],[102.19933,14.72792],[102.19933,14.7281],[102.19956,14.72809],[102.19959,14.72795],[102.19923,14.72762],[102.19924,14.72792]]]],"type":"MultiPolygon"}},{"type":"Feature","properties":{"tb":"300708","tb_name":"ต.โชคชัย","ap_name":"อ.โชคชัย","area_rai":5.89,"img":"S1C_20260928_0550, S1C_20260928_1819, S1D_20260929_1812, S1D_20261002_0609","in_area":false,"near":false,"bldg":0,"pop":0,"school":0,"hosp":0},"geometry":{"coordinates":[[[[102.1983,14.75926],[102.19831,14.75935],[102.19821,14.75935],[102.19821,14.75944],[102.19812,14.75944],[102.19812,14.75953],[102.19803,14.75954],[102.19803,14.75963],[102.19785,14.75963],[102.19786,14.76035],[102.19869,14.7601],[102.19891,14.75925],[102.1983,14.75926]]]],"type":"MultiPolygon"}},{"type":"Feature","properties":{"tb":"300708","tb_name":"ต.โชคชัย","ap_name":"อ.โชคชัย","area_rai":9.88,"img":"S1C_20260928_0550, S1C_20260928_1819, S1D_20260929_1812, S1D_20261002_0609","in_area":false,"near":false,"bldg":0,"pop":0,"school":0,"hosp":0},"geometry":{"coordinates":[[[[102.20059,14.76311],[102.20068,14.76311],[102.20068,14.76302],[102.20077,14.76302],[102.20077,14.76293],[102.20086,14.76293],[102.20086,14.76284],[102.20095,14.76284],[102.20095,14.7622],[102.20048,14.76221],[102.20048,14.76212],[102.20029,14.76212],[102.20029,14.76167],[102.20038,14.76167],[102.20038,14.7614],[102.20066,14.7614],[102.20065,14.76131],[102.20016,14.76145],[102.19971,14.76321],[102.19985,14.76321],[102.19985,14.7633],[102.20059,14.76329],[102.20059,14.76311]]]],"type":"MultiPolygon"}},{"type":"Feature","properties":{"tb":"300708","tb_name":"ต.โชคชัย","ap_name":"อ.โชคชัย","area_rai":19.87,"img":"S1C_20260928_0550, S1C_20260928_1819, S1D_20260929_1812, S1D_20261002_0609","in_area":false,"near":false,"bldg":0,"pop":0,"school":0,"hosp":0},"geometry":{"coordinates":[[[[102.19786,14.76044],[102.19795,14.76044],[102.19796,14.76089],[102.19824,14.76089],[102.19823,14.7608],[102.19851,14.76079],[102.19851,14.76088],[102.1987,14.76088],[102.1987,14.76097],[102.19879,14.76097],[102.19879,14.76106],[102.19889,14.76106],[102.19889,14.76115],[102.19917,14.76115],[102.19917,14.76142],[102.19926,14.76141],[102.19927,14.76187],[102.19936,14.76186],[102.19936,14.76195],[102.19946,14.76195],[102.19946,14.76231],[102.19881,14.76232],[102.19882,14.76268],[102.19891,14.76268],[102.19891,14.76286],[102.19901,14.76286],[102.19901,14.76304],[102.19919,14.76304],[102.1992,14.76313],[102.19938,14.76313],[102.19938,14.76322],[102.19971,14.76321],[102.20016,14.76145],[102.19869,14.7601],[102.19786,14.76035],[102.19786,14.76044]]]],"type":"MultiPolygon"}},{"type":"Feature","properties":{"tb":"300708","tb_name":"ต.โชคชัย","ap_name":"อ.โชคชัย","area_rai":15.35,"img":"S1C_20260928_0550, S1C_20260928_1819, S1D_20260929_1812, S1D_20261002_0609","in_area":false,"near":false,"bldg":0,"pop":0,"school":0,"hosp":0},"geometry":{"coordinates":[[[[102.20064,14.76031],[102.20036,14.76032],[102.20036,14.76041],[102.20018,14.76041],[102.20018,14.7605],[102.1999,14.7605],[102.1999,14.76041],[102.19981,14.76041],[102.1998,14.76032],[102.19971,14.76032],[102.19971,14.76023],[102.19962,14.76024],[102.19962,14.76006],[102.19952,14.76006],[102.19952,14.75997],[102.19943,14.75997],[102.19942,14.75961],[102.19961,14.7596],[102.19961,14.75951],[102.19979,14.75951],[102.19979,14.75924],[102.1997,14.75924],[102.19969,14.75915],[102.19895,14.75916],[102.19895,14.75925],[102.19891,14.75925],[102.19869,14.7601],[102.20016,14.76145],[102.20065,14.76131],[102.20064,14.76031]]]],"type":"MultiPolygon"}},{"type":"Feature","properties":{"tb":"300707","tb_name":"ต.ท่าเยี่ยม","ap_name":"อ.โชคชัย","area_rai":1.09,"img":"S1C_20260928_0550, S1C_20260928_1819, S1D_20260929_1812, S1D_20261002_0609","in_area":false,"near":false,"bldg":0,"pop":0,"school":0,"hosp":0},"geometry":{"coordinates":[[[[102.21928,14.72195],[102.21937,14.72195],[102.21937,14.72168],[102.21928,14.72168],[102.21928,14.7215],[102.21926,14.7215],[102.21906,14.72229],[102.21929,14.72251],[102.21928,14.72195]]]],"type":"MultiPolygon"}},{"type":"Feature","properties":{"tb":"300707","tb_name":"ต.ท่าเยี่ยม","ap_name":"อ.โชคชัย","area_rai":21.68,"img":"S1C_20260928_0550, S1C_20260928_1819, S1D_20260929_1812, S1D_20261002_0609","in_area":false,"near":false,"bldg":0,"pop":0,"school":0,"hosp":0},"geometry":{"coordinates":[[[[102.21918,14.72132],[102.21909,14.72132],[102.21909,14.72123],[102.21899,14.72123],[102.21899,14.72087],[102.2189,14.72087],[102.21889,14.72051],[102.2187,14.72051],[102.2187,14.72042],[102.21842,14.72043],[102.21842,14.72025],[102.21833,14.72025],[102.21833,14.72007],[102.21823,14.72007],[102.21823,14.71989],[102.21786,14.71989],[102.21786,14.71998],[102.21758,14.71999],[102.21758,14.72008],[102.21749,14.72008],[102.2175,14.72044],[102.2174,14.72044],[102.21742,14.72125],[102.21714,14.72126],[102.21714,14.72117],[102.21677,14.72117],[102.21677,14.72125],[102.21679,14.72125],[102.2168,14.72144],[102.21686,14.72144],[102.21686,14.72153],[102.21714,14.72153],[102.21714,14.72162],[102.21779,14.72161],[102.21779,14.72152],[102.21844,14.72151],[102.21844,14.7216],[102.21853,14.7216],[102.21854,14.72169],[102.21863,14.72169],[102.21864,14.72241],[102.21866,14.72241],[102.21906,14.72229],[102.21926,14.7215],[102.21918,14.7215],[102.21918,14.72132]]],[[[102.21725,14.7227],[102.21716,14.7227],[102.21716,14.72261],[102.21707,14.72261],[102.21706,14.72252],[102.21679,14.72253],[102.21679,14.72256],[102.21711,14.72286],[102.21735,14.72279],[102.21725,14.72279],[102.21725,14.7227]]]],"type":"MultiPolygon"}},{"type":"Feature","properties":{"tb":"300707","tb_name":"ต.ท่าเยี่ยม","ap_name":"อ.โชคชัย","area_rai":33.53,"img":"S1C_20260928_0550, S1C_20260928_1819, S1D_20260929_1812, S1D_20261002_0609","in_area":false,"near":false,"bldg":0,"pop":0,"school":0,"hosp":0},"geometry":{"coordinates":[[[[102.21748,14.72532],[102.21757,14.72532],[102.21757,14.72513],[102.21775,14.72513],[102.21775,14.72504],[102.21794,14.72504],[102.21793,14.72495],[102.21803,14.72495],[102.21803,14.72486],[102.21821,14.72485],[102.21821,14.72476],[102.21858,14.72476],[102.21858,14.72467],[102.21867,14.72467],[102.21867,14.72458],[102.21876,14.72458],[102.21876,14.72403],[102.21866,14.72404],[102.21866,14.72349],[102.21893,14.72349],[102.21893,14.7234],[102.21903,14.7234],[102.21902,14.72331],[102.21912,14.72331],[102.21912,14.72322],[102.21921,14.72322],[102.2192,14.72276],[102.21929,14.72276],[102.21929,14.72251],[102.21906,14.72229],[102.21866,14.72241],[102.21873,14.72241],[102.21873,14.7225],[102.21883,14.7225],[102.21883,14.72259],[102.21892,14.72259],[102.21892,14.72286],[102.21744,14.72288],[102.21744,14.72279],[102.21735,14.72279],[102.21711,14.72286],[102.21663,14.72477],[102.21748,14.72555],[102.21748,14.72532]]]],"type":"MultiPolygon"}},{"type":"Feature","properties":{"tb":"301407","tb_name":"ต.ดอน","ap_name":"อ.ปักธงชัย","area_rai":11.48,"img":"S1C_20260928_0550, S1C_20260928_1819, S1D_20260929_1812, S1D_20261002_0609","in_area":false,"near":false,"bldg":0,"pop":0,"school":0,"hosp":0},"geometry":{"coordinates":[[[[102.11787,14.68171],[102.11824,14.68171],[102.11824,14.68162],[102.11833,14.68162],[102.11833,14.68153],[102.11842,14.68152],[102.11768,14.68084],[102.11573,14.6814],[102.11573,14.68141],[102.11573,14.68156],[102.11592,14.68156],[102.11592,14.68165],[102.1161,14.68165],[102.1161,14.68174],[102.11675,14.68173],[102.11675,14.68164],[102.11703,14.68163],[102.11703,14.68172],[102.11722,14.68172],[102.11722,14.68181],[102.11787,14.6818],[102.11787,14.68171]]]],"type":"MultiPolygon"}},{"type":"Feature","properties":{"tb":"301407","tb_name":"ต.ดอน","ap_name":"อ.ปักธงชัย","area_rai":2.94,"img":"S1C_20260928_0550, S1C_20260928_1819, S1D_20260929_1812, S1D_20261002_0609","in_area":false,"near":false,"bldg":0,"pop":0,"school":0,"hosp":0},"geometry":{"coordinates":[[[[102.1134,14.68051],[102.1134,14.6806],[102.11368,14.68059],[102.11367,14.6805],[102.11377,14.6805],[102.11377,14.68041],[102.11386,14.68041],[102.11386,14.68032],[102.11414,14.68032],[102.11414,14.68041],[102.11423,14.68041],[102.11423,14.68059],[102.1146,14.68058],[102.1146,14.68049],[102.11469,14.68049],[102.11469,14.68045],[102.11427,14.68005],[102.1133,14.68033],[102.1133,14.68051],[102.1134,14.68051]]],[[[102.11573,14.6814],[102.11573,14.6814],[102.11573,14.68141],[102.11573,14.6814]]]],"type":"MultiPolygon"}},{"type":"Feature","properties":{"tb":"301407","tb_name":"ต.ดอน","ap_name":"อ.ปักธงชัย","area_rai":15.05,"img":"S1C_20260928_0550, S1C_20260928_1819, S1D_20260929_1812, S1D_20261002_0609","in_area":false,"near":false,"bldg":0,"pop":0,"school":0,"hosp":0},"geometry":{"coordinates":[[[[102.1052,14.68477],[102.1052,14.68468],[102.10529,14.68468],[102.10529,14.68443],[102.10427,14.68472],[102.10428,14.68496],[102.10483,14.68496],[102.10483,14.68487],[102.10492,14.68487],[102.10492,14.68478],[102.1052,14.68477]]],[[[102.10651,14.68575],[102.10661,14.68575],[102.10661,14.68584],[102.10716,14.68583],[102.10716,14.68574],[102.10726,14.68574],[102.10725,14.68565],[102.10735,14.68565],[102.10734,14.68547],[102.10628,14.68449],[102.10622,14.68449],[102.10622,14.68443],[102.10618,14.6844],[102.10612,14.6844],[102.10612,14.68434],[102.10609,14.68431],[102.10575,14.68431],[102.10575,14.68449],[102.10566,14.68449],[102.10567,14.68531],[102.10586,14.6853],[102.10586,14.6854],[102.10604,14.68539],[102.10605,14.68566],[102.10586,14.68567],[102.10587,14.6863],[102.10615,14.68629],[102.10615,14.6862],[102.10624,14.6862],[102.10624,14.68593],[102.10615,14.68593],[102.10614,14.68566],[102.10651,14.68566],[102.10651,14.68575]]]],"type":"MultiPolygon"}},{"type":"Feature","properties":{"tb":"301407","tb_name":"ต.ดอน","ap_name":"อ.ปักธงชัย","area_rai":0.43,"img":"S1C_20260928_0550, S1C_20260928_1819, S1D_20260929_1812, S1D_20261002_0609","in_area":false,"near":false,"bldg":0,"pop":0,"school":0,"hosp":0},"geometry":{"coordinates":[[[[102.10353,14.68443],[102.10362,14.68443],[102.10362,14.6847],[102.10395,14.6847],[102.10352,14.68431],[102.10353,14.68443]]]],"type":"MultiPolygon"}},{"type":"Feature","properties":{"tb":"301407","tb_name":"ต.ดอน","ap_name":"อ.ปักธงชัย","area_rai":4.92,"img":"S1C_20260928_0550, S1C_20260928_1819, S1D_20260929_1812, S1D_20261002_0609","in_area":false,"near":false,"bldg":0,"pop":0,"school":0,"hosp":0},"geometry":{"coordinates":[[[[102.10609,14.68431],[102.10612,14.68434],[102.10612,14.68431],[102.10609,14.68431]]],[[[102.10622,14.68443],[102.10622,14.6844],[102.10618,14.6844],[102.10622,14.68443]]],[[[102.10724,14.68438],[102.10714,14.68438],[102.10714,14.6842],[102.10677,14.68421],[102.10677,14.6843],[102.10668,14.6843],[102.10668,14.68439],[102.10659,14.68439],[102.10659,14.68448],[102.10628,14.68449],[102.10734,14.68547],[102.10733,14.68447],[102.10724,14.68447],[102.10724,14.68438]]]],"type":"MultiPolygon"}},{"type":"Feature","properties":{"tb":"301407","tb_name":"ต.ดอน","ap_name":"อ.ปักธงชัย","area_rai":40.48,"img":"S1C_20260928_0550, S1C_20260928_1819, S1D_20260929_1812, S1D_20261002_0609","in_area":false,"near":false,"bldg":0,"pop":0,"school":0,"hosp":0},"geometry":{"coordinates":[[[[102.10529,14.68441],[102.1052,14.68441],[102.10519,14.68396],[102.10445,14.68397],[102.10445,14.68388],[102.10435,14.68388],[102.10435,14.68379],[102.10426,14.68379],[102.10425,14.68334],[102.10435,14.68334],[102.10434,14.68325],[102.10444,14.68325],[102.10444,14.68316],[102.10453,14.68316],[102.10453,14.68307],[102.10508,14.68306],[102.10509,14.68342],[102.10518,14.68342],[102.10519,14.68378],[102.10584,14.68377],[102.10583,14.68368],[102.10602,14.68368],[102.10602,14.68341],[102.10592,14.68341],[102.10592,14.68305],[102.10601,14.68305],[102.10601,14.68259],[102.10591,14.6826],[102.10591,14.68214],[102.10563,14.68215],[102.10563,14.68233],[102.10554,14.68233],[102.10554,14.68242],[102.10526,14.68242],[102.10526,14.68206],[102.10479,14.68207],[102.10479,14.68198],[102.1047,14.68198],[102.1047,14.68189],[102.10451,14.68189],[102.10451,14.6818],[102.10395,14.68181],[102.10396,14.68199],[102.10358,14.68199],[102.10359,14.68208],[102.10331,14.68209],[102.10331,14.68245],[102.10303,14.68245],[102.10304,14.68254],[102.10294,14.68254],[102.10294,14.68263],[102.10285,14.68264],[102.10286,14.68291],[102.10276,14.68291],[102.10277,14.68327],[102.10305,14.68327],[102.10304,14.68318],[102.10314,14.68317],[102.10314,14.68299],[102.10323,14.68299],[102.10323,14.6829],[102.1036,14.6829],[102.1036,14.68326],[102.10342,14.68326],[102.10342,14.68335],[102.10333,14.68335],[102.10333,14.68371],[102.10342,14.68371],[102.10343,14.68407],[102.10352,14.68407],[102.10352,14.68431],[102.10395,14.6847],[102.10427,14.68469],[102.10427,14.68472],[102.10529,14.68443],[102.10529,14.68441]]]],"type":"MultiPolygon"}},{"type":"Feature","properties":{"tb":"301407","tb_name":"ต.ดอน","ap_name":"อ.ปักธงชัย","area_rai":21.18,"img":"S1C_20260928_0550, S1C_20260928_1819, S1D_20260929_1812, S1D_20261002_0609","in_area":false,"near":false,"bldg":0,"pop":0,"school":0,"hosp":0},"geometry":{"coordinates":[[[[102.08234,14.68833],[102.08234,14.68824],[102.08252,14.68823],[102.08252,14.68814],[102.08289,14.68814],[102.08289,14.68805],[102.08308,14.68805],[102.08307,14.68778],[102.08298,14.68778],[102.08298,14.68769],[102.08289,14.68769],[102.08288,14.68706],[102.08306,14.68705],[102.08306,14.68696],[102.08315,14.68696],[102.08314,14.68588],[102.08305,14.68588],[102.08304,14.6857],[102.08295,14.6857],[102.08295,14.68561],[102.08287,14.68561],[102.08213,14.68583],[102.08165,14.68774],[102.08229,14.68833],[102.08234,14.68833]]]],"type":"MultiPolygon"}},{"type":"Feature","properties":{"tb":"301407","tb_name":"ต.ดอน","ap_name":"อ.ปักธงชัย","area_rai":49.16,"img":"S1C_20260928_0550, S1C_20260928_1819, S1D_20260929_1812, S1D_20261002_0609","in_area":false,"near":false,"bldg":0,"pop":0,"school":0,"hosp":0},"geometry":{"coordinates":[[[[102.07943,14.68566],[102.07952,14.68566],[102.07953,14.68629],[102.07962,14.68629],[102.07962,14.68665],[102.07972,14.68665],[102.07972,14.68683],[102.07981,14.68683],[102.07981,14.68692],[102.07991,14.68692],[102.07991,14.68701],[102.08,14.687],[102.08001,14.68746],[102.0801,14.68745],[102.0801,14.68754],[102.08029,14.68754],[102.08029,14.68763],[102.08038,14.68763],[102.08038,14.68772],[102.08047,14.68772],[102.08048,14.68808],[102.08165,14.68774],[102.08213,14.68583],[102.08067,14.68448],[102.07941,14.68484],[102.07943,14.68566]]]],"type":"MultiPolygon"}},{"type":"Feature","properties":{"tb":"301407","tb_name":"ต.ดอน","ap_name":"อ.ปักธงชัย","area_rai":12.79,"img":"S1C_20260928_0550, S1C_20260928_1819, S1D_20260929_1812, S1D_20261002_0609","in_area":false,"near":false,"bldg":0,"pop":0,"school":0,"hosp":0},"geometry":{"coordinates":[[[[102.08161,14.68897],[102.0817,14.68897],[102.0817,14.68888],[102.08179,14.68888],[102.08179,14.68879],[102.08188,14.68879],[102.08188,14.68869],[102.08197,14.68869],[102.08197,14.6886],[102.08206,14.6886],[102.08206,14.68851],[102.08216,14.68851],[102.08215,14.68842],[102.08225,14.68842],[102.08225,14.68833],[102.08229,14.68833],[102.08165,14.68774],[102.08048,14.68808],[102.08048,14.68817],[102.08039,14.68817],[102.08039,14.68835],[102.0803,14.68835],[102.0803,14.68863],[102.08039,14.68862],[102.0804,14.68871],[102.08049,14.68871],[102.08049,14.6888],[102.08058,14.6888],[102.08058,14.68889],[102.08077,14.68889],[102.08077,14.68898],[102.08123,14.68897],[102.08124,14.68906],[102.08161,14.68906],[102.08161,14.68897]]]],"type":"MultiPolygon"}},{"type":"Feature","properties":{"tb":"301404","tb_name":"ต.สำโรง","ap_name":"อ.ปักธงชัย","area_rai":16.58,"img":"S1C_20260928_0550, S1C_20260928_1819, S1D_20260929_1812, S1D_20261002_0609","in_area":false,"near":false,"bldg":0,"pop":0,"school":0,"hosp":0},"geometry":{"coordinates":[[[[102.08962,14.67839],[102.08962,14.67834],[102.08942,14.6784],[102.0894,14.67848],[102.08953,14.67848],[102.08953,14.67839],[102.08962,14.67839]]],[[[102.09187,14.67989],[102.09186,14.67962],[102.09223,14.67962],[102.09223,14.67953],[102.09233,14.67953],[102.09232,14.67944],[102.09242,14.67943],[102.0926,14.67943],[102.09261,14.67979],[102.09268,14.67979],[102.09283,14.67918],[102.09245,14.67882],[102.09137,14.67783],[102.09036,14.67812],[102.09036,14.67829],[102.09045,14.67829],[102.09045,14.67838],[102.09129,14.67837],[102.0913,14.67918],[102.09139,14.67918],[102.09139,14.67927],[102.09149,14.67927],[102.09149,14.67945],[102.09158,14.67945],[102.09159,14.67972],[102.09149,14.67972],[102.0915,14.68005],[102.09157,14.68005],[102.09157,14.68006],[102.09158,14.68008],[102.09187,14.68007],[102.09187,14.68027],[102.09206,14.68027],[102.09206,14.68016],[102.09215,14.68016],[102.09215,14.67989],[102.09187,14.67989]]]],"type":"MultiPolygon"}},{"type":"Feature","properties":{"tb":"300707","tb_name":"ต.ท่าเยี่ยม","ap_name":"อ.โชคชัย","area_rai":12.15,"img":"S1C_20260928_0550, S1C_20260928_1819, S1D_20260929_1812, S1D_20261002_0609","in_area":false,"near":false,"bldg":0,"pop":0,"school":0,"hosp":0},"geometry":{"coordinates":[[[[102.21078,14.71611],[102.21082,14.7161],[102.21095,14.71609],[102.21104,14.71611],[102.2115,14.7161],[102.2115,14.71601],[102.21163,14.71601],[102.21174,14.71556],[102.21135,14.7152],[102.21121,14.7152],[102.21121,14.71529],[102.21065,14.7153],[102.21065,14.71539],[102.21056,14.71539],[102.21056,14.71548],[102.21019,14.71549],[102.21019,14.71558],[102.20973,14.71558],[102.20973,14.71567],[102.20945,14.71568],[102.20945,14.71577],[102.20927,14.71577],[102.20927,14.71613],[102.20936,14.71613],[102.20936,14.71622],[102.20964,14.71622],[102.20964,14.71613],[102.21001,14.71612],[102.21001,14.71621],[102.21057,14.7162],[102.21057,14.71611],[102.21078,14.71611]]]],"type":"MultiPolygon"}},{"type":"Feature","properties":{"tb":"300707","tb_name":"ต.ท่าเยี่ยม","ap_name":"อ.โชคชัย","area_rai":14.05,"img":"S1C_20260928_0550, S1C_20260928_1819, S1D_20260929_1812, S1D_20261002_0609","in_area":false,"near":false,"bldg":0,"pop":0,"school":0,"hosp":0},"geometry":{"coordinates":[[[[102.21335,14.72239],[102.21335,14.72248],[102.21261,14.72249],[102.21262,14.72295],[102.21234,14.72295],[102.21234,14.72304],[102.21225,14.72304],[102.21225,14.72313],[102.21216,14.72313],[102.21216,14.72322],[102.21206,14.72322],[102.21207,14.72332],[102.21197,14.72332],[102.21198,14.72368],[102.21207,14.72368],[102.21207,14.72386],[102.21217,14.72386],[102.21217,14.72404],[102.21226,14.72403],[102.21226,14.72412],[102.21236,14.72412],[102.21236,14.72421],[102.21245,14.72421],[102.21245,14.72421],[102.21322,14.72399],[102.21362,14.72239],[102.21335,14.72239]]]],"type":"MultiPolygon"}},{"type":"Feature","properties":{"tb":"300707","tb_name":"ต.ท่าเยี่ยม","ap_name":"อ.โชคชัย","area_rai":13.47,"img":"S1C_20260928_0550, S1C_20260928_1819, S1D_20260929_1812, S1D_20261002_0609","in_area":false,"near":false,"bldg":0,"pop":0,"school":0,"hosp":0},"geometry":{"coordinates":[[[[102.21342,14.72428],[102.21346,14.72428],[102.21347,14.72429],[102.21347,14.72422],[102.21322,14.72399],[102.21245,14.72421],[102.21245,14.7243],[102.21335,14.72429],[102.21335,14.72428],[102.21339,14.72428],[102.21342,14.72428]]],[[[102.21352,14.72745],[102.21361,14.72742],[102.21361,14.72709],[102.21351,14.72709],[102.21351,14.727],[102.21342,14.727],[102.21341,14.72673],[102.21351,14.72673],[102.21351,14.72664],[102.21406,14.72663],[102.21406,14.72654],[102.21415,14.72654],[102.21415,14.72627],[102.21424,14.72626],[102.21424,14.72617],[102.21433,14.72617],[102.21433,14.72608],[102.2145,14.72608],[102.21459,14.72572],[102.21451,14.72572],[102.21451,14.72581],[102.21424,14.72581],[102.21424,14.72572],[102.2134,14.72573],[102.2134,14.72582],[102.21331,14.72583],[102.21331,14.72601],[102.21322,14.72601],[102.21322,14.72637],[102.21313,14.72637],[102.21313,14.72646],[102.21295,14.72646],[102.21295,14.72655],[102.21276,14.72656],[102.21276,14.72665],[102.21267,14.72665],[102.21268,14.72701],[102.21277,14.72701],[102.21277,14.7271],[102.21286,14.7271],[102.21287,14.72719],[102.21296,14.72719],[102.21296,14.72737],[102.21305,14.72736],[102.21305,14.72745],[102.21315,14.72745],[102.21315,14.72754],[102.21319,14.72754],[102.21352,14.72745],[102.21352,14.72745],[102.21352,14.72745]]]],"type":"MultiPolygon"}},{"type":"Feature","properties":{"tb":"300707","tb_name":"ต.ท่าเยี่ยม","ap_name":"อ.โชคชัย","area_rai":30.27,"img":"S1C_20260928_0550, S1C_20260928_1819, S1D_20260929_1812, S1D_20261002_0609","in_area":false,"near":false,"bldg":0,"pop":0,"school":0,"hosp":0},"geometry":{"coordinates":[[[[102.21356,14.7242],[102.21356,14.72411],[102.21412,14.7241],[102.21412,14.72401],[102.21421,14.72401],[102.21421,14.72392],[102.2143,14.72392],[102.21429,14.72319],[102.2142,14.7232],[102.2142,14.7231],[102.21401,14.72311],[102.21401,14.72275],[102.2141,14.72275],[102.2141,14.72265],[102.21419,14.72265],[102.21419,14.72238],[102.21409,14.72238],[102.21409,14.72229],[102.214,14.7223],[102.214,14.7222],[102.21372,14.72221],[102.21372,14.72239],[102.21362,14.72239],[102.21322,14.72399],[102.21347,14.72422],[102.21347,14.7242],[102.21356,14.7242]]],[[[102.21669,14.72262],[102.2167,14.72271],[102.21642,14.72271],[102.21642,14.72298],[102.21651,14.72298],[102.21652,14.72307],[102.2167,14.72307],[102.2167,14.72316],[102.2168,14.72316],[102.2168,14.72343],[102.21671,14.72343],[102.21671,14.72352],[102.21661,14.72352],[102.21662,14.72361],[102.21652,14.72361],[102.21652,14.7237],[102.21625,14.72371],[102.21625,14.7238],[102.21578,14.72381],[102.21578,14.72371],[102.21569,14.72372],[102.21569,14.72363],[102.2156,14.72363],[102.21559,14.72354],[102.2155,14.72354],[102.2155,14.72327],[102.21559,14.72327],[102.21559,14.72318],[102.21568,14.72317],[102.21568,14.72308],[102.21577,14.72308],[102.21577,14.72299],[102.21586,14.72299],[102.21586,14.72272],[102.2153,14.72273],[102.21531,14.72282],[102.21521,14.72282],[102.21522,14.72336],[102.21531,14.72336],[102.21532,14.72408],[102.21542,14.72408],[102.21542,14.72435],[102.21533,14.72435],[102.21533,14.72444],[102.21524,14.72444],[102.21524,14.72472],[102.21515,14.72472],[102.21515,14.72499],[102.21506,14.72499],[102.21506,14.72523],[102.21663,14.72477],[102.21711,14.72286],[102.21679,14.72256],[102.21679,14.72262],[102.21669,14.72262]],[[102.21586,14.72497],[102.21561,14.72497],[102.21561,14.72492],[102.21585,14.72492],[102.21586,14.72497]]]],"type":"MultiPolygon"}},{"type":"Feature","properties":{"tb":"300701","tb_name":"ต.กระโทก","ap_name":"อ.โชคชัย","area_rai":12.46,"img":"S1C_20260928_0550, S1C_20260928_1819, S1D_20260929_1812, S1D_20261002_0609","in_area":false,"near":false,"bldg":0,"pop":0,"school":0,"hosp":0},"geometry":{"coordinates":[[[[102.20418,14.72333],[102.20418,14.72324],[102.20344,14.72325],[102.20344,14.72334],[102.20298,14.72335],[102.20298,14.72344],[102.20288,14.72344],[102.20288,14.72353],[102.20279,14.72353],[102.20279,14.72371],[102.20252,14.72372],[102.20252,14.72408],[102.20261,14.72408],[102.20262,14.72426],[102.20271,14.72426],[102.20271,14.72435],[102.2028,14.72435],[102.20281,14.72444],[102.20327,14.72443],[102.20327,14.72434],[102.20401,14.72433],[102.20401,14.72442],[102.20409,14.72442],[102.20437,14.72333],[102.20418,14.72333]]]],"type":"MultiPolygon"}},{"type":"Feature","properties":{"tb":"300701","tb_name":"ต.กระโทก","ap_name":"อ.โชคชัย","area_rai":14.98,"img":"S1C_20260928_0550, S1C_20260928_1819, S1D_20260929_1812, S1D_20261002_0609","in_area":false,"near":false,"bldg":0,"pop":0,"school":0,"hosp":0},"geometry":{"coordinates":[[[[102.1997,14.72782],[102.19979,14.72782],[102.19979,14.72773],[102.19988,14.72773],[102.19988,14.72764],[102.19998,14.72764],[102.19997,14.72755],[102.20025,14.72754],[102.20025,14.72763],[102.20053,14.72763],[102.20053,14.72754],[102.20072,14.72754],[102.20071,14.72726],[102.20062,14.72727],[102.20062,14.72718],[102.20034,14.72718],[102.20034,14.72682],[102.20024,14.72682],[102.20024,14.72655],[102.20033,14.72655],[102.20033,14.72628],[102.20042,14.72628],[102.20042,14.726],[102.19995,14.72601],[102.19995,14.7261],[102.19977,14.7261],[102.19977,14.72619],[102.19958,14.7262],[102.19959,14.72629],[102.19949,14.72629],[102.19949,14.72638],[102.1994,14.72638],[102.1994,14.72647],[102.19931,14.72647],[102.19931,14.72656],[102.19922,14.72656],[102.19922,14.72665],[102.19894,14.72666],[102.19894,14.72675],[102.19885,14.72675],[102.19885,14.72702],[102.19895,14.72702],[102.19895,14.72711],[102.19904,14.72711],[102.19904,14.7272],[102.19913,14.7272],[102.19914,14.72729],[102.19923,14.72729],[102.19923,14.72762],[102.19959,14.72795],[102.1997,14.72792],[102.1997,14.72782]]]],"type":"MultiPolygon"}},{"type":"Feature","properties":{"tb":"300701","tb_name":"ต.กระโทก","ap_name":"อ.โชคชัย","area_rai":5.16,"img":"S1C_20260928_0550, S1C_20260928_1819, S1D_20260929_1812, S1D_20261002_0609","in_area":false,"near":false,"bldg":0,"pop":0,"school":0,"hosp":0},"geometry":{"coordinates":[[[[102.20475,14.72432],[102.20484,14.72432],[102.20484,14.72378],[102.20465,14.72378],[102.20465,14.72351],[102.20455,14.72351],[102.20455,14.72342],[102.20446,14.72342],[102.20446,14.72333],[102.20437,14.72333],[102.20409,14.72442],[102.2042,14.72442],[102.2042,14.72451],[102.20448,14.7245],[102.20448,14.72486],[102.20476,14.72486],[102.20475,14.72432]]]],"type":"MultiPolygon"}},{"type":"Feature","properties":{"tb":"300707","tb_name":"ต.ท่าเยี่ยม","ap_name":"อ.โชคชัย","area_rai":2.85,"img":"S1C_20260928_0550, S1C_20260928_1819, S1D_20260929_1812, S1D_20261002_0609","in_area":false,"near":false,"bldg":0,"pop":0,"school":0,"hosp":0},"geometry":{"coordinates":[[[[102.21241,14.71536],[102.21241,14.71527],[102.21232,14.71528],[102.21232,14.71519],[102.21223,14.71519],[102.21222,14.7151],[102.21213,14.7151],[102.21213,14.71501],[102.21148,14.71502],[102.21148,14.71511],[102.21139,14.71511],[102.21139,14.7152],[102.21135,14.7152],[102.21174,14.71556],[102.21242,14.71536],[102.21241,14.71536]]]],"type":"MultiPolygon"}},{"type":"Feature","properties":{"tb":"300707","tb_name":"ต.ท่าเยี่ยม","ap_name":"อ.โชคชัย","area_rai":2.29,"img":"S1C_20260928_0550, S1C_20260928_1819, S1D_20260929_1812, S1D_20261002_0609","in_area":false,"near":false,"bldg":0,"pop":0,"school":0,"hosp":0},"geometry":{"coordinates":[[[[102.21168,14.71601],[102.21168,14.71592],[102.21177,14.71592],[102.21177,14.71583],[102.21196,14.71582],[102.21196,14.71573],[102.21233,14.71573],[102.21233,14.71582],[102.21261,14.71581],[102.2126,14.71545],[102.21251,14.71545],[102.21251,14.71536],[102.21242,14.71536],[102.21174,14.71556],[102.21163,14.71601],[102.21168,14.71601]]]],"type":"MultiPolygon"}},{"type":"Feature","properties":{"tb":"300704","tb_name":"ต.ทุ่งอรุณ","ap_name":"อ.โชคชัย","area_rai":2.25,"img":"S1C_20260928_0550, S1C_20260928_1819, S1D_20260929_1812, S1D_20261002_0609","in_area":false,"near":false,"bldg":0,"pop":0,"school":0,"hosp":0},"geometry":{"coordinates":[[[[102.17,14.61753],[102.17009,14.61753],[102.17009,14.61726],[102.1699,14.61726],[102.1699,14.61717],[102.16962,14.61717],[102.16963,14.61753],[102.16954,14.61754],[102.16954,14.61772],[102.16945,14.61772],[102.16965,14.6179],[102.17,14.6178],[102.17,14.61753]]]],"type":"MultiPolygon"}},{"type":"Feature","properties":{"tb":"300704","tb_name":"ต.ทุ่งอรุณ","ap_name":"อ.โชคชัย","area_rai":2.05,"img":"S1C_20260928_0550, S1C_20260928_1819, S1D_20260929_1812, S1D_20261002_0609","in_area":false,"near":false,"bldg":0,"pop":0,"school":0,"hosp":0},"geometry":{"coordinates":[[[[102.16946,14.61871],[102.16946,14.6188],[102.16983,14.6188],[102.16983,14.61862],[102.16992,14.61861],[102.16992,14.61834],[102.16964,14.61835],[102.16964,14.61808],[102.16992,14.61807],[102.16991,14.61798],[102.17001,14.61798],[102.17,14.6178],[102.16965,14.6179],[102.16944,14.61871],[102.16946,14.61871]]]],"type":"MultiPolygon"}},{"type":"Feature","properties":{"tb":"300704","tb_name":"ต.ทุ่งอรุณ","ap_name":"อ.โชคชัย","area_rai":2.66,"img":"S1C_20260928_0550, S1C_20260928_1819, S1D_20260929_1812, S1D_20261002_0609","in_area":false,"near":false,"bldg":0,"pop":0,"school":0,"hosp":0},"geometry":{"coordinates":[[[[102.16767,14.61648],[102.16757,14.61648],[102.16757,14.61639],[102.16702,14.6164],[102.16702,14.61658],[102.16693,14.61658],[102.16693,14.61667],[102.16674,14.61667],[102.16674,14.61676],[102.16665,14.61676],[102.16665,14.617],[102.16767,14.6167],[102.16767,14.61648]]]],"type":"MultiPolygon"}},{"type":"Feature","properties":{"tb":"300704","tb_name":"ต.ทุ่งอรุณ","ap_name":"อ.โชคชัย","area_rai":33.92,"img":"S1C_20260928_0550, S1C_20260928_1819, S1D_20260929_1812, S1D_20261002_0609","in_area":false,"near":false,"bldg":0,"pop":0,"school":0,"hosp":0},"geometry":{"coordinates":[[[[102.16864,14.61981],[102.16873,14.6198],[102.16873,14.61971],[102.16883,14.61971],[102.16882,14.61935],[102.16891,14.61935],[102.16891,14.61881],[102.169,14.61881],[102.169,14.61863],[102.16937,14.61862],[102.16937,14.61871],[102.16944,14.61871],[102.16965,14.6179],[102.16945,14.61772],[102.16945,14.61772],[102.16945,14.61781],[102.16926,14.61781],[102.16926,14.61799],[102.16899,14.61799],[102.16899,14.6179],[102.16889,14.61791],[102.16889,14.61782],[102.1688,14.61782],[102.1688,14.61773],[102.16824,14.61773],[102.16824,14.61782],[102.16796,14.61783],[102.16796,14.61738],[102.16749,14.61738],[102.16749,14.61693],[102.16758,14.61693],[102.16758,14.61684],[102.16767,14.61684],[102.16767,14.6167],[102.16665,14.617],[102.16666,14.61712],[102.16675,14.61712],[102.16675,14.61721],[102.16684,14.61721],[102.16685,14.61739],[102.16694,14.61739],[102.16694,14.61748],[102.16703,14.61748],[102.16703,14.61757],[102.16713,14.61757],[102.16713,14.61766],[102.16722,14.61766],[102.16722,14.61793],[102.16713,14.61793],[102.16713,14.61802],[102.16704,14.61802],[102.16704,14.61811],[102.16695,14.61811],[102.16695,14.61847],[102.16705,14.61847],[102.16705,14.61856],[102.16714,14.61856],[102.16715,14.61901],[102.16733,14.61901],[102.16733,14.6191],[102.16743,14.6191],[102.16743,14.61946],[102.1678,14.61946],[102.1678,14.61955],[102.1679,14.61954],[102.1679,14.61963],[102.16799,14.61963],[102.16799,14.61981],[102.16809,14.61981],[102.16809,14.6199],[102.16864,14.6199],[102.16864,14.61981]]]],"type":"MultiPolygon"}},{"type":"Feature","properties":{"tb":"301411","tb_name":"ต.สะแกราช","ap_name":"อ.ปักธงชัย","area_rai":18.64,"img":"S1C_20260928_0550, S1C_20260928_1819, S1D_20260929_1812, S1D_20261002_0609","in_area":false,"near":false,"bldg":0,"pop":0,"school":0,"hosp":0},"geometry":{"coordinates":[[[[102.03249,14.6385],[102.03249,14.6386],[102.03221,14.6386],[102.03221,14.63869],[102.03212,14.63869],[102.03212,14.63878],[102.03193,14.63878],[102.03193,14.63887],[102.03147,14.63888],[102.03147,14.63879],[102.03138,14.63879],[102.03137,14.6387],[102.03128,14.6387],[102.03128,14.63861],[102.031,14.63861],[102.031,14.63852],[102.03054,14.63853],[102.03054,14.63898],[102.03064,14.63898],[102.03064,14.63907],[102.03082,14.63907],[102.03083,14.63988],[102.03093,14.63988],[102.03093,14.63997],[102.03111,14.63997],[102.03112,14.64006],[102.03121,14.64006],[102.03121,14.64015],[102.03139,14.64014],[102.0314,14.64023],[102.03148,14.64023],[102.03236,14.63998],[102.03273,14.6385],[102.03249,14.6385]]]],"type":"MultiPolygon"}},{"type":"Feature","properties":{"tb":"301411","tb_name":"ต.สะแกราช","ap_name":"อ.ปักธงชัย","area_rai":10.85,"img":"S1C_20260928_0550, S1C_20260928_1819, S1D_20260929_1812, S1D_20261002_0609","in_area":false,"near":false,"bldg":0,"pop":0,"school":0,"hosp":0},"geometry":{"coordinates":[[[[102.03149,14.64023],[102.03149,14.64041],[102.03158,14.64041],[102.03159,14.64068],[102.03168,14.64068],[102.03168,14.64086],[102.03178,14.64086],[102.03178,14.64095],[102.03187,14.64095],[102.03187,14.64104],[102.03206,14.64104],[102.03206,14.64113],[102.03243,14.64112],[102.03243,14.64103],[102.03252,14.64103],[102.03252,14.64094],[102.03308,14.64094],[102.03308,14.64103],[102.03317,14.64102],[102.03317,14.64111],[102.03326,14.64111],[102.03326,14.6412],[102.03336,14.6412],[102.03336,14.64129],[102.03345,14.64129],[102.03345,14.64138],[102.03354,14.64138],[102.03355,14.64147],[102.03364,14.64147],[102.03364,14.64165],[102.03373,14.64165],[102.03373,14.64168],[102.03382,14.64133],[102.03236,14.63998],[102.03148,14.64023],[102.03149,14.64023]]]],"type":"MultiPolygon"}},{"type":"Feature","properties":{"tb":"301411","tb_name":"ต.สะแกราช","ap_name":"อ.ปักธงชัย","area_rai":45.81,"img":"S1C_20260928_0550, S1C_20260928_1819, S1D_20260929_1812, S1D_20261002_0609","in_area":false,"near":false,"bldg":0,"pop":0,"school":0,"hosp":0},"geometry":{"coordinates":[[[[102.03576,14.64036],[102.03566,14.64036],[102.03566,14.64009],[102.03557,14.64009],[102.03557,14.64],[102.03547,14.64],[102.03546,14.63901],[102.03537,14.63901],[102.03536,14.63874],[102.03527,14.63874],[102.03527,14.63865],[102.03462,14.63866],[102.03462,14.63875],[102.03453,14.63875],[102.03453,14.63893],[102.03444,14.63893],[102.03444,14.63902],[102.03435,14.63902],[102.03435,14.63911],[102.03342,14.63912],[102.03342,14.63922],[102.03333,14.63922],[102.03333,14.63949],[102.03296,14.63949],[102.03296,14.63913],[102.03305,14.63913],[102.03305,14.63904],[102.03314,14.63904],[102.03313,14.6385],[102.03273,14.6385],[102.03236,14.63998],[102.03382,14.64133],[102.03576,14.64077],[102.03576,14.64036]]]],"type":"MultiPolygon"}},{"type":"Feature","properties":{"tb":"301411","tb_name":"ต.สะแกราช","ap_name":"อ.ปักธงชัย","area_rai":31.61,"img":"S1C_20260928_0550, S1C_20260928_1819, S1D_20260929_1812, S1D_20261002_0609","in_area":false,"near":false,"bldg":0,"pop":0,"school":0,"hosp":0},"geometry":{"coordinates":[[[[102.03534,14.64352],[102.0358,14.64352],[102.0358,14.64343],[102.03587,14.64343],[102.03587,14.64323],[102.03598,14.64328],[102.03597,14.6427],[102.03607,14.6427],[102.03606,14.64243],[102.03588,14.64243],[102.03587,14.64216],[102.03597,14.64216],[102.03597,14.64207],[102.03606,14.64207],[102.03605,14.64171],[102.03615,14.64171],[102.03615,14.64162],[102.03624,14.64162],[102.03624,14.64144],[102.03633,14.64143],[102.03633,14.64127],[102.03601,14.64099],[102.03586,14.64099],[102.03586,14.6409],[102.03576,14.6409],[102.03576,14.64077],[102.03382,14.64133],[102.03373,14.64168],[102.03374,14.64219],[102.03383,14.64219],[102.03384,14.64228],[102.03393,14.64228],[102.03393,14.64237],[102.03439,14.64236],[102.03439,14.64227],[102.03458,14.64227],[102.03458,14.64218],[102.03485,14.64218],[102.03486,14.64227],[102.03495,14.64227],[102.03495,14.64254],[102.03486,14.64254],[102.03486,14.64281],[102.03496,14.64281],[102.03497,14.64362],[102.03534,14.64362],[102.03534,14.64352]]]],"type":"MultiPolygon"}},{"type":"Feature","properties":{"tb":"301419","tb_name":"ต.เกษมทรัพย์","ap_name":"อ.ปักธงชัย","area_rai":56.37,"img":"S1C_20260928_0550, S1C_20260928_1819, S1D_20260929_1812, S1D_20261002_0609","in_area":false,"near":false,"bldg":0,"pop":0,"school":0,"hosp":0},"geometry":{"coordinates":[[[[102.04049,14.65402],[102.04058,14.65402],[102.04058,14.65393],[102.04095,14.65393],[102.04095,14.65384],[102.04123,14.65383],[102.04123,14.65392],[102.04132,14.65392],[102.04132,14.65401],[102.0417,14.65401],[102.0417,14.6541],[102.04188,14.6541],[102.04188,14.65419],[102.04225,14.65418],[102.04225,14.654],[102.04309,14.65399],[102.04309,14.65408],[102.04323,14.65408],[102.04342,14.65335],[102.04336,14.65335],[102.04335,14.65317],[102.04326,14.65317],[102.04325,14.65272],[102.04335,14.65272],[102.04334,14.65254],[102.04343,14.65254],[102.04295,14.65209],[102.04287,14.6521],[102.04288,14.65219],[102.0426,14.65219],[102.04259,14.65192],[102.04241,14.65192],[102.04241,14.65183],[102.04231,14.65183],[102.04231,14.65151],[102.04212,14.65133],[102.04148,14.65152],[102.04148,14.65184],[102.04139,14.65184],[102.04139,14.65193],[102.04111,14.65194],[102.04111,14.65185],[102.04102,14.65185],[102.04101,14.65165],[102.04018,14.6519],[102.03969,14.65381],[102.03983,14.65394],[102.03993,14.65394],[102.03993,14.65403],[102.0404,14.65447],[102.0404,14.65411],[102.04049,14.65411],[102.04049,14.65402]]]],"type":"MultiPolygon"}},{"type":"Feature","properties":{"tb":"301419","tb_name":"ต.เกษมทรัพย์","ap_name":"อ.ปักธงชัย","area_rai":12.82,"img":"S1C_20260928_0550, S1C_20260928_1819, S1D_20260929_1812, S1D_20261002_0609","in_area":false,"near":false,"bldg":0,"pop":0,"school":0,"hosp":0},"geometry":{"coordinates":[[[[102.04,14.65177],[102.0399,14.65177],[102.0399,14.65195],[102.03981,14.65195],[102.03981,14.65205],[102.03972,14.65205],[102.03972,14.65223],[102.03963,14.65223],[102.03963,14.65241],[102.03954,14.65241],[102.03954,14.6525],[102.03899,14.65251],[102.03899,14.6526],[102.03889,14.6526],[102.0389,14.65287],[102.0388,14.65287],[102.03882,14.65395],[102.03873,14.65396],[102.03873,14.65409],[102.03969,14.65381],[102.04018,14.6519],[102.03999,14.65173],[102.04,14.65177]]]],"type":"MultiPolygon"}},{"type":"Feature","properties":{"tb":"301419","tb_name":"ต.เกษมทรัพย์","ap_name":"อ.ปักธงชัย","area_rai":4.18,"img":"S1C_20260928_0550, S1C_20260928_1819, S1D_20260929_1812, S1D_20261002_0609","in_area":false,"near":false,"bldg":0,"pop":0,"school":0,"hosp":0},"geometry":{"coordinates":[[[[102.03901,14.65422],[102.03901,14.65431],[102.0391,14.65431],[102.03911,14.65449],[102.0392,14.65449],[102.0392,14.65458],[102.03957,14.65458],[102.03956,14.65404],[102.03966,14.65403],[102.03965,14.65394],[102.03983,14.65394],[102.03969,14.65381],[102.03873,14.65409],[102.03873,14.65423],[102.03901,14.65422]]],[[[102.04003,14.6543],[102.04003,14.65457],[102.04013,14.65457],[102.04013,14.65466],[102.04041,14.65466],[102.0404,14.65447],[102.03993,14.65403],[102.03994,14.6543],[102.04003,14.6543]]]],"type":"MultiPolygon"}},{"type":"Feature","properties":{"tb":"301419","tb_name":"ต.เกษมทรัพย์","ap_name":"อ.ปักธงชัย","area_rai":2.27,"img":"S1C_20260928_0550, S1C_20260928_1819, S1D_20260929_1812, S1D_20261002_0609","in_area":false,"near":false,"bldg":0,"pop":0,"school":0,"hosp":0},"geometry":{"coordinates":[[[[102.0424,14.65147],[102.0424,14.65129],[102.04249,14.65129],[102.04249,14.65102],[102.0423,14.65102],[102.0423,14.65093],[102.04223,14.65093],[102.04212,14.65133],[102.04231,14.65151],[102.04231,14.65147],[102.0424,14.65147]]],[[[102.04343,14.65209],[102.04334,14.65209],[102.04334,14.65191],[102.04306,14.65191],[102.04306,14.652],[102.04297,14.652],[102.04297,14.65209],[102.04295,14.65209],[102.04343,14.65254],[102.04344,14.65254],[102.04343,14.65209]]]],"type":"MultiPolygon"}},{"type":"Feature","properties":{"tb":"301419","tb_name":"ต.เกษมทรัพย์","ap_name":"อ.ปักธงชัย","area_rai":8.48,"img":"S1C_20260928_0550, S1C_20260928_1819, S1D_20260929_1812, S1D_20261002_0609","in_area":false,"near":false,"bldg":0,"pop":0,"school":0,"hosp":0},"geometry":{"coordinates":[[[[102.04092,14.65149],[102.04092,14.65131],[102.04082,14.65131],[102.04082,14.65122],[102.04073,14.65122],[102.04072,14.6505],[102.04063,14.6505],[102.04063,14.65041],[102.04035,14.65041],[102.04036,14.65104],[102.04026,14.65105],[102.04026,14.65114],[102.03999,14.65114],[102.03999,14.65173],[102.04018,14.6519],[102.04101,14.65165],[102.04101,14.65149],[102.04092,14.65149]]],[[[102.04193,14.65102],[102.04175,14.65103],[102.04175,14.65112],[102.04156,14.65112],[102.04156,14.65121],[102.04147,14.65121],[102.04148,14.65152],[102.04212,14.65133],[102.04223,14.65093],[102.04193,14.65093],[102.04193,14.65102]]]],"type":"MultiPolygon"}},{"type":"Feature","properties":{"tb":"301419","tb_name":"ต.เกษมทรัพย์","ap_name":"อ.ปักธงชัย","area_rai":1.0,"img":"S1C_20260928_0550, S1C_20260928_1819, S1D_20260929_1812, S1D_20261002_0609","in_area":false,"near":false,"bldg":0,"pop":0,"school":0,"hosp":0},"geometry":{"coordinates":[[[[102.04346,14.65407],[102.04346,14.65398],[102.04355,14.65398],[102.04354,14.65353],[102.04345,14.65353],[102.04345,14.65335],[102.04342,14.65335],[102.04323,14.65408],[102.04346,14.65407]]]],"type":"MultiPolygon"}},{"type":"Feature","properties":{"tb":"301419","tb_name":"ต.เกษมทรัพย์","ap_name":"อ.ปักธงชัย","area_rai":1.35,"img":"S1C_20260928_0550, S1C_20260928_1819, S1D_20260929_1812, S1D_20261002_0609","in_area":false,"near":false,"bldg":0,"pop":0,"school":0,"hosp":0},"geometry":{"coordinates":[[[[102.0643,14.67186],[102.0643,14.67195],[102.06439,14.67195],[102.06439,14.67204],[102.06449,14.67204],[102.06449,14.67222],[102.06458,14.67222],[102.06458,14.6724],[102.06477,14.6724],[102.06477,14.67249],[102.06496,14.67248],[102.06496,14.67257],[102.06518,14.67257],[102.0642,14.67167],[102.0642,14.67186],[102.0643,14.67186]]],[[[102.06527,14.67266],[102.06524,14.67262],[102.06524,14.67266],[102.06527,14.67266]]]],"type":"MultiPolygon"}},{"type":"Feature","properties":{"tb":"301404","tb_name":"ต.สำโรง","ap_name":"อ.ปักธงชัย","area_rai":27.67,"img":"S1C_20260928_0550, S1C_20260928_1819, S1D_20260929_1812, S1D_20261002_0609","in_area":false,"near":false,"bldg":0,"pop":0,"school":0,"hosp":0},"geometry":{"coordinates":[[[[102.06919,14.67008],[102.06919,14.67008],[102.06919,14.67008],[102.06919,14.67008]]],[[[102.07013,14.6707],[102.07022,14.6707],[102.07022,14.67061],[102.07059,14.6706],[102.07059,14.67069],[102.07068,14.67069],[102.07068,14.67078],[102.07078,14.67078],[102.07078,14.67096],[102.07087,14.67096],[102.07087,14.67114],[102.07097,14.67114],[102.07097,14.67123],[102.07138,14.67123],[102.07139,14.67122],[102.06992,14.66987],[102.06984,14.66989],[102.06984,14.67025],[102.06975,14.67025],[102.06976,14.6708],[102.07013,14.67079],[102.07013,14.6707]]],[[[102.06846,14.67126],[102.06846,14.67135],[102.06884,14.67135],[102.06883,14.67126],[102.06893,14.67126],[102.06892,14.67099],[102.06883,14.67099],[102.06883,14.6709],[102.06864,14.6709],[102.06864,14.67036],[102.06854,14.67036],[102.06854,14.67027],[102.06797,14.67043],[102.06781,14.67109],[102.0679,14.67109],[102.06791,14.67118],[102.06818,14.67118],[102.06819,14.67127],[102.06846,14.67126]]],[[[102.07023,14.6716],[102.07023,14.67151],[102.07004,14.67151],[102.07004,14.67142],[102.06949,14.67143],[102.06949,14.67161],[102.0694,14.67161],[102.0694,14.6717],[102.0693,14.6717],[102.06931,14.67179],[102.06921,14.6718],[102.06921,14.67189],[102.06903,14.67189],[102.06903,14.67198],[102.06884,14.67198],[102.06885,14.67207],[102.06866,14.67207],[102.06867,14.67244],[102.06885,14.67243],[102.06885,14.67252],[102.06894,14.67252],[102.06895,14.67261],[102.06904,14.67261],[102.06904,14.6727],[102.06932,14.6727],[102.06932,14.67261],[102.06997,14.6726],[102.06997,14.67269],[102.07025,14.67269],[102.07024,14.67259],[102.07034,14.67259],[102.07033,14.67232],[102.0707,14.67232],[102.07071,14.67277],[102.0708,14.67277],[102.0708,14.67286],[102.0709,14.67286],[102.0709,14.67313],[102.07062,14.67313],[102.07062,14.67321],[102.0709,14.67313],[102.07125,14.67177],[102.07107,14.67177],[102.07107,14.67168],[102.07051,14.67169],[102.07051,14.6716],[102.07023,14.6716]]]],"type":"MultiPolygon"}},{"type":"Feature","properties":{"tb":"301404","tb_name":"ต.สำโรง","ap_name":"อ.ปักธงชัย","area_rai":45.83,"img":"S1C_20260928_0550, S1C_20260928_1819, S1D_20260929_1812, S1D_20261002_0609","in_area":false,"near":false,"bldg":0,"pop":0,"school":0,"hosp":0},"geometry":{"coordinates":[[[[102.06715,14.66984],[102.06715,14.67011],[102.06706,14.67011],[102.06706,14.6702],[102.06678,14.6702],[102.06678,14.67047],[102.06688,14.67047],[102.06688,14.67065],[102.06734,14.67065],[102.06734,14.67083],[102.06744,14.67083],[102.06744,14.67101],[102.06753,14.67101],[102.06753,14.6711],[102.06781,14.67109],[102.06797,14.67043],[102.06684,14.66939],[102.06677,14.66939],[102.06677,14.66984],[102.06715,14.66984]]],[[[102.06597,14.67193],[102.06606,14.67193],[102.06605,14.67139],[102.06559,14.67139],[102.06559,14.6713],[102.0655,14.6713],[102.06549,14.67103],[102.06577,14.67103],[102.06577,14.67094],[102.06614,14.67093],[102.06614,14.67084],[102.06623,14.67084],[102.06623,14.67048],[102.06632,14.67048],[102.06632,14.67021],[102.06622,14.67021],[102.06622,14.66985],[102.06631,14.66985],[102.06631,14.66949],[102.0664,14.66949],[102.06639,14.66912],[102.06456,14.66965],[102.06421,14.67105],[102.06429,14.67105],[102.06429,14.67114],[102.06438,14.67114],[102.06438,14.67123],[102.06447,14.67123],[102.06448,14.6715],[102.0642,14.6715],[102.0642,14.67167],[102.06518,14.67257],[102.06524,14.67257],[102.06524,14.67262],[102.06527,14.67266],[102.06542,14.67266],[102.06542,14.67275],[102.06589,14.67274],[102.06588,14.67256],[102.06598,14.67256],[102.06597,14.67193]]]],"type":"MultiPolygon"}},{"type":"Feature","properties":{"tb":"301419","tb_name":"ต.เกษมทรัพย์","ap_name":"อ.ปักธงชัย","area_rai":1.79,"img":"S1C_20260928_0550, S1C_20260928_1819, S1D_20260929_1812, S1D_20261002_0609","in_area":false,"near":false,"bldg":0,"pop":0,"school":0,"hosp":0},"geometry":{"coordinates":[[[[102.07128,14.67357],[102.07137,14.67357],[102.07137,14.67356],[102.0709,14.67313],[102.07062,14.67321],[102.07063,14.6734],[102.07072,14.6734],[102.07072,14.67358],[102.07091,14.67358],[102.07091,14.67367],[102.07128,14.67366],[102.07128,14.67357]]]],"type":"MultiPolygon"}},{"type":"Feature","properties":{"tb":"301419","tb_name":"ต.เกษมทรัพย์","ap_name":"อ.ปักธงชัย","area_rai":14.04,"img":"S1C_20260928_0550, S1C_20260928_1819, S1D_20260929_1812, S1D_20261002_0609","in_area":false,"near":false,"bldg":0,"pop":0,"school":0,"hosp":0},"geometry":{"coordinates":[[[[102.07589,14.67866],[102.07599,14.67866],[102.07599,14.67857],[102.07608,14.67857],[102.07608,14.67839],[102.07617,14.67839],[102.07616,14.67797],[102.07529,14.67717],[102.07439,14.67743],[102.07439,14.67751],[102.07449,14.67751],[102.0745,14.67814],[102.07487,14.67813],[102.07487,14.67858],[102.07497,14.67858],[102.07497,14.67867],[102.07552,14.67867],[102.07553,14.67876],[102.07562,14.67875],[102.07562,14.67884],[102.0759,14.67884],[102.07589,14.67866]]]],"type":"MultiPolygon"}},{"type":"Feature","properties":{"tb":"301411","tb_name":"ต.สะแกราช","ap_name":"อ.ปักธงชัย","area_rai":0.04,"img":"S1C_20260928_0550, S1C_20260928_1819, S1D_20260929_1812, S1D_20261002_0609","in_area":false,"near":false,"bldg":0,"pop":0,"school":0,"hosp":0},"geometry":{"coordinates":[[[[102.0506,14.63556],[102.05053,14.63549],[102.05053,14.63556],[102.0506,14.63556]]],[[[102.0507,14.63565],[102.05062,14.63558],[102.05062,14.63565],[102.0507,14.63565]]]],"type":"MultiPolygon"}},{"type":"Feature","properties":{"tb":"301411","tb_name":"ต.สะแกราช","ap_name":"อ.ปักธงชัย","area_rai":12.9,"img":"S1C_20260928_0550, S1C_20260928_1819, S1D_20260929_1812, S1D_20261002_0609","in_area":false,"near":false,"bldg":0,"pop":0,"school":0,"hosp":0},"geometry":{"coordinates":[[[[102.05099,14.63546],[102.05146,14.63546],[102.05145,14.63537],[102.05164,14.63536],[102.05164,14.63527],[102.05173,14.63527],[102.05173,14.63509],[102.05182,14.63509],[102.05181,14.63455],[102.05172,14.63455],[102.05172,14.63446],[102.05163,14.63446],[102.05163,14.63428],[102.05153,14.63428],[102.05153,14.63419],[102.05144,14.63419],[102.05143,14.63383],[102.05116,14.63384],[102.05117,14.63456],[102.05089,14.63456],[102.05089,14.63447],[102.05079,14.63447],[102.05079,14.63438],[102.05042,14.63439],[102.05042,14.63457],[102.05033,14.63457],[102.05033,14.63466],[102.05024,14.63466],[102.05024,14.63475],[102.05015,14.63475],[102.05015,14.63511],[102.05025,14.63511],[102.05025,14.6352],[102.05034,14.6352],[102.05034,14.63529],[102.05053,14.63529],[102.05053,14.63549],[102.0506,14.63556],[102.05062,14.63556],[102.05062,14.63558],[102.0507,14.63565],[102.0509,14.63565],[102.0509,14.63556],[102.05099,14.63555],[102.05099,14.63546]]]],"type":"MultiPolygon"}},{"type":"Feature","properties":{"tb":"301411","tb_name":"ต.สะแกราช","ap_name":"อ.ปักธงชัย","area_rai":0.15,"img":"S1C_20260928_0550, S1C_20260928_1819, S1D_20260929_1812, S1D_20261002_0609","in_area":false,"near":false,"bldg":0,"pop":0,"school":0,"hosp":0},"geometry":{"coordinates":[[[[102.03632,14.64116],[102.03623,14.64117],[102.03623,14.64107],[102.03614,14.64108],[102.03614,14.64099],[102.03601,14.64099],[102.03633,14.64127],[102.03632,14.64116]]]],"type":"MultiPolygon"}},{"type":"Feature","properties":{"tb":"301404","tb_name":"ต.สำโรง","ap_name":"อ.ปักธงชัย","area_rai":0.77,"img":"S1C_20260928_0550, S1C_20260928_1819, S1D_20260929_1812, S1D_20261002_0609","in_area":false,"near":false,"bldg":0,"pop":0,"school":0,"hosp":0},"geometry":{"coordinates":[[[[102.06692,14.66695],[102.06692,14.6671],[102.06699,14.66717],[102.0678,14.66694],[102.06692,14.66695]]]],"type":"MultiPolygon"}},{"type":"Feature","properties":{"tb":"301404","tb_name":"ต.สำโรง","ap_name":"อ.ปักธงชัย","area_rai":32.21,"img":"S1C_20260928_0550, S1C_20260928_1819, S1D_20260929_1812, S1D_20261002_0609","in_area":false,"near":false,"bldg":0,"pop":0,"school":0,"hosp":0},"geometry":{"coordinates":[[[[102.07152,14.67113],[102.07168,14.67113],[102.07333,14.67065],[102.07342,14.6703],[102.07327,14.6703],[102.07327,14.67021],[102.07309,14.67021],[102.07309,14.67012],[102.07299,14.67012],[102.07299,14.67003],[102.0729,14.67003],[102.0729,14.66976],[102.0728,14.66976],[102.0728,14.66967],[102.07262,14.66967],[102.07261,14.66958],[102.07243,14.66959],[102.07243,14.6695],[102.07233,14.6695],[102.07233,14.66941],[102.07159,14.66942],[102.07159,14.66933],[102.0714,14.66933],[102.0714,14.66924],[102.07103,14.66924],[102.07103,14.66933],[102.0702,14.66934],[102.0702,14.66925],[102.07011,14.66926],[102.0701,14.66917],[102.0701,14.66917],[102.06992,14.66987],[102.07139,14.67122],[102.07152,14.67118],[102.07152,14.67113]]]],"type":"MultiPolygon"}},{"type":"Feature","properties":{"tb":"301404","tb_name":"ต.สำโรง","ap_name":"อ.ปักธงชัย","area_rai":49.36,"img":"S1C_20260928_0550, S1C_20260928_1819, S1D_20260929_1812, S1D_20261002_0609","in_area":false,"near":false,"bldg":0,"pop":0,"school":0,"hosp":0},"geometry":{"coordinates":[[[[102.06955,14.66917],[102.06955,14.66935],[102.06974,14.66935],[102.06974,14.66944],[102.06983,14.66944],[102.06984,14.66989],[102.06992,14.66987],[102.0701,14.66917],[102.07001,14.66917],[102.07001,14.66908],[102.06981,14.66908],[102.06978,14.66925],[102.06965,14.6692],[102.06967,14.66908],[102.06964,14.66908],[102.06963,14.66873],[102.0696,14.66872],[102.0696,14.66872],[102.06954,14.66872],[102.06954,14.66863],[102.06945,14.66863],[102.06944,14.66836],[102.06935,14.66836],[102.06935,14.66827],[102.06898,14.66828],[102.06898,14.66819],[102.06888,14.66819],[102.06888,14.66783],[102.06814,14.66784],[102.06813,14.66739],[102.06804,14.66739],[102.06803,14.66703],[102.06794,14.66703],[102.06794,14.66694],[102.0678,14.66694],[102.06699,14.66717],[102.06664,14.66858],[102.06666,14.66858],[102.06666,14.66867],[102.06676,14.66867],[102.06676,14.66885],[102.06685,14.66885],[102.06686,14.66939],[102.06684,14.66939],[102.06797,14.67043],[102.06854,14.67027],[102.06854,14.67009],[102.06919,14.67008],[102.06919,14.67008],[102.06918,14.66972],[102.06928,14.66972],[102.06927,14.66918],[102.06955,14.66917]],[[102.06899,14.66918],[102.06899,14.66891],[102.06927,14.66891],[102.06927,14.66918],[102.06899,14.66918]],[[102.06768,14.66896],[102.0678,14.669],[102.06778,14.66914],[102.06768,14.6691],[102.06768,14.66896]]]],"type":"MultiPolygon"}},{"type":"Feature","properties":{"tb":"301404","tb_name":"ต.สำโรง","ap_name":"อ.ปักธงชัย","area_rai":9.95,"img":"S1C_20260928_0550, S1C_20260928_1819, S1D_20260929_1812, S1D_20261002_0609","in_area":false,"near":false,"bldg":0,"pop":0,"school":0,"hosp":0},"geometry":{"coordinates":[[[[102.08762,14.67444],[102.08762,14.67471],[102.08753,14.67471],[102.08754,14.67526],[102.08744,14.67526],[102.08745,14.6758],[102.08764,14.6758],[102.08764,14.67625],[102.08773,14.67625],[102.08774,14.67643],[102.08783,14.67643],[102.08783,14.67661],[102.08793,14.6766],[102.08793,14.67669],[102.08802,14.67669],[102.08802,14.6768],[102.08844,14.67513],[102.08769,14.67444],[102.08762,14.67444]]]],"type":"MultiPolygon"}},{"type":"Feature","properties":{"tb":"301404","tb_name":"ต.สำโรง","ap_name":"อ.ปักธงชัย","area_rai":2.75,"img":"S1C_20260928_0550, S1C_20260928_1819, S1D_20260929_1812, S1D_20261002_0609","in_area":false,"near":false,"bldg":0,"pop":0,"school":0,"hosp":0},"geometry":{"coordinates":[[[[102.08892,14.67497],[102.08883,14.67497],[102.08883,14.67488],[102.08874,14.67488],[102.08873,14.67479],[102.08846,14.67479],[102.08845,14.6747],[102.08836,14.6747],[102.08836,14.67461],[102.08827,14.67461],[102.08827,14.67443],[102.08808,14.67444],[102.08808,14.67435],[102.08771,14.67435],[102.08771,14.67444],[102.08769,14.67444],[102.08844,14.67513],[102.08892,14.675],[102.08892,14.67497]]]],"type":"MultiPolygon"}},{"type":"Feature","properties":{"tb":"301404","tb_name":"ต.สำโรง","ap_name":"อ.ปักธงชัย","area_rai":20.38,"img":"S1C_20260928_0550, S1C_20260928_1819, S1D_20260929_1812, S1D_20261002_0609","in_area":false,"near":false,"bldg":0,"pop":0,"school":0,"hosp":0},"geometry":{"coordinates":[[[[102.07705,14.67469],[102.07697,14.67467],[102.07695,14.67467],[102.07695,14.67466],[102.07693,14.67461],[102.07692,14.67458],[102.07677,14.67459],[102.07676,14.6745],[102.07667,14.6745],[102.07667,14.67441],[102.07658,14.67441],[102.07658,14.67432],[102.07648,14.67432],[102.07648,14.67423],[102.07639,14.67423],[102.07639,14.67414],[102.0763,14.67414],[102.07629,14.67405],[102.0762,14.67405],[102.0762,14.67387],[102.07611,14.67387],[102.07611,14.67378],[102.07583,14.67379],[102.07582,14.67306],[102.07572,14.67306],[102.07572,14.6727],[102.07563,14.6727],[102.07562,14.67261],[102.07525,14.67262],[102.07526,14.67271],[102.07516,14.67271],[102.07516,14.6728],[102.07498,14.6728],[102.07498,14.67289],[102.07489,14.67289],[102.07489,14.67317],[102.07498,14.67316],[102.07498,14.67325],[102.07508,14.67325],[102.07508,14.67334],[102.07517,14.67334],[102.07517,14.67343],[102.07527,14.67343],[102.07527,14.6737],[102.07499,14.67371],[102.07499,14.67389],[102.0749,14.67389],[102.0749,14.67416],[102.07509,14.67416],[102.07509,14.67425],[102.07518,14.67425],[102.07519,14.6747],[102.07528,14.6747],[102.07528,14.67479],[102.07538,14.67478],[102.07538,14.67489],[102.07578,14.67526],[102.07705,14.67489],[102.07705,14.67469]]]],"type":"MultiPolygon"}},{"type":"Feature","properties":{"tb":"301404","tb_name":"ต.สำโรง","ap_name":"อ.ปักธงชัย","area_rai":23.54,"img":"S1C_20260928_0550, S1C_20260928_1819, S1D_20260929_1812, S1D_20261002_0609","in_area":false,"near":false,"bldg":0,"pop":0,"school":0,"hosp":0},"geometry":{"coordinates":[[[[102.07227,14.6713],[102.07227,14.67139],[102.07264,14.67139],[102.07264,14.6713],[102.07273,14.6713],[102.07273,14.67112],[102.07282,14.67112],[102.07282,14.67103],[102.07291,14.67102],[102.07291,14.67093],[102.073,14.67093],[102.073,14.67084],[102.07319,14.67084],[102.07319,14.67075],[102.07337,14.67075],[102.07337,14.67069],[102.07333,14.67065],[102.07168,14.67113],[102.07208,14.67113],[102.07208,14.67122],[102.07217,14.67121],[102.07217,14.67131],[102.07227,14.6713]]],[[[102.07152,14.67122],[102.07152,14.67118],[102.07139,14.67122],[102.07138,14.67123],[102.07152,14.67122]]],[[[102.07135,14.67177],[102.07125,14.67177],[102.0709,14.67313],[102.07137,14.67356],[102.07136,14.67285],[102.07145,14.67285],[102.07144,14.67186],[102.07135,14.67186],[102.07135,14.67177]]],[[[102.07276,14.67346],[102.07285,14.67346],[102.07285,14.67337],[102.07295,14.67337],[102.07294,14.67319],[102.07304,14.67319],[102.07303,14.6731],[102.07313,14.6731],[102.07313,14.67301],[102.07331,14.67301],[102.07331,14.67292],[102.0734,14.67291],[102.0734,14.67237],[102.0733,14.67237],[102.0733,14.67228],[102.07321,14.67228],[102.07321,14.67219],[102.07274,14.6722],[102.07274,14.67211],[102.07256,14.67211],[102.07256,14.67202],[102.07209,14.67203],[102.07209,14.67212],[102.072,14.67212],[102.072,14.67221],[102.07191,14.67221],[102.07192,14.6733],[102.07202,14.67329],[102.07202,14.67347],[102.0722,14.67347],[102.07221,14.67356],[102.0723,14.67356],[102.0723,14.67392],[102.0724,14.67392],[102.0724,14.6741],[102.07249,14.6741],[102.07249,14.67419],[102.07259,14.67419],[102.07259,14.67428],[102.07296,14.67427],[102.07296,14.6743],[102.07305,14.67428],[102.07305,14.674],[102.07295,14.674],[102.07295,14.67382],[102.07277,14.67383],[102.07276,14.67346]]]],"type":"MultiPolygon"}},{"type":"Feature","properties":{"tb":"301404","tb_name":"ต.สำโรง","ap_name":"อ.ปักธงชัย","area_rai":34.93,"img":"S1C_20260928_0550, S1C_20260928_1819, S1D_20260929_1812, S1D_20261002_0609","in_area":false,"near":false,"bldg":0,"pop":0,"school":0,"hosp":0},"geometry":{"coordinates":[[[[102.07706,14.67585],[102.07715,14.67584],[102.07714,14.67512],[102.07705,14.67512],[102.07705,14.67489],[102.07578,14.67526],[102.0756,14.67596],[102.07567,14.67595],[102.07567,14.67604],[102.07577,14.67604],[102.07577,14.67622],[102.07586,14.67622],[102.07586,14.67631],[102.07595,14.67631],[102.07596,14.67649],[102.07605,14.67649],[102.07605,14.67658],[102.07614,14.67658],[102.07615,14.67667],[102.07624,14.67667],[102.07624,14.67676],[102.07633,14.67676],[102.07633,14.67685],[102.07643,14.67685],[102.07643,14.67703],[102.07652,14.67703],[102.07652,14.67712],[102.07662,14.67712],[102.07662,14.6773],[102.0769,14.67729],[102.07689,14.67657],[102.07698,14.67657],[102.07698,14.6763],[102.07707,14.6763],[102.07706,14.67585]]],[[[102.07884,14.67682],[102.07884,14.67709],[102.07875,14.67709],[102.07875,14.67736],[102.07885,14.67736],[102.07885,14.6774],[102.07919,14.67604],[102.07914,14.676],[102.07883,14.676],[102.07883,14.67654],[102.07874,14.67655],[102.07874,14.67682],[102.07884,14.67682]]],[[[102.07709,14.67792],[102.07755,14.67792],[102.07756,14.67801],[102.07765,14.67801],[102.07765,14.6781],[102.07774,14.67809],[102.07774,14.67818],[102.07784,14.67818],[102.07784,14.67821],[102.07848,14.67802],[102.07848,14.67763],[102.07829,14.67764],[102.07829,14.67745],[102.0782,14.67746],[102.07819,14.67728],[102.0781,14.67728],[102.0781,14.67692],[102.07819,14.67691],[102.07818,14.67628],[102.07809,14.67628],[102.07809,14.67619],[102.07772,14.6762],[102.07772,14.67629],[102.07753,14.67629],[102.07753,14.67638],[102.07744,14.67638],[102.07745,14.67701],[102.07736,14.67702],[102.07736,14.67711],[102.07717,14.67711],[102.07717,14.67729],[102.0769,14.67729],[102.0769,14.67774],[102.077,14.67774],[102.077,14.67783],[102.07709,14.67783],[102.07709,14.67792]]],[[[102.07597,14.67758],[102.07588,14.67758],[102.07588,14.67749],[102.07579,14.67749],[102.07578,14.67731],[102.07569,14.67731],[102.07569,14.67722],[102.0756,14.67722],[102.0756,14.67713],[102.0755,14.67713],[102.0755,14.67695],[102.07541,14.67695],[102.07541,14.67686],[102.07537,14.67686],[102.07529,14.67717],[102.07616,14.67797],[102.07616,14.67784],[102.07607,14.67785],[102.07607,14.67776],[102.07598,14.67776],[102.07597,14.67758]]]],"type":"MultiPolygon"}},{"type":"Feature","properties":{"tb":"301404","tb_name":"ต.สำโรง","ap_name":"อ.ปักธงชัย","area_rai":13.81,"img":"S1C_20260928_0550, S1C_20260928_1819, S1D_20260929_1812, S1D_20261002_0609","in_area":false,"near":false,"bldg":0,"pop":0,"school":0,"hosp":0},"geometry":{"coordinates":[[[[102.07352,14.67454],[102.07343,14.67454],[102.07342,14.67445],[102.07305,14.67445],[102.07305,14.67428],[102.07296,14.6743],[102.07296,14.67455],[102.07278,14.67455],[102.07278,14.67482],[102.07287,14.67482],[102.07288,14.67509],[102.07297,14.67509],[102.07297,14.67518],[102.07325,14.67517],[102.07325,14.6749],[102.07352,14.6749],[102.07353,14.67517],[102.07362,14.67517],[102.07362,14.67526],[102.07371,14.67526],[102.07372,14.67544],[102.07381,14.67544],[102.07381,14.67562],[102.0739,14.67562],[102.07391,14.67571],[102.074,14.67571],[102.074,14.6758],[102.07437,14.67579],[102.07437,14.6757],[102.07446,14.6757],[102.07445,14.6748],[102.07352,14.67481],[102.07352,14.67454]]],[[[102.07558,14.67596],[102.0756,14.67596],[102.07578,14.67526],[102.07538,14.67489],[102.07539,14.6756],[102.07548,14.6756],[102.07548,14.67578],[102.07558,14.67578],[102.07558,14.67596]]],[[[102.07494,14.67669],[102.07494,14.67678],[102.07485,14.67678],[102.07485,14.67687],[102.07448,14.67687],[102.07448,14.67696],[102.07439,14.67696],[102.07439,14.67743],[102.07529,14.67717],[102.07537,14.67686],[102.07531,14.67686],[102.07531,14.67677],[102.07522,14.67677],[102.07522,14.67668],[102.07494,14.67669]]]],"type":"MultiPolygon"}},{"type":"Feature","properties":{"tb":"301404","tb_name":"ต.สำโรง","ap_name":"อ.ปักธงชัย","area_rai":0.67,"img":"S1C_20260928_0550, S1C_20260928_1819, S1D_20260929_1812, S1D_20261002_0609","in_area":false,"near":false,"bldg":0,"pop":0,"school":0,"hosp":0},"geometry":{"coordinates":[[[[102.07337,14.67066],[102.07356,14.67065],[102.07356,14.67056],[102.07365,14.67056],[102.07364,14.67029],[102.07342,14.6703],[102.07333,14.67065],[102.07337,14.67069],[102.07337,14.67066]]]],"type":"MultiPolygon"}},{"type":"Feature","properties":{"tb":"301404","tb_name":"ต.สำโรง","ap_name":"อ.ปักธงชัย","area_rai":0.03,"img":"S1C_20260928_0550, S1C_20260928_1819, S1D_20260929_1812, S1D_20261002_0609","in_area":false,"near":false,"bldg":0,"pop":0,"school":0,"hosp":0},"geometry":{"coordinates":[[[[102.07929,14.676],[102.07914,14.676],[102.07919,14.67604],[102.07929,14.67601],[102.07929,14.676]]]],"type":"MultiPolygon"}},{"type":"Feature","properties":{"tb":"301404","tb_name":"ต.สำโรง","ap_name":"อ.ปักธงชัย","area_rai":14.93,"img":"S1C_20260928_0550, S1C_20260928_1819, S1D_20260929_1812, S1D_20261002_0609","in_area":false,"near":false,"bldg":0,"pop":0,"school":0,"hosp":0},"geometry":{"coordinates":[[[[102.05253,14.65928],[102.05262,14.65928],[102.05262,14.6591],[102.05271,14.6591],[102.05271,14.65883],[102.0528,14.65883],[102.05279,14.65838],[102.05196,14.65839],[102.05196,14.65848],[102.05168,14.65848],[102.05168,14.65812],[102.05177,14.65812],[102.05177,14.65803],[102.05186,14.65803],[102.05186,14.65785],[102.05223,14.65784],[102.05223,14.65757],[102.05241,14.65757],[102.05241,14.65748],[102.0525,14.65748],[102.0525,14.6573],[102.05259,14.6573],[102.05259,14.65716],[102.05139,14.65751],[102.05105,14.65885],[102.05113,14.65885],[102.05113,14.65894],[102.0516,14.65893],[102.0516,14.65902],[102.05169,14.65902],[102.05169,14.65911],[102.05188,14.65911],[102.05188,14.6592],[102.05206,14.6592],[102.05206,14.65929],[102.05216,14.65929],[102.05216,14.65938],[102.05253,14.65937],[102.05253,14.65928]]]],"type":"MultiPolygon"}},{"type":"Feature","properties":{"tb":"301404","tb_name":"ต.สำโรง","ap_name":"อ.ปักธงชัย","area_rai":0.01,"img":"S1C_20260928_0550, S1C_20260928_1819, S1D_20260929_1812, S1D_20261002_0609","in_area":false,"near":false,"bldg":0,"pop":0,"school":0,"hosp":0},"geometry":{"coordinates":[[[[102.06021,14.65819],[102.06021,14.6583],[102.06024,14.65819],[102.06021,14.65819]]]],"type":"MultiPolygon"}},{"type":"Feature","properties":{"tb":"301404","tb_name":"ต.สำโรง","ap_name":"อ.ปักธงชัย","area_rai":11.29,"img":"S1C_20260928_0550, S1C_20260928_1819, S1D_20260929_1812, S1D_20261002_0609","in_area":false,"near":false,"bldg":0,"pop":0,"school":0,"hosp":0},"geometry":{"coordinates":[[[[102.05996,14.66009],[102.06005,14.66009],[102.06005,14.66],[102.06024,14.65999],[102.06024,14.6599],[102.06033,14.6599],[102.06033,14.65972],[102.0607,14.65972],[102.0607,14.65963],[102.06088,14.65962],[102.06088,14.65953],[102.06097,14.65953],[102.06097,14.65926],[102.0604,14.65874],[102.06041,14.659],[102.06032,14.659],[102.06032,14.65945],[102.05967,14.65946],[102.05967,14.65901],[102.05939,14.65901],[102.05939,14.6591],[102.0593,14.6591],[102.0593,14.65919],[102.05902,14.6592],[102.05902,14.65929],[102.05884,14.65929],[102.05884,14.65956],[102.05902,14.65956],[102.05903,14.65965],[102.05912,14.65965],[102.05912,14.65974],[102.05921,14.65974],[102.05922,14.6601],[102.05931,14.6601],[102.05931,14.66019],[102.0595,14.66018],[102.0595,14.66028],[102.05978,14.66027],[102.05978,14.66018],[102.05996,14.66018],[102.05996,14.66009]]]],"type":"MultiPolygon"}},{"type":"Feature","properties":{"tb":"301404","tb_name":"ต.สำโรง","ap_name":"อ.ปักธงชัย","area_rai":20.25,"img":"S1C_20260928_0550, S1C_20260928_1819, S1D_20260929_1812, S1D_20261002_0609","in_area":false,"near":false,"bldg":0,"pop":0,"school":0,"hosp":0},"geometry":{"coordinates":[[[[102.04952,14.65643],[102.04943,14.65643],[102.04944,14.65716],[102.04953,14.65716],[102.04953,14.65734],[102.04963,14.65733],[102.04963,14.65752],[102.04981,14.65751],[102.04981,14.6576],[102.05019,14.6576],[102.05019,14.65787],[102.05028,14.65787],[102.05028,14.65805],[102.05038,14.65805],[102.05038,14.65841],[102.05048,14.65841],[102.05048,14.65859],[102.05057,14.65859],[102.05057,14.65877],[102.05076,14.65876],[102.05076,14.65885],[102.05105,14.65885],[102.05139,14.65751],[102.04993,14.65616],[102.04952,14.65628],[102.04952,14.65643]]]],"type":"MultiPolygon"}},{"type":"Feature","properties":{"tb":"301419","tb_name":"ต.เกษมทรัพย์","ap_name":"อ.ปักธงชัย","area_rai":14.2,"img":"S1C_20260928_0550, S1C_20260928_1819, S1D_20260929_1812, S1D_20261002_0609","in_area":false,"near":false,"bldg":0,"pop":0,"school":0,"hosp":0},"geometry":{"coordinates":[[[[102.06273,14.66565],[102.06263,14.66565],[102.06264,14.66574],[102.06254,14.66574],[102.06254,14.66583],[102.06217,14.66584],[102.06218,14.66602],[102.06208,14.66602],[102.06209,14.66629],[102.06227,14.66629],[102.06227,14.66638],[102.06255,14.66638],[102.06255,14.66629],[102.06264,14.66628],[102.06264,14.66601],[102.06292,14.66601],[102.06293,14.66664],[102.06302,14.66664],[102.06302,14.66673],[102.06321,14.66673],[102.06321,14.667],[102.06293,14.667],[102.06294,14.66745],[102.06266,14.66746],[102.06265,14.6671],[102.06228,14.6671],[102.06229,14.66773],[102.06239,14.66773],[102.06239,14.66791],[102.06248,14.66791],[102.06249,14.66845],[102.06257,14.66845],[102.0631,14.6683],[102.06358,14.66639],[102.06273,14.6656],[102.06273,14.66565]]]],"type":"MultiPolygon"}},{"type":"Feature","properties":{"tb":"301419","tb_name":"ต.เกษมทรัพย์","ap_name":"อ.ปักธงชัย","area_rai":15.53,"img":"S1C_20260928_0550, S1C_20260928_1819, S1D_20260929_1812, S1D_20261002_0609","in_area":false,"near":false,"bldg":0,"pop":0,"school":0,"hosp":0},"geometry":{"coordinates":[[[[102.06277,14.66845],[102.06277,14.66854],[102.06295,14.66854],[102.06295,14.66863],[102.06332,14.66862],[102.06333,14.66898],[102.06296,14.66899],[102.06296,14.6689],[102.06268,14.6689],[102.06269,14.66935],[102.06287,14.66935],[102.06288,14.66962],[102.06325,14.66962],[102.06325,14.66998],[102.06334,14.66998],[102.06335,14.67016],[102.06353,14.67016],[102.06353,14.67025],[102.06381,14.67024],[102.06381,14.67033],[102.06391,14.67033],[102.06391,14.67042],[102.06409,14.67042],[102.06409,14.67051],[102.06419,14.67051],[102.06419,14.67105],[102.06421,14.67105],[102.06456,14.66965],[102.0631,14.6683],[102.06257,14.66845],[102.06277,14.66845]]]],"type":"MultiPolygon"}},{"type":"Feature","properties":{"tb":"301419","tb_name":"ต.เกษมทรัพย์","ap_name":"อ.ปักธงชัย","area_rai":32.5,"img":"S1C_20260928_0550, S1C_20260928_1819, S1D_20260929_1812, S1D_20261002_0609","in_area":false,"near":false,"bldg":0,"pop":0,"school":0,"hosp":0},"geometry":{"coordinates":[[[[102.06449,14.66599],[102.0644,14.66599],[102.0644,14.66554],[102.06449,14.66554],[102.06449,14.66545],[102.06467,14.66544],[102.06467,14.66535],[102.06486,14.66535],[102.06485,14.66481],[102.06494,14.66481],[102.06494,14.66472],[102.0655,14.66471],[102.06549,14.66444],[102.06531,14.66444],[102.06531,14.66435],[102.06503,14.66436],[102.06503,14.66427],[102.06493,14.66427],[102.06493,14.66418],[102.06484,14.66418],[102.06483,14.66382],[102.06493,14.66382],[102.06492,14.66354],[102.06483,14.66355],[102.06483,14.66337],[102.06474,14.66337],[102.06473,14.66328],[102.06446,14.66328],[102.06446,14.66355],[102.06381,14.66356],[102.06382,14.66446],[102.06373,14.66446],[102.06373,14.66455],[102.06336,14.66456],[102.06336,14.66447],[102.0629,14.66447],[102.0629,14.66466],[102.06281,14.66466],[102.06281,14.66502],[102.0629,14.66502],[102.06291,14.66538],[102.06282,14.66538],[102.06282,14.66547],[102.06272,14.66547],[102.06273,14.6656],[102.06358,14.66639],[102.0645,14.66612],[102.06449,14.66599]]]],"type":"MultiPolygon"}},{"type":"Feature","properties":{"tb":"301404","tb_name":"ต.สำโรง","ap_name":"อ.ปักธงชัย","area_rai":54.02,"img":"S1C_20260928_0550, S1C_20260928_1819, S1D_20260929_1812, S1D_20261002_0609","in_area":false,"near":false,"bldg":0,"pop":0,"school":0,"hosp":0},"geometry":{"coordinates":[[[[102.06683,14.6674],[102.06637,14.66741],[102.06637,14.66768],[102.06628,14.66768],[102.06629,14.6684],[102.06638,14.6684],[102.06638,14.66849],[102.06657,14.66849],[102.06657,14.66858],[102.06664,14.66858],[102.06699,14.66717],[102.06692,14.6671],[102.06692,14.66731],[102.06683,14.66731],[102.06683,14.6674]]],[[[102.0663,14.66894],[102.06602,14.66895],[102.06602,14.66886],[102.06593,14.66886],[102.06592,14.66877],[102.06583,14.66877],[102.06583,14.66868],[102.06574,14.66868],[102.06572,14.66769],[102.06563,14.66769],[102.06563,14.66751],[102.06554,14.66751],[102.06553,14.66739],[102.0655,14.66733],[102.0655,14.66733],[102.06544,14.66733],[102.06544,14.66724],[102.06535,14.66724],[102.06534,14.66688],[102.06525,14.66688],[102.06525,14.6667],[102.06506,14.6667],[102.06506,14.66661],[102.06478,14.66662],[102.06478,14.66653],[102.06469,14.66653],[102.06469,14.66644],[102.06459,14.66644],[102.06459,14.66626],[102.0645,14.66626],[102.0645,14.66612],[102.06358,14.66639],[102.0631,14.6683],[102.06456,14.66965],[102.06639,14.66912],[102.06639,14.66903],[102.0663,14.66904],[102.0663,14.66894]]]],"type":"MultiPolygon"}},{"type":"Feature","properties":{"tb":"301404","tb_name":"ต.สำโรง","ap_name":"อ.ปักธงชัย","area_rai":22.86,"img":"S1C_20260928_0550, S1C_20260928_1819, S1D_20260929_1812, S1D_20261002_0609","in_area":false,"near":false,"bldg":0,"pop":0,"school":0,"hosp":0},"geometry":{"coordinates":[[[[102.05259,14.65693],[102.0525,14.65694],[102.05249,14.65685],[102.0524,14.65685],[102.0524,14.65676],[102.05231,14.65676],[102.0523,14.6564],[102.05221,14.6564],[102.05221,14.65631],[102.05212,14.65631],[102.05211,14.65622],[102.05184,14.65622],[102.05184,14.65631],[102.05174,14.65631],[102.05175,14.6564],[102.05147,14.65641],[102.05146,14.65569],[102.05137,14.65569],[102.05136,14.6556],[102.05127,14.6556],[102.05127,14.65551],[102.05118,14.65551],[102.05118,14.65542],[102.05108,14.65542],[102.05108,14.65533],[102.0508,14.65533],[102.0508,14.65524],[102.05025,14.65525],[102.05025,14.65552],[102.05044,14.65552],[102.05044,14.65579],[102.05025,14.65579],[102.05025,14.65588],[102.05007,14.65588],[102.05007,14.65597],[102.04997,14.65598],[102.04993,14.65616],[102.05139,14.65751],[102.05259,14.65716],[102.05259,14.65693]]]],"type":"MultiPolygon"}},{"type":"Feature","properties":{"tb":"301404","tb_name":"ต.สำโรง","ap_name":"อ.ปักธงชัย","area_rai":0.28,"img":"S1C_20260928_0550, S1C_20260928_1819, S1D_20260929_1812, S1D_20261002_0609","in_area":false,"near":false,"bldg":0,"pop":0,"school":0,"hosp":0},"geometry":{"coordinates":[[[[102.04989,14.65598],[102.04989,14.65607],[102.04979,14.65607],[102.04979,14.65616],[102.04961,14.65616],[102.04961,14.65625],[102.04952,14.65625],[102.04952,14.65628],[102.04993,14.65616],[102.04997,14.65598],[102.04989,14.65598]]]],"type":"MultiPolygon"}},{"type":"Feature","properties":{"tb":"301404","tb_name":"ต.สำโรง","ap_name":"อ.ปักธงชัย","area_rai":1.35,"img":"S1C_20260928_0550, S1C_20260928_1819, S1D_20260929_1812, S1D_20261002_0609","in_area":false,"near":false,"bldg":0,"pop":0,"school":0,"hosp":0},"geometry":{"coordinates":[[[[102.06497,14.6602],[102.06488,14.6602],[102.06488,14.66011],[102.06478,14.66012],[102.06478,14.66002],[102.06469,14.66003],[102.06469,14.65994],[102.06427,14.65994],[102.06498,14.66059],[102.06497,14.6602]]]],"type":"MultiPolygon"}},{"type":"Feature","properties":{"tb":"301404","tb_name":"ต.สำโรง","ap_name":"อ.ปักธงชัย","area_rai":2.08,"img":"S1C_20260928_0550, S1C_20260928_1819, S1D_20260929_1812, S1D_20261002_0609","in_area":false,"near":false,"bldg":0,"pop":0,"school":0,"hosp":0},"geometry":{"coordinates":[[[[102.06097,14.65917],[102.06087,14.65917],[102.06087,14.65881],[102.06068,14.65881],[102.06068,14.65845],[102.06059,14.65845],[102.06059,14.65836],[102.06049,14.65837],[102.06049,14.65819],[102.06024,14.65819],[102.06021,14.6583],[102.06022,14.65855],[102.06031,14.65855],[102.06031,14.65864],[102.0604,14.65864],[102.0604,14.65874],[102.06097,14.65926],[102.06097,14.65917]]]],"type":"MultiPolygon"}},{"type":"Feature","properties":{"tb":"301404","tb_name":"ต.สำโรง","ap_name":"อ.ปักธงชัย","area_rai":19.4,"img":"S1C_20260928_0550, S1C_20260928_1819, S1D_20260929_1812, S1D_20261002_0609","in_area":false,"near":false,"bldg":0,"pop":0,"school":0,"hosp":0},"geometry":{"coordinates":[[[[102.06406,14.66148],[102.06425,14.66148],[102.06424,14.66139],[102.06434,14.66139],[102.06433,14.66075],[102.06442,14.66075],[102.06442,14.66066],[102.06498,14.66065],[102.06498,14.66059],[102.06427,14.65994],[102.06422,14.65994],[102.06423,14.66003],[102.06395,14.66004],[102.06395,14.66013],[102.06376,14.66013],[102.06376,14.66022],[102.06367,14.66022],[102.06367,14.66031],[102.06358,14.66031],[102.06358,14.6604],[102.0633,14.66041],[102.0633,14.66032],[102.06284,14.66032],[102.06284,14.66041],[102.06275,14.66041],[102.06275,14.6605],[102.06266,14.6605],[102.06266,14.66114],[102.06276,14.66114],[102.06276,14.6615],[102.06285,14.6615],[102.06286,14.66159],[102.06295,14.66158],[102.06295,14.66167],[102.06304,14.66167],[102.06304,14.66176],[102.06369,14.66176],[102.06369,14.66185],[102.06407,14.66184],[102.06406,14.66148]]]],"type":"MultiPolygon"}},{"type":"Feature","properties":{"tb":"302006","tb_name":"ต.กุดน้อย","ap_name":"อ.สีคิ้ว","area_rai":1.41,"img":"S1C_20260928_0550, S1C_20260928_1819, S1D_20260929_1812, S1D_20261002_0609","in_area":false,"near":true,"bldg":0,"pop":0,"school":0,"hosp":0},"geometry":{"coordinates":[[[[101.77379,14.90222],[101.77342,14.90222],[101.77342,14.90231],[101.77333,14.90232],[101.77333,14.9025],[101.77324,14.9025],[101.77324,14.90268],[101.77315,14.90268],[101.77315,14.90272],[101.77379,14.90254],[101.77379,14.90222]]]],"type":"MultiPolygon"}},{"type":"Feature","properties":{"tb":"302006","tb_name":"ต.กุดน้อย","ap_name":"อ.สีคิ้ว","area_rai":30.45,"img":"S1C_20260928_0550, S1C_20260928_1819, S1D_20260929_1812, S1D_20261002_0609","in_area":false,"near":true,"bldg":0,"pop":0,"school":0,"hosp":0},"geometry":{"coordinates":[[[[101.77829,14.91313],[101.7783,14.91318],[101.77835,14.91318],[101.77829,14.91313]]],[[[101.77699,14.91302],[101.7769,14.91302],[101.7769,14.91338],[101.77672,14.91338],[101.77672,14.91347],[101.77663,14.91348],[101.77663,14.91375],[101.77672,14.91375],[101.77672,14.91384],[101.7771,14.91383],[101.7771,14.9141],[101.77747,14.9141],[101.77747,14.91392],[101.77756,14.91392],[101.77756,14.91355],[101.77765,14.91355],[101.77765,14.91346],[101.77774,14.91346],[101.77774,14.91337],[101.77783,14.91337],[101.77783,14.91328],[101.77793,14.91328],[101.77792,14.9131],[101.77826,14.91309],[101.77792,14.91278],[101.77792,14.91292],[101.77699,14.91293],[101.77699,14.91302]]],[[[101.77831,14.91409],[101.77821,14.91409],[101.77822,14.91418],[101.77812,14.91418],[101.77813,14.91454],[101.77822,14.91454],[101.77822,14.91463],[101.77831,14.91463],[101.77832,14.91472],[101.77841,14.91472],[101.77872,14.91352],[101.77839,14.91322],[101.77839,14.91345],[101.7783,14.91346],[101.77831,14.91409]]],[[[101.77504,14.91377],[101.77481,14.91464],[101.77516,14.91496],[101.77515,14.9144],[101.77525,14.9144],[101.77524,14.91376],[101.77504,14.91377]]],[[[101.77702,14.91492],[101.77702,14.91483],[101.77711,14.91482],[101.77711,14.91455],[101.77701,14.91455],[101.77701,14.91446],[101.77683,14.91447],[101.77682,14.91438],[101.77673,14.91438],[101.77673,14.91429],[101.77664,14.91429],[101.77664,14.9142],[101.77654,14.9142],[101.77654,14.91411],[101.77636,14.91411],[101.77636,14.91402],[101.77571,14.91403],[101.77571,14.91439],[101.77562,14.91439],[101.77562,14.91475],[101.77553,14.91475],[101.77553,14.91521],[101.77544,14.91521],[101.77544,14.91522],[101.77628,14.91599],[101.77703,14.91578],[101.77703,14.91555],[101.77693,14.91555],[101.77692,14.91492],[101.77702,14.91492]]]],"type":"MultiPolygon"}},{"type":"Feature","properties":{"tb":"302006","tb_name":"ต.กุดน้อย","ap_name":"อ.สีคิ้ว","area_rai":5.94,"img":"S1C_20260928_0550, S1C_20260928_1819, S1D_20260929_1812, S1D_20261002_0609","in_area":false,"near":true,"bldg":0,"pop":0,"school":0,"hosp":0},"geometry":{"coordinates":[[[[101.77477,14.91377],[101.77477,14.9135],[101.77431,14.9135],[101.77431,14.91368],[101.77421,14.91369],[101.77423,14.91477],[101.77432,14.91477],[101.77432,14.91479],[101.77481,14.91464],[101.77504,14.91377],[101.77477,14.91377]]]],"type":"MultiPolygon"}},{"type":"Feature","properties":{"tb":"302006","tb_name":"ต.กุดน้อย","ap_name":"อ.สีคิ้ว","area_rai":8.8,"img":"S1C_20260928_0550, S1C_20260928_1819, S1D_20260929_1812, S1D_20261002_0609","in_area":false,"near":true,"bldg":0,"pop":0,"school":0,"hosp":0},"geometry":{"coordinates":[[[[101.7764,14.91736],[101.77668,14.91736],[101.77668,14.91727],[101.77677,14.91727],[101.77677,14.917],[101.77667,14.917],[101.77667,14.91664],[101.77695,14.91663],[101.77694,14.91636],[101.77713,14.91636],[101.77712,14.91582],[101.77703,14.91582],[101.77703,14.91578],[101.77628,14.91599],[101.776,14.9171],[101.77602,14.9171],[101.77603,14.91746],[101.77612,14.91746],[101.77612,14.91755],[101.7764,14.91754],[101.7764,14.91736]]]],"type":"MultiPolygon"}},{"type":"Feature","properties":{"tb":"302006","tb_name":"ต.กุดน้อย","ap_name":"อ.สีคิ้ว","area_rai":13.93,"img":"S1C_20260928_0550, S1C_20260928_1819, S1D_20260929_1812, S1D_20261002_0609","in_area":false,"near":true,"bldg":0,"pop":0,"school":0,"hosp":0},"geometry":{"coordinates":[[[[101.77537,14.91647],[101.77536,14.91629],[101.77527,14.91629],[101.77527,14.9162],[101.7749,14.91621],[101.7749,14.91612],[101.7748,14.91612],[101.77479,14.91539],[101.77489,14.91539],[101.77489,14.9153],[101.77498,14.9153],[101.77498,14.91521],[101.77507,14.91521],[101.77507,14.91512],[101.77516,14.91512],[101.77516,14.91496],[101.77481,14.91464],[101.77432,14.91479],[101.77433,14.91522],[101.77442,14.91522],[101.77442,14.9154],[101.77452,14.9154],[101.77452,14.91567],[101.77443,14.91567],[101.77443,14.91621],[101.77453,14.91621],[101.77453,14.91639],[101.77481,14.91639],[101.77481,14.91648],[101.7749,14.91648],[101.7749,14.91657],[101.775,14.91657],[101.775,14.91675],[101.77509,14.91675],[101.77509,14.91684],[101.77546,14.91683],[101.77546,14.91647],[101.77537,14.91647]]],[[[101.77535,14.91539],[101.77535,14.91557],[101.77526,14.91557],[101.77527,14.91593],[101.77554,14.91593],[101.77555,14.9162],[101.77564,14.9162],[101.77564,14.91638],[101.77574,14.91638],[101.77574,14.91647],[101.77602,14.91646],[101.77602,14.91673],[101.77593,14.91674],[101.77593,14.9171],[101.776,14.9171],[101.77628,14.91599],[101.77544,14.91522],[101.77544,14.91539],[101.77535,14.91539]]]],"type":"MultiPolygon"}},{"type":"Feature","properties":{"tb":"302006","tb_name":"ต.กุดน้อย","ap_name":"อ.สีคิ้ว","area_rai":4.1,"img":"S1C_20260928_0550, S1C_20260928_1819, S1D_20260929_1812, S1D_20261002_0609","in_area":false,"near":true,"bldg":0,"pop":0,"school":0,"hosp":0},"geometry":{"coordinates":[[[[101.77876,14.91345],[101.77867,14.91345],[101.77866,14.91282],[101.77876,14.91282],[101.77875,14.91255],[101.77866,14.91255],[101.77866,14.91237],[101.77856,14.91237],[101.77856,14.91228],[101.77828,14.91228],[101.77829,14.91246],[101.77819,14.91246],[101.77819,14.91255],[101.77801,14.91256],[101.77801,14.91265],[101.77792,14.91265],[101.77792,14.91278],[101.77826,14.91309],[101.77829,14.91309],[101.77829,14.91313],[101.77835,14.91318],[101.77839,14.91318],[101.77839,14.91322],[101.77872,14.91352],[101.77876,14.91351],[101.77876,14.91345]]]],"type":"MultiPolygon"}},{"type":"Feature","properties":{"tb":"301802","tb_name":"ต.เสมา","ap_name":"อ.สูงเนิน","area_rai":2.51,"img":"S1C_20260928_0550, S1C_20260928_1819, S1D_20260929_1812, S1D_20261002_0609","in_area":false,"near":true,"bldg":0,"pop":0,"school":0,"hosp":0},"geometry":{"coordinates":[[[[101.77876,14.91351],[101.77872,14.91352],[101.77841,14.91472],[101.77869,14.91472],[101.77869,14.91462],[101.77878,14.91462],[101.77876,14.91351]]],[[[101.78159,14.91622],[101.78159,14.91624],[101.78165,14.91622],[101.78176,14.91576],[101.78149,14.91576],[101.78149,14.91622],[101.78159,14.91622]]]],"type":"MultiPolygon"}},{"type":"Feature","properties":{"tb":"302006","tb_name":"ต.กุดน้อย","ap_name":"อ.สีคิ้ว","area_rai":8.68,"img":"S1C_20260928_0550, S1C_20260928_1819, S1D_20260929_1812, S1D_20261002_0609","in_area":false,"near":true,"bldg":0,"pop":0,"school":0,"hosp":0},"geometry":{"coordinates":[[[[101.78237,14.91982],[101.78237,14.91973],[101.78265,14.91972],[101.78265,14.91982],[101.78299,14.91981],[101.78263,14.91948],[101.78209,14.91963],[101.7821,14.91982],[101.78237,14.91982]]],[[[101.78139,14.9229],[101.78139,14.92245],[101.78148,14.92245],[101.78148,14.92218],[101.7814,14.92182],[101.78138,14.92182],[101.78138,14.92173],[101.78036,14.92174],[101.78035,14.92165],[101.78027,14.92165],[101.78019,14.92195],[101.78149,14.92315],[101.78149,14.9229],[101.78139,14.9229]]]],"type":"MultiPolygon"}},{"type":"Feature","properties":{"tb":"302006","tb_name":"ต.กุดน้อย","ap_name":"อ.สีคิ้ว","area_rai":1.16,"img":"S1C_20260928_0550, S1C_20260928_1819, S1D_20260929_1812, S1D_20261002_0609","in_area":false,"near":true,"bldg":0,"pop":0,"school":0,"hosp":0},"geometry":{"coordinates":[[[[101.77998,14.92165],[101.77998,14.92174],[101.7798,14.92175],[101.7798,14.92184],[101.77971,14.92184],[101.77971,14.92209],[101.78019,14.92195],[101.78027,14.92165],[101.77998,14.92165]]]],"type":"MultiPolygon"}},{"type":"Feature","properties":{"tb":"302006","tb_name":"ต.กุดน้อย","ap_name":"อ.สีคิ้ว","area_rai":4.8,"img":"S1C_20260928_0550, S1C_20260928_1819, S1D_20260929_1812, S1D_20261002_0609","in_area":false,"near":true,"bldg":0,"pop":0,"school":0,"hosp":0},"geometry":{"coordinates":[[[[101.78161,14.92552],[101.7816,14.92461],[101.78169,14.92461],[101.78169,14.92443],[101.78178,14.92443],[101.78177,14.92353],[101.78168,14.92353],[101.78168,14.92335],[101.78164,14.92335],[101.78117,14.92521],[101.78157,14.92558],[101.78161,14.92552]]]],"type":"MultiPolygon"}},{"type":"Feature","properties":{"tb":"302006","tb_name":"ต.กุดน้อย","ap_name":"อ.สีคิ้ว","area_rai":35.49,"img":"S1C_20260928_0550, S1C_20260928_1819, S1D_20260929_1812, S1D_20261002_0609","in_area":false,"near":true,"bldg":0,"pop":0,"school":0,"hosp":0},"geometry":{"coordinates":[[[[101.78158,14.92335],[101.78158,14.92326],[101.78149,14.92326],[101.78149,14.92315],[101.78019,14.92195],[101.77971,14.92209],[101.77972,14.92247],[101.77981,14.92247],[101.77982,14.92364],[101.77973,14.92364],[101.77973,14.92392],[101.77983,14.92391],[101.77984,14.92473],[101.77993,14.92473],[101.77993,14.925],[101.77984,14.925],[101.77985,14.92545],[101.77994,14.92545],[101.77994,14.92557],[101.78031,14.92546],[101.78031,14.92544],[101.78038,14.92544],[101.78117,14.92521],[101.78164,14.92335],[101.78158,14.92335]]]],"type":"MultiPolygon"}},{"type":"Feature","properties":{"tb":"302006","tb_name":"ต.กุดน้อย","ap_name":"อ.สีคิ้ว","area_rai":7.39,"img":"S1C_20260928_0550, S1C_20260928_1819, S1D_20260929_1812, S1D_20261002_0609","in_area":false,"near":true,"bldg":0,"pop":0,"school":0,"hosp":0},"geometry":{"coordinates":[[[[101.78312,14.91963],[101.7833,14.91963],[101.7833,14.91954],[101.78339,14.91954],[101.78339,14.91944],[101.78348,14.91944],[101.78348,14.91935],[101.78367,14.91935],[101.78366,14.91895],[101.78297,14.91814],[101.78263,14.91948],[101.78299,14.91981],[101.78312,14.91981],[101.78312,14.91963]]]],"type":"MultiPolygon"}},{"type":"Feature","properties":{"tb":"301802","tb_name":"ต.เสมา","ap_name":"อ.สูงเนิน","area_rai":29.91,"img":"S1C_20260928_0550, S1C_20260928_1819, S1D_20260929_1812, S1D_20261002_0609","in_area":false,"near":true,"bldg":0,"pop":0,"school":0,"hosp":0},"geometry":{"coordinates":[[[[101.78168,14.91649],[101.78177,14.91648],[101.78178,14.91657],[101.78187,14.91657],[101.78187,14.91666],[101.78196,14.91666],[101.78196,14.91675],[101.78206,14.91675],[101.78206,14.91684],[101.78224,14.91684],[101.78224,14.91693],[101.78242,14.91693],[101.78165,14.91622],[101.78159,14.91624],[101.78159,14.9164],[101.78168,14.91639],[101.78168,14.91649]]],[[[101.78276,14.91792],[101.78272,14.91792],[101.78272,14.91789],[101.78265,14.91783],[101.78263,14.91783],[101.78263,14.91781],[101.78254,14.91774],[101.78253,14.91774],[101.78253,14.91773],[101.78243,14.91765],[101.78198,14.91766],[101.78197,14.91757],[101.7817,14.91757],[101.78169,14.91712],[101.7816,14.91712],[101.7816,14.91703],[101.78141,14.91703],[101.78141,14.91694],[101.78132,14.91694],[101.78131,14.91685],[101.78122,14.91685],[101.78122,14.91676],[101.78085,14.91677],[101.78086,14.91722],[101.78076,14.91722],[101.78076,14.91731],[101.78067,14.91731],[101.78067,14.9174],[101.78049,14.9174],[101.78049,14.91749],[101.78039,14.91749],[101.7804,14.91795],[101.78049,14.91794],[101.78049,14.91804],[101.78059,14.91803],[101.78059,14.91812],[101.78087,14.91812],[101.78087,14.91821],[101.78096,14.91821],[101.78096,14.9183],[101.78124,14.9183],[101.78124,14.91821],[101.7817,14.9182],[101.78171,14.91847],[101.78161,14.91847],[101.78162,14.91865],[101.78134,14.91866],[101.78134,14.91875],[101.78125,14.91875],[101.78125,14.91893],[101.78088,14.91893],[101.78088,14.91929],[101.78153,14.91929],[101.78153,14.9192],[101.78181,14.91919],[101.78181,14.91955],[101.78209,14.91955],[101.78209,14.91963],[101.78263,14.91948],[101.78297,14.91814],[101.78289,14.91805],[101.78282,14.91797],[101.78276,14.91792]]]],"type":"MultiPolygon"}},{"type":"Feature","properties":{"tb":"302006","tb_name":"ต.กุดน้อย","ap_name":"อ.สีคิ้ว","area_rai":15.75,"img":"S1C_20260928_0550, S1C_20260928_1819, S1D_20260929_1812, S1D_20261002_0609","in_area":false,"near":true,"bldg":0,"pop":0,"school":0,"hosp":0},"geometry":{"coordinates":[[[[101.77209,14.9073],[101.77218,14.9073],[101.77218,14.90721],[101.77237,14.9072],[101.77238,14.9068],[101.77245,14.90681],[101.77245,14.90675],[101.7724,14.90674],[101.77244,14.90656],[101.77245,14.90657],[101.77245,14.9063],[101.77208,14.90631],[101.77208,14.9064],[101.77171,14.9064],[101.77171,14.90631],[101.77087,14.90632],[101.77087,14.90614],[101.7705,14.90614],[101.77049,14.90605],[101.77022,14.90606],[101.77022,14.90624],[101.77013,14.90624],[101.77013,14.90633],[101.76985,14.90633],[101.76985,14.9066],[101.76963,14.90661],[101.76949,14.90715],[101.76986,14.90714],[101.76986,14.90705],[101.77097,14.90704],[101.77097,14.90695],[101.77134,14.90695],[101.77134,14.90686],[101.77143,14.90685],[101.77143,14.90676],[101.77158,14.90676],[101.77159,14.90663],[101.77165,14.90663],[101.77175,14.90662],[101.77182,14.90665],[101.77184,14.9067],[101.77178,14.90722],[101.77177,14.9073],[101.77181,14.9073],[101.77181,14.90739],[101.77209,14.90739],[101.77209,14.9073]]]],"type":"MultiPolygon"}},{"type":"Feature","properties":{"tb":"302006","tb_name":"ต.กุดน้อย","ap_name":"อ.สีคิ้ว","area_rai":1.55,"img":"S1C_20260928_0550, S1C_20260928_1819, S1D_20260929_1812, S1D_20261002_0609","in_area":false,"near":true,"bldg":0,"pop":0,"school":0,"hosp":0},"geometry":{"coordinates":[[[[101.76957,14.90661],[101.76957,14.90652],[101.7692,14.90652],[101.7692,14.90661],[101.76911,14.90661],[101.76911,14.90688],[101.76921,14.90688],[101.76921,14.90697],[101.76939,14.90697],[101.76939,14.90706],[101.76949,14.90706],[101.76949,14.90715],[101.76949,14.90715],[101.76963,14.90661],[101.76957,14.90661]]]],"type":"MultiPolygon"}},{"type":"Feature","properties":{"tb":"302006","tb_name":"ต.กุดน้อย","ap_name":"อ.สีคิ้ว","area_rai":14.9,"img":"S1C_20260928_0550, S1C_20260928_1819, S1D_20260929_1812, S1D_20261002_0609","in_area":false,"near":true,"bldg":0,"pop":0,"school":0,"hosp":0},"geometry":{"coordinates":[[[[101.77445,14.90321],[101.77408,14.90321],[101.77408,14.9033],[101.77371,14.9033],[101.77371,14.90303],[101.7738,14.90303],[101.77379,14.90254],[101.77315,14.90272],[101.77315,14.90295],[101.77324,14.90295],[101.77325,14.90358],[101.77316,14.90358],[101.77317,14.90449],[101.77354,14.90448],[101.77354,14.90457],[101.77363,14.90457],[101.77364,14.90475],[101.7741,14.90475],[101.7741,14.90447],[101.77428,14.90447],[101.77428,14.90429],[101.77437,14.90429],[101.77437,14.90411],[101.77446,14.90411],[101.77445,14.90321]]]],"type":"MultiPolygon"}},{"type":"Feature","properties":{"tb":"301802","tb_name":"ต.เสมา","ap_name":"อ.สูงเนิน","area_rai":17.46,"img":"S1C_20260928_0550, S1C_20260928_1819, S1D_20260929_1812, S1D_20261002_0609","in_area":false,"near":true,"bldg":0,"pop":0,"school":0,"hosp":0},"geometry":{"coordinates":[[[[101.78299,14.91683],[101.78317,14.91683],[101.78317,14.91674],[101.78326,14.91674],[101.78326,14.91647],[101.78363,14.91646],[101.78363,14.91628],[101.78372,14.91628],[101.78372,14.91619],[101.78381,14.91619],[101.78381,14.91574],[101.78372,14.91574],[101.78371,14.91565],[101.78288,14.91566],[101.78288,14.91548],[101.78278,14.91548],[101.78278,14.91539],[101.78195,14.9154],[101.78195,14.91549],[101.78185,14.91549],[101.78186,14.91576],[101.78176,14.91576],[101.78165,14.91622],[101.78242,14.91693],[101.78299,14.91692],[101.78299,14.91683]]]],"type":"MultiPolygon"}},{"type":"Feature","properties":{"tb":"302006","tb_name":"ต.กุดน้อย","ap_name":"อ.สีคิ้ว","area_rai":3.87,"img":"S1C_20260928_0550, S1C_20260928_1819, S1D_20260929_1812, S1D_20261002_0609","in_area":false,"near":true,"bldg":0,"pop":0,"school":0,"hosp":0},"geometry":{"coordinates":[[[[101.78022,14.92572],[101.78022,14.92563],[101.78031,14.92562],[101.78031,14.92546],[101.77994,14.92557],[101.77994,14.92572],[101.78022,14.92572]]],[[[101.78117,14.92521],[101.78038,14.92544],[101.78059,14.92544],[101.78059,14.92553],[101.78078,14.92553],[101.78078,14.92562],[101.78087,14.92562],[101.78087,14.9258],[101.78097,14.9258],[101.78097,14.92598],[101.78106,14.92598],[101.78106,14.92607],[101.78115,14.92607],[101.78116,14.92613],[101.78157,14.92558],[101.78117,14.92521]]]],"type":"MultiPolygon"}},{"type":"Feature","properties":{"tb":"301804","tb_name":"ต.บุ่งขี้เหล็ก","ap_name":"อ.สูงเนิน","area_rai":18.11,"img":"S1C_20260928_0550, S1C_20260928_1819, S1D_20260929_1812, S1D_20261002_0609","in_area":false,"near":true,"bldg":0,"pop":0,"school":0,"hosp":0},"geometry":{"coordinates":[[[[101.8328,14.93997],[101.83308,14.93997],[101.83307,14.9397],[101.83289,14.9397],[101.83288,14.93961],[101.83279,14.93961],[101.83279,14.93952],[101.8327,14.93952],[101.83269,14.93925],[101.83279,14.93925],[101.83279,14.93916],[101.83288,14.93916],[101.83288,14.93898],[101.83297,14.93898],[101.83296,14.93853],[101.83259,14.93853],[101.83259,14.93844],[101.83231,14.93844],[101.83231,14.93835],[101.83203,14.93836],[101.83203,14.93827],[101.83166,14.93827],[101.83166,14.93818],[101.83138,14.93818],[101.83138,14.93827],[101.83129,14.93827],[101.83129,14.93855],[101.83157,14.93854],[101.83158,14.93899],[101.83167,14.93899],[101.83167,14.93908],[101.83195,14.93908],[101.83195,14.93935],[101.83186,14.93935],[101.83186,14.93944],[101.83177,14.93944],[101.83177,14.93953],[101.83168,14.93953],[101.83168,14.93981],[101.83177,14.9398],[101.83178,14.94017],[101.83168,14.94017],[101.83169,14.94053],[101.83178,14.94053],[101.83178,14.94062],[101.83206,14.94061],[101.83206,14.94052],[101.83215,14.94052],[101.83215,14.94025],[101.83206,14.94025],[101.83205,14.93998],[101.83233,14.93998],[101.83233,14.94007],[101.83243,14.94007],[101.83243,14.94054],[101.8328,14.94044],[101.8328,14.93997]]]],"type":"MultiPolygon"}},{"type":"Feature","properties":{"tb":"301804","tb_name":"ต.บุ่งขี้เหล็ก","ap_name":"อ.สูงเนิน","area_rai":0.51,"img":"S1C_20260928_0550, S1C_20260928_1819, S1D_20260929_1812, S1D_20261002_0609","in_area":false,"near":true,"bldg":0,"pop":0,"school":0,"hosp":0},"geometry":{"coordinates":[[[[101.8328,14.94044],[101.83243,14.94054],[101.83243,14.9407],[101.83271,14.9407],[101.83271,14.94061],[101.83281,14.9406],[101.8328,14.94044]]]],"type":"MultiPolygon"}},{"type":"Feature","properties":{"tb":"302002","tb_name":"ต.บ้านหัน","ap_name":"อ.สีคิ้ว","area_rai":0.23,"img":"S1C_20260928_0550, S1C_20260928_1819, S1D_20260929_1812, S1D_20261002_0609","in_area":false,"near":true,"bldg":0,"pop":0,"school":0,"hosp":0},"geometry":{"coordinates":[[[[101.74857,14.95419],[101.7485,14.95412],[101.74844,14.95413],[101.74844,14.95419],[101.74857,14.95419]]],[[[101.74761,14.95437],[101.74761,14.95438],[101.74798,14.95438],[101.74798,14.95429],[101.74807,14.95428],[101.74807,14.95424],[101.74761,14.95437]]]],"type":"MultiPolygon"}},{"type":"Feature","properties":{"tb":"302002","tb_name":"ต.บ้านหัน","ap_name":"อ.สีคิ้ว","area_rai":9.79,"img":"S1C_20260928_0550, S1C_20260928_1819, S1D_20260929_1812, S1D_20261002_0609","in_area":false,"near":true,"bldg":0,"pop":0,"school":0,"hosp":0},"geometry":{"coordinates":[[[[101.74917,14.95247],[101.74926,14.95246],[101.74926,14.95237],[101.74935,14.95237],[101.74935,14.95228],[101.74953,14.95228],[101.74953,14.95205],[101.74898,14.95221],[101.74889,14.95256],[101.74917,14.95256],[101.74917,14.95247]]],[[[101.74887,14.95265],[101.74889,14.95265],[101.74889,14.95258],[101.74887,14.95265]]],[[[101.74891,14.95427],[101.74891,14.95437],[101.74919,14.95436],[101.74919,14.95427],[101.74928,14.95427],[101.74928,14.95418],[101.74937,14.95418],[101.74937,14.95409],[101.74956,14.95409],[101.74956,14.954],[101.74974,14.95399],[101.74974,14.9539],[101.74983,14.9539],[101.74983,14.95381],[101.74993,14.95381],[101.74992,14.95327],[101.74983,14.95327],[101.74982,14.95309],[101.74973,14.95309],[101.74973,14.953],[101.74964,14.953],[101.74964,14.95291],[101.74936,14.95291],[101.74936,14.953],[101.74926,14.95301],[101.74927,14.95346],[101.74918,14.95346],[101.74918,14.95355],[101.74909,14.95355],[101.74909,14.95364],[101.74872,14.95364],[101.74871,14.95355],[101.74864,14.95356],[101.7485,14.95412],[101.74857,14.95419],[101.74882,14.95419],[101.74882,14.95428],[101.74891,14.95427]]]],"type":"MultiPolygon"}},{"type":"Feature","properties":{"tb":"302002","tb_name":"ต.บ้านหัน","ap_name":"อ.สีคิ้ว","area_rai":20.68,"img":"S1C_20260928_0550, S1C_20260928_1819, S1D_20260929_1812, S1D_20261002_0609","in_area":false,"near":true,"bldg":0,"pop":0,"school":0,"hosp":0},"geometry":{"coordinates":[[[[101.74807,14.95392],[101.74798,14.95392],[101.74797,14.95356],[101.74834,14.95356],[101.74835,14.9541],[101.74844,14.9541],[101.74844,14.95413],[101.7485,14.95412],[101.74864,14.95356],[101.74862,14.95356],[101.74861,14.95274],[101.7487,14.95274],[101.7487,14.95265],[101.74887,14.95265],[101.74889,14.95258],[101.74889,14.95256],[101.74889,14.95256],[101.74898,14.95221],[101.74878,14.95202],[101.74869,14.95202],[101.7487,14.95211],[101.74786,14.95212],[101.74786,14.95221],[101.74777,14.95221],[101.74777,14.9523],[101.74758,14.9523],[101.74758,14.95239],[101.7474,14.9524],[101.7474,14.95267],[101.7475,14.95267],[101.7475,14.95276],[101.74778,14.95275],[101.74778,14.95302],[101.74694,14.95303],[101.74694,14.95312],[101.74685,14.95313],[101.74686,14.95367],[101.74695,14.95367],[101.74695,14.95376],[101.74704,14.95376],[101.74705,14.95385],[101.74714,14.95384],[101.74714,14.95412],[101.74751,14.95411],[101.74751,14.9542],[101.74761,14.9542],[101.74761,14.95437],[101.74807,14.95424],[101.74807,14.95392]]]],"type":"MultiPolygon"}},{"type":"Feature","properties":{"tb":"302002","tb_name":"ต.บ้านหัน","ap_name":"อ.สีคิ้ว","area_rai":2.11,"img":"S1C_20260928_0550, S1C_20260928_1819, S1D_20260929_1812, S1D_20261002_0609","in_area":false,"near":true,"bldg":0,"pop":0,"school":0,"hosp":0},"geometry":{"coordinates":[[[[101.74953,14.95192],[101.74934,14.95192],[101.74934,14.95183],[101.74925,14.95183],[101.74925,14.95147],[101.74897,14.95147],[101.74897,14.95193],[101.74879,14.95193],[101.74879,14.95202],[101.74878,14.95202],[101.74898,14.95221],[101.74953,14.95205],[101.74953,14.95192]]]],"type":"MultiPolygon"}},{"type":"Feature","properties":{"tb":"302006","tb_name":"ต.กุดน้อย","ap_name":"อ.สีคิ้ว","area_rai":10.43,"img":"S1C_20260928_0550, S1C_20260928_1819, S1D_20260929_1812, S1D_20261002_0609","in_area":false,"near":true,"bldg":0,"pop":0,"school":0,"hosp":0},"geometry":{"coordinates":[[[[101.76358,14.93947],[101.76358,14.93938],[101.76377,14.93937],[101.76377,14.93928],[101.76386,14.93928],[101.76385,14.93856],[101.76394,14.93856],[101.76394,14.93847],[101.76413,14.93847],[101.76412,14.93774],[101.76421,14.93774],[101.76421,14.93729],[101.76411,14.93729],[101.76411,14.93722],[101.76361,14.93736],[101.76313,14.93927],[101.76334,14.93947],[101.76358,14.93947]]]],"type":"MultiPolygon"}},{"type":"Feature","properties":{"tb":"302006","tb_name":"ต.กุดน้อย","ap_name":"อ.สีคิ้ว","area_rai":51.28,"img":"S1C_20260928_0550, S1C_20260928_1819, S1D_20260929_1812, S1D_20261002_0609","in_area":false,"near":true,"bldg":0,"pop":95,"school":0,"hosp":0},"geometry":{"coordinates":[[[[101.76309,14.93694],[101.76309,14.93703],[101.76281,14.93704],[101.76282,14.93749],[101.76272,14.93749],[101.76272,14.93758],[101.76263,14.93758],[101.76264,14.93794],[101.76254,14.93794],[101.76254,14.93803],[101.76199,14.93804],[101.76198,14.93768],[101.76189,14.93768],[101.76188,14.93723],[101.76198,14.93723],[101.76197,14.93696],[101.76169,14.93696],[101.7617,14.93705],[101.76142,14.93705],[101.76141,14.93687],[101.76095,14.93688],[101.76095,14.93679],[101.76021,14.9368],[101.76021,14.93689],[101.76012,14.93689],[101.75975,14.93834],[101.76013,14.93833],[101.76014,14.9386],[101.76023,14.9386],[101.76023,14.93869],[101.76051,14.93869],[101.76051,14.9386],[101.76097,14.93859],[101.76097,14.93868],[101.76107,14.93868],[101.76107,14.93877],[101.76116,14.93877],[101.76116,14.93913],[101.76126,14.93913],[101.76126,14.93967],[101.76164,14.93967],[101.76164,14.9397],[101.76313,14.93927],[101.76361,14.93736],[101.76316,14.93694],[101.76309,14.93694]]]],"type":"MultiPolygon"}},{"type":"Feature","properties":{"tb":"302006","tb_name":"ต.กุดน้อย","ap_name":"อ.สีคิ้ว","area_rai":4.26,"img":"S1C_20260928_0550, S1C_20260928_1819, S1D_20260929_1812, S1D_20261002_0609","in_area":false,"near":true,"bldg":0,"pop":0,"school":0,"hosp":0},"geometry":{"coordinates":[[[[101.76303,14.93974],[101.76312,14.93974],[101.76312,14.93965],[101.76321,14.93965],[101.76321,14.93956],[101.76331,14.93956],[101.76331,14.93947],[101.76334,14.93947],[101.76313,14.93927],[101.76164,14.9397],[101.76164,14.93976],[101.76192,14.93976],[101.76191,14.93967],[101.76229,14.93966],[101.76229,14.93984],[101.76238,14.93984],[101.76238,14.93993],[101.76248,14.93993],[101.76248,14.94002],[101.76294,14.94002],[101.76294,14.93992],[101.76303,14.93992],[101.76303,14.93974]]]],"type":"MultiPolygon"}},{"type":"Feature","properties":{"tb":"302006","tb_name":"ต.กุดน้อย","ap_name":"อ.สีคิ้ว","area_rai":2.36,"img":"S1C_20260928_0550, S1C_20260928_1819, S1D_20260929_1812, S1D_20261002_0609","in_area":false,"near":true,"bldg":0,"pop":0,"school":0,"hosp":0},"geometry":{"coordinates":[[[[101.76411,14.9372],[101.76402,14.9372],[101.76402,14.93711],[101.76393,14.93711],[101.76392,14.93693],[101.76374,14.93693],[101.76374,14.93684],[101.76355,14.93685],[101.76355,14.93676],[101.76318,14.93676],[101.76318,14.93694],[101.76316,14.93694],[101.76361,14.93736],[101.76411,14.93722],[101.76411,14.9372]]]],"type":"MultiPolygon"}},{"type":"Feature","properties":{"tb":"302006","tb_name":"ต.กุดน้อย","ap_name":"อ.สีคิ้ว","area_rai":3.74,"img":"S1C_20260928_0550, S1C_20260928_1819, S1D_20260929_1812, S1D_20261002_0609","in_area":false,"near":true,"bldg":0,"pop":0,"school":0,"hosp":0},"geometry":{"coordinates":[[[[101.75974,14.93689],[101.75974,14.93698],[101.75956,14.93699],[101.75956,14.93726],[101.75984,14.93725],[101.75984,14.93752],[101.75975,14.93752],[101.75975,14.93762],[101.75938,14.93762],[101.75938,14.93789],[101.75948,14.93789],[101.75948,14.93825],[101.75957,14.93825],[101.75958,14.93834],[101.75975,14.93834],[101.76012,14.93689],[101.75974,14.93689]]]],"type":"MultiPolygon"}},{"type":"Feature","properties":{"tb":"300201","tb_name":"ต.แชะ","ap_name":"อ.ครบุรี","area_rai":0.59,"img":"S1C_20260928_0550, S1C_20260928_1819, S1D_20260929_1812, S1D_20261002_0609","in_area":false,"near":false,"bldg":0,"pop":0,"school":0,"hosp":0},"geometry":{"coordinates":[[[[102.23472,14.54098],[102.23472,14.54089],[102.23447,14.54089],[102.23491,14.54129],[102.2349,14.54097],[102.23472,14.54098]]],[[[102.2351,14.54146],[102.23509,14.54133],[102.23496,14.54134],[102.2351,14.54146]]],[[[102.23519,14.54155],[102.23519,14.54151],[102.23515,14.54151],[102.23519,14.54155]]]],"type":"MultiPolygon"}},{"type":"Feature","properties":{"tb":"300201","tb_name":"ต.แชะ","ap_name":"อ.ครบุรี","area_rai":26.35,"img":"S1C_20260928_0550, S1C_20260928_1819, S1D_20260929_1812, S1D_20261002_0609","in_area":false,"near":false,"bldg":0,"pop":0,"school":0,"hosp":0},"geometry":{"coordinates":[[[[102.23457,14.54369],[102.23466,14.54369],[102.23465,14.54251],[102.23455,14.54251],[102.23455,14.54242],[102.23446,14.54243],[102.23446,14.54215],[102.23436,14.54216],[102.23436,14.5418],[102.23473,14.54179],[102.23473,14.54188],[102.2351,14.54188],[102.2351,14.54178],[102.23519,14.54178],[102.23519,14.54155],[102.23515,14.54151],[102.2351,14.54151],[102.2351,14.54146],[102.23496,14.54134],[102.23491,14.54134],[102.23491,14.54129],[102.23447,14.54089],[102.23425,14.54089],[102.23426,14.54135],[102.23407,14.54135],[102.23408,14.54144],[102.23398,14.54144],[102.23398,14.54153],[102.23371,14.54153],[102.23371,14.5418],[102.2338,14.5418],[102.23381,14.54207],[102.23334,14.54208],[102.23334,14.54217],[102.23325,14.54217],[102.23325,14.54226],[102.23307,14.54226],[102.23307,14.54235],[102.23288,14.54236],[102.23289,14.54272],[102.23298,14.54272],[102.23298,14.54281],[102.23308,14.54281],[102.23308,14.54326],[102.23317,14.54326],[102.23318,14.54353],[102.23327,14.54353],[102.23327,14.54371],[102.23346,14.5437],[102.23346,14.54379],[102.23457,14.54378],[102.23457,14.54369]]]],"type":"MultiPolygon"}},{"type":"Feature","properties":{"tb":"300203","tb_name":"ต.ครบุรี","ap_name":"อ.ครบุรี","area_rai":3.15,"img":"S1C_20260928_0550, S1C_20260928_1819, S1D_20260929_1812, S1D_20261002_0609","in_area":false,"near":false,"bldg":0,"pop":0,"school":0,"hosp":0},"geometry":{"coordinates":[[[[102.16728,14.58939],[102.16728,14.58921],[102.16718,14.58922],[102.16718,14.58913],[102.16709,14.58913],[102.16709,14.58904],[102.167,14.58904],[102.16699,14.58895],[102.1669,14.58895],[102.1669,14.58886],[102.16628,14.58887],[102.16738,14.58988],[102.16737,14.58939],[102.16728,14.58939]]],[[[102.16744,14.58993],[102.16747,14.58996],[102.16747,14.58993],[102.16744,14.58993]]]],"type":"MultiPolygon"}},{"type":"Feature","properties":{"tb":"300203","tb_name":"ต.ครบุรี","ap_name":"อ.ครบุรี","area_rai":1.98,"img":"S1C_20260928_0550, S1C_20260928_1819, S1D_20260929_1812, S1D_20261002_0609","in_area":false,"near":false,"bldg":0,"pop":0,"school":0,"hosp":0},"geometry":{"coordinates":[[[[102.16795,14.59074],[102.16785,14.59074],[102.16785,14.59065],[102.16776,14.59065],[102.16776,14.59047],[102.16767,14.59047],[102.16766,14.59029],[102.1676,14.59029],[102.1674,14.5911],[102.1674,14.59111],[102.16786,14.5911],[102.16786,14.59101],[102.16795,14.59101],[102.16795,14.59074]]]],"type":"MultiPolygon"}},{"type":"Feature","properties":{"tb":"300203","tb_name":"ต.ครบุรี","ap_name":"อ.ครบุรี","area_rai":27.61,"img":"S1C_20260928_0550, S1C_20260928_1819, S1D_20260929_1812, S1D_20261002_0609","in_area":false,"near":false,"bldg":0,"pop":0,"school":0,"hosp":0},"geometry":{"coordinates":[[[[102.16757,14.59029],[102.16757,14.5902],[102.16748,14.5902],[102.16747,14.58996],[102.16744,14.58993],[102.16738,14.58994],[102.16738,14.58988],[102.16628,14.58887],[102.16625,14.58887],[102.16625,14.58896],[102.16588,14.58896],[102.16588,14.58905],[102.16551,14.58906],[102.16551,14.58915],[102.16505,14.58915],[102.16505,14.58924],[102.16496,14.58925],[102.16496,14.58934],[102.16487,14.58934],[102.16487,14.58961],[102.16469,14.58961],[102.16469,14.5897],[102.16459,14.5897],[102.1646,14.59006],[102.16478,14.59006],[102.16479,14.59015],[102.16497,14.59015],[102.16497,14.59024],[102.16507,14.59024],[102.16507,14.59033],[102.16516,14.59033],[102.16516,14.59042],[102.16525,14.59042],[102.16525,14.59051],[102.16618,14.59049],[102.16618,14.5904],[102.16646,14.5904],[102.16646,14.59049],[102.16655,14.59049],[102.16656,14.59067],[102.16665,14.59067],[102.16665,14.59085],[102.16674,14.59085],[102.16674,14.59094],[102.16739,14.59093],[102.1674,14.5911],[102.1676,14.59029],[102.16757,14.59029]]]],"type":"MultiPolygon"}},{"type":"Feature","properties":{"tb":"300205","tb_name":"ต.จระเข้หิน","ap_name":"อ.ครบุรี","area_rai":7.72,"img":"S1C_20260928_0550, S1C_20260928_1819, S1D_20260929_1812, S1D_20261002_0609","in_area":false,"near":false,"bldg":0,"pop":0,"school":0,"hosp":0},"geometry":{"coordinates":[[[[102.19594,14.53203],[102.19603,14.53203],[102.19602,14.53167],[102.19593,14.53167],[102.19593,14.53149],[102.19584,14.53149],[102.19583,14.53131],[102.19555,14.53131],[102.19556,14.5314],[102.19546,14.5314],[102.19547,14.53158],[102.19537,14.53159],[102.19537,14.53168],[102.19528,14.53168],[102.19529,14.53213],[102.19501,14.53213],[102.19501,14.53195],[102.19464,14.53196],[102.19464,14.53205],[102.19445,14.53205],[102.19445,14.53214],[102.19427,14.53214],[102.19477,14.5326],[102.19594,14.53227],[102.19594,14.53203]]]],"type":"MultiPolygon"}},{"type":"Feature","properties":{"tb":"300207","tb_name":"ต.อรพิมพ์","ap_name":"อ.ครบุรี","area_rai":29.26,"img":"S1C_20260928_0550, S1C_20260928_1819, S1D_20260929_1812, S1D_20261002_0609","in_area":false,"near":false,"bldg":0,"pop":0,"school":0,"hosp":0},"geometry":{"coordinates":[[[[102.19941,14.54191],[102.19941,14.54189],[102.19772,14.54239],[102.19766,14.5426],[102.19767,14.54275],[102.19776,14.54275],[102.19776,14.54284],[102.19804,14.54284],[102.19803,14.54257],[102.19813,14.54256],[102.19812,14.54238],[102.1984,14.54238],[102.1984,14.54247],[102.1985,14.54247],[102.1985,14.54256],[102.19859,14.54256],[102.19859,14.54265],[102.19878,14.54265],[102.19878,14.54283],[102.19887,14.54282],[102.19888,14.54319],[102.19878,14.54319],[102.19879,14.54355],[102.19916,14.54354],[102.19916,14.54345],[102.19925,14.54345],[102.19925,14.54336],[102.19944,14.54336],[102.19943,14.54327],[102.19953,14.54327],[102.19952,14.54309],[102.19962,14.54309],[102.19962,14.543],[102.19989,14.54299],[102.19989,14.54263],[102.20017,14.54263],[102.20017,14.54272],[102.20026,14.54272],[102.20027,14.54308],[102.20036,14.54308],[102.20036,14.54317],[102.20045,14.54316],[102.20045,14.54325],[102.20064,14.54325],[102.20064,14.54334],[102.20083,14.54334],[102.20083,14.54343],[102.20092,14.54343],[102.20092,14.54352],[102.20104,14.54352],[102.20112,14.54317],[102.20005,14.54218],[102.19997,14.54218],[102.19998,14.54227],[102.19951,14.54227],[102.19951,14.54191],[102.19941,14.54191]],[[102.19952,14.54254],[102.19924,14.54255],[102.19923,14.54228],[102.19951,14.54227],[102.19952,14.54254]]],[[[102.20074,14.54406],[102.20074,14.54388],[102.20056,14.54389],[102.20055,14.54379],[102.20021,14.5438],[102.20019,14.54382],[102.20012,14.54382],[102.20006,14.54382],[102.20003,14.5438],[102.19963,14.54381],[102.19963,14.5439],[102.19954,14.5439],[102.19955,14.54498],[102.19964,14.54498],[102.19965,14.54516],[102.19974,14.54516],[102.19974,14.54534],[102.19975,14.54534],[102.20064,14.54508],[102.20084,14.5443],[102.20084,14.54406],[102.20074,14.54406]]]],"type":"MultiPolygon"}},{"type":"Feature","properties":{"tb":"300207","tb_name":"ต.อรพิมพ์","ap_name":"อ.ครบุรี","area_rai":29.78,"img":"S1C_20260928_0550, S1C_20260928_1819, S1D_20260929_1812, S1D_20261002_0609","in_area":false,"near":false,"bldg":0,"pop":0,"school":0,"hosp":0},"geometry":{"coordinates":[[[[102.19597,14.54115],[102.19598,14.54133],[102.19588,14.54133],[102.19589,14.54142],[102.19579,14.54142],[102.19579,14.54151],[102.1957,14.54151],[102.19571,14.54206],[102.19562,14.54206],[102.19562,14.54233],[102.19553,14.54233],[102.19553,14.54251],[102.19544,14.54251],[102.19544,14.54269],[102.19535,14.54269],[102.19535,14.54296],[102.19544,14.54296],[102.19545,14.54314],[102.19554,14.54314],[102.19554,14.54323],[102.19563,14.54323],[102.19563,14.54332],[102.19573,14.54332],[102.19573,14.54368],[102.19583,14.54368],[102.19583,14.54386],[102.19703,14.54384],[102.19703,14.54339],[102.1974,14.54339],[102.19739,14.54312],[102.1973,14.54312],[102.1973,14.54303],[102.19721,14.54303],[102.1972,14.54294],[102.19711,14.54294],[102.19711,14.54267],[102.19729,14.54267],[102.19729,14.54258],[102.19739,14.54257],[102.19738,14.54221],[102.19753,14.54221],[102.19625,14.54104],[102.19625,14.54104],[102.19625,14.54114],[102.19597,14.54115]]],[[[102.19772,14.54239],[102.19766,14.54233],[102.19766,14.5426],[102.19772,14.54239]]]],"type":"MultiPolygon"}},{"type":"Feature","properties":{"tb":"300207","tb_name":"ต.อรพิมพ์","ap_name":"อ.ครบุรี","area_rai":3.62,"img":"S1C_20260928_0550, S1C_20260928_1819, S1D_20260929_1812, S1D_20261002_0609","in_area":false,"near":false,"bldg":0,"pop":0,"school":0,"hosp":0},"geometry":{"coordinates":[[[[102.20076,14.54551],[102.20086,14.54551],[102.20086,14.54542],[102.201,14.54541],[102.20064,14.54508],[102.19975,14.54534],[102.19984,14.54534],[102.19984,14.54552],[102.19993,14.54552],[102.19993,14.5457],[102.20077,14.54569],[102.20076,14.54551]]]],"type":"MultiPolygon"}},{"type":"Feature","properties":{"tb":"300207","tb_name":"ต.อรพิมพ์","ap_name":"อ.ครบุรี","area_rai":17.56,"img":"S1C_20260928_0550, S1C_20260928_1819, S1D_20260929_1812, S1D_20261002_0609","in_area":false,"near":false,"bldg":0,"pop":0,"school":0,"hosp":0},"geometry":{"coordinates":[[[[102.19736,14.54727],[102.19764,14.54727],[102.19764,14.54718],[102.19773,14.54717],[102.19773,14.5469],[102.19763,14.5469],[102.19763,14.54663],[102.19754,14.54664],[102.19753,14.54645],[102.19744,14.54646],[102.19744,14.54637],[102.19735,14.54637],[102.19734,14.54592],[102.19725,14.54592],[102.19725,14.54574],[102.19678,14.54574],[102.19678,14.54565],[102.1966,14.54565],[102.19659,14.54556],[102.1965,14.54557],[102.1965,14.54548],[102.19641,14.54548],[102.1964,14.54512],[102.19649,14.54511],[102.19649,14.54493],[102.19658,14.54493],[102.19658,14.54466],[102.19602,14.54467],[102.19603,14.54476],[102.19593,14.54476],[102.19594,14.54494],[102.19584,14.54494],[102.19584,14.54503],[102.19575,14.54503],[102.19576,14.54549],[102.19585,14.54548],[102.19585,14.54566],[102.19595,14.54566],[102.19595,14.54584],[102.19604,14.54584],[102.19604,14.54602],[102.19614,14.54602],[102.19614,14.54611],[102.19623,14.54611],[102.19623,14.54629],[102.19633,14.54629],[102.19633,14.54638],[102.19642,14.54638],[102.19642,14.54656],[102.19652,14.54656],[102.19652,14.54674],[102.19661,14.54674],[102.19661,14.54683],[102.1967,14.54683],[102.19671,14.54692],[102.1968,14.54692],[102.1968,14.54701],[102.19689,14.54701],[102.1969,14.54719],[102.19699,14.54718],[102.19699,14.54727],[102.19708,14.54727],[102.19708,14.54736],[102.19736,14.54736],[102.19736,14.54727]]]],"type":"MultiPolygon"}},{"type":"Feature","properties":{"tb":"300207","tb_name":"ต.อรพิมพ์","ap_name":"อ.ครบุรี","area_rai":10.33,"img":"S1C_20260928_0550, S1C_20260928_1819, S1D_20260929_1812, S1D_20261002_0609","in_area":false,"near":false,"bldg":0,"pop":0,"school":0,"hosp":0},"geometry":{"coordinates":[[[[102.20119,14.54306],[102.20129,14.54306],[102.20128,14.54297],[102.20138,14.54297],[102.20137,14.54279],[102.20165,14.54279],[102.20165,14.54252],[102.20146,14.54252],[102.20146,14.54243],[102.20137,14.54243],[102.20137,14.54234],[102.20109,14.54234],[102.20109,14.54243],[102.20081,14.54244],[102.20081,14.54235],[102.20072,14.54235],[102.20071,14.54208],[102.20081,14.54208],[102.20081,14.5419],[102.2009,14.54189],[102.2009,14.54171],[102.20108,14.54171],[102.20108,14.54162],[102.20117,14.54162],[102.20117,14.54135],[102.20108,14.54135],[102.20107,14.54126],[102.20098,14.54126],[102.20098,14.54117],[102.20042,14.54118],[102.20043,14.54127],[102.20033,14.54127],[102.20034,14.54163],[102.20043,14.54163],[102.20043,14.5419],[102.20006,14.54191],[102.20007,14.54218],[102.20005,14.54218],[102.20112,14.54317],[102.20119,14.54315],[102.20119,14.54306]]]],"type":"MultiPolygon"}},{"type":"Feature","properties":{"tb":"300207","tb_name":"ต.อรพิมพ์","ap_name":"อ.ครบุรี","area_rai":16.11,"img":"S1C_20260928_0550, S1C_20260928_1819, S1D_20260929_1812, S1D_20261002_0609","in_area":false,"near":false,"bldg":0,"pop":0,"school":0,"hosp":0},"geometry":{"coordinates":[[[[102.19941,14.54182],[102.19932,14.54183],[102.19932,14.54174],[102.19923,14.54174],[102.19923,14.54165],[102.19913,14.54165],[102.19913,14.54156],[102.19904,14.54156],[102.19904,14.54147],[102.19894,14.54147],[102.19894,14.54138],[102.19885,14.54138],[102.19885,14.54129],[102.19876,14.54129],[102.19876,14.5412],[102.19866,14.5412],[102.19866,14.54111],[102.1982,14.54112],[102.1982,14.54121],[102.19774,14.54121],[102.19774,14.54131],[102.19764,14.54131],[102.19765,14.54158],[102.19756,14.54158],[102.19756,14.54185],[102.19728,14.54185],[102.19728,14.54149],[102.19737,14.54149],[102.19736,14.54113],[102.19727,14.54113],[102.19727,14.54104],[102.19718,14.54104],[102.19718,14.54095],[102.19681,14.54096],[102.19681,14.54105],[102.19653,14.54105],[102.19653,14.54096],[102.19627,14.54096],[102.19625,14.54104],[102.19753,14.54221],[102.19766,14.54221],[102.19766,14.54233],[102.19772,14.54239],[102.19941,14.54189],[102.19941,14.54182]]]],"type":"MultiPolygon"}},{"type":"Feature","properties":{"tb":"300207","tb_name":"ต.อรพิมพ์","ap_name":"อ.ครบุรี","area_rai":2.24,"img":"S1C_20260928_0550, S1C_20260928_1819, S1D_20260929_1812, S1D_20261002_0609","in_area":false,"near":false,"bldg":0,"pop":0,"school":0,"hosp":0},"geometry":{"coordinates":[[[[102.20119,14.54315],[102.20112,14.54317],[102.20104,14.54352],[102.2012,14.54352],[102.20119,14.54315]]],[[[102.20122,14.54514],[102.20113,14.54514],[102.20113,14.54505],[102.20104,14.54505],[102.20103,14.54487],[102.20094,14.54487],[102.20094,14.54478],[102.20085,14.54478],[102.20084,14.5443],[102.20064,14.54508],[102.201,14.54541],[102.20123,14.54541],[102.20122,14.54514]]]],"type":"MultiPolygon"}},{"type":"Feature","properties":{"tb":"300205","tb_name":"ต.จระเข้หิน","ap_name":"อ.ครบุรี","area_rai":19.81,"img":"S1C_20260928_0550, S1C_20260928_1819, S1D_20260929_1812, S1D_20261002_0609","in_area":false,"near":false,"bldg":0,"pop":0,"school":0,"hosp":0},"geometry":{"coordinates":[[[[102.19191,14.53597],[102.19191,14.53543],[102.19181,14.53543],[102.19181,14.53516],[102.19172,14.53516],[102.19171,14.53489],[102.19162,14.53489],[102.19162,14.5348],[102.19134,14.5348],[102.19135,14.53552],[102.19126,14.53552],[102.19126,14.53561],[102.19089,14.53562],[102.19088,14.53526],[102.19079,14.53526],[102.19079,14.53517],[102.1907,14.53517],[102.1907,14.53508],[102.1906,14.53508],[102.1906,14.53499],[102.19051,14.53499],[102.19051,14.5349],[102.19042,14.5349],[102.19041,14.53472],[102.19032,14.53472],[102.19032,14.53454],[102.19022,14.53455],[102.19022,14.53446],[102.19013,14.53446],[102.19013,14.53437],[102.18985,14.53437],[102.18986,14.53473],[102.18976,14.53473],[102.18977,14.53491],[102.18967,14.53491],[102.18968,14.53518],[102.18959,14.53519],[102.18959,14.53546],[102.18968,14.53546],[102.18968,14.53564],[102.18978,14.53564],[102.18978,14.53573],[102.18987,14.53572],[102.18987,14.53581],[102.18997,14.53581],[102.18997,14.5359],[102.19006,14.5359],[102.19006,14.53599],[102.19015,14.53599],[102.19015,14.53608],[102.19052,14.53608],[102.19053,14.53653],[102.19081,14.53652],[102.19081,14.53661],[102.19118,14.53661],[102.19118,14.53652],[102.19127,14.53652],[102.19127,14.53634],[102.19136,14.53634],[102.19136,14.53597],[102.19191,14.53597]]]],"type":"MultiPolygon"}},{"type":"Feature","properties":{"tb":"300207","tb_name":"ต.อรพิมพ์","ap_name":"อ.ครบุรี","area_rai":0.01,"img":"S1C_20260928_0550, S1C_20260928_1819, S1D_20260929_1812, S1D_20261002_0609","in_area":false,"near":false,"bldg":0,"pop":0,"school":0,"hosp":0},"geometry":{"coordinates":[[[[102.19625,14.54096],[102.19625,14.54104],[102.19625,14.54104],[102.19627,14.54096],[102.19625,14.54096]]]],"type":"MultiPolygon"}},{"type":"Feature","properties":{"tb":"300205","tb_name":"ต.จระเข้หิน","ap_name":"อ.ครบุรี","area_rai":17.61,"img":"S1C_20260928_0550, S1C_20260928_1819, S1D_20260929_1812, S1D_20261002_0609","in_area":false,"near":false,"bldg":0,"pop":0,"school":0,"hosp":0},"geometry":{"coordinates":[[[[102.19585,14.53248],[102.19594,14.53248],[102.19594,14.53227],[102.19477,14.5326],[102.19473,14.53277],[102.19539,14.53276],[102.19539,14.53285],[102.19567,14.53285],[102.19567,14.53267],[102.19585,14.53266],[102.19585,14.53248]]],[[[102.19726,14.53418],[102.19736,14.53418],[102.19735,14.534],[102.19745,14.534],[102.19744,14.53381],[102.19754,14.53381],[102.19753,14.53345],[102.19744,14.53345],[102.19744,14.53336],[102.19697,14.53337],[102.19698,14.53346],[102.19638,14.53347],[102.19616,14.53348],[102.19579,14.53348],[102.19559,14.53348],[102.19559,14.53357],[102.19549,14.53357],[102.19551,14.53438],[102.1956,14.53438],[102.1956,14.53447],[102.19588,14.53447],[102.19588,14.53456],[102.19616,14.53455],[102.19616,14.53446],[102.19671,14.53446],[102.19671,14.53455],[102.19718,14.53454],[102.19718,14.53445],[102.19727,14.53445],[102.19726,14.53418]]]],"type":"MultiPolygon"}},{"type":"Feature","properties":{"tb":"300205","tb_name":"ต.จระเข้หิน","ap_name":"อ.ครบุรี","area_rai":2.4,"img":"S1C_20260928_0550, S1C_20260928_1819, S1D_20260929_1812, S1D_20261002_0609","in_area":false,"near":false,"bldg":0,"pop":0,"school":0,"hosp":0},"geometry":{"coordinates":[[[[102.19427,14.53214],[102.19427,14.53223],[102.19418,14.53223],[102.19418,14.53232],[102.19409,14.53233],[102.19409,14.53242],[102.1939,14.53242],[102.19391,14.53269],[102.194,14.53269],[102.194,14.53278],[102.19437,14.53277],[102.19437,14.53268],[102.19465,14.53268],[102.19465,14.53277],[102.19473,14.53277],[102.19477,14.5326],[102.19427,14.53214],[102.19427,14.53214]]]],"type":"MultiPolygon"}},{"type":"Feature","properties":{"tb":"300207","tb_name":"ต.อรพิมพ์","ap_name":"อ.ครบุรี","area_rai":20.56,"img":"S1C_20260928_0550, S1C_20260928_1819, S1D_20260929_1812, S1D_20261002_0609","in_area":false,"near":false,"bldg":0,"pop":0,"school":0,"hosp":0},"geometry":{"coordinates":[[[[102.20536,14.54301],[102.20546,14.54301],[102.20545,14.54282],[102.20564,14.54282],[102.20564,14.54273],[102.20573,14.54273],[102.20573,14.54246],[102.20563,14.54246],[102.20563,14.5421],[102.20572,14.5421],[102.20572,14.54201],[102.20609,14.542],[102.20609,14.54191],[102.20627,14.54191],[102.20627,14.54182],[102.20637,14.54182],[102.20636,14.54155],[102.20627,14.54155],[102.20627,14.54146],[102.20571,14.54147],[102.20571,14.54156],[102.20562,14.54156],[102.20562,14.54165],[102.20553,14.54165],[102.20553,14.54174],[102.20525,14.54174],[102.20525,14.54183],[102.20516,14.54184],[102.20516,14.54193],[102.20488,14.54193],[102.20488,14.54148],[102.20441,14.54148],[102.20441,14.54139],[102.20376,14.5414],[102.20377,14.54149],[102.20358,14.5415],[102.20358,14.54159],[102.2034,14.54159],[102.2034,14.54204],[102.2035,14.54204],[102.2035,14.54213],[102.20359,14.54213],[102.20359,14.54222],[102.20368,14.54222],[102.20369,14.54249],[102.20415,14.54248],[102.20415,14.54239],[102.20424,14.54239],[102.20424,14.54221],[102.20442,14.54221],[102.20442,14.54212],[102.2047,14.54211],[102.20471,14.54265],[102.20443,14.54266],[102.20444,14.54293],[102.20453,14.54293],[102.20453,14.54302],[102.20462,14.54302],[102.20462,14.54311],[102.20536,14.5431],[102.20536,14.54301]]]],"type":"MultiPolygon"}},{"type":"Feature","properties":{"tb":"300304","tb_name":"ต.กุดโบสถ์","ap_name":"อ.เสิงสาง","area_rai":18.17,"img":"S1C_20260928_0550, S1C_20260928_1819, S1D_20260929_1812, S1D_20261002_0609","in_area":false,"near":false,"bldg":0,"pop":0,"school":0,"hosp":0},"geometry":{"coordinates":[[[[102.49787,14.4425],[102.49805,14.4425],[102.49805,14.44241],[102.49814,14.44241],[102.49814,14.44187],[102.49832,14.44186],[102.49832,14.44177],[102.49841,14.44177],[102.49841,14.44168],[102.4985,14.44168],[102.4985,14.44159],[102.49859,14.44159],[102.49859,14.4415],[102.49869,14.4415],[102.49868,14.44141],[102.49878,14.4414],[102.49877,14.44131],[102.49887,14.44131],[102.49887,14.44122],[102.49896,14.44122],[102.49896,14.44113],[102.49905,14.44113],[102.49905,14.44086],[102.49886,14.44086],[102.49886,14.44077],[102.49867,14.44077],[102.49867,14.44068],[102.49858,14.44069],[102.49858,14.4406],[102.49704,14.44105],[102.49687,14.4417],[102.49702,14.4417],[102.49702,14.44179],[102.49711,14.44179],[102.49712,14.44197],[102.49721,14.44197],[102.49721,14.44215],[102.49731,14.44215],[102.49731,14.44233],[102.4974,14.44233],[102.4974,14.44251],[102.4975,14.44251],[102.4975,14.4426],[102.49787,14.44259],[102.49787,14.4425]]]],"type":"MultiPolygon"}},{"type":"Feature","properties":{"tb":"300304","tb_name":"ต.กุดโบสถ์","ap_name":"อ.เสิงสาง","area_rai":4.19,"img":"S1C_20260928_0550, S1C_20260928_1819, S1D_20260929_1812, S1D_20261002_0609","in_area":false,"near":false,"bldg":0,"pop":0,"school":0,"hosp":0},"geometry":{"coordinates":[[[[102.49664,14.44071],[102.49654,14.44072],[102.49655,14.44117],[102.49646,14.44117],[102.49646,14.44126],[102.49627,14.44126],[102.49627,14.44135],[102.49618,14.44135],[102.49619,14.44162],[102.49628,14.44162],[102.49628,14.4418],[102.49665,14.4418],[102.49665,14.44171],[102.49687,14.4417],[102.49704,14.44105],[102.49663,14.44068],[102.49664,14.44071]]]],"type":"MultiPolygon"}},{"type":"Feature","properties":{"tb":"300304","tb_name":"ต.กุดโบสถ์","ap_name":"อ.เสิงสาง","area_rai":9.01,"img":"S1C_20260928_0550, S1C_20260928_1819, S1D_20260929_1812, S1D_20261002_0609","in_area":false,"near":false,"bldg":0,"pop":0,"school":0,"hosp":0},"geometry":{"coordinates":[[[[102.49858,14.4405],[102.49848,14.44051],[102.49848,14.44042],[102.49839,14.44042],[102.49839,14.44033],[102.4983,14.44033],[102.49829,14.44024],[102.49811,14.44024],[102.49811,14.44015],[102.49802,14.44015],[102.49801,14.44006],[102.49792,14.44006],[102.49792,14.43988],[102.49783,14.43988],[102.49782,14.43979],[102.49773,14.4398],[102.49773,14.43971],[102.49727,14.43971],[102.49727,14.43989],[102.49718,14.43989],[102.49719,14.44044],[102.49737,14.44043],[102.49738,14.4407],[102.49701,14.44071],[102.497,14.44062],[102.49663,14.44062],[102.49663,14.44068],[102.49704,14.44105],[102.49858,14.4406],[102.49858,14.4405]]]],"type":"MultiPolygon"}},{"type":"Feature","properties":{"tb":"300812","tb_name":"ต.หนองบัวละคร","ap_name":"อ.ด่านขุนทด","area_rai":65.71,"img":"S1C_20260928_0550, S1C_20260928_1819, S1D_20260929_1812, S1D_20261002_0609","in_area":false,"near":true,"bldg":0,"pop":0,"school":0,"hosp":0},"geometry":{"coordinates":[[[[101.88536,15.22618],[101.88529,15.22605],[101.88509,15.22588],[101.88477,15.22588],[101.88477,15.22579],[101.8843,15.2258],[101.8843,15.22553],[101.88439,15.22553],[101.88439,15.22543],[101.88448,15.22543],[101.88448,15.22534],[101.88451,15.22534],[101.88422,15.22508],[101.88401,15.22508],[101.88401,15.22489],[101.88401,15.22488],[101.88205,15.22544],[101.88163,15.2271],[101.88172,15.22709],[101.88172,15.22728],[101.88181,15.22727],[101.88181,15.22745],[101.88191,15.22745],[101.88191,15.22767],[101.88197,15.22772],[101.882,15.22772],[101.88201,15.22776],[101.88207,15.22781],[101.8821,15.22781],[101.8821,15.22784],[101.88216,15.2279],[101.88219,15.2279],[101.88219,15.22793],[101.88303,15.2287],[101.88499,15.22814],[101.8851,15.22768],[101.88507,15.22768],[101.88507,15.22777],[101.88461,15.22778],[101.88461,15.22769],[101.88452,15.22769],[101.88451,15.2276],[101.88442,15.2276],[101.88441,15.22706],[101.88469,15.22706],[101.88469,15.22697],[101.88516,15.22696],[101.88516,15.22705],[101.88525,15.22705],[101.88525,15.2271],[101.88544,15.22637],[101.88536,15.22618]],[[101.88413,15.22706],[101.88414,15.22715],[101.88395,15.22716],[101.88395,15.22725],[101.88386,15.22725],[101.88386,15.22734],[101.88377,15.22734],[101.88377,15.22743],[101.88358,15.22743],[101.88358,15.22752],[101.8833,15.22753],[101.8833,15.22725],[101.88349,15.22725],[101.88348,15.22707],[101.88358,15.22707],[101.88357,15.2268],[101.88367,15.2268],[101.88366,15.22662],[101.88376,15.22662],[101.88376,15.22653],[101.88385,15.22653],[101.88385,15.22644],[101.88422,15.22643],[101.88422,15.22652],[101.88431,15.22652],[101.88432,15.2267],[101.88441,15.2267],[101.88441,15.22706],[101.88413,15.22706]]]],"type":"MultiPolygon"}},{"type":"Feature","properties":{"tb":"300907","tb_name":"ต.บัลลังก์","ap_name":"อ.โนนไทย","area_rai":2.11,"img":"S1C_20260928_0550, S1C_20260928_1819, S1D_20260929_1812, S1D_20261002_0609","in_area":true,"near":true,"bldg":0,"pop":0,"school":0,"hosp":0},"geometry":{"coordinates":[[[[101.88363,15.22002],[101.88374,15.22012],[101.88389,15.22015],[101.884,15.22009],[101.88408,15.22002],[101.88411,15.21987],[101.88416,15.21967],[101.88418,15.21952],[101.88351,15.21971],[101.88346,15.2199],[101.88363,15.22002]]]],"type":"MultiPolygon"}},{"type":"Feature","properties":{"tb":"300811","tb_name":"ต.หนองบัวตะเกียด","ap_name":"อ.ด่านขุนทด","area_rai":2.22,"img":"S1C_20260928_0550, S1C_20260928_1819, S1D_20260929_1812, S1D_20261002_0609","in_area":false,"near":true,"bldg":0,"pop":0,"school":0,"hosp":0},"geometry":{"coordinates":[[[[101.81123,15.23582],[101.81077,15.2354],[101.81011,15.23559],[101.81012,15.23568],[101.81049,15.23567],[101.81049,15.23576],[101.81067,15.23576],[101.81068,15.23585],[101.81086,15.23585],[101.81086,15.23594],[101.81124,15.23594],[101.81123,15.23582]]]],"type":"MultiPolygon"}},{"type":"Feature","properties":{"tb":"300811","tb_name":"ต.หนองบัวตะเกียด","ap_name":"อ.ด่านขุนทด","area_rai":17.55,"img":"S1C_20260928_0550, S1C_20260928_1819, S1D_20260929_1812, S1D_20261002_0609","in_area":false,"near":true,"bldg":0,"pop":0,"school":0,"hosp":0},"geometry":{"coordinates":[[[[101.81123,15.23576],[101.81133,15.23575],[101.81132,15.23521],[101.8115,15.23521],[101.8115,15.23512],[101.81188,15.23512],[101.81187,15.23503],[101.81206,15.23502],[101.81206,15.23493],[101.81271,15.23492],[101.81271,15.23483],[101.81317,15.23483],[101.81318,15.23492],[101.81336,15.23492],[101.81336,15.23501],[101.81383,15.235],[101.81383,15.23491],[101.81392,15.23491],[101.81392,15.23473],[101.81401,15.23473],[101.81401,15.23437],[101.81391,15.23437],[101.81391,15.23419],[101.81382,15.23419],[101.81382,15.2341],[101.81344,15.2341],[101.81345,15.23446],[101.81317,15.23447],[101.81317,15.23429],[101.81289,15.23429],[101.81289,15.23438],[101.8128,15.23438],[101.8128,15.23447],[101.81252,15.23448],[101.81252,15.23438],[101.81242,15.23439],[101.81242,15.23393],[101.81214,15.23394],[101.81214,15.23403],[101.81205,15.23403],[101.81205,15.23412],[101.81196,15.23412],[101.81196,15.23421],[101.81186,15.23421],[101.81186,15.2343],[101.81177,15.2343],[101.81177,15.23439],[101.81131,15.2344],[101.81131,15.23449],[101.81112,15.23449],[101.81113,15.23467],[101.81103,15.23467],[101.81103,15.23476],[101.81094,15.23477],[101.81094,15.23486],[101.81091,15.23486],[101.81085,15.23507],[101.81085,15.23531],[101.81079,15.23531],[101.81077,15.2354],[101.81123,15.23582],[101.81123,15.23576]]]],"type":"MultiPolygon"}},{"type":"Feature","properties":{"tb":"300811","tb_name":"ต.หนองบัวตะเกียด","ap_name":"อ.ด่านขุนทด","area_rai":0.74,"img":"S1C_20260928_0550, S1C_20260928_1819, S1D_20260929_1812, S1D_20261002_0609","in_area":false,"near":true,"bldg":0,"pop":0,"school":0,"hosp":0},"geometry":{"coordinates":[[[[101.81085,15.23507],[101.81091,15.23486],[101.81085,15.23486],[101.81085,15.23507]]],[[[101.81039,15.2354],[101.81011,15.23541],[101.81011,15.23559],[101.81077,15.2354],[101.81079,15.23531],[101.81039,15.23531],[101.81039,15.2354]]]],"type":"MultiPolygon"}},{"type":"Feature","properties":{"tb":"300811","tb_name":"ต.หนองบัวตะเกียด","ap_name":"อ.ด่านขุนทด","area_rai":1.26,"img":"S1C_20260928_0550, S1C_20260928_1819, S1D_20260929_1812, S1D_20261002_0609","in_area":false,"near":true,"bldg":0,"pop":0,"school":0,"hosp":0},"geometry":{"coordinates":[[[[101.81683,15.23722],[101.81684,15.2374],[101.8173,15.2374],[101.8173,15.23712],[101.81758,15.23712],[101.81758,15.23703],[101.81768,15.23703],[101.81761,15.23696],[101.81674,15.23721],[101.81674,15.23722],[101.81683,15.23722]]],[[[101.81609,15.23741],[101.81609,15.2374],[101.81606,15.23741],[101.81609,15.23741]]],[[[101.81573,15.23751],[101.81591,15.2375],[101.81591,15.23746],[101.81573,15.23751]]]],"type":"MultiPolygon"}},{"type":"Feature","properties":{"tb":"300811","tb_name":"ต.หนองบัวตะเกียด","ap_name":"อ.ด่านขุนทด","area_rai":0.47,"img":"S1C_20260928_0550, S1C_20260928_1819, S1D_20260929_1812, S1D_20261002_0609","in_area":false,"near":true,"bldg":0,"pop":0,"school":0,"hosp":0},"geometry":{"coordinates":[[[[101.81535,15.2376],[101.81563,15.2376],[101.81563,15.23751],[101.81563,15.23751],[101.81535,15.23724],[101.81535,15.2376]]]],"type":"MultiPolygon"}},{"type":"Feature","properties":{"tb":"300811","tb_name":"ต.หนองบัวตะเกียด","ap_name":"อ.ด่านขุนทด","area_rai":5.16,"img":"S1C_20260928_0550, S1C_20260928_1819, S1D_20260929_1812, S1D_20261002_0609","in_area":false,"near":true,"bldg":0,"pop":0,"school":0,"hosp":0},"geometry":{"coordinates":[[[[101.8195,15.23484],[101.81969,15.23484],[101.81968,15.23475],[101.82032,15.23474],[101.82005,15.23449],[101.81922,15.23473],[101.81922,15.23484],[101.81894,15.23485],[101.81894,15.23494],[101.81876,15.23494],[101.81876,15.23503],[101.81866,15.23503],[101.81867,15.2353],[101.81885,15.2353],[101.81886,15.23539],[101.81923,15.23538],[101.81922,15.23493],[101.8195,15.23493],[101.8195,15.23484]]],[[[101.81813,15.23675],[101.81804,15.23675],[101.81803,15.23657],[101.81794,15.23657],[101.81794,15.23648],[101.81785,15.23649],[101.81785,15.2364],[101.81775,15.2364],[101.81775,15.2364],[101.81761,15.23696],[101.81768,15.23703],[101.81812,15.23702],[101.81813,15.237],[101.81813,15.23675]]]],"type":"MultiPolygon"}},{"type":"Feature","properties":{"tb":"300811","tb_name":"ต.หนองบัวตะเกียด","ap_name":"อ.ด่านขุนทด","area_rai":9.83,"img":"S1C_20260928_0550, S1C_20260928_1819, S1D_20260929_1812, S1D_20261002_0609","in_area":false,"near":true,"bldg":0,"pop":0,"school":0,"hosp":0},"geometry":{"coordinates":[[[[101.81609,15.23732],[101.81618,15.23732],[101.81618,15.23723],[101.81637,15.23723],[101.81637,15.23714],[101.81674,15.23713],[101.81674,15.23721],[101.81761,15.23696],[101.81775,15.2364],[101.81775,15.23631],[101.81682,15.23632],[101.81682,15.23641],[101.81664,15.23641],[101.81664,15.2365],[101.81655,15.2365],[101.81655,15.23659],[101.81645,15.23659],[101.81645,15.23668],[101.81636,15.23668],[101.81636,15.23678],[101.81618,15.23678],[101.81618,15.23687],[101.81599,15.23687],[101.81599,15.23696],[101.8159,15.23696],[101.8159,15.23705],[101.81581,15.23705],[101.81581,15.23714],[101.81544,15.23715],[101.81544,15.23724],[101.81535,15.23724],[101.81535,15.23724],[101.81563,15.23751],[101.81573,15.23751],[101.81591,15.23746],[101.81591,15.23741],[101.81606,15.23741],[101.81609,15.2374],[101.81609,15.23732]]]],"type":"MultiPolygon"}},{"type":"Feature","properties":{"tb":"300802","tb_name":"ต.ด่านขุนทด","ap_name":"อ.ด่านขุนทด","area_rai":19.11,"img":"S1C_20260928_0550, S1C_20260928_1819, S1D_20260929_1812, S1D_20261002_0609","in_area":false,"near":true,"bldg":0,"pop":0,"school":0,"hosp":0},"geometry":{"coordinates":[[[[101.78485,15.23879],[101.78495,15.23879],[101.78494,15.23834],[101.78541,15.23834],[101.7854,15.23788],[101.78568,15.23788],[101.78568,15.23761],[101.78558,15.23761],[101.78558,15.23752],[101.7854,15.23752],[101.78539,15.23743],[101.7853,15.23743],[101.7853,15.23734],[101.78521,15.23734],[101.78521,15.23725],[101.78511,15.23726],[101.78511,15.23689],[101.78502,15.2369],[101.78501,15.23681],[101.78427,15.23681],[101.78427,15.23663],[101.78417,15.23663],[101.78417,15.23654],[101.78371,15.23655],[101.78371,15.23682],[101.7839,15.23682],[101.7839,15.23691],[101.78446,15.2369],[101.78446,15.23735],[101.78428,15.23736],[101.78428,15.23745],[101.78419,15.23745],[101.78419,15.23763],[101.78409,15.23763],[101.7841,15.23772],[101.784,15.23772],[101.78401,15.23799],[101.78363,15.238],[101.78364,15.23827],[101.78317,15.23827],[101.78317,15.23818],[101.78301,15.23818],[101.7834,15.23854],[101.78383,15.23854],[101.78383,15.23845],[101.78401,15.23844],[101.78401,15.23808],[101.78429,15.23808],[101.78429,15.23817],[101.78457,15.23817],[101.78457,15.23844],[101.78448,15.23844],[101.78448,15.23853],[101.78429,15.23853],[101.7843,15.23898],[101.78448,15.23898],[101.78449,15.23916],[101.78458,15.23916],[101.78458,15.23925],[101.78486,15.23925],[101.78485,15.23879]]]],"type":"MultiPolygon"}},{"type":"Feature","properties":{"tb":"300811","tb_name":"ต.หนองบัวตะเกียด","ap_name":"อ.ด่านขุนทด","area_rai":29.74,"img":"S1C_20260928_0550, S1C_20260928_1819, S1D_20260929_1812, S1D_20261002_0609","in_area":false,"near":true,"bldg":0,"pop":0,"school":0,"hosp":0},"geometry":{"coordinates":[[[[101.77505,15.23621],[101.77477,15.23621],[101.77477,15.2363],[101.77468,15.2363],[101.77468,15.23639],[101.7745,15.23639],[101.7745,15.23648],[101.77422,15.23649],[101.77422,15.2364],[101.77412,15.2364],[101.77412,15.23631],[101.77384,15.23631],[101.77384,15.23604],[101.77421,15.23604],[101.77421,15.23576],[101.7743,15.23576],[101.7743,15.23549],[101.77486,15.23549],[101.77486,15.2354],[101.77504,15.23539],[101.77504,15.2353],[101.7756,15.2353],[101.7756,15.23503],[101.77494,15.23503],[101.77494,15.23458],[101.77485,15.23458],[101.77484,15.23449],[101.77475,15.23449],[101.77475,15.2344],[101.77428,15.23441],[101.77429,15.23504],[101.77401,15.23504],[101.774,15.23432],[101.77391,15.23432],[101.77391,15.23423],[101.77354,15.23424],[101.77354,15.23406],[101.7731,15.23406],[101.77307,15.23419],[101.77307,15.23424],[101.77306,15.23424],[101.77298,15.23454],[101.77299,15.23461],[101.77308,15.2346],[101.77308,15.23497],[101.77318,15.23496],[101.77318,15.23533],[101.77309,15.23533],[101.77309,15.23542],[101.773,15.23542],[101.773,15.23605],[101.77319,15.23605],[101.77319,15.23624],[101.77414,15.23711],[101.77506,15.23684],[101.77505,15.23621]]]],"type":"MultiPolygon"}},{"type":"Feature","properties":{"tb":"300811","tb_name":"ต.หนองบัวตะเกียด","ap_name":"อ.ด่านขุนทด","area_rai":0.1,"img":"S1C_20260928_0550, S1C_20260928_1819, S1D_20260929_1812, S1D_20261002_0609","in_area":false,"near":true,"bldg":0,"pop":0,"school":0,"hosp":0},"geometry":{"coordinates":[[[[101.77307,15.23419],[101.7731,15.23406],[101.77307,15.23406],[101.77307,15.23419]]],[[[101.77298,15.23454],[101.77306,15.23424],[101.77298,15.23424],[101.77298,15.23454]]]],"type":"MultiPolygon"}},{"type":"Feature","properties":{"tb":"300811","tb_name":"ต.หนองบัวตะเกียด","ap_name":"อ.ด่านขุนทด","area_rai":8.2,"img":"S1C_20260928_0550, S1C_20260928_1819, S1D_20260929_1812, S1D_20261002_0609","in_area":false,"near":true,"bldg":0,"pop":0,"school":0,"hosp":0},"geometry":{"coordinates":[[[[101.77387,15.2383],[101.77387,15.23821],[101.77406,15.23821],[101.77405,15.23812],[101.77424,15.23811],[101.77424,15.23802],[101.77443,15.23802],[101.77442,15.23793],[101.77452,15.23793],[101.77452,15.23784],[101.77461,15.23784],[101.77461,15.23775],[101.7747,15.23775],[101.7747,15.23738],[101.77507,15.23738],[101.77507,15.23747],[101.77572,15.23746],[101.77572,15.2371],[101.77525,15.23711],[101.77525,15.23702],[101.77516,15.23702],[101.77516,15.23693],[101.77506,15.23693],[101.77506,15.23684],[101.77414,15.23711],[101.77384,15.2383],[101.77387,15.2383]]]],"type":"MultiPolygon"}},{"type":"Feature","properties":{"tb":"300811","tb_name":"ต.หนองบัวตะเกียด","ap_name":"อ.ด่านขุนทด","area_rai":37.17,"img":"S1C_20260928_0550, S1C_20260928_1819, S1D_20260929_1812, S1D_20261002_0609","in_area":false,"near":true,"bldg":0,"pop":0,"school":0,"hosp":0},"geometry":{"coordinates":[[[[101.77165,15.23905],[101.77202,15.23904],[101.77202,15.23913],[101.77239,15.23913],[101.77239,15.23904],[101.77267,15.23904],[101.77267,15.23858],[101.77313,15.23858],[101.77313,15.23849],[101.77341,15.23848],[101.77341,15.23839],[101.7735,15.23839],[101.7735,15.2383],[101.77384,15.2383],[101.77414,15.23711],[101.77319,15.23624],[101.77319,15.23632],[101.77301,15.23632],[101.77301,15.23641],[101.77282,15.23641],[101.77282,15.2365],[101.77273,15.23651],[101.77273,15.2366],[101.77217,15.2366],[101.77218,15.23669],[101.77199,15.2367],[101.77199,15.23679],[101.7719,15.23679],[101.7719,15.23688],[101.77181,15.23688],[101.77181,15.23715],[101.7719,15.23715],[101.77191,15.2376],[101.77181,15.2376],[101.77182,15.23787],[101.77173,15.23787],[101.77173,15.2385],[101.77145,15.23851],[101.77146,15.23887],[101.77099,15.23888],[101.771,15.23894],[101.77151,15.23941],[101.77165,15.23941],[101.77165,15.23905]]]],"type":"MultiPolygon"}},{"type":"Feature","properties":{"tb":"300811","tb_name":"ต.หนองบัวตะเกียด","ap_name":"อ.ด่านขุนทด","area_rai":9.57,"img":"S1C_20260928_0550, S1C_20260928_1819, S1D_20260929_1812, S1D_20261002_0609","in_area":false,"near":true,"bldg":0,"pop":0,"school":0,"hosp":0},"geometry":{"coordinates":[[[[101.77303,15.23108],[101.77368,15.23107],[101.77367,15.23035],[101.77321,15.23036],[101.77321,15.23045],[101.77302,15.23045],[101.77302,15.23054],[101.77247,15.23055],[101.77247,15.23051],[101.77218,15.23059],[101.77201,15.23125],[101.77201,15.23128],[101.77229,15.23127],[101.77229,15.23136],[101.77238,15.23136],[101.77239,15.23154],[101.77276,15.23154],[101.77276,15.23145],[101.77304,15.23144],[101.77303,15.23108]]]],"type":"MultiPolygon"}},{"type":"Feature","properties":{"tb":"300802","tb_name":"ต.ด่านขุนทด","ap_name":"อ.ด่านขุนทด","area_rai":0.16,"img":"S1C_20260928_0550, S1C_20260928_1819, S1D_20260929_1812, S1D_20261002_0609","in_area":false,"near":true,"bldg":0,"pop":0,"school":0,"hosp":0},"geometry":{"coordinates":[[[[101.78988,15.23927],[101.78998,15.23927],[101.78997,15.23889],[101.78985,15.23936],[101.78989,15.23936],[101.78988,15.23927]]]],"type":"MultiPolygon"}},{"type":"Feature","properties":{"tb":"300802","tb_name":"ต.ด่านขุนทด","ap_name":"อ.ด่านขุนทด","area_rai":14.42,"img":"S1C_20260928_0550, S1C_20260928_1819, S1D_20260929_1812, S1D_20261002_0609","in_area":false,"near":true,"bldg":0,"pop":0,"school":0,"hosp":0},"geometry":{"coordinates":[[[[101.78996,15.23819],[101.78987,15.23819],[101.78987,15.23792],[101.78996,15.23792],[101.78995,15.23749],[101.78973,15.23729],[101.78949,15.23729],[101.78949,15.23738],[101.78939,15.23738],[101.7894,15.23765],[101.7893,15.23766],[101.78931,15.23775],[101.78884,15.23775],[101.78884,15.23784],[101.78875,15.23784],[101.78875,15.2382],[101.78885,15.2382],[101.78886,15.23893],[101.78904,15.23892],[101.78905,15.23937],[101.78985,15.23936],[101.78997,15.23889],[101.78996,15.23819]]]],"type":"MultiPolygon"}},{"type":"Feature","properties":{"tb":"300802","tb_name":"ต.ด่านขุนทด","ap_name":"อ.ด่านขุนทด","area_rai":2.14,"img":"S1C_20260928_0550, S1C_20260928_1819, S1D_20260929_1812, S1D_20261002_0609","in_area":false,"near":true,"bldg":0,"pop":0,"school":0,"hosp":0},"geometry":{"coordinates":[[[[101.78271,15.23819],[101.78271,15.23828],[101.78261,15.23828],[101.78262,15.23837],[101.78252,15.23837],[101.78253,15.23873],[101.78281,15.23873],[101.78281,15.23864],[101.78299,15.23864],[101.78299,15.23855],[101.7834,15.23854],[101.78301,15.23818],[101.78271,15.23819]]]],"type":"MultiPolygon"}},{"type":"Feature","properties":{"tb":"300802","tb_name":"ต.ด่านขุนทด","ap_name":"อ.ด่านขุนทด","area_rai":0.17,"img":"S1C_20260928_0550, S1C_20260928_1819, S1D_20260929_1812, S1D_20261002_0609","in_area":false,"near":true,"bldg":0,"pop":0,"school":0,"hosp":0},"geometry":{"coordinates":[[[[101.78995,15.23729],[101.78973,15.23729],[101.78995,15.23749],[101.78995,15.23729]]]],"type":"MultiPolygon"}},{"type":"Feature","properties":{"tb":"300812","tb_name":"ต.หนองบัวละคร","ap_name":"อ.ด่านขุนทด","area_rai":0.04,"img":"S1C_20260928_0550, S1C_20260928_1819, S1D_20260929_1812, S1D_20261002_0609","in_area":false,"near":true,"bldg":0,"pop":0,"school":0,"hosp":0},"geometry":{"coordinates":[[[[101.82978,15.2245],[101.82978,15.22459],[101.82969,15.2246],[101.82969,15.22463],[101.8298,15.2246],[101.82983,15.2245],[101.82978,15.2245]]]],"type":"MultiPolygon"}},{"type":"Feature","properties":{"tb":"300812","tb_name":"ต.หนองบัวละคร","ap_name":"อ.ด่านขุนทด","area_rai":5.73,"img":"S1C_20260928_0550, S1C_20260928_1819, S1D_20260929_1812, S1D_20261002_0609","in_area":false,"near":true,"bldg":0,"pop":0,"school":0,"hosp":0},"geometry":{"coordinates":[[[[101.8294,15.23074],[101.82921,15.23074],[101.82921,15.23047],[101.82912,15.23041],[101.82904,15.2303],[101.82903,15.2302],[101.82902,15.2302],[101.82901,15.22957],[101.82882,15.22957],[101.82882,15.22948],[101.82856,15.22949],[101.82854,15.22954],[101.82855,15.22967],[101.82851,15.22967],[101.82835,15.2303],[101.82865,15.2303],[101.82865,15.23039],[101.82874,15.23039],[101.82874,15.23057],[101.82884,15.23057],[101.82884,15.23066],[101.82893,15.23066],[101.82893,15.23087],[101.82941,15.2313],[101.8294,15.23074]]]],"type":"MultiPolygon"}},{"type":"Feature","properties":{"tb":"300812","tb_name":"ต.หนองบัวละคร","ap_name":"อ.ด่านขุนทด","area_rai":30.77,"img":"S1C_20260928_0550, S1C_20260928_1819, S1D_20260929_1812, S1D_20261002_0609","in_area":false,"near":true,"bldg":0,"pop":0,"school":0,"hosp":0},"geometry":{"coordinates":[[[[101.82854,15.22954],[101.82856,15.22949],[101.82854,15.22949],[101.82854,15.22954]]],[[[101.82799,15.22958],[101.82789,15.22959],[101.82789,15.2294],[101.8278,15.22941],[101.8278,15.22923],[101.82742,15.22923],[101.82742,15.22914],[101.82733,15.22914],[101.82733,15.22887],[101.82749,15.22887],[101.82747,15.22877],[101.82745,15.22865],[101.82744,15.22842],[101.82676,15.22843],[101.82677,15.2287],[101.82667,15.2287],[101.82667,15.22879],[101.82658,15.22879],[101.82658,15.22888],[101.82649,15.22888],[101.82649,15.22897],[101.82621,15.22897],[101.82621,15.22888],[101.82612,15.22889],[101.82612,15.2288],[101.82602,15.2288],[101.82602,15.22871],[101.82574,15.22871],[101.82575,15.22916],[101.82631,15.22915],[101.82631,15.22942],[101.82594,15.22943],[101.82594,15.22952],[101.82575,15.22952],[101.82576,15.22961],[101.82566,15.22961],[101.82566,15.2297],[101.82557,15.22971],[101.82557,15.2298],[101.82548,15.2298],[101.82548,15.22989],[101.82539,15.22989],[101.82539,15.22997],[101.82608,15.2306],[101.82707,15.23059],[101.82707,15.23068],[101.82713,15.23068],[101.82828,15.23035],[101.82828,15.2303],[101.82835,15.2303],[101.82851,15.22967],[101.82799,15.22967],[101.82799,15.22958]]]],"type":"MultiPolygon"}},{"type":"Feature","properties":{"tb":"300812","tb_name":"ต.หนองบัวละคร","ap_name":"อ.ด่านขุนทด","area_rai":21.92,"img":"S1C_20260928_0550, S1C_20260928_1819, S1D_20260929_1812, S1D_20261002_0609","in_area":false,"near":true,"bldg":0,"pop":0,"school":0,"hosp":0},"geometry":{"coordinates":[[[[101.82754,15.23094],[101.82782,15.23094],[101.82782,15.23085],[101.82791,15.23085],[101.82791,15.23067],[101.82828,15.23066],[101.82828,15.23035],[101.82713,15.23068],[101.82754,15.23067],[101.82754,15.23094]]],[[[101.82681,15.23177],[101.82681,15.23195],[101.8269,15.23195],[101.8269,15.23204],[101.82765,15.23203],[101.82765,15.23221],[101.82774,15.23221],[101.82775,15.23257],[101.82784,15.23257],[101.82784,15.23266],[101.8284,15.23265],[101.8284,15.23256],[101.82849,15.23256],[101.82849,15.23211],[101.82839,15.23211],[101.82839,15.23202],[101.8283,15.23202],[101.8283,15.23175],[101.82839,15.23175],[101.82839,15.23166],[101.82848,15.23166],[101.82848,15.23157],[101.82857,15.23156],[101.82857,15.23147],[101.82866,15.23147],[101.82866,15.23138],[101.82941,15.23137],[101.82941,15.2313],[101.82893,15.23087],[101.82894,15.23102],[101.82838,15.23102],[101.82838,15.23111],[101.82782,15.23112],[101.82782,15.23121],[101.82736,15.23122],[101.82736,15.23113],[101.8268,15.23113],[101.8268,15.23122],[101.82631,15.23123],[101.82619,15.23168],[101.82671,15.23168],[101.82671,15.23177],[101.82681,15.23177]]],[[[101.82626,15.2325],[101.82617,15.2325],[101.82616,15.23223],[101.82607,15.23223],[101.82607,15.23216],[101.82591,15.2328],[101.82607,15.23295],[101.82636,15.23295],[101.82635,15.23259],[101.82626,15.23259],[101.82626,15.2325]]]],"type":"MultiPolygon"}},{"type":"Feature","properties":{"tb":"300812","tb_name":"ต.หนองบัวละคร","ap_name":"อ.ด่านขุนทด","area_rai":2.61,"img":"S1C_20260928_0550, S1C_20260928_1819, S1D_20260929_1812, S1D_20261002_0609","in_area":false,"near":true,"bldg":0,"pop":0,"school":0,"hosp":0},"geometry":{"coordinates":[[[[101.83157,15.22611],[101.83231,15.2261],[101.83231,15.22574],[101.83221,15.22574],[101.83221,15.22567],[101.83127,15.22594],[101.8312,15.2262],[101.83157,15.2262],[101.83157,15.22611]]]],"type":"MultiPolygon"}},{"type":"Feature","properties":{"tb":"300812","tb_name":"ต.หนองบัวละคร","ap_name":"อ.ด่านขุนทด","area_rai":7.88,"img":"S1C_20260928_0550, S1C_20260928_1819, S1D_20260929_1812, S1D_20261002_0609","in_area":false,"near":true,"bldg":0,"pop":0,"school":0,"hosp":0},"geometry":{"coordinates":[[[[101.82969,15.22478],[101.8296,15.22478],[101.8296,15.22496],[101.82951,15.22496],[101.82951,15.22541],[101.82961,15.22541],[101.82961,15.2255],[101.82989,15.2255],[101.82989,15.22559],[101.83017,15.22558],[101.83017,15.22567],[101.83026,15.22567],[101.83026,15.22576],[101.83045,15.22576],[101.83045,15.22585],[101.83063,15.22585],[101.83064,15.22594],[101.83073,15.22594],[101.83073,15.22603],[101.83092,15.22603],[101.83092,15.22612],[101.8311,15.22611],[101.8311,15.2262],[101.8312,15.2262],[101.83127,15.22594],[101.8298,15.2246],[101.82969,15.22463],[101.82969,15.22478]]]],"type":"MultiPolygon"}},{"type":"Feature","properties":{"tb":"300812","tb_name":"ต.หนองบัวละคร","ap_name":"อ.ด่านขุนทด","area_rai":4.72,"img":"S1C_20260928_0550, S1C_20260928_1819, S1D_20260929_1812, S1D_20261002_0609","in_area":false,"near":true,"bldg":0,"pop":0,"school":0,"hosp":0},"geometry":{"coordinates":[[[[101.82034,15.23474],[101.82033,15.23456],[101.82043,15.23456],[101.82042,15.23447],[101.82052,15.23446],[101.82051,15.23383],[101.8206,15.23383],[101.8206,15.23374],[101.82116,15.23373],[101.82116,15.23364],[101.82125,15.23364],[101.82125,15.23337],[101.82078,15.23338],[101.82078,15.23347],[101.82041,15.23347],[101.82041,15.23338],[101.82033,15.23338],[101.82005,15.23449],[101.82032,15.23474],[101.82034,15.23474]]]],"type":"MultiPolygon"}},{"type":"Feature","properties":{"tb":"300812","tb_name":"ต.หนองบัวละคร","ap_name":"อ.ด่านขุนทด","area_rai":8.82,"img":"S1C_20260928_0550, S1C_20260928_1819, S1D_20260929_1812, S1D_20261002_0609","in_area":false,"near":true,"bldg":0,"pop":0,"school":0,"hosp":0},"geometry":{"coordinates":[[[[101.82032,15.23338],[101.82032,15.23329],[101.82022,15.23329],[101.82022,15.23311],[101.82003,15.23312],[101.82003,15.23303],[101.81975,15.23303],[101.81976,15.23312],[101.81966,15.23312],[101.81967,15.23348],[101.81957,15.23348],[101.81958,15.23375],[101.81949,15.23376],[101.81949,15.23385],[101.8193,15.23385],[101.8193,15.23394],[101.81921,15.23394],[101.81922,15.23473],[101.82005,15.23449],[101.82033,15.23338],[101.82032,15.23338]]]],"type":"MultiPolygon"}},{"type":"Feature","properties":{"tb":"300811","tb_name":"ต.หนองบัวตะเกียด","ap_name":"อ.ด่านขุนทด","area_rai":15.13,"img":"S1C_20260928_0550, S1C_20260928_1819, S1D_20260929_1812, S1D_20261002_0609","in_area":false,"near":true,"bldg":0,"pop":0,"school":0,"hosp":0},"geometry":{"coordinates":[[[[101.82258,15.22866],[101.82267,15.22866],[101.82267,15.2283],[101.82304,15.22829],[101.82304,15.22838],[101.82313,15.22838],[101.82314,15.22847],[101.82351,15.22847],[101.82351,15.22829],[101.8236,15.22828],[101.82359,15.22738],[101.82321,15.22739],[101.82322,15.22748],[101.82303,15.22748],[101.82303,15.22757],[101.82284,15.22757],[101.82285,15.22766],[101.82257,15.22767],[101.82257,15.22758],[101.82247,15.22758],[101.82247,15.22749],[101.82238,15.22749],[101.82238,15.2274],[101.82219,15.2274],[101.82219,15.22731],[101.82187,15.22731],[101.82171,15.22795],[101.82173,15.22795],[101.82174,15.22849],[101.82183,15.22849],[101.82183,15.22858],[101.82193,15.22858],[101.82193,15.22867],[101.82202,15.22867],[101.82202,15.22876],[101.82212,15.22876],[101.82212,15.22894],[101.8224,15.22893],[101.8224,15.22884],[101.82258,15.22884],[101.82258,15.22866]]]],"type":"MultiPolygon"}},{"type":"Feature","properties":{"tb":"300811","tb_name":"ต.หนองบัวตะเกียด","ap_name":"อ.ด่านขุนทด","area_rai":2.68,"img":"S1C_20260928_0550, S1C_20260928_1819, S1D_20260929_1812, S1D_20261002_0609","in_area":false,"near":true,"bldg":0,"pop":0,"school":0,"hosp":0},"geometry":{"coordinates":[[[[101.82172,15.22731],[101.82172,15.22722],[101.82144,15.22723],[101.82145,15.22732],[101.82126,15.22732],[101.82126,15.22741],[101.82117,15.22741],[101.82117,15.22777],[101.82127,15.22777],[101.82127,15.22786],[101.82164,15.22786],[101.82164,15.22795],[101.82171,15.22795],[101.82187,15.22731],[101.82172,15.22731]]]],"type":"MultiPolygon"}},{"type":"Feature","properties":{"tb":"300812","tb_name":"ต.หนองบัวละคร","ap_name":"อ.ด่านขุนทด","area_rai":18.99,"img":"S1C_20260928_0550, S1C_20260928_1819, S1D_20260929_1812, S1D_20261002_0609","in_area":false,"near":true,"bldg":0,"pop":0,"school":0,"hosp":0},"geometry":{"coordinates":[[[[101.82511,15.22998],[101.82511,15.22989],[101.82474,15.2299],[101.82474,15.22999],[101.82446,15.22999],[101.82446,15.23008],[101.82427,15.23008],[101.82427,15.23017],[101.824,15.23018],[101.824,15.23027],[101.8239,15.23027],[101.82391,15.23045],[101.82381,15.23045],[101.82381,15.23054],[101.82372,15.23054],[101.82372,15.23081],[101.82363,15.23081],[101.82363,15.2309],[101.82354,15.2309],[101.82354,15.23099],[101.82336,15.231],[101.82336,15.23109],[101.82326,15.23109],[101.82326,15.23118],[101.82317,15.23118],[101.82318,15.23145],[101.82345,15.23145],[101.82345,15.23136],[101.82383,15.23135],[101.82382,15.23126],[101.82401,15.23126],[101.82401,15.23117],[101.82419,15.23117],[101.82419,15.2309],[101.82428,15.2309],[101.82428,15.23081],[101.82438,15.2308],[101.82437,15.23071],[101.82465,15.23071],[101.82465,15.23062],[101.8253,15.23061],[101.8253,15.2307],[101.82596,15.23069],[101.82595,15.2306],[101.82608,15.2306],[101.82539,15.22997],[101.82539,15.22998],[101.82511,15.22998]]],[[[101.82597,15.23214],[101.82597,15.23205],[101.82569,15.23205],[101.82569,15.23178],[101.82578,15.23178],[101.82578,15.23169],[101.82619,15.23168],[101.82631,15.23123],[101.82615,15.23123],[101.82615,15.23132],[101.82606,15.23132],[101.82606,15.23141],[101.82597,15.23142],[101.82597,15.23151],[101.82569,15.23151],[101.82569,15.23142],[101.82559,15.23142],[101.82559,15.23133],[101.82531,15.23133],[101.82531,15.23142],[101.82522,15.23143],[101.82522,15.23152],[101.82513,15.23152],[101.82514,15.23215],[101.8257,15.23214],[101.8257,15.23268],[101.8258,15.23268],[101.8258,15.23283],[101.82591,15.2328],[101.82607,15.23216],[101.82607,15.23214],[101.82597,15.23214]]]],"type":"MultiPolygon"}},{"type":"Feature","properties":{"tb":"300812","tb_name":"ต.หนองบัวละคร","ap_name":"อ.ด่านขุนทด","area_rai":8.9,"img":"S1C_20260928_0550, S1C_20260928_1819, S1D_20260929_1812, S1D_20261002_0609","in_area":false,"near":true,"bldg":0,"pop":0,"school":0,"hosp":0},"geometry":{"coordinates":[[[[101.83603,15.22614],[101.83613,15.22614],[101.83613,15.22605],[101.8364,15.22605],[101.8364,15.22578],[101.83631,15.22578],[101.83631,15.22569],[101.83621,15.22569],[101.83621,15.2256],[101.83603,15.2256],[101.83603,15.22551],[101.83547,15.22552],[101.83547,15.22561],[101.83528,15.22561],[101.83528,15.2257],[101.8351,15.2257],[101.8351,15.22579],[101.83501,15.22579],[101.83501,15.22588],[101.83491,15.22588],[101.83492,15.22606],[101.83482,15.22607],[101.83483,15.22669],[101.83604,15.22634],[101.83603,15.22614]]]],"type":"MultiPolygon"}},{"type":"Feature","properties":{"tb":"300812","tb_name":"ต.หนองบัวละคร","ap_name":"อ.ด่านขุนทด","area_rai":16.91,"img":"S1C_20260928_0550, S1C_20260928_1819, S1D_20260929_1812, S1D_20261002_0609","in_area":false,"near":true,"bldg":0,"pop":0,"school":0,"hosp":0},"geometry":{"coordinates":[[[[101.83221,15.22565],[101.83212,15.22565],[101.83212,15.22556],[101.83203,15.22556],[101.83202,15.2252],[101.83193,15.2252],[101.83192,15.22475],[101.83183,15.22475],[101.83183,15.22466],[101.83164,15.22466],[101.83164,15.22457],[101.83108,15.22458],[101.83108,15.2244],[101.8308,15.2244],[101.8308,15.22431],[101.83071,15.22431],[101.83071,15.22422],[101.83043,15.22422],[101.83043,15.22413],[101.83005,15.22414],[101.83006,15.22432],[101.82996,15.22432],[101.82996,15.22441],[101.82987,15.22441],[101.82987,15.2245],[101.82983,15.2245],[101.8298,15.2246],[101.83127,15.22594],[101.83221,15.22567],[101.83221,15.22565]]]],"type":"MultiPolygon"}},{"type":"Feature","properties":{"tb":"300812","tb_name":"ต.หนองบัวละคร","ap_name":"อ.ด่านขุนทด","area_rai":52.2,"img":"S1C_20260928_0550, S1C_20260928_1819, S1D_20260929_1812, S1D_20261002_0609","in_area":false,"near":true,"bldg":0,"pop":0,"school":0,"hosp":0},"geometry":{"coordinates":[[[[101.89986,15.2545],[101.89977,15.2545],[101.89976,15.25441],[101.89967,15.25441],[101.89966,15.25396],[101.89957,15.25396],[101.89957,15.25378],[101.89948,15.25378],[101.89948,15.25369],[101.89938,15.25369],[101.89938,15.25351],[101.89929,15.25351],[101.89929,15.25342],[101.89919,15.25342],[101.89919,15.25324],[101.8991,15.25324],[101.89909,15.25306],[101.899,15.25306],[101.899,15.25288],[101.89891,15.25288],[101.8989,15.25279],[101.89872,15.25279],[101.89872,15.2527],[101.89862,15.25271],[101.89862,15.25262],[101.89844,15.25262],[101.89844,15.25257],[101.89674,15.25306],[101.8967,15.25322],[101.8971,15.25356],[101.89714,15.25366],[101.89716,15.25377],[101.89714,15.25389],[101.89708,15.25399],[101.89699,15.25404],[101.89698,15.25405],[101.89696,15.25411],[101.89695,15.25414],[101.89696,15.25418],[101.89696,15.25423],[101.89705,15.25438],[101.89709,15.25443],[101.89711,15.25446],[101.89716,15.25448],[101.89719,15.25448],[101.89734,15.25449],[101.89761,15.25445],[101.89767,15.25444],[101.89771,15.25444],[101.89775,15.25444],[101.89777,15.25445],[101.8978,15.25446],[101.89782,15.25449],[101.89788,15.25461],[101.8979,15.25464],[101.89793,15.25468],[101.89803,15.25476],[101.89808,15.2548],[101.8981,15.25482],[101.89811,15.25485],[101.89811,15.25488],[101.89809,15.25503],[101.89809,15.25512],[101.8981,15.25516],[101.89811,15.25519],[101.89814,15.25522],[101.89816,15.25524],[101.89819,15.25525],[101.89821,15.25526],[101.89824,15.25526],[101.89827,15.25525],[101.8983,15.25525],[101.89841,15.2552],[101.89846,15.25519],[101.89847,15.25519],[101.89847,15.25506],[101.89912,15.25505],[101.89912,15.25514],[101.89922,15.25514],[101.89922,15.2555],[101.89931,15.2555],[101.89932,15.25559],[101.89969,15.25558],[101.89969,15.25549],[101.89974,15.25549],[101.89995,15.25464],[101.89995,15.25459],[101.89986,15.25459],[101.89986,15.2545]]],[[[101.89857,15.25544],[101.89854,15.25542],[101.89848,15.25542],[101.89847,15.25538],[101.89846,15.25536],[101.89837,15.25534],[101.89829,15.25534],[101.89811,15.25541],[101.89804,15.25541],[101.898,15.25539],[101.89791,15.2553],[101.89787,15.2552],[101.89788,15.25499],[101.89786,15.25492],[101.89768,15.25478],[101.8976,15.25467],[101.89755,15.25464],[101.89748,15.25463],[101.89717,15.25466],[101.89712,15.25466],[101.89702,15.2546],[101.8968,15.2543],[101.89677,15.2542],[101.89678,15.25413],[101.89672,15.25419],[101.89662,15.25427],[101.89651,15.25427],[101.89643,15.25425],[101.89625,15.25497],[101.89651,15.2552],[101.89655,15.25521],[101.89692,15.25528],[101.89717,15.25533],[101.89739,15.25536],[101.89761,15.25543],[101.89798,15.25561],[101.89811,15.25571],[101.89834,15.25587],[101.89839,15.25587],[101.89839,15.25578],[101.89848,15.25578],[101.89848,15.25569],[101.89857,15.25569],[101.89857,15.25544]]]],"type":"MultiPolygon"}},{"type":"Feature","properties":{"tb":"300812","tb_name":"ต.หนองบัวละคร","ap_name":"อ.ด่านขุนทด","area_rai":5.52,"img":"S1C_20260928_0550, S1C_20260928_1819, S1D_20260929_1812, S1D_20261002_0609","in_area":false,"near":true,"bldg":0,"pop":0,"school":0,"hosp":0},"geometry":{"coordinates":[[[[101.89387,15.25223],[101.89394,15.25222],[101.89394,15.25212],[101.89394,15.2521],[101.89387,15.25212],[101.89387,15.25223]]],[[[101.89674,15.25306],[101.89665,15.25297],[101.89657,15.25301],[101.89655,15.25307],[101.89663,15.25317],[101.8967,15.25322],[101.89674,15.25306]]],[[[101.89606,15.25427],[101.89595,15.25432],[101.8958,15.25439],[101.89558,15.25439],[101.89558,15.25446],[101.89539,15.25446],[101.89539,15.25455],[101.8953,15.25455],[101.89531,15.25501],[101.8954,15.25501],[101.8954,15.25504],[101.89565,15.25508],[101.89579,15.2551],[101.89625,15.25497],[101.89643,15.25425],[101.89642,15.25425],[101.89628,15.25421],[101.89613,15.25425],[101.89613,15.25427],[101.89606,15.25427]]]],"type":"MultiPolygon"}},{"type":"Feature","properties":{"tb":"300812","tb_name":"ต.หนองบัวละคร","ap_name":"อ.ด่านขุนทด","area_rai":0.52,"img":"S1C_20260928_0550, S1C_20260928_1819, S1D_20260929_1812, S1D_20261002_0609","in_area":false,"near":true,"bldg":0,"pop":0,"school":0,"hosp":0},"geometry":{"coordinates":[[[[101.89602,15.25513],[101.89634,15.25518],[101.89651,15.2552],[101.89625,15.25497],[101.89579,15.2551],[101.89602,15.25513]]]],"type":"MultiPolygon"}},{"type":"Feature","properties":{"tb":"300817","tb_name":"ต.โนนเมืองพัฒนา","ap_name":"อ.ด่านขุนทด","area_rai":3.19,"img":"S1C_20260928_0550, S1C_20260928_1819, S1D_20260929_1812, S1D_20261002_0609","in_area":false,"near":true,"bldg":0,"pop":0,"school":0,"hosp":0},"geometry":{"coordinates":[[[[101.89844,15.25253],[101.89816,15.25253],[101.89816,15.25244],[101.89797,15.25244],[101.89797,15.25235],[101.89778,15.25236],[101.89778,15.25227],[101.89746,15.25227],[101.89767,15.25243],[101.89767,15.25249],[101.89764,15.2526],[101.89754,15.25263],[101.89741,15.25263],[101.89724,15.25262],[101.89715,15.25262],[101.89708,15.25266],[101.897,15.25275],[101.89693,15.25284],[101.89675,15.25292],[101.89665,15.25297],[101.89674,15.25306],[101.89844,15.25257],[101.89844,15.25253]]]],"type":"MultiPolygon"}},{"type":"Feature","properties":{"tb":"300817","tb_name":"ต.โนนเมืองพัฒนา","ap_name":"อ.ด่านขุนทด","area_rai":0.72,"img":"S1C_20260928_0550, S1C_20260928_1819, S1D_20260929_1812, S1D_20261002_0609","in_area":false,"near":true,"bldg":0,"pop":0,"school":0,"hosp":0},"geometry":{"coordinates":[[[[101.89978,15.2554],[101.89987,15.2554],[101.89987,15.25522],[101.89996,15.25522],[101.89996,15.25513],[101.90005,15.25513],[101.90005,15.25476],[101.89995,15.25477],[101.89995,15.25464],[101.89974,15.25549],[101.89978,15.25549],[101.89978,15.2554]]]],"type":"MultiPolygon"}},{"type":"Feature","properties":{"tb":"300812","tb_name":"ต.หนองบัวละคร","ap_name":"อ.ด่านขุนทด","area_rai":0.04,"img":"S1C_20260928_0550, S1C_20260928_1819, S1D_20260929_1812, S1D_20261002_0609","in_area":false,"near":true,"bldg":0,"pop":0,"school":0,"hosp":0},"geometry":{"coordinates":[[[[101.88765,15.24611],[101.88766,15.24607],[101.88765,15.24607],[101.88765,15.24611]]],[[[101.88756,15.24646],[101.88761,15.24626],[101.88756,15.24626],[101.88756,15.24646]]]],"type":"MultiPolygon"}},{"type":"Feature","properties":{"tb":"300812","tb_name":"ต.หนองบัวละคร","ap_name":"อ.ด่านขุนทด","area_rai":11.44,"img":"S1C_20260928_0550, S1C_20260928_1819, S1D_20260929_1812, S1D_20261002_0609","in_area":false,"near":true,"bldg":0,"pop":0,"school":0,"hosp":0},"geometry":{"coordinates":[[[[101.88748,15.24716],[101.88748,15.24725],[101.88739,15.24725],[101.88739,15.24761],[101.88767,15.24761],[101.88767,15.24752],[101.88776,15.24752],[101.88776,15.24743],[101.88785,15.24743],[101.88785,15.24726],[101.88757,15.247],[101.88757,15.24716],[101.88748,15.24716]]],[[[101.88823,15.24769],[101.88823,15.24778],[101.88805,15.24778],[101.88805,15.24788],[101.88795,15.24788],[101.88796,15.24806],[101.88786,15.24806],[101.88787,15.24824],[101.88777,15.24824],[101.88778,15.24842],[101.88768,15.24842],[101.88768,15.2486],[101.88759,15.2486],[101.88759,15.24869],[101.88731,15.2487],[101.88732,15.24906],[101.88797,15.24905],[101.88797,15.24914],[101.88806,15.24914],[101.88807,15.24932],[101.88825,15.24932],[101.88825,15.24941],[101.88853,15.2494],[101.88853,15.24931],[101.88862,15.24931],[101.88862,15.24904],[101.88853,15.24904],[101.88853,15.24895],[101.88834,15.24896],[101.88834,15.24886],[101.88825,15.24887],[101.88824,15.2486],[101.88834,15.24859],[101.88833,15.2485],[101.88861,15.2485],[101.88861,15.24859],[101.88871,15.24859],[101.88871,15.24868],[101.88881,15.24868],[101.88892,15.24824],[101.88832,15.24769],[101.88832,15.24769],[101.88823,15.24769]]]],"type":"MultiPolygon"}},{"type":"Feature","properties":{"tb":"300817","tb_name":"ต.โนนเมืองพัฒนา","ap_name":"อ.ด่านขุนทด","area_rai":8.74,"img":"S1C_20260928_0550, S1C_20260928_1819, S1D_20260929_1812, S1D_20261002_0609","in_area":false,"near":true,"bldg":0,"pop":0,"school":0,"hosp":0},"geometry":{"coordinates":[[[[101.89929,15.24139],[101.89911,15.24171],[101.89896,15.24196],[101.89884,15.24229],[101.89875,15.24259],[101.89869,15.24277],[101.89869,15.24298],[101.89881,15.24344],[101.89884,15.2436],[101.89917,15.24351],[101.89965,15.2416],[101.89933,15.2413],[101.89929,15.24139]]]],"type":"MultiPolygon"}},{"type":"Feature","properties":{"tb":"300812","tb_name":"ต.หนองบัวละคร","ap_name":"อ.ด่านขุนทด","area_rai":3.08,"img":"S1C_20260928_0550, S1C_20260928_1819, S1D_20260929_1812, S1D_20261002_0609","in_area":false,"near":true,"bldg":0,"pop":0,"school":0,"hosp":0},"geometry":{"coordinates":[[[[101.89296,15.24211],[101.89292,15.24173],[101.89284,15.2416],[101.89274,15.24151],[101.8926,15.2415],[101.89244,15.24149],[101.89233,15.24194],[101.89301,15.24256],[101.89296,15.24211]]]],"type":"MultiPolygon"}},{"type":"Feature","properties":{"tb":"300817","tb_name":"ต.โนนเมืองพัฒนา","ap_name":"อ.ด่านขุนทด","area_rai":28.16,"img":"S1C_20260928_0550, S1C_20260928_1819, S1D_20260929_1812, S1D_20261002_0609","in_area":false,"near":true,"bldg":0,"pop":0,"school":0,"hosp":0},"geometry":{"coordinates":[[[[101.90207,15.23911],[101.90207,15.2391],[101.90138,15.23847],[101.90137,15.23846],[101.90122,15.23849],[101.90102,15.2386],[101.90082,15.23869],[101.90061,15.23878],[101.90033,15.23891],[101.9001,15.239],[101.8999,15.23913],[101.8998,15.23928],[101.89973,15.23952],[101.89969,15.23988],[101.89966,15.24002],[101.89962,15.24029],[101.89953,15.24056],[101.89945,15.24103],[101.89933,15.2413],[101.89965,15.2416],[101.90003,15.24149],[101.89996,15.24149],[101.89995,15.24095],[101.90004,15.24095],[101.90004,15.24086],[101.90014,15.24086],[101.90013,15.24077],[101.90051,15.24076],[101.90051,15.24085],[101.90079,15.24085],[101.90078,15.24031],[101.90087,15.2403],[101.90087,15.24021],[101.90115,15.24021],[101.90115,15.24012],[101.90124,15.24012],[101.90124,15.23985],[101.90133,15.23985],[101.90133,15.23976],[101.90142,15.23976],[101.90142,15.23966],[101.90152,15.23966],[101.90151,15.23948],[101.90161,15.23948],[101.9016,15.23939],[101.9017,15.23939],[101.9017,15.2393],[101.90179,15.2393],[101.90179,15.23921],[101.90181,15.23921],[101.90188,15.23921],[101.90188,15.23912],[101.90207,15.23911]]]],"type":"MultiPolygon"}},{"type":"Feature","properties":{"tb":"300812","tb_name":"ต.หนองบัวละคร","ap_name":"อ.ด่านขุนทด","area_rai":2.46,"img":"S1C_20260928_0550, S1C_20260928_1819, S1D_20260929_1812, S1D_20261002_0609","in_area":false,"near":true,"bldg":0,"pop":0,"school":0,"hosp":0},"geometry":{"coordinates":[[[[101.88217,15.23942],[101.88233,15.23941],[101.88244,15.23935],[101.88252,15.23927],[101.88255,15.23911],[101.88257,15.23906],[101.88267,15.23898],[101.88285,15.23892],[101.88301,15.23888],[101.8832,15.23881],[101.8833,15.23873],[101.88336,15.2386],[101.88337,15.23848],[101.8834,15.23837],[101.88341,15.23836],[101.88308,15.23837],[101.88308,15.23846],[101.88299,15.23846],[101.88299,15.23864],[101.8829,15.23864],[101.8829,15.23873],[101.88281,15.23873],[101.88281,15.23882],[101.88271,15.23882],[101.88272,15.23891],[101.88262,15.23891],[101.88262,15.239],[101.88244,15.23901],[101.88244,15.2391],[101.88225,15.2391],[101.88225,15.23919],[101.88218,15.23919],[101.88212,15.23942],[101.88217,15.23942]]]],"type":"MultiPolygon"}},{"type":"Feature","properties":{"tb":"300812","tb_name":"ต.หนองบัวละคร","ap_name":"อ.ด่านขุนทด","area_rai":23.54,"img":"S1C_20260928_0550, S1C_20260928_1819, S1D_20260929_1812, S1D_20261002_0609","in_area":false,"near":true,"bldg":0,"pop":0,"school":0,"hosp":0},"geometry":{"coordinates":[[[[101.88828,15.24156],[101.88776,15.24165],[101.88815,15.24164],[101.88815,15.24173],[101.88824,15.24173],[101.88824,15.24182],[101.88834,15.24182],[101.88834,15.24218],[101.88825,15.24218],[101.88826,15.24272],[101.88835,15.24272],[101.88835,15.24281],[101.88844,15.24281],[101.88845,15.24326],[101.88836,15.24327],[101.88836,15.24363],[101.88845,15.24363],[101.88845,15.24372],[101.88855,15.24371],[101.88855,15.2438],[101.88883,15.2438],[101.88883,15.24371],[101.88892,15.24371],[101.88892,15.24362],[101.88901,15.24362],[101.88901,15.24353],[101.8891,15.24353],[101.88909,15.24289],[101.88919,15.24289],[101.88918,15.24262],[101.88928,15.24262],[101.88928,15.24253],[101.88946,15.24253],[101.88946,15.24244],[101.88965,15.24244],[101.88965,15.24235],[101.88983,15.24234],[101.88983,15.24225],[101.88992,15.24225],[101.88992,15.24216],[101.89,15.24216],[101.88903,15.24127],[101.88883,15.24138],[101.88828,15.24156]]],[[[101.89011,15.24261],[101.89002,15.24261],[101.89002,15.2427],[101.88993,15.2427],[101.88993,15.24279],[101.88984,15.24279],[101.88984,15.24288],[101.88956,15.24289],[101.88956,15.24298],[101.88947,15.24298],[101.88947,15.24334],[101.88957,15.24334],[101.88957,15.24352],[101.88966,15.24352],[101.88966,15.2437],[101.88976,15.2437],[101.88976,15.24397],[101.89001,15.24397],[101.89038,15.24251],[101.89029,15.24243],[101.89011,15.24243],[101.89011,15.24261]]]],"type":"MultiPolygon"}},{"type":"Feature","properties":{"tb":"300812","tb_name":"ต.หนองบัวละคร","ap_name":"อ.ด่านขุนทด","area_rai":1.43,"img":"S1C_20260928_0550, S1C_20260928_1819, S1D_20260929_1812, S1D_20261002_0609","in_area":false,"near":true,"bldg":0,"pop":0,"school":0,"hosp":0},"geometry":{"coordinates":[[[[101.88528,15.23532],[101.88531,15.23519],[101.88532,15.23512],[101.885,15.23521],[101.88477,15.23609],[101.88481,15.23609],[101.8849,15.23598],[101.88528,15.23532]]]],"type":"MultiPolygon"}},{"type":"Feature","properties":{"tb":"300812","tb_name":"ต.หนองบัวละคร","ap_name":"อ.ด่านขุนทด","area_rai":16.46,"img":"S1C_20260928_0550, S1C_20260928_1819, S1D_20260929_1812, S1D_20261002_0609","in_area":false,"near":true,"bldg":0,"pop":0,"school":0,"hosp":0},"geometry":{"coordinates":[[[[101.89234,15.24149],[101.89206,15.24147],[101.89174,15.24144],[101.89153,15.24141],[101.89139,15.24132],[101.8913,15.24123],[101.89118,15.24103],[101.89088,15.24069],[101.89069,15.24055],[101.89054,15.24052],[101.89035,15.24057],[101.88975,15.24088],[101.88903,15.24127],[101.89,15.24216],[101.89001,15.24216],[101.89001,15.24207],[101.89011,15.24207],[101.8901,15.24189],[101.8902,15.24189],[101.89018,15.24089],[101.89028,15.24089],[101.89027,15.24071],[101.89037,15.24071],[101.89037,15.24062],[101.89065,15.24062],[101.89065,15.24071],[101.89074,15.24071],[101.89074,15.2408],[101.89083,15.24079],[101.89083,15.24089],[101.89093,15.24088],[101.89093,15.24097],[101.89102,15.24097],[101.89102,15.24106],[101.89112,15.24106],[101.89112,15.24115],[101.89121,15.24115],[101.89121,15.24124],[101.8913,15.24124],[101.89131,15.24151],[101.89122,15.24151],[101.89122,15.2416],[101.89112,15.2416],[101.89112,15.24169],[101.89103,15.2417],[101.89103,15.24179],[101.89085,15.24179],[101.89085,15.24188],[101.89076,15.24188],[101.89076,15.24206],[101.89066,15.24206],[101.89067,15.24233],[101.8903,15.24234],[101.8903,15.24243],[101.89029,15.24243],[101.89038,15.24251],[101.89233,15.24194],[101.89244,15.24149],[101.89234,15.24149]]]],"type":"MultiPolygon"}},{"type":"Feature","properties":{"tb":"300817","tb_name":"ต.โนนเมืองพัฒนา","ap_name":"อ.ด่านขุนทด","area_rai":7.33,"img":"S1C_20260928_0550, S1C_20260928_1819, S1D_20260929_1812, S1D_20261002_0609","in_area":false,"near":true,"bldg":0,"pop":0,"school":0,"hosp":0},"geometry":{"coordinates":[[[[101.89956,15.24637],[101.89965,15.24637],[101.89965,15.24628],[101.89975,15.24628],[101.89974,15.24601],[101.89983,15.24601],[101.89983,15.24592],[101.89993,15.24592],[101.89993,15.24583],[101.90011,15.24582],[101.9001,15.24492],[101.90001,15.24492],[101.9,15.24438],[101.90009,15.24438],[101.90009,15.24436],[101.89917,15.24351],[101.89884,15.2436],[101.89887,15.24378],[101.89891,15.24399],[101.89897,15.24413],[101.89926,15.2443],[101.89942,15.24446],[101.89956,15.24461],[101.89962,15.24468],[101.89974,15.24476],[101.89994,15.24494],[101.90007,15.24517],[101.90007,15.24538],[101.90003,15.24558],[101.89991,15.24574],[101.8998,15.24583],[101.89965,15.24588],[101.89964,15.2459],[101.89948,15.24631],[101.89946,15.24646],[101.89956,15.24646],[101.89956,15.24637]]]],"type":"MultiPolygon"}},{"type":"Feature","properties":{"tb":"300817","tb_name":"ต.โนนเมืองพัฒนา","ap_name":"อ.ด่านขุนทด","area_rai":13.51,"img":"S1C_20260928_0550, S1C_20260928_1819, S1D_20260929_1812, S1D_20261002_0609","in_area":false,"near":true,"bldg":0,"pop":0,"school":0,"hosp":0},"geometry":{"coordinates":[[[[101.90007,15.24266],[101.90016,15.24266],[101.90016,15.24248],[101.90025,15.24248],[101.90024,15.24185],[101.90015,15.24185],[101.90015,15.24167],[101.90005,15.24167],[101.90005,15.24149],[101.90003,15.24149],[101.89965,15.2416],[101.89917,15.24351],[101.90009,15.24436],[101.90007,15.24266]]]],"type":"MultiPolygon"}},{"type":"Feature","properties":{"tb":"300812","tb_name":"ต.หนองบัวละคร","ap_name":"อ.ด่านขุนทด","area_rai":25.69,"img":"S1C_20260928_0550, S1C_20260928_1819, S1D_20260929_1812, S1D_20261002_0609","in_area":false,"near":true,"bldg":0,"pop":0,"school":0,"hosp":0},"geometry":{"coordinates":[[[[101.89327,15.2487],[101.89312,15.24868],[101.89303,15.24866],[101.89292,15.24863],[101.89288,15.24844],[101.89267,15.24759],[101.89233,15.24708],[101.89163,15.24647],[101.89154,15.2463],[101.8915,15.24616],[101.89154,15.24603],[101.89169,15.24593],[101.89184,15.24585],[101.89199,15.24573],[101.89206,15.24558],[101.89206,15.24556],[101.89136,15.24576],[101.89087,15.24767],[101.89234,15.24902],[101.8933,15.24874],[101.89327,15.2487]]]],"type":"MultiPolygon"}},{"type":"Feature","properties":{"tb":"300812","tb_name":"ต.หนองบัวละคร","ap_name":"อ.ด่านขุนทด","area_rai":41.77,"img":"S1C_20260928_0550, S1C_20260928_1819, S1D_20260929_1812, S1D_20261002_0609","in_area":false,"near":true,"bldg":0,"pop":0,"school":0,"hosp":0},"geometry":{"coordinates":[[[[101.89108,15.24558],[101.89109,15.24567],[101.89099,15.24567],[101.89099,15.24576],[101.8909,15.24576],[101.8909,15.24585],[101.89081,15.24585],[101.89082,15.24658],[101.89073,15.24658],[101.89073,15.24667],[101.89063,15.24667],[101.89064,15.24676],[101.89054,15.24676],[101.89054,15.24685],[101.89045,15.24685],[101.89045,15.24694],[101.89008,15.24695],[101.89008,15.24677],[101.88998,15.24677],[101.88998,15.24631],[101.88989,15.24632],[101.88988,15.24614],[101.88979,15.24614],[101.88979,15.24596],[101.88969,15.24596],[101.88969,15.24587],[101.88895,15.24588],[101.88895,15.24579],[101.88886,15.24579],[101.88885,15.2457],[101.88858,15.2457],[101.88858,15.24606],[101.8883,15.24607],[101.8883,15.24598],[101.88802,15.24598],[101.88802,15.24607],[101.88766,15.24607],[101.88765,15.24611],[101.88765,15.24625],[101.88761,15.24626],[101.88756,15.24646],[101.88757,15.247],[101.88785,15.24726],[101.88785,15.24688],[101.88794,15.24688],[101.88794,15.2467],[101.88822,15.2467],[101.88822,15.24679],[101.88831,15.24679],[101.88831,15.24706],[101.88822,15.24706],[101.88823,15.24733],[101.88832,15.24733],[101.88832,15.24769],[101.88892,15.24824],[101.89087,15.24767],[101.89136,15.24576],[101.89115,15.24558],[101.89108,15.24558]]]],"type":"MultiPolygon"}},{"type":"Feature","properties":{"tb":"300907","tb_name":"ต.บัลลังก์","ap_name":"อ.โนนไทย","area_rai":0.44,"img":"S1C_20260928_0550, S1C_20260928_1819, S1D_20260929_1812, S1D_20261002_0609","in_area":true,"near":true,"bldg":0,"pop":0,"school":0,"hosp":0},"geometry":{"coordinates":[[[[101.87347,15.2225],[101.8731,15.22251],[101.8731,15.22272],[101.87347,15.22261],[101.87347,15.2225]]]],"type":"MultiPolygon"}},{"type":"Feature","properties":{"tb":"300907","tb_name":"ต.บัลลังก์","ap_name":"อ.โนนไทย","area_rai":7.22,"img":"S1C_20260928_0550, S1C_20260928_1819, S1D_20260929_1812, S1D_20261002_0609","in_area":true,"near":true,"bldg":0,"pop":0,"school":0,"hosp":0},"geometry":{"coordinates":[[[[101.87585,15.22004],[101.87576,15.22004],[101.87576,15.21989],[101.87576,15.21986],[101.87539,15.21986],[101.87539,15.21989],[101.87539,15.21995],[101.87511,15.21995],[101.87511,15.21989],[101.87511,15.21986],[101.87501,15.21987],[101.87501,15.21978],[101.87492,15.21978],[101.87492,15.21951],[101.87501,15.2195],[101.87501,15.21923],[101.87491,15.21923],[101.87491,15.21914],[101.87482,15.21915],[101.87482,15.21906],[101.87454,15.21906],[101.87455,15.21969],[101.87445,15.21969],[101.87446,15.21989],[101.87446,15.22032],[101.87456,15.22032],[101.87456,15.2205],[101.87465,15.2205],[101.87465,15.2205],[101.87596,15.22012],[101.87586,15.22013],[101.87585,15.22004]]],[[[101.87613,15.22007],[101.87619,15.22006],[101.8762,15.22003],[101.87613,15.22003],[101.87613,15.22007]]]],"type":"MultiPolygon"}},{"type":"Feature","properties":{"tb":"300812","tb_name":"ต.หนองบัวละคร","ap_name":"อ.ด่านขุนทด","area_rai":3.89,"img":"S1C_20260928_0550, S1C_20260928_1819, S1D_20260929_1812, S1D_20261002_0609","in_area":false,"near":true,"bldg":0,"pop":0,"school":0,"hosp":0},"geometry":{"coordinates":[[[[101.87947,15.23968],[101.8791,15.23968],[101.8791,15.23959],[101.87882,15.23959],[101.87882,15.24005],[101.87879,15.24005],[101.87881,15.2401],[101.87889,15.24014],[101.87893,15.24018],[101.87904,15.24018],[101.87919,15.24009],[101.87938,15.24008],[101.87949,15.24015],[101.87971,15.24021],[101.87991,15.2402],[101.88009,15.24017],[101.88012,15.24016],[101.87947,15.23956],[101.87947,15.23968]]]],"type":"MultiPolygon"}},{"type":"Feature","properties":{"tb":"300812","tb_name":"ต.หนองบัวละคร","ap_name":"อ.ด่านขุนทด","area_rai":8.13,"img":"S1C_20260928_0550, S1C_20260928_1819, S1D_20260929_1812, S1D_20261002_0609","in_area":false,"near":true,"bldg":0,"pop":0,"school":0,"hosp":0},"geometry":{"coordinates":[[[[101.88078,15.23977],[101.8809,15.23973],[101.88111,15.23962],[101.88145,15.23951],[101.88212,15.23942],[101.88218,15.23919],[101.8816,15.2392],[101.8816,15.23929],[101.88142,15.23929],[101.88142,15.23938],[101.88077,15.23939],[101.88077,15.2393],[101.88012,15.23931],[101.88012,15.2394],[101.87956,15.2394],[101.87956,15.2395],[101.87947,15.2395],[101.87947,15.23956],[101.88012,15.24016],[101.88012,15.24016],[101.88034,15.2401],[101.88078,15.23977]]]],"type":"MultiPolygon"}},{"type":"Feature","properties":{"tb":"300812","tb_name":"ต.หนองบัวละคร","ap_name":"อ.ด่านขุนทด","area_rai":0.01,"img":"S1C_20260928_0550, S1C_20260928_1819, S1D_20260929_1812, S1D_20261002_0609","in_area":false,"near":true,"bldg":0,"pop":0,"school":0,"hosp":0},"geometry":{"coordinates":[[[[101.88034,15.2401],[101.88012,15.24016],[101.88023,15.24014],[101.88033,15.24011],[101.88034,15.2401]]]],"type":"MultiPolygon"}},{"type":"Feature","properties":{"tb":"300812","tb_name":"ต.หนองบัวละคร","ap_name":"อ.ด่านขุนทด","area_rai":7.95,"img":"S1C_20260928_0550, S1C_20260928_1819, S1D_20260929_1812, S1D_20261002_0609","in_area":false,"near":true,"bldg":0,"pop":0,"school":0,"hosp":0},"geometry":{"coordinates":[[[[101.87712,15.22417],[101.87712,15.22408],[101.87768,15.22408],[101.87767,15.22378],[101.8776,15.22372],[101.87758,15.22372],[101.87758,15.22369],[101.87717,15.22332],[101.87637,15.22355],[101.87637,15.22355],[101.87635,15.22355],[101.87627,15.22357],[101.87628,15.22364],[101.87618,15.22364],[101.87619,15.224],[101.87628,15.224],[101.87628,15.22409],[101.87647,15.22409],[101.87647,15.22418],[101.87656,15.22418],[101.87656,15.22427],[101.87703,15.22426],[101.87703,15.22417],[101.87712,15.22417]]],[[[101.87843,15.22479],[101.87843,15.22488],[101.87858,15.22488],[101.87864,15.22466],[101.87833,15.22438],[101.87834,15.22479],[101.87843,15.22479]]]],"type":"MultiPolygon"}},{"type":"Feature","properties":{"tb":"300907","tb_name":"ต.บัลลังก์","ap_name":"อ.โนนไทย","area_rai":12.59,"img":"S1C_20260928_0550, S1C_20260928_1819, S1D_20260929_1812, S1D_20261002_0609","in_area":true,"near":true,"bldg":0,"pop":0,"school":0,"hosp":0},"geometry":{"coordinates":[[[[101.87359,15.22476],[101.87369,15.22476],[101.87368,15.22467],[101.87378,15.22467],[101.87377,15.2244],[101.8735,15.2244],[101.87349,15.22395],[101.8734,15.22395],[101.87339,15.22386],[101.8733,15.22386],[101.87329,15.22305],[101.87338,15.22305],[101.87338,15.22287],[101.87347,15.22287],[101.87347,15.22261],[101.8731,15.22272],[101.8731,15.22305],[101.87301,15.22305],[101.87301,15.22314],[101.87292,15.22314],[101.87292,15.22323],[101.87274,15.22324],[101.87274,15.22333],[101.87255,15.22333],[101.87256,15.22387],[101.87265,15.22387],[101.87266,15.22459],[101.87275,15.22459],[101.87276,15.22493],[101.87277,15.22495],[101.87305,15.22513],[101.87305,15.22513],[101.87313,15.22513],[101.87313,15.22504],[101.8736,15.22503],[101.87359,15.22476]]]],"type":"MultiPolygon"}},{"type":"Feature","properties":{"tb":"300812","tb_name":"ต.หนองบัวละคร","ap_name":"อ.ด่านขุนทด","area_rai":3.94,"img":"S1C_20260928_0550, S1C_20260928_1819, S1D_20260929_1812, S1D_20261002_0609","in_area":false,"near":true,"bldg":0,"pop":0,"school":0,"hosp":0},"geometry":{"coordinates":[[[[101.8776,15.22163],[101.8776,15.22163],[101.87764,15.22162],[101.87764,15.22155],[101.87762,15.22155],[101.8776,15.22163]]],[[[101.87738,15.223],[101.87729,15.223],[101.87729,15.22285],[101.87717,15.22332],[101.87758,15.22369],[101.87757,15.22317],[101.87748,15.22318],[101.87748,15.22309],[101.87738,15.22309],[101.87738,15.223]]],[[[101.8776,15.22372],[101.87767,15.22378],[101.87767,15.22371],[101.8776,15.22372]]],[[[101.87977,15.22403],[101.87972,15.224],[101.87966,15.22399],[101.87957,15.224],[101.87949,15.22402],[101.87944,15.22406],[101.87944,15.22414],[101.87939,15.22414],[101.87935,15.22422],[101.87935,15.22424],[101.87934,15.22424],[101.87933,15.22427],[101.87926,15.22432],[101.87926,15.22442],[101.8788,15.22442],[101.8788,15.22433],[101.87861,15.22433],[101.87861,15.22424],[101.87833,15.22425],[101.87833,15.22438],[101.87864,15.22466],[101.87973,15.22435],[101.87972,15.22423],[101.87982,15.22423],[101.87982,15.22414],[101.8798,15.22412],[101.87977,15.22403]]]],"type":"MultiPolygon"}},{"type":"Feature","properties":{"tb":"300812","tb_name":"ต.หนองบัวละคร","ap_name":"อ.ด่านขุนทด","area_rai":34.7,"img":"S1C_20260928_0550, S1C_20260928_1819, S1D_20260929_1812, S1D_20261002_0609","in_area":false,"near":true,"bldg":0,"pop":0,"school":0,"hosp":0},"geometry":{"coordinates":[[[[101.87527,15.22155],[101.87537,15.22159],[101.87551,15.22172],[101.87567,15.2219],[101.87586,15.22202],[101.87616,15.22202],[101.87616,15.2221],[101.87619,15.22209],[101.87624,15.22202],[101.87638,15.22188],[101.87646,15.22184],[101.8766,15.22181],[101.87669,15.22181],[101.87681,15.22185],[101.87681,15.22183],[101.8769,15.22183],[101.8769,15.22174],[101.87718,15.22173],[101.87718,15.22182],[101.87742,15.22182],[101.8775,15.2217],[101.8776,15.22163],[101.87762,15.22155],[101.87746,15.22155],[101.87745,15.22146],[101.87736,15.22146],[101.87736,15.22137],[101.87732,15.22137],[101.87735,15.22161],[101.87711,15.22169],[101.87696,15.22116],[101.87688,15.22101],[101.87684,15.22082],[101.87681,15.22066],[101.87679,15.22066],[101.87679,15.22075],[101.87633,15.22075],[101.87633,15.22066],[101.87623,15.22066],[101.87623,15.22039],[101.87655,15.22039],[101.87619,15.22006],[101.87613,15.22007],[101.87613,15.22012],[101.87596,15.22012],[101.87465,15.2205],[101.87466,15.22113],[101.87457,15.22114],[101.87457,15.22168],[101.87467,15.22168],[101.87467,15.22186],[101.87476,15.22186],[101.87477,15.22222],[101.87502,15.22221],[101.87499,15.22209],[101.87494,15.22196],[101.87492,15.22186],[101.87494,15.22175],[101.875,15.22166],[101.87507,15.22161],[101.87527,15.22155]]],[[[101.877,15.22219],[101.87663,15.22219],[101.87662,15.22199],[101.87661,15.22199],[101.87649,15.22202],[101.87641,15.22211],[101.87653,15.2221],[101.87654,15.22274],[101.87636,15.22274],[101.87636,15.22292],[101.87627,15.22292],[101.87627,15.22301],[101.87617,15.22301],[101.87618,15.22328],[101.87636,15.22328],[101.87637,15.22355],[101.87717,15.22332],[101.87729,15.22285],[101.87728,15.22246],[101.87738,15.22245],[101.87737,15.22209],[101.877,15.2221],[101.877,15.22219]]],[[[101.87627,15.22357],[101.87635,15.22355],[101.87627,15.22355],[101.87627,15.22357]]]],"type":"MultiPolygon"}},{"type":"Feature","properties":{"tb":"300812","tb_name":"ต.หนองบัวละคร","ap_name":"อ.ด่านขุนทด","area_rai":19.65,"img":"S1C_20260928_0550, S1C_20260928_1819, S1D_20260929_1812, S1D_20261002_0609","in_area":false,"near":true,"bldg":0,"pop":0,"school":0,"hosp":0},"geometry":{"coordinates":[[[[101.88103,15.22457],[101.88094,15.22458],[101.88094,15.22485],[101.88085,15.22485],[101.88085,15.22494],[101.88057,15.22494],[101.88057,15.22485],[101.88038,15.22485],[101.88038,15.22476],[101.88029,15.22476],[101.88029,15.22467],[101.8802,15.22468],[101.88019,15.2245],[101.87973,15.2245],[101.87973,15.22435],[101.87864,15.22466],[101.87858,15.22488],[101.87927,15.22487],[101.87927,15.22496],[101.87936,15.22496],[101.87936,15.22505],[101.87955,15.22505],[101.87955,15.22514],[101.87983,15.22513],[101.87983,15.22495],[101.88011,15.22495],[101.88011,15.22504],[101.8802,15.22504],[101.88021,15.2254],[101.88076,15.22539],[101.88077,15.22566],[101.88086,15.22566],[101.88086,15.22575],[101.88095,15.22575],[101.88096,15.22584],[101.88105,15.22584],[101.88105,15.22593],[101.88114,15.22593],[101.88114,15.22602],[101.88124,15.22602],[101.88124,15.22611],[101.88133,15.22611],[101.88133,15.22629],[101.88143,15.22629],[101.88143,15.22647],[101.88152,15.22647],[101.88153,15.22692],[101.88162,15.22692],[101.88162,15.2271],[101.88163,15.2271],[101.88205,15.22544],[101.88103,15.2245],[101.88103,15.22457]]]],"type":"MultiPolygon"}},{"type":"Feature","properties":{"tb":"300812","tb_name":"ต.หนองบัวละคร","ap_name":"อ.ด่านขุนทด","area_rai":7.32,"img":"S1C_20260928_0550, S1C_20260928_1819, S1D_20260929_1812, S1D_20261002_0609","in_area":false,"near":true,"bldg":0,"pop":0,"school":0,"hosp":0},"geometry":{"coordinates":[[[[101.88415,15.23465],[101.88415,15.23474],[101.88396,15.23474],[101.88397,15.23519],[101.88406,15.23519],[101.88406,15.23546],[101.88416,15.23546],[101.88416,15.23564],[101.88425,15.23564],[101.88426,15.23591],[101.88435,15.23591],[101.88435,15.236],[101.88444,15.236],[101.88444,15.23609],[101.88477,15.23609],[101.885,15.23521],[101.88438,15.23465],[101.88415,15.23465]]]],"type":"MultiPolygon"}},{"type":"Feature","properties":{"tb":"300812","tb_name":"ต.หนองบัวละคร","ap_name":"อ.ด่านขุนทด","area_rai":49.59,"img":"S1C_20260928_0550, S1C_20260928_1819, S1D_20260929_1812, S1D_20261002_0609","in_area":false,"near":true,"bldg":0,"pop":0,"school":0,"hosp":0},"geometry":{"coordinates":[[[[101.88316,15.23042],[101.88316,15.23033],[101.88334,15.23033],[101.88334,15.23023],[101.88362,15.23023],[101.88362,15.23014],[101.88371,15.23014],[101.88371,15.23005],[101.8838,15.23005],[101.8838,15.22978],[101.88389,15.22978],[101.88389,15.22923],[101.88391,15.22923],[101.8839,15.22922],[101.88398,15.22921],[101.88398,15.22914],[101.88426,15.22914],[101.88426,15.2295],[101.88482,15.22949],[101.88482,15.22958],[101.88491,15.22958],[101.88492,15.22985],[101.88482,15.22985],[101.88483,15.23004],[101.88473,15.23004],[101.88474,15.23067],[101.88484,15.23067],[101.88484,15.23103],[101.88493,15.23103],[101.88494,15.23121],[101.88503,15.23121],[101.88503,15.23139],[101.88512,15.23139],[101.88513,15.23164],[101.88597,15.23139],[101.88645,15.22948],[101.88499,15.22814],[101.88303,15.2287],[101.8826,15.23042],[101.88316,15.23042]]]],"type":"MultiPolygon"}},{"type":"Feature","properties":{"tb":"300812","tb_name":"ต.หนองบัวละคร","ap_name":"อ.ด่านขุนทด","area_rai":9.18,"img":"S1C_20260928_0550, S1C_20260928_1819, S1D_20260929_1812, S1D_20261002_0609","in_area":false,"near":true,"bldg":0,"pop":0,"school":0,"hosp":0},"geometry":{"coordinates":[[[[101.88191,15.22767],[101.88191,15.22772],[101.88197,15.22772],[101.88191,15.22767]]],[[[101.88201,15.22776],[101.88201,15.22781],[101.88207,15.22781],[101.88201,15.22776]]],[[[101.8821,15.22784],[101.8821,15.2279],[101.88216,15.2279],[101.8821,15.22784]]],[[[101.88229,15.22853],[101.88239,15.22853],[101.8824,15.22907],[101.8823,15.22907],[101.8823,15.22925],[101.88221,15.22926],[101.88222,15.22953],[101.88212,15.22953],[101.88213,15.23016],[101.88222,15.23016],[101.88223,15.23034],[101.88241,15.23034],[101.88241,15.23043],[101.8826,15.23042],[101.88303,15.2287],[101.88219,15.22793],[101.8822,15.22817],[101.88229,15.22817],[101.88229,15.22853]],[[101.88276,15.22901],[101.88266,15.22895],[101.88271,15.22881],[101.88283,15.22886],[101.88276,15.22901]]]],"type":"MultiPolygon"}},{"type":"Feature","properties":{"tb":"300812","tb_name":"ต.หนองบัวละคร","ap_name":"อ.ด่านขุนทด","area_rai":33.29,"img":"S1C_20260928_0550, S1C_20260928_1819, S1D_20260929_1812, S1D_20261002_0609","in_area":false,"near":true,"bldg":0,"pop":0,"school":0,"hosp":0},"geometry":{"coordinates":[[[[101.88729,15.23329],[101.88743,15.23274],[101.88597,15.23139],[101.88513,15.23164],[101.88513,15.23211],[101.88523,15.23211],[101.88523,15.23238],[101.88532,15.23238],[101.88533,15.23319],[101.88543,15.23319],[101.88543,15.23346],[101.88552,15.23346],[101.88553,15.23355],[101.8859,15.23354],[101.8859,15.2338],[101.88611,15.2338],[101.88649,15.23378],[101.88688,15.23366],[101.88706,15.23317],[101.88712,15.23312],[101.88729,15.23329]]],[[[101.88539,15.23482],[101.88548,15.23472],[101.88556,15.23459],[101.88559,15.23421],[101.88568,15.23391],[101.88562,15.23391],[101.88562,15.234],[101.88507,15.23401],[101.88507,15.23419],[101.88498,15.23419],[101.88498,15.23428],[101.88488,15.23428],[101.88489,15.23437],[101.88479,15.23437],[101.88479,15.23446],[101.88461,15.23446],[101.88461,15.23455],[101.88442,15.23456],[101.88442,15.23465],[101.88438,15.23465],[101.885,15.23521],[101.88532,15.23512],[101.88534,15.23503],[101.88539,15.23482]]]],"type":"MultiPolygon"}},{"type":"Feature","properties":{"tb":"300812","tb_name":"ต.หนองบัวละคร","ap_name":"อ.ด่านขุนทด","area_rai":0.4,"img":"S1C_20260928_0550, S1C_20260928_1819, S1D_20260929_1812, S1D_20261002_0609","in_area":false,"near":true,"bldg":0,"pop":0,"school":0,"hosp":0},"geometry":{"coordinates":[[[[101.84749,15.22699],[101.84748,15.22663],[101.84739,15.22663],[101.84739,15.2266],[101.84739,15.2266],[101.84729,15.22699],[101.84749,15.22699]]]],"type":"MultiPolygon"}},{"type":"Feature","properties":{"tb":"300812","tb_name":"ต.หนองบัวละคร","ap_name":"อ.ด่านขุนทด","area_rai":22.2,"img":"S1C_20260928_0550, S1C_20260928_1819, S1D_20260929_1812, S1D_20261002_0609","in_area":false,"near":true,"bldg":0,"pop":0,"school":0,"hosp":0},"geometry":{"coordinates":[[[[101.84618,15.22692],[101.84628,15.22691],[101.84627,15.22682],[101.84637,15.22682],[101.84637,15.22673],[101.84646,15.22673],[101.84646,15.22664],[101.84692,15.22664],[101.84692,15.22673],[101.84702,15.22672],[101.84702,15.22681],[101.84711,15.22681],[101.84711,15.2269],[101.84721,15.2269],[101.84721,15.22699],[101.84729,15.22699],[101.84739,15.2266],[101.84654,15.22583],[101.84626,15.22583],[101.84626,15.22574],[101.84552,15.22575],[101.84551,15.22548],[101.84542,15.22548],[101.84542,15.2254],[101.84514,15.22548],[101.84514,15.22575],[101.84505,15.22576],[101.84505,15.22585],[101.84477,15.22585],[101.84477,15.22576],[101.84468,15.22576],[101.84468,15.22562],[101.84421,15.22575],[101.84422,15.22586],[101.8444,15.22585],[101.8444,15.22594],[101.8445,15.22594],[101.8445,15.22612],[101.84459,15.22612],[101.84459,15.22621],[101.84469,15.22621],[101.84469,15.22639],[101.84478,15.22639],[101.84478,15.22648],[101.84487,15.22648],[101.84488,15.22657],[101.84525,15.22657],[101.84525,15.22684],[101.84534,15.22684],[101.84535,15.22711],[101.84544,15.22711],[101.84545,15.22747],[101.84554,15.22747],[101.84554,15.22756],[101.8461,15.22755],[101.84609,15.22701],[101.84618,15.22701],[101.84618,15.22692]]]],"type":"MultiPolygon"}},{"type":"Feature","properties":{"tb":"300812","tb_name":"ต.หนองบัวละคร","ap_name":"อ.ด่านขุนทด","area_rai":2.01,"img":"S1C_20260928_0550, S1C_20260928_1819, S1D_20260929_1812, S1D_20261002_0609","in_area":false,"near":true,"bldg":0,"pop":0,"school":0,"hosp":0},"geometry":{"coordinates":[[[[101.84738,15.22609],[101.84729,15.22609],[101.84729,15.226],[101.84719,15.226],[101.84719,15.22591],[101.84701,15.22591],[101.84701,15.22582],[101.84654,15.22583],[101.84739,15.2266],[101.84739,15.2266],[101.84738,15.22609]]]],"type":"MultiPolygon"}},{"type":"Feature","properties":{"tb":"300812","tb_name":"ต.หนองบัวละคร","ap_name":"อ.ด่านขุนทด","area_rai":5.41,"img":"S1C_20260928_0550, S1C_20260928_1819, S1D_20260929_1812, S1D_20261002_0609","in_area":false,"near":true,"bldg":0,"pop":0,"school":0,"hosp":0},"geometry":{"coordinates":[[[[101.83549,15.22705],[101.83558,15.22705],[101.83558,15.22696],[101.83595,15.22696],[101.83595,15.22705],[101.83632,15.22704],[101.83632,15.22686],[101.83642,15.22686],[101.83641,15.22659],[101.83623,15.22659],[101.83622,15.2265],[101.83604,15.2265],[101.83604,15.22634],[101.83483,15.22669],[101.83483,15.2267],[101.83492,15.2267],[101.83493,15.22679],[101.83502,15.22679],[101.83502,15.22688],[101.83511,15.22688],[101.83511,15.22697],[101.83521,15.22696],[101.83521,15.22715],[101.83549,15.22714],[101.83549,15.22705]]]],"type":"MultiPolygon"}},{"type":"Feature","properties":{"tb":"300812","tb_name":"ต.หนองบัวละคร","ap_name":"อ.ด่านขุนทด","area_rai":0.63,"img":"S1C_20260928_0550, S1C_20260928_1819, S1D_20260929_1812, S1D_20261002_0609","in_area":false,"near":true,"bldg":0,"pop":0,"school":0,"hosp":0},"geometry":{"coordinates":[[[[101.84514,15.22539],[101.84514,15.22548],[101.84542,15.2254],[101.84542,15.22539],[101.84514,15.22539]]],[[[101.8444,15.22549],[101.8444,15.22558],[101.84421,15.22559],[101.84421,15.22575],[101.84468,15.22562],[101.84468,15.22549],[101.8444,15.22549]]]],"type":"MultiPolygon"}},{"type":"Feature","properties":{"tb":"300907","tb_name":"ต.บัลลังก์","ap_name":"อ.โนนไทย","area_rai":0.03,"img":"S1C_20260928_0550, S1C_20260928_1819, S1D_20260929_1812, S1D_20261002_0609","in_area":true,"near":true,"bldg":0,"pop":0,"school":0,"hosp":0},"geometry":{"coordinates":[[[[101.88197,15.21833],[101.88197,15.21839],[101.88205,15.21837],[101.88205,15.21833],[101.88197,15.21833]]]],"type":"MultiPolygon"}},{"type":"Feature","properties":{"tb":"300907","tb_name":"ต.บัลลังก์","ap_name":"อ.โนนไทย","area_rai":16.93,"img":"S1C_20260928_0550, S1C_20260928_1819, S1D_20260929_1812, S1D_20261002_0609","in_area":true,"near":true,"bldg":0,"pop":0,"school":0,"hosp":0},"geometry":{"coordinates":[[[[101.88188,15.21842],[101.88188,15.21851],[101.88169,15.21852],[101.88169,15.21861],[101.8816,15.21861],[101.8816,15.2187],[101.88151,15.2187],[101.88151,15.21878],[101.88168,15.21888],[101.88187,15.2189],[101.88203,15.21885],[101.88229,15.21882],[101.88245,15.21884],[101.88261,15.21888],[101.88205,15.21837],[101.88197,15.21839],[101.88197,15.21842],[101.88188,15.21842]]],[[[101.88345,15.21989],[101.88346,15.2199],[101.88351,15.21971],[101.88294,15.21919],[101.88298,15.21942],[101.88322,15.21973],[101.88345,15.21989]]],[[[101.882,15.22061],[101.88208,15.2205],[101.88217,15.2204],[101.88223,15.22029],[101.88222,15.22018],[101.88217,15.22009],[101.8821,15.22002],[101.88204,15.21996],[101.88197,15.21993],[101.88186,15.21992],[101.88176,15.2199],[101.88169,15.2198],[101.88159,15.21967],[101.88152,15.21964],[101.88148,15.21958],[101.8814,15.21942],[101.88129,15.21932],[101.88116,15.21932],[101.88109,15.21923],[101.88106,15.21915],[101.88106,15.21907],[101.88105,15.21907],[101.88106,15.2197],[101.88097,15.2197],[101.88097,15.21979],[101.88087,15.21979],[101.88087,15.21988],[101.88069,15.21988],[101.88069,15.21989],[101.88069,15.21997],[101.8805,15.21998],[101.88051,15.22007],[101.88032,15.22007],[101.88032,15.22016],[101.87999,15.22016],[101.88012,15.22024],[101.88027,15.22049],[101.88111,15.22089],[101.88134,15.22087],[101.88146,15.22084],[101.88152,15.22082],[101.88153,15.22081],[101.88175,15.22076],[101.88179,15.22076],[101.882,15.22061]]]],"type":"MultiPolygon"}},{"type":"Feature","properties":{"tb":"300907","tb_name":"ต.บัลลังก์","ap_name":"อ.โนนไทย","area_rai":0.97,"img":"S1C_20260928_0550, S1C_20260928_1819, S1D_20260929_1812, S1D_20261002_0609","in_area":true,"near":true,"bldg":0,"pop":0,"school":0,"hosp":0},"geometry":{"coordinates":[[[[101.8766,15.22039],[101.8766,15.22021],[101.87669,15.22021],[101.87669,15.22019],[101.87662,15.21994],[101.87662,15.21994],[101.87632,15.21994],[101.87632,15.22003],[101.8762,15.22003],[101.87619,15.22006],[101.87655,15.22039],[101.8766,15.22039]]]],"type":"MultiPolygon"}},{"type":"Feature","properties":{"tb":"300907","tb_name":"ต.บัลลังก์","ap_name":"อ.โนนไทย","area_rai":31.87,"img":"S1C_20260928_0550, S1C_20260928_1819, S1D_20260929_1812, S1D_20261002_0609","in_area":true,"near":true,"bldg":0,"pop":0,"school":0,"hosp":0},"geometry":{"coordinates":[[[[101.88453,15.21873],[101.88463,15.21858],[101.88474,15.2185],[101.88486,15.21845],[101.88495,15.21843],[101.88503,15.21837],[101.88506,15.21824],[101.88505,15.21791],[101.88504,15.21784],[101.88499,15.21777],[101.88465,15.21756],[101.88462,15.21748],[101.88438,15.21749],[101.88438,15.21758],[101.8841,15.21758],[101.8841,15.21749],[101.884,15.21749],[101.884,15.21731],[101.88391,15.21731],[101.88391,15.21722],[101.88354,15.21723],[101.88354,15.21732],[101.88335,15.21732],[101.88335,15.21741],[101.88326,15.21741],[101.88326,15.2175],[101.88307,15.2175],[101.88308,15.21759],[101.88298,15.2176],[101.88298,15.21769],[101.88289,15.21769],[101.88289,15.21778],[101.8828,15.21778],[101.8828,15.21787],[101.88271,15.21787],[101.88271,15.21796],[101.88262,15.21796],[101.88262,15.21805],[101.88243,15.21805],[101.88243,15.21814],[101.88234,15.21815],[101.88234,15.21824],[101.88215,15.21824],[101.88216,15.21833],[101.88205,15.21833],[101.88205,15.21837],[101.88261,15.21888],[101.88271,15.21891],[101.88285,15.21904],[101.88293,15.21917],[101.88294,15.21919],[101.88351,15.21971],[101.88418,15.21952],[101.88421,15.21924],[101.88424,15.2192],[101.88433,15.21915],[101.88439,15.21908],[101.88442,15.21898],[101.88453,15.21873]]]],"type":"MultiPolygon"}},{"type":"Feature","properties":{"tb":"300812","tb_name":"ต.หนองบัวละคร","ap_name":"อ.ด่านขุนทด","area_rai":1.2,"img":"S1C_20260928_0550, S1C_20260928_1819, S1D_20260929_1812, S1D_20261002_0609","in_area":false,"near":true,"bldg":0,"pop":0,"school":0,"hosp":0},"geometry":{"coordinates":[[[[101.88428,15.22417],[101.88428,15.22416],[101.88426,15.22412],[101.88421,15.22407],[101.88416,15.22426],[101.88419,15.22426],[101.88419,15.22417],[101.88428,15.22417]]],[[[101.88405,15.22472],[101.8841,15.22472],[101.8841,15.22451],[101.88405,15.22472]]],[[[101.88401,15.22489],[101.88401,15.22486],[101.88401,15.22488],[101.88401,15.22489]]],[[[101.88459,15.2249],[101.88447,15.22456],[101.88448,15.22489],[101.88438,15.22489],[101.88439,15.22498],[101.88429,15.22498],[101.88429,15.22507],[101.88422,15.22508],[101.88451,15.22534],[101.88467,15.22534],[101.88467,15.22528],[101.88464,15.22525],[101.88459,15.2249]]],[[[101.88509,15.22588],[101.88529,15.22605],[101.88518,15.22586],[101.88514,15.22582],[101.88514,15.22588],[101.88509,15.22588]]]],"type":"MultiPolygon"}},{"type":"Feature","properties":{"tb":"300812","tb_name":"ต.หนองบัวละคร","ap_name":"อ.ด่านขุนทด","area_rai":31.13,"img":"S1C_20260928_0550, S1C_20260928_1819, S1D_20260929_1812, S1D_20261002_0609","in_area":false,"near":true,"bldg":0,"pop":0,"school":0,"hosp":0},"geometry":{"coordinates":[[[[101.88401,15.22472],[101.88405,15.22472],[101.8841,15.22451],[101.8841,15.22426],[101.88416,15.22426],[101.88421,15.22407],[101.88405,15.2239],[101.88384,15.2238],[101.88362,15.22369],[101.88319,15.22352],[101.88311,15.22352],[101.88298,15.22353],[101.88287,15.22353],[101.88279,15.22349],[101.88268,15.22345],[101.88255,15.22344],[101.88246,15.22344],[101.88222,15.2235],[101.88194,15.22363],[101.88183,15.22371],[101.88175,15.22373],[101.88167,15.22372],[101.88159,15.2237],[101.88155,15.2237],[101.88155,15.22373],[101.88156,15.22378],[101.88166,15.22386],[101.88167,15.22397],[101.88165,15.22406],[101.88164,15.22407],[101.88164,15.22408],[101.88162,15.22409],[101.88157,15.22418],[101.88155,15.22419],[101.88151,15.22422],[101.88136,15.22426],[101.88117,15.22426],[101.88112,15.22426],[101.88112,15.2243],[101.88103,15.2243],[101.88103,15.2245],[101.88205,15.22544],[101.88401,15.22488],[101.88401,15.22486],[101.88401,15.22472]]]],"type":"MultiPolygon"}},{"type":"Feature","properties":{"tb":"300812","tb_name":"ต.หนองบัวละคร","ap_name":"อ.ด่านขุนทด","area_rai":14.95,"img":"S1C_20260928_0550, S1C_20260928_1819, S1D_20260929_1812, S1D_20261002_0609","in_area":false,"near":true,"bldg":0,"pop":49,"school":0,"hosp":0},"geometry":{"coordinates":[[[[101.8865,15.22931],[101.8864,15.22876],[101.88618,15.22834],[101.88591,15.22749],[101.88568,15.22694],[101.88589,15.22683],[101.88593,15.2267],[101.88594,15.22656],[101.88591,15.2265],[101.88586,15.22649],[101.88574,15.22651],[101.8856,15.22654],[101.88551,15.22653],[101.88544,15.22637],[101.88525,15.2271],[101.88526,15.2275],[101.88516,15.2275],[101.88517,15.22768],[101.8851,15.22768],[101.88499,15.22814],[101.88645,15.22948],[101.88657,15.22945],[101.8865,15.22931]]]],"type":"MultiPolygon"}},{"type":"Feature","properties":{"tb":"300812","tb_name":"ต.หนองบัวละคร","ap_name":"อ.ด่านขุนทด","area_rai":19.34,"img":"S1C_20260928_0550, S1C_20260928_1819, S1D_20260929_1812, S1D_20261002_0609","in_area":false,"near":true,"bldg":0,"pop":0,"school":0,"hosp":0},"geometry":{"coordinates":[[[[101.89398,15.25157],[101.89409,15.25141],[101.89415,15.25115],[101.8942,15.25092],[101.89424,15.25074],[101.89433,15.2506],[101.89445,15.25044],[101.89448,15.25029],[101.8944,15.24979],[101.8943,15.24941],[101.89422,15.24936],[101.89396,15.24935],[101.89365,15.24934],[101.89341,15.24929],[101.89335,15.24921],[101.89335,15.24902],[101.89333,15.24878],[101.8933,15.24874],[101.89234,15.24902],[101.89232,15.24908],[101.89244,15.24908],[101.89244,15.24917],[101.89253,15.24917],[101.89253,15.24926],[101.89262,15.24926],[101.89263,15.24971],[101.89291,15.24971],[101.89292,15.25016],[101.89301,15.25016],[101.89301,15.25025],[101.89357,15.25024],[101.89357,15.25033],[101.89366,15.25033],[101.89367,15.2506],[101.89376,15.2506],[101.89377,15.25177],[101.89387,15.25177],[101.89387,15.25212],[101.89394,15.2521],[101.89398,15.25157]]]],"type":"MultiPolygon"}},{"type":"Feature","properties":{"tb":"300812","tb_name":"ต.หนองบัวละคร","ap_name":"อ.ด่านขุนทด","area_rai":44.15,"img":"S1C_20260928_0550, S1C_20260928_1819, S1D_20260929_1812, S1D_20261002_0609","in_area":false,"near":true,"bldg":0,"pop":0,"school":0,"hosp":0},"geometry":{"coordinates":[[[[101.88899,15.24868],[101.88899,15.24886],[101.88908,15.24886],[101.88909,15.2494],[101.88918,15.2494],[101.88919,15.24958],[101.88928,15.24958],[101.88928,15.24967],[101.88937,15.24966],[101.88937,15.24975],[101.88947,15.24975],[101.88947,15.24984],[101.88965,15.24984],[101.88966,15.24993],[101.88994,15.24993],[101.88994,15.25002],[101.89003,15.25002],[101.89003,15.25011],[101.89012,15.25011],[101.89013,15.25029],[101.89022,15.25029],[101.89022,15.25038],[101.89059,15.25037],[101.8906,15.25064],[101.89106,15.25064],[101.89106,15.25037],[101.89134,15.25036],[101.89134,15.25063],[101.89162,15.25063],[101.89162,15.25054],[101.8918,15.25054],[101.8918,15.25027],[101.89171,15.25027],[101.8917,15.25009],[101.89161,15.25009],[101.89161,15.25],[101.89124,15.25],[101.89124,15.24991],[101.89114,15.24991],[101.89114,15.24982],[101.89105,15.24982],[101.89105,15.24973],[101.89096,15.24973],[101.89095,15.24937],[101.89104,15.24937],[101.89104,15.24919],[101.89113,15.24919],[101.89113,15.24901],[101.8916,15.249],[101.89161,15.24964],[101.8917,15.24963],[101.8917,15.24972],[101.89207,15.24972],[101.89206,15.24918],[101.89216,15.24918],[101.89216,15.24909],[101.89232,15.24908],[101.89234,15.24902],[101.89087,15.24767],[101.88892,15.24824],[101.88881,15.24868],[101.88899,15.24868]]]],"type":"MultiPolygon"}},{"type":"Feature","properties":{"tb":"300812","tb_name":"ต.หนองบัวละคร","ap_name":"อ.ด่านขุนทด","area_rai":49.77,"img":"S1C_20260928_0550, S1C_20260928_1819, S1D_20260929_1812, S1D_20261002_0609","in_area":false,"near":true,"bldg":0,"pop":0,"school":0,"hosp":0},"geometry":{"coordinates":[[[[101.8921,15.24534],[101.89221,15.24492],[101.89233,15.24482],[101.89246,15.24469],[101.89258,15.24445],[101.89301,15.2439],[101.89308,15.24373],[101.89309,15.24348],[101.89301,15.24256],[101.89233,15.24194],[101.89038,15.24251],[101.89001,15.24397],[101.89023,15.24396],[101.89022,15.24387],[101.89032,15.24387],[101.89032,15.24378],[101.89041,15.24378],[101.89041,15.24369],[101.8905,15.24369],[101.8905,15.24333],[101.89087,15.24332],[101.89087,15.24341],[101.89096,15.24341],[101.89097,15.24368],[101.89087,15.24368],[101.89087,15.24377],[101.89078,15.24378],[101.89078,15.24396],[101.89069,15.24396],[101.89069,15.24423],[101.89079,15.24423],[101.89079,15.24432],[101.89125,15.24431],[101.89126,15.24476],[101.89135,15.24476],[101.89136,15.24521],[101.89127,15.24521],[101.89127,15.2454],[101.89118,15.2454],[101.89118,15.24558],[101.89115,15.24558],[101.89136,15.24576],[101.89206,15.24556],[101.8921,15.24534]]]],"type":"MultiPolygon"}},{"type":"Feature","properties":{"tb":"300812","tb_name":"ต.หนองบัวละคร","ap_name":"อ.ด่านขุนทด","area_rai":10.88,"img":"S1C_20260928_0550, S1C_20260928_1819, S1D_20260929_1812, S1D_20261002_0609","in_area":false,"near":true,"bldg":0,"pop":0,"school":0,"hosp":0},"geometry":{"coordinates":[[[[101.88966,15.23228],[101.89007,15.23217],[101.89058,15.23217],[101.89081,15.2321],[101.891,15.232],[101.89113,15.23188],[101.89118,15.23167],[101.89109,15.23151],[101.89088,15.23139],[101.8904,15.23131],[101.89018,15.23127],[101.8897,15.23095],[101.88939,15.23218],[101.88954,15.23232],[101.88966,15.23228]]]],"type":"MultiPolygon"}},{"type":"Feature","properties":{"tb":"300812","tb_name":"ต.หนองบัวละคร","ap_name":"อ.ด่านขุนทด","area_rai":45.34,"img":"S1C_20260928_0550, S1C_20260928_1819, S1D_20260929_1812, S1D_20261002_0609","in_area":false,"near":true,"bldg":0,"pop":0,"school":0,"hosp":0},"geometry":{"coordinates":[[[[101.88968,15.23094],[101.88895,15.23077],[101.88815,15.23089],[101.8877,15.23079],[101.88709,15.23048],[101.88695,15.23027],[101.88668,15.22969],[101.88657,15.22945],[101.88645,15.22948],[101.88597,15.23139],[101.88743,15.23274],[101.88939,15.23218],[101.8897,15.23095],[101.88968,15.23094]]]],"type":"MultiPolygon"}},{"type":"Feature","properties":{"tb":"300812","tb_name":"ต.หนองบัวละคร","ap_name":"อ.ด่านขุนทด","area_rai":9.33,"img":"S1C_20260928_0550, S1C_20260928_1819, S1D_20260929_1812, S1D_20261002_0609","in_area":false,"near":true,"bldg":0,"pop":0,"school":0,"hosp":0},"geometry":{"coordinates":[[[[101.88735,15.23335],[101.88742,15.23343],[101.88803,15.23343],[101.88822,15.23326],[101.88835,15.23318],[101.88863,15.23305],[101.88922,15.23243],[101.88954,15.23232],[101.88939,15.23218],[101.88743,15.23274],[101.88729,15.23329],[101.88735,15.23335]]]],"type":"MultiPolygon"}},{"type":"Feature","properties":{"tb":"300817","tb_name":"ต.โนนเมืองพัฒนา","ap_name":"อ.ด่านขุนทด","area_rai":21.84,"img":"S1C_20260928_0550, S1C_20260928_1819, S1D_20260929_1812, S1D_20261002_0609","in_area":false,"near":true,"bldg":0,"pop":76,"school":0,"hosp":0},"geometry":{"coordinates":[[[[101.90234,15.23902],[101.90234,15.23905],[101.90281,15.23892],[101.90281,15.23883],[101.9029,15.23883],[101.9029,15.23856],[101.90299,15.23856],[101.90299,15.23838],[101.90308,15.23838],[101.90308,15.23829],[101.90326,15.23829],[101.90326,15.2382],[101.90336,15.23819],[101.90335,15.2381],[101.90345,15.2381],[101.90344,15.23792],[101.90354,15.23792],[101.90354,15.23774],[101.90372,15.23774],[101.90372,15.23765],[101.90391,15.23765],[101.9039,15.23747],[101.904,15.23746],[101.90399,15.23728],[101.90409,15.23728],[101.90409,15.23719],[101.90418,15.23719],[101.90418,15.2371],[101.90427,15.2371],[101.90426,15.23665],[101.90436,15.23665],[101.90436,15.23649],[101.9042,15.23635],[101.90313,15.23642],[101.90288,15.23647],[101.9028,15.23655],[101.90277,15.23666],[101.90277,15.23683],[101.90283,15.23709],[101.90286,15.23733],[101.90288,15.23757],[101.90285,15.23777],[101.90282,15.23793],[101.90274,15.23814],[101.90261,15.23829],[101.90236,15.2384],[101.90211,15.2384],[101.90186,15.23838],[101.90153,15.23843],[101.90137,15.23846],[101.90137,15.23846],[101.90138,15.23847],[101.90207,15.2391],[101.90206,15.23902],[101.90234,15.23902]]]],"type":"MultiPolygon"}},{"type":"Feature","properties":{"tb":"300907","tb_name":"ต.บัลลังก์","ap_name":"อ.โนนไทย","area_rai":0.37,"img":"S1C_20260928_0550, S1C_20260928_1819, S1D_20260929_1812, S1D_20261002_0609","in_area":true,"near":true,"bldg":0,"pop":0,"school":0,"hosp":0},"geometry":{"coordinates":[[[[101.90234,15.23911],[101.90272,15.23911],[101.90272,15.23902],[101.90281,15.23901],[101.90281,15.23892],[101.90234,15.23905],[101.90234,15.23911]]]],"type":"MultiPolygon"}},{"type":"Feature","properties":{"tb":"300907","tb_name":"ต.บัลลังก์","ap_name":"อ.โนนไทย","area_rai":0.13,"img":"S1C_20260928_0550, S1C_20260928_1819, S1D_20260929_1812, S1D_20261002_0609","in_area":true,"near":true,"bldg":0,"pop":0,"school":0,"hosp":0},"geometry":{"coordinates":[[[[101.90435,15.23638],[101.90445,15.23637],[101.90444,15.23626],[101.90434,15.23634],[101.9042,15.23635],[101.90436,15.23649],[101.90435,15.23638]]]],"type":"MultiPolygon"}},{"type":"Feature","properties":{"tb":"300812","tb_name":"ต.หนองบัวละคร","ap_name":"อ.ด่านขุนทด","area_rai":6.33,"img":"S1C_20260928_0550, S1C_20260928_1819, S1D_20260929_1812, S1D_20261002_0609","in_area":false,"near":true,"bldg":0,"pop":0,"school":0,"hosp":0},"geometry":{"coordinates":[[[[101.85675,15.2518],[101.85675,15.25171],[101.85666,15.25171],[101.85665,15.25153],[101.85656,15.25153],[101.85656,15.25144],[101.85647,15.25144],[101.85647,15.25135],[101.856,15.25136],[101.856,15.25145],[101.85582,15.25145],[101.85582,15.25172],[101.85591,15.25172],[101.85591,15.25181],[101.85601,15.25181],[101.85601,15.25217],[101.8561,15.25217],[101.85611,15.25226],[101.8562,15.25226],[101.8562,15.25237],[101.85718,15.25209],[101.85726,15.25179],[101.85675,15.2518]]]],"type":"MultiPolygon"}},{"type":"Feature","properties":{"tb":"300812","tb_name":"ต.หนองบัวละคร","ap_name":"อ.ด่านขุนทด","area_rai":2.07,"img":"S1C_20260928_0550, S1C_20260928_1819, S1D_20260929_1812, S1D_20261002_0609","in_area":false,"near":true,"bldg":0,"pop":0,"school":0,"hosp":0},"geometry":{"coordinates":[[[[101.8562,15.25244],[101.85732,15.25242],[101.85732,15.25251],[101.8576,15.25251],[101.8576,15.25247],[101.85718,15.25209],[101.8562,15.25237],[101.8562,15.25244]]]],"type":"MultiPolygon"}},{"type":"Feature","properties":{"tb":"300812","tb_name":"ต.หนองบัวละคร","ap_name":"อ.ด่านขุนทด","area_rai":6.15,"img":"S1C_20260928_0550, S1C_20260928_1819, S1D_20260929_1812, S1D_20261002_0609","in_area":false,"near":true,"bldg":0,"pop":0,"school":0,"hosp":0},"geometry":{"coordinates":[[[[101.85833,15.25196],[101.85834,15.25205],[101.85861,15.25205],[101.85861,15.25196],[101.85871,15.25195],[101.8587,15.2515],[101.85861,15.2515],[101.85861,15.25141],[101.85851,15.25141],[101.85851,15.25132],[101.85814,15.25133],[101.85814,15.25142],[101.85777,15.25142],[101.85777,15.25151],[101.85768,15.25152],[101.85768,15.25161],[101.85759,15.25161],[101.85759,15.2517],[101.85749,15.2517],[101.85749,15.25179],[101.85726,15.25179],[101.85718,15.25209],[101.8576,15.25247],[101.85759,15.25197],[101.85833,15.25196]]]],"type":"MultiPolygon"}},{"type":"Feature","properties":{"tb":"300812","tb_name":"ต.หนองบัวละคร","ap_name":"อ.ด่านขุนทด","area_rai":0.14,"img":"S1C_20260928_0550, S1C_20260928_1819, S1D_20260929_1812, S1D_20261002_0609","in_area":false,"near":true,"bldg":0,"pop":0,"school":0,"hosp":0},"geometry":{"coordinates":[[[[101.8258,15.23286],[101.82589,15.23286],[101.82589,15.23295],[101.82607,15.23295],[101.82591,15.2328],[101.8258,15.23283],[101.8258,15.23286]]]],"type":"MultiPolygon"}},{"type":"Feature","properties":{"tb":"300806","tb_name":"ต.บ้านเก่า","ap_name":"อ.ด่านขุนทด","area_rai":0.37,"img":"S1C_20260928_0550, S1C_20260928_1819, S1D_20260929_1812, S1D_20261002_0609","in_area":false,"near":false,"bldg":0,"pop":0,"school":0,"hosp":0},"geometry":{"coordinates":[[[[101.71652,15.19881],[101.71652,15.19872],[101.71624,15.19872],[101.71625,15.1989],[101.71615,15.1989],[101.71615,15.19894],[101.71664,15.1988],[101.71652,15.19881]]]],"type":"MultiPolygon"}},{"type":"Feature","properties":{"tb":"300806","tb_name":"ต.บ้านเก่า","ap_name":"อ.ด่านขุนทด","area_rai":20.93,"img":"S1C_20260928_0550, S1C_20260928_1819, S1D_20260929_1812, S1D_20261002_0609","in_area":false,"near":true,"bldg":0,"pop":0,"school":0,"hosp":0},"geometry":{"coordinates":[[[[101.74103,15.22389],[101.74102,15.22335],[101.74093,15.22335],[101.74093,15.22326],[101.74065,15.22326],[101.74065,15.22335],[101.74009,15.22336],[101.7401,15.22345],[101.73972,15.22345],[101.73972,15.22354],[101.73907,15.22355],[101.73908,15.22382],[101.73926,15.22382],[101.73926,15.22391],[101.73945,15.22391],[101.73945,15.22418],[101.74001,15.22417],[101.74001,15.22426],[101.74011,15.22426],[101.74011,15.22453],[101.74002,15.22453],[101.74002,15.22462],[101.73992,15.22463],[101.73993,15.22472],[101.73983,15.22472],[101.73984,15.22508],[101.74012,15.22507],[101.74012,15.22544],[101.74031,15.22543],[101.74031,15.22552],[101.74049,15.22552],[101.7405,15.22556],[101.74091,15.22544],[101.74131,15.22389],[101.74103,15.22389]]]],"type":"MultiPolygon"}},{"type":"Feature","properties":{"tb":"300808","tb_name":"ต.พันชนะ","ap_name":"อ.ด่านขุนทด","area_rai":1.66,"img":"S1C_20260928_0550, S1C_20260928_1819, S1D_20260929_1812, S1D_20261002_0609","in_area":false,"near":true,"bldg":0,"pop":0,"school":0,"hosp":0},"geometry":{"coordinates":[[[[101.72835,15.22901],[101.72798,15.22902],[101.72798,15.22893],[101.7277,15.22893],[101.7277,15.22902],[101.72752,15.22902],[101.72752,15.22911],[101.72742,15.22911],[101.72743,15.2292],[101.72715,15.22921],[101.72715,15.2293],[101.72714,15.2293],[101.72724,15.22938],[101.72835,15.22906],[101.72835,15.22901]]]],"type":"MultiPolygon"}},{"type":"Feature","properties":{"tb":"300806","tb_name":"ต.บ้านเก่า","ap_name":"อ.ด่านขุนทด","area_rai":0.7,"img":"S1C_20260928_0550, S1C_20260928_1819, S1D_20260929_1812, S1D_20261002_0609","in_area":false,"near":true,"bldg":0,"pop":0,"school":0,"hosp":0},"geometry":{"coordinates":[[[[101.74367,15.22666],[101.74367,15.22642],[101.7433,15.22653],[101.7433,15.22675],[101.74358,15.22675],[101.74358,15.22666],[101.74367,15.22666]]],[[[101.74283,15.22666],[101.74281,15.22667],[101.74283,15.22667],[101.74283,15.22666]]]],"type":"MultiPolygon"}},{"type":"Feature","properties":{"tb":"300806","tb_name":"ต.บ้านเก่า","ap_name":"อ.ด่านขุนทด","area_rai":1.84,"img":"S1C_20260928_0550, S1C_20260928_1819, S1D_20260929_1812, S1D_20261002_0609","in_area":false,"near":true,"bldg":0,"pop":0,"school":0,"hosp":0},"geometry":{"coordinates":[[[[101.7405,15.22561],[101.74059,15.22561],[101.74059,15.2257],[101.74068,15.2257],[101.74068,15.22579],[101.74078,15.22579],[101.74078,15.22588],[101.74096,15.22588],[101.74097,15.22597],[101.74147,15.22596],[101.74091,15.22544],[101.7405,15.22556],[101.7405,15.22561]]]],"type":"MultiPolygon"}},{"type":"Feature","properties":{"tb":"300808","tb_name":"ต.พันชนะ","ap_name":"อ.ด่านขุนทด","area_rai":21.81,"img":"S1C_20260928_0550, S1C_20260928_1819, S1D_20260929_1812, S1D_20261002_0609","in_area":false,"near":true,"bldg":0,"pop":0,"school":0,"hosp":0},"geometry":{"coordinates":[[[[101.72727,15.23119],[101.72736,15.23119],[101.72735,15.23092],[101.72745,15.23092],[101.72745,15.23083],[101.72754,15.23083],[101.72754,15.23074],[101.72791,15.23073],[101.72791,15.23082],[101.72828,15.23082],[101.72828,15.23073],[101.72856,15.23072],[101.72857,15.231],[101.72884,15.23099],[101.72884,15.2309],[101.72894,15.2309],[101.72893,15.23063],[101.72856,15.23063],[101.72855,15.23009],[101.72865,15.23009],[101.72865,15.23],[101.72874,15.23],[101.72874,15.22991],[101.72902,15.22991],[101.72901,15.22982],[101.72911,15.22981],[101.7291,15.22945],[101.72901,15.22945],[101.72901,15.22936],[101.72892,15.22937],[101.72891,15.22928],[101.72882,15.22928],[101.72882,15.22919],[101.72873,15.22919],[101.72873,15.2291],[101.72835,15.2291],[101.72835,15.22906],[101.72724,15.22938],[101.72712,15.22984],[101.72715,15.22984],[101.72716,15.23011],[101.72725,15.23011],[101.72726,15.23047],[101.72698,15.23047],[101.72698,15.23056],[101.72694,15.23056],[101.72689,15.23075],[101.72689,15.23111],[101.72699,15.23111],[101.72699,15.23129],[101.72727,15.23128],[101.72727,15.23119]]]],"type":"MultiPolygon"}},{"type":"Feature","properties":{"tb":"300806","tb_name":"ต.บ้านเก่า","ap_name":"อ.ด่านขุนทด","area_rai":7.24,"img":"S1C_20260928_0550, S1C_20260928_1819, S1D_20260929_1812, S1D_20261002_0609","in_area":false,"near":true,"bldg":0,"pop":0,"school":0,"hosp":0},"geometry":{"coordinates":[[[[101.74475,15.22402],[101.74466,15.22403],[101.74466,15.22393],[101.74447,15.22394],[101.74447,15.22367],[101.74484,15.22366],[101.74484,15.22357],[101.74493,15.22357],[101.74493,15.2233],[101.74484,15.2233],[101.74484,15.22321],[101.74474,15.22321],[101.74474,15.22312],[101.74465,15.22312],[101.74465,15.22303],[101.74446,15.22303],[101.74446,15.22294],[101.74437,15.22295],[101.74437,15.22285],[101.74427,15.22286],[101.74427,15.22277],[101.74418,15.22277],[101.74418,15.22268],[101.74371,15.22268],[101.74372,15.22313],[101.74363,15.22313],[101.74363,15.22322],[101.74476,15.22426],[101.74475,15.22402]]]],"type":"MultiPolygon"}},{"type":"Feature","properties":{"tb":"300806","tb_name":"ต.บ้านเก่า","ap_name":"อ.ด่านขุนทด","area_rai":0.01,"img":"S1C_20260928_0550, S1C_20260928_1819, S1D_20260929_1812, S1D_20261002_0609","in_area":false,"near":true,"bldg":0,"pop":0,"school":0,"hosp":0},"geometry":{"coordinates":[[[[101.74233,15.22324],[101.74233,15.22327],[101.74242,15.22324],[101.74233,15.22324]]]],"type":"MultiPolygon"}},{"type":"Feature","properties":{"tb":"300806","tb_name":"ต.บ้านเก่า","ap_name":"อ.ด่านขุนทด","area_rai":0.04,"img":"S1C_20260928_0550, S1C_20260928_1819, S1D_20260929_1812, S1D_20261002_0609","in_area":false,"near":true,"bldg":0,"pop":0,"school":0,"hosp":0},"geometry":{"coordinates":[[[[101.74476,15.22475],[101.74476,15.22455],[101.74471,15.22475],[101.74476,15.22475]]]],"type":"MultiPolygon"}},{"type":"Feature","properties":{"tb":"300806","tb_name":"ต.บ้านเก่า","ap_name":"อ.ด่านขุนทด","area_rai":56.76,"img":"S1C_20260928_0550, S1C_20260928_1819, S1D_20260929_1812, S1D_20261002_0609","in_area":false,"near":true,"bldg":0,"pop":0,"school":0,"hosp":0},"geometry":{"coordinates":[[[[101.74367,15.22639],[101.74358,15.22639],[101.74357,15.22612],[101.74348,15.22612],[101.74348,15.22594],[101.74338,15.22594],[101.74338,15.22585],[101.74329,15.22585],[101.74329,15.22576],[101.7432,15.22576],[101.74319,15.2254],[101.7431,15.2254],[101.74309,15.22507],[101.74299,15.22499],[101.74309,15.22479],[101.74324,15.22487],[101.7432,15.22495],[101.74328,15.22495],[101.74328,15.22486],[101.74356,15.22485],[101.74356,15.22494],[101.74402,15.22494],[101.74402,15.22485],[101.7443,15.22484],[101.7443,15.22493],[101.74458,15.22493],[101.74458,15.22484],[101.74467,15.22484],[101.74467,15.22475],[101.74471,15.22475],[101.74476,15.22455],[101.74476,15.22426],[101.74363,15.22322],[101.74363,15.22323],[101.74326,15.22323],[101.74326,15.22332],[101.74261,15.22333],[101.7426,15.22324],[101.74242,15.22324],[101.74233,15.22327],[101.74233,15.22369],[101.74224,15.22369],[101.74224,15.22378],[101.74215,15.22379],[101.74215,15.22388],[101.74131,15.22389],[101.74091,15.22544],[101.74147,15.22596],[101.74171,15.22596],[101.74171,15.22605],[101.7418,15.22605],[101.7418,15.22614],[101.74199,15.22614],[101.74199,15.22623],[101.74227,15.22622],[101.74227,15.22631],[101.74237,15.22631],[101.74237,15.22649],[101.74246,15.22649],[101.74246,15.22667],[101.74281,15.22667],[101.74283,15.22666],[101.74283,15.22658],[101.74293,15.22658],[101.74293,15.22649],[101.7433,15.22648],[101.7433,15.22653],[101.74367,15.22642],[101.74367,15.22639]]]],"type":"MultiPolygon"}},{"type":"Feature","properties":{"tb":"300808","tb_name":"ต.พันชนะ","ap_name":"อ.ด่านขุนทด","area_rai":13.27,"img":"S1C_20260928_0550, S1C_20260928_1819, S1D_20260929_1812, S1D_20261002_0609","in_area":false,"near":true,"bldg":0,"pop":0,"school":0,"hosp":0},"geometry":{"coordinates":[[[[101.71851,15.24485],[101.7186,15.24485],[101.7186,15.24476],[101.71897,15.24475],[101.71897,15.24466],[101.71907,15.24466],[101.71906,15.2443],[101.71934,15.24429],[101.71934,15.24438],[101.71962,15.24438],[101.71962,15.24429],[101.71971,15.24429],[101.71971,15.2442],[101.7199,15.2442],[101.7199,15.24411],[101.72008,15.2441],[101.72008,15.24401],[101.72027,15.24401],[101.72027,15.24392],[101.72036,15.24392],[101.72035,15.24356],[101.7198,15.24357],[101.7198,15.24366],[101.71961,15.24366],[101.71961,15.24375],[101.71924,15.24375],[101.71924,15.24393],[101.71896,15.24394],[101.71896,15.24376],[101.71887,15.24376],[101.71887,15.24358],[101.71818,15.24359],[101.71797,15.24444],[101.71851,15.24494],[101.71851,15.24494],[101.71851,15.24485]]]],"type":"MultiPolygon"}},{"type":"Feature","properties":{"tb":"300808","tb_name":"ต.พันชนะ","ap_name":"อ.ด่านขุนทด","area_rai":4.13,"img":"S1C_20260928_0550, S1C_20260928_1819, S1D_20260929_1812, S1D_20261002_0609","in_area":false,"near":true,"bldg":0,"pop":0,"school":0,"hosp":0},"geometry":{"coordinates":[[[[101.71766,15.24359],[101.71766,15.24368],[101.71756,15.24368],[101.71757,15.24377],[101.71729,15.24378],[101.71728,15.2436],[101.71701,15.2436],[101.71701,15.24387],[101.71738,15.24387],[101.71738,15.24405],[101.71748,15.24405],[101.71748,15.24414],[101.71757,15.24414],[101.71757,15.24423],[101.71766,15.24422],[101.71767,15.2445],[101.71778,15.24449],[101.71797,15.24444],[101.71818,15.24359],[101.71766,15.24359]]]],"type":"MultiPolygon"}},{"type":"Feature","properties":{"tb":"300808","tb_name":"ต.พันชนะ","ap_name":"อ.ด่านขุนทด","area_rai":7.77,"img":"S1C_20260928_0550, S1C_20260928_1819, S1D_20260929_1812, S1D_20261002_0609","in_area":false,"near":true,"bldg":0,"pop":0,"school":0,"hosp":0},"geometry":{"coordinates":[[[[101.7214,15.23786],[101.72158,15.23785],[101.72158,15.23758],[101.72149,15.23758],[101.72148,15.23731],[101.72139,15.23731],[101.72138,15.23686],[101.72148,15.23686],[101.72148,15.23677],[101.72157,15.23677],[101.72157,15.23668],[101.72166,15.23668],[101.72166,15.2365],[101.72175,15.2365],[101.72175,15.23627],[101.72073,15.23657],[101.72074,15.2375],[101.72102,15.2375],[101.72103,15.23786],[101.72112,15.23786],[101.72112,15.23795],[101.7214,15.23795],[101.7214,15.23786]]]],"type":"MultiPolygon"}},{"type":"Feature","properties":{"tb":"300808","tb_name":"ต.พันชนะ","ap_name":"อ.ด่านขุนทด","area_rai":0.78,"img":"S1C_20260928_0550, S1C_20260928_1819, S1D_20260929_1812, S1D_20261002_0609","in_area":false,"near":true,"bldg":0,"pop":0,"school":0,"hosp":0},"geometry":{"coordinates":[[[[101.71785,15.24449],[101.71786,15.24458],[101.71804,15.24458],[101.71804,15.24476],[101.71814,15.24476],[101.71814,15.24494],[101.71851,15.24494],[101.71797,15.24444],[101.71778,15.24449],[101.71785,15.24449]]]],"type":"MultiPolygon"}},{"type":"Feature","properties":{"tb":"300808","tb_name":"ต.พันชนะ","ap_name":"อ.ด่านขุนทด","area_rai":0.39,"img":"S1C_20260928_0550, S1C_20260928_1819, S1D_20260929_1812, S1D_20261002_0609","in_area":false,"near":true,"bldg":0,"pop":0,"school":0,"hosp":0},"geometry":{"coordinates":[[[[101.72284,15.23418],[101.72284,15.23414],[101.72247,15.23414],[101.72247,15.23423],[101.72225,15.23423],[101.72236,15.23433],[101.72284,15.23419],[101.72284,15.23418]]]],"type":"MultiPolygon"}},{"type":"Feature","properties":{"tb":"300808","tb_name":"ต.พันชนะ","ap_name":"อ.ด่านขุนทด","area_rai":2.52,"img":"S1C_20260928_0550, S1C_20260928_1819, S1D_20260929_1812, S1D_20261002_0609","in_area":false,"near":true,"bldg":0,"pop":0,"school":0,"hosp":0},"geometry":{"coordinates":[[[[101.7222,15.23505],[101.7222,15.23496],[101.72229,15.23496],[101.72229,15.23487],[101.72248,15.23486],[101.72247,15.23477],[101.72257,15.23477],[101.72257,15.23468],[101.72303,15.23468],[101.72303,15.2344],[101.72293,15.23441],[101.72293,15.23432],[101.72284,15.23432],[101.72284,15.23425],[101.72283,15.23425],[101.72284,15.23419],[101.72236,15.23433],[101.72217,15.23505],[101.7222,15.23505]]]],"type":"MultiPolygon"}},{"type":"Feature","properties":{"tb":"300808","tb_name":"ต.พันชนะ","ap_name":"อ.ด่านขุนทด","area_rai":16.88,"img":"S1C_20260928_0550, S1C_20260928_1819, S1D_20260929_1812, S1D_20261002_0609","in_area":false,"near":true,"bldg":0,"pop":0,"school":0,"hosp":0},"geometry":{"coordinates":[[[[101.72175,15.23605],[101.72184,15.23604],[101.72184,15.23595],[101.72193,15.23595],[101.72192,15.23523],[101.72201,15.23523],[101.72201,15.23514],[101.72211,15.23514],[101.72211,15.23505],[101.72217,15.23505],[101.72236,15.23433],[101.72225,15.23423],[101.72135,15.23424],[101.72135,15.23433],[101.72126,15.23434],[101.72126,15.23443],[101.7207,15.23443],[101.7207,15.23461],[101.72061,15.23461],[101.72061,15.2348],[101.72052,15.2348],[101.72052,15.23507],[101.72062,15.23507],[101.72062,15.23516],[101.72071,15.23516],[101.72071,15.23525],[101.7209,15.23524],[101.7209,15.23533],[101.72109,15.23533],[101.72109,15.23542],[101.72118,15.23542],[101.72118,15.23551],[101.72127,15.23551],[101.72128,15.2356],[101.72137,15.2356],[101.72137,15.23605],[101.72128,15.23605],[101.72128,15.23614],[101.72119,15.23614],[101.72119,15.23623],[101.721,15.23624],[101.72101,15.23633],[101.72082,15.23633],[101.72082,15.23642],[101.72073,15.23642],[101.72073,15.23657],[101.72175,15.23627],[101.72175,15.23605]]]],"type":"MultiPolygon"}},{"type":"Feature","properties":{"tb":"300808","tb_name":"ต.พันชนะ","ap_name":"อ.ด่านขุนทด","area_rai":6.05,"img":"S1C_20260928_0550, S1C_20260928_1819, S1D_20260929_1812, S1D_20261002_0609","in_area":false,"near":true,"bldg":0,"pop":0,"school":0,"hosp":0},"geometry":{"coordinates":[[[[101.72697,15.22975],[101.72706,15.22975],[101.72706,15.22984],[101.72712,15.22984],[101.72724,15.22938],[101.72714,15.2293],[101.72696,15.2293],[101.72697,15.22975]]],[[[101.72409,15.23006],[101.72409,15.22997],[101.72418,15.22996],[101.72418,15.22969],[101.72408,15.2297],[101.72407,15.22906],[101.7237,15.22907],[101.72335,15.23043],[101.72372,15.23042],[101.72372,15.23033],[101.72381,15.23033],[101.72381,15.23024],[101.7239,15.23024],[101.7239,15.23015],[101.724,15.23015],[101.72399,15.23006],[101.72409,15.23006]]],[[[101.72694,15.23056],[101.72689,15.23056],[101.72689,15.23075],[101.72694,15.23056]]]],"type":"MultiPolygon"}},{"type":"Feature","properties":{"tb":"300808","tb_name":"ต.พันชนะ","ap_name":"อ.ด่านขุนทด","area_rai":8.42,"img":"S1C_20260928_0550, S1C_20260928_1819, S1D_20260929_1812, S1D_20261002_0609","in_area":false,"near":true,"bldg":0,"pop":0,"school":0,"hosp":0},"geometry":{"coordinates":[[[[101.72352,15.22907],[101.72352,15.22916],[101.72343,15.22916],[101.72343,15.22925],[101.72315,15.22925],[101.72315,15.22916],[101.72287,15.22917],[101.72287,15.22926],[101.72278,15.22926],[101.72278,15.22953],[101.72269,15.22953],[101.72269,15.22962],[101.72204,15.22963],[101.72204,15.22999],[101.72213,15.22999],[101.72213,15.23008],[101.72288,15.23007],[101.72288,15.23016],[101.72297,15.23016],[101.72297,15.23025],[101.72316,15.23025],[101.72316,15.23034],[101.72335,15.23034],[101.72335,15.23043],[101.72335,15.23043],[101.7237,15.22907],[101.72352,15.22907]]]],"type":"MultiPolygon"}},{"type":"Feature","properties":{"tb":"300806","tb_name":"ต.บ้านเก่า","ap_name":"อ.ด่านขุนทด","area_rai":32.93,"img":"S1C_20260928_0550, S1C_20260928_1819, S1D_20260929_1812, S1D_20261002_0609","in_area":false,"near":true,"bldg":0,"pop":0,"school":0,"hosp":0},"geometry":{"coordinates":[[[[101.71785,15.20042],[101.71785,15.20033],[101.71794,15.20032],[101.71794,15.20023],[101.71803,15.20023],[101.71803,15.19987],[101.71793,15.19987],[101.71793,15.19978],[101.71784,15.19978],[101.71784,15.19969],[101.71774,15.19969],[101.71774,15.19951],[101.71765,15.19952],[101.71765,15.19935],[101.71715,15.19889],[101.71708,15.19889],[101.71708,15.19883],[101.71705,15.1988],[101.71664,15.1988],[101.71615,15.19894],[101.71616,15.19908],[101.71588,15.19909],[101.71588,15.19918],[101.71569,15.19918],[101.71569,15.19927],[101.71551,15.19927],[101.71552,15.19999],[101.71561,15.19999],[101.71561,15.20008],[101.7157,15.20008],[101.71571,15.20053],[101.71589,15.20053],[101.7159,15.20062],[101.71618,15.20062],[101.71617,15.20053],[101.71627,15.20053],[101.71627,15.20044],[101.71654,15.20043],[101.71655,15.20052],[101.71664,15.20052],[101.71664,15.2007],[101.71701,15.2007],[101.71701,15.20061],[101.71738,15.2006],[101.71738,15.20051],[101.71757,15.20051],[101.71757,15.20042],[101.71785,15.20042]]],[[[101.71777,15.20195],[101.71777,15.20186],[101.71787,15.20186],[101.71786,15.20177],[101.71796,15.20177],[101.71795,15.20141],[101.71777,15.20141],[101.71777,15.20132],[101.71767,15.20132],[101.71767,15.20123],[101.71674,15.20124],[101.71675,15.2016],[101.71684,15.2016],[101.71685,15.20228],[101.71768,15.20204],[101.71768,15.20195],[101.71777,15.20195]]]],"type":"MultiPolygon"}},{"type":"Feature","properties":{"tb":"300806","tb_name":"ต.บ้านเก่า","ap_name":"อ.ด่านขุนทด","area_rai":11.78,"img":"S1C_20260928_0550, S1C_20260928_1819, S1D_20260929_1812, S1D_20261002_0609","in_area":false,"near":false,"bldg":0,"pop":0,"school":0,"hosp":0},"geometry":{"coordinates":[[[[101.71789,15.20394],[101.7178,15.20394],[101.7178,15.20385],[101.71761,15.20385],[101.71761,15.20349],[101.7177,15.20349],[101.71769,15.20304],[101.7176,15.20304],[101.7176,15.20277],[101.71778,15.20277],[101.71778,15.20249],[101.71769,15.2025],[101.71768,15.20204],[101.71685,15.20228],[101.71685,15.2026],[101.71713,15.20259],[101.71713,15.20286],[101.71686,15.20287],[101.71686,15.20296],[101.71676,15.20296],[101.71677,15.20341],[101.71668,15.20341],[101.71668,15.20368],[101.71705,15.20368],[101.71705,15.20395],[101.71715,15.20395],[101.71715,15.20404],[101.71734,15.20404],[101.71734,15.20413],[101.71752,15.20412],[101.71752,15.20421],[101.7179,15.20421],[101.71789,15.20394]]]],"type":"MultiPolygon"}},{"type":"Feature","properties":{"tb":"300806","tb_name":"ต.บ้านเก่า","ap_name":"อ.ด่านขุนทด","area_rai":0.43,"img":"S1C_20260928_0550, S1C_20260928_1819, S1D_20260929_1812, S1D_20261002_0609","in_area":false,"near":false,"bldg":0,"pop":0,"school":0,"hosp":0},"geometry":{"coordinates":[[[[101.71705,15.1988],[101.71708,15.19883],[101.71708,15.1988],[101.71705,15.1988]]],[[[101.71755,15.19925],[101.71755,15.19906],[101.71746,15.19907],[101.71746,15.19898],[101.71736,15.19898],[101.71736,15.19889],[101.71715,15.19889],[101.71765,15.19935],[101.71765,15.19924],[101.71755,15.19925]]]],"type":"MultiPolygon"}},{"type":"Feature","properties":{"tb":"300808","tb_name":"ต.พันชนะ","ap_name":"อ.ด่านขุนทด","area_rai":17.25,"img":"S1C_20260928_0550, S1C_20260928_1819, S1D_20260929_1812, S1D_20261002_0609","in_area":false,"near":true,"bldg":0,"pop":0,"school":0,"hosp":0},"geometry":{"coordinates":[[[[101.7569,15.22812],[101.75699,15.22812],[101.75699,15.22803],[101.75718,15.22803],[101.75717,15.22776],[101.75708,15.22776],[101.75708,15.22767],[101.75699,15.22767],[101.75699,15.22758],[101.75689,15.22758],[101.75689,15.22749],[101.7568,15.22749],[101.7568,15.22731],[101.7567,15.22731],[101.75669,15.22621],[101.75595,15.22642],[101.75595,15.22669],[101.75558,15.22669],[101.75558,15.22678],[101.75549,15.22678],[101.75549,15.22696],[101.7554,15.22696],[101.7554,15.22705],[101.7553,15.22706],[101.75531,15.22715],[101.75521,15.22715],[101.75521,15.22724],[101.75493,15.22724],[101.75477,15.22788],[101.75494,15.22787],[101.75494,15.22796],[101.7556,15.22796],[101.75559,15.22787],[101.75569,15.22786],[101.75569,15.22777],[101.75578,15.22777],[101.75578,15.2275],[101.75587,15.2275],[101.75587,15.22732],[101.75624,15.22732],[101.75624,15.22741],[101.75633,15.2274],[101.75634,15.22804],[101.75643,15.22804],[101.75644,15.22822],[101.75653,15.22822],[101.75653,15.22831],[101.75681,15.2283],[101.75681,15.22821],[101.7569,15.22821],[101.7569,15.22812]]]],"type":"MultiPolygon"}},{"type":"Feature","properties":{"tb":"300811","tb_name":"ต.หนองบัวตะเกียด","ap_name":"อ.ด่านขุนทด","area_rai":1.09,"img":"S1C_20260928_0550, S1C_20260928_1819, S1D_20260929_1812, S1D_20261002_0609","in_area":false,"near":true,"bldg":0,"pop":0,"school":0,"hosp":0},"geometry":{"coordinates":[[[[101.76422,15.22568],[101.76412,15.22568],[101.76413,15.22577],[101.76403,15.22577],[101.76404,15.22623],[101.76413,15.22623],[101.76413,15.22632],[101.76422,15.22631],[101.76436,15.22577],[101.76422,15.22564],[101.76422,15.22568]]]],"type":"MultiPolygon"}},{"type":"Feature","properties":{"tb":"300808","tb_name":"ต.พันชนะ","ap_name":"อ.ด่านขุนทด","area_rai":1.09,"img":"S1C_20260928_0550, S1C_20260928_1819, S1D_20260929_1812, S1D_20261002_0609","in_area":false,"near":true,"bldg":0,"pop":0,"school":0,"hosp":0},"geometry":{"coordinates":[[[[101.75475,15.22724],[101.75475,15.22733],[101.75456,15.22734],[101.75457,15.22779],[101.75476,15.22779],[101.75476,15.22788],[101.75477,15.22788],[101.75493,15.22724],[101.75475,15.22724]]]],"type":"MultiPolygon"}},{"type":"Feature","properties":{"tb":"300811","tb_name":"ต.หนองบัวตะเกียด","ap_name":"อ.ด่านขุนทด","area_rai":6.01,"img":"S1C_20260928_0550, S1C_20260928_1819, S1D_20260929_1812, S1D_20261002_0609","in_area":false,"near":true,"bldg":0,"pop":0,"school":0,"hosp":0},"geometry":{"coordinates":[[[[101.76533,15.22549],[101.76533,15.22522],[101.76505,15.22522],[101.76504,15.22486],[101.76486,15.22486],[101.76486,15.22477],[101.7643,15.22478],[101.7643,15.22496],[101.76421,15.22496],[101.76422,15.22564],[101.76436,15.22577],[101.76533,15.22549],[101.76533,15.22549]]]],"type":"MultiPolygon"}},{"type":"Feature","properties":{"tb":"300802","tb_name":"ต.ด่านขุนทด","ap_name":"อ.ด่านขุนทด","area_rai":7.42,"img":"S1C_20260928_0550, S1C_20260928_1819, S1D_20260929_1812, S1D_20261002_0609","in_area":false,"near":true,"bldg":0,"pop":0,"school":0,"hosp":0},"geometry":{"coordinates":[[[[101.75498,15.22309],[101.7546,15.22309],[101.7546,15.223],[101.75451,15.223],[101.75451,15.22282],[101.75441,15.22282],[101.75441,15.22273],[101.75432,15.22273],[101.75432,15.22264],[101.75422,15.22264],[101.75422,15.22237],[101.75413,15.22237],[101.75413,15.22228],[101.75403,15.22228],[101.75403,15.22219],[101.75394,15.2222],[101.75394,15.22211],[101.75366,15.22211],[101.75366,15.2222],[101.75357,15.2222],[101.75357,15.22229],[101.75348,15.22229],[101.75348,15.22247],[101.75338,15.22247],[101.75339,15.22276],[101.7541,15.22342],[101.75499,15.22316],[101.75498,15.22309]]]],"type":"MultiPolygon"}},{"type":"Feature","properties":{"tb":"300802","tb_name":"ต.ด่านขุนทด","ap_name":"อ.ด่านขุนทด","area_rai":8.2,"img":"S1C_20260928_0550, S1C_20260928_1819, S1D_20260929_1812, S1D_20261002_0609","in_area":false,"near":true,"bldg":0,"pop":0,"school":0,"hosp":0},"geometry":{"coordinates":[[[[101.75499,15.22316],[101.7541,15.22342],[101.75405,15.2236],[101.75405,15.22373],[101.75415,15.22373],[101.75415,15.22391],[101.75424,15.22391],[101.75424,15.224],[101.75433,15.224],[101.75434,15.22409],[101.75452,15.22409],[101.75452,15.22418],[101.75471,15.22417],[101.75471,15.22426],[101.7548,15.22426],[101.7548,15.22435],[101.75508,15.22435],[101.75508,15.22399],[101.75499,15.22399],[101.75498,15.22363],[101.75507,15.22363],[101.75499,15.22316]]],[[[101.75659,15.22587],[101.75613,15.22587],[101.75613,15.22596],[101.75603,15.22596],[101.75604,15.22614],[101.75594,15.22615],[101.75595,15.22642],[101.75669,15.22621],[101.75669,15.22596],[101.75659,15.22596],[101.75659,15.22587]]]],"type":"MultiPolygon"}},{"type":"Feature","properties":{"tb":"300802","tb_name":"ต.ด่านขุนทด","ap_name":"อ.ด่านขุนทด","area_rai":2.72,"img":"S1C_20260928_0550, S1C_20260928_1819, S1D_20260929_1812, S1D_20261002_0609","in_area":false,"near":true,"bldg":0,"pop":0,"school":0,"hosp":0},"geometry":{"coordinates":[[[[101.75339,15.22302],[101.7533,15.22302],[101.7533,15.2232],[101.75321,15.2232],[101.75321,15.22347],[101.7534,15.22347],[101.7534,15.22356],[101.75368,15.22355],[101.75368,15.22346],[101.75396,15.22346],[101.75396,15.22355],[101.75405,15.22355],[101.75405,15.2236],[101.7541,15.22342],[101.75339,15.22276],[101.75339,15.22302]]]],"type":"MultiPolygon"}},{"type":"Feature","properties":{"tb":"300802","tb_name":"ต.ด่านขุนทด","ap_name":"อ.ด่านขุนทด","area_rai":10.13,"img":"S1C_20260928_0550, S1C_20260928_1819, S1D_20260929_1812, S1D_20261002_0609","in_area":false,"near":true,"bldg":0,"pop":0,"school":0,"hosp":0},"geometry":{"coordinates":[[[[101.76788,15.22817],[101.76797,15.22816],[101.76797,15.22789],[101.76806,15.22789],[101.76806,15.2278],[101.76815,15.2278],[101.76815,15.22771],[101.76834,15.22771],[101.76834,15.22762],[101.76843,15.22762],[101.76843,15.22753],[101.76852,15.22753],[101.76852,15.22723],[101.76851,15.22715],[101.76851,15.22711],[101.76851,15.2268],[101.76857,15.2268],[101.76858,15.22674],[101.7686,15.22671],[101.7686,15.22671],[101.76861,15.22671],[101.76869,15.22662],[101.76869,15.22662],[101.7687,15.22662],[101.76878,15.22654],[101.76889,15.2265],[101.76897,15.22649],[101.76907,15.22651],[101.76906,15.22642],[101.76895,15.2263],[101.76898,15.22621],[101.76898,15.22621],[101.76786,15.22653],[101.76786,15.22654],[101.76782,15.22654],[101.76778,15.22655],[101.76776,15.22661],[101.76777,15.2269],[101.76795,15.2269],[101.76796,15.22699],[101.76805,15.22699],[101.76805,15.22735],[101.76757,15.22736],[101.76737,15.22817],[101.76741,15.22817],[101.76741,15.22826],[101.76788,15.22826],[101.76788,15.22817]]]],"type":"MultiPolygon"}},{"type":"Feature","properties":{"tb":"300802","tb_name":"ต.ด่านขุนทด","ap_name":"อ.ด่านขุนทด","area_rai":14.35,"img":"S1C_20260928_0550, S1C_20260928_1819, S1D_20260929_1812, S1D_20261002_0609","in_area":false,"near":true,"bldg":0,"pop":0,"school":0,"hosp":0},"geometry":{"coordinates":[[[[101.76543,15.2263],[101.76553,15.2263],[101.76553,15.22621],[101.76562,15.22621],[101.76561,15.22585],[101.76552,15.22585],[101.76552,15.22576],[101.76543,15.22576],[101.76542,15.22549],[101.76533,15.22549],[101.76436,15.22577],[101.76422,15.22631],[101.76423,15.22631],[101.76423,15.2264],[101.76441,15.2264],[101.76441,15.22649],[101.76451,15.22649],[101.76451,15.22658],[101.7646,15.22658],[101.7646,15.22676],[101.76479,15.22676],[101.76479,15.22685],[101.76535,15.22684],[101.76535,15.22657],[101.76544,15.22657],[101.76543,15.2263]]],[[[101.76776,15.22654],[101.76776,15.22661],[101.76778,15.22655],[101.76777,15.22654],[101.76776,15.22654]]],[[[101.76694,15.22755],[101.76694,15.22764],[101.76657,15.22764],[101.76657,15.22773],[101.76648,15.22773],[101.76648,15.22782],[101.76638,15.22782],[101.76639,15.22809],[101.76657,15.22809],[101.76658,15.22818],[101.76695,15.22818],[101.76695,15.22809],[101.76732,15.22808],[101.76732,15.22817],[101.76737,15.22817],[101.76757,15.22736],[101.76749,15.22736],[101.7675,15.22745],[101.76703,15.22745],[101.76703,15.22754],[101.76694,15.22755]]]],"type":"MultiPolygon"}},{"type":"Feature","properties":{"tb":"300811","tb_name":"ต.หนองบัวตะเกียด","ap_name":"อ.ด่านขุนทด","area_rai":7.67,"img":"S1C_20260928_0550, S1C_20260928_1819, S1D_20260929_1812, S1D_20261002_0609","in_area":false,"near":true,"bldg":0,"pop":0,"school":0,"hosp":0},"geometry":{"coordinates":[[[[101.77115,15.22966],[101.77115,15.22965],[101.77106,15.22957],[101.77069,15.22958],[101.77069,15.22985],[101.77088,15.22984],[101.77088,15.22994],[101.77097,15.22993],[101.77097,15.23002],[101.77106,15.23002],[101.77107,15.23011],[101.77116,15.23011],[101.77116,15.2302],[101.77125,15.2302],[101.77126,15.23047],[101.77135,15.23047],[101.77135,15.23074],[101.77145,15.23074],[101.77145,15.23128],[101.77173,15.23128],[101.77173,15.23119],[101.77201,15.23119],[101.77201,15.23125],[101.77218,15.23059],[101.77116,15.22966],[101.77115,15.22966]]]],"type":"MultiPolygon"}},{"type":"Feature","properties":{"tb":"300802","tb_name":"ต.ด่านขุนทด","ap_name":"อ.ด่านขุนทด","area_rai":3.52,"img":"S1C_20260928_0550, S1C_20260928_1819, S1D_20260929_1812, S1D_20261002_0609","in_area":false,"near":true,"bldg":0,"pop":0,"school":0,"hosp":0},"geometry":{"coordinates":[[[[101.76887,15.22599],[101.76887,15.2259],[101.76878,15.2259],[101.76878,15.22581],[101.7684,15.22581],[101.76841,15.2259],[101.76831,15.2259],[101.76831,15.22599],[101.76813,15.226],[101.76813,15.22609],[101.76794,15.22609],[101.76794,15.22618],[101.76785,15.22618],[101.76786,15.22653],[101.76898,15.22621],[101.76894,15.22599],[101.76887,15.22599]]],[[[101.76778,15.22655],[101.76782,15.22654],[101.76777,15.22654],[101.76778,15.22655]]]],"type":"MultiPolygon"}},{"type":"Feature","properties":{"tb":"300811","tb_name":"ต.หนองบัวตะเกียด","ap_name":"อ.ด่านขุนทด","area_rai":3.29,"img":"S1C_20260928_0550, S1C_20260928_1819, S1D_20260929_1812, S1D_20261002_0609","in_area":false,"near":true,"bldg":0,"pop":0,"school":0,"hosp":0},"geometry":{"coordinates":[[[[101.77106,15.22957],[101.77115,15.22965],[101.77115,15.22957],[101.77106,15.22957]]],[[[101.7724,15.23034],[101.77228,15.23015],[101.77221,15.23001],[101.77209,15.23001],[101.77209,15.22992],[101.7719,15.22992],[101.7719,15.22983],[101.77171,15.22983],[101.77171,15.22974],[101.77143,15.22975],[101.77143,15.22966],[101.77116,15.22966],[101.77218,15.23059],[101.77247,15.23051],[101.77246,15.23038],[101.7724,15.23034]]]],"type":"MultiPolygon"}},{"type":"Feature","properties":{"tb":"300811","tb_name":"ต.หนองบัวตะเกียด","ap_name":"อ.ด่านขุนทด","area_rai":0.85,"img":"S1C_20260928_0550, S1C_20260928_1819, S1D_20260929_1812, S1D_20261002_0609","in_area":false,"near":true,"bldg":0,"pop":0,"school":0,"hosp":0},"geometry":{"coordinates":[[[[101.771,15.23897],[101.7709,15.23897],[101.77091,15.23924],[101.77109,15.23924],[101.77109,15.23933],[101.77128,15.23932],[101.77128,15.23941],[101.77151,15.23941],[101.771,15.23894],[101.771,15.23897]]]],"type":"MultiPolygon"}}]}