{"type":"FeatureCollection","features":[{"type":"Feature","geometry":{"type":"Polygon","coordinates":[[[100.90776686592059,14.576212708316234],[100.91470962361782,14.574433559540132],[100.92019877551472,14.56985405148522],[100.92140276126777,14.55195524306924],[100.92596001355734,14.546488392544909],[100.93750016846467,14.545832860827776],[100.93971186641896,14.546399165169285],[100.94508503282478,14.55056841988298],[100.9532764434278,14.549261957049618],[100.95776675176566,14.543875302621066],[100.95889938524667,14.539456369683275],[100.96610083604348,14.531376455709559],[100.96729134306803,14.50924154286745],[100.9730435986882,14.507765509776565],[100.9769542598296,14.50473333330109],[101.02083178448561,14.504167062051197],[101.02713695958478,14.504809138338047],[101.03254141461515,14.50864398343698],[101.03397720577965,14.525320998926366],[101.02980795635173,14.531198101275915],[101.02852374604541,14.536584695178101],[101.04514731693045,14.538279178870637],[101.0458340189131,14.558331735432208],[101.04498230896048,14.561649332391061],[101.03945746595338,14.563067316601456],[101.03554237100256,14.566099491429004],[101.02987482929014,14.567553157821022],[101.02859959189666,14.577211607704882],[101.01723330122955,14.58945626619273],[101.01666698458273,14.600002057158871],[101.00907319261785,14.600773455651824],[101.00769082633529,14.61880159313496],[101.00387829310516,14.624179270290965],[100.98953340844726,14.62564183503016],[100.9720135914974,14.641908663681233],[100.97018980561487,14.647968579595855],[100.96730919302489,14.652030817534913],[100.96561475538913,14.657658201923585],[100.94583421549305,14.658331559381265],[100.94251664805913,14.657484286360193],[100.94109860019634,14.65195499052971],[100.93806644999809,14.648044436033496],[100.93693380407645,14.643620992054025],[100.93390161337867,14.63971031642214],[100.93276453430884,14.635291356274223],[100.92556757088069,14.62721146221659],[100.92443050468667,14.614453986196581],[100.91306868795566,14.602209295295927],[100.91193159813447,14.593621093965035],[100.90889942482119,14.589710475116519],[100.90776686592059,14.576212708316234]]]},"id":"00090000000000001341","properties":{"HYBAS_ID":4121117560,"NEXT_DOWN":4121117270,"ORDER":2,"SUB_AREA":150.2,"UP_AREA":14834.6}},{"type":"Feature","geometry":{"type":"Polygon","coordinates":[[[100.88721483563481,14.765836030529039],[100.8910585742931,14.760418193305968],[100.88814234708254,14.7563024626749],[100.88750019629973,14.741667660627705],[100.89825560806449,14.741315412987044],[100.90174260584718,14.737855112673099],[100.90662087684218,14.737141697636545],[100.92047975300775,14.723256060418144],[100.92118875080826,14.714244235356105],[100.92464452240428,14.710757173204387],[100.92500127712735,14.691667773932803],[100.92566117775107,14.6842345015738],[100.93293848730826,14.682366120361614],[100.93693380407645,14.677211343611717],[100.93806644999809,14.672787984587957],[100.94109860019634,14.668877280959956],[100.94223569204857,14.664458394799025],[100.94526788803115,14.660543222730823],[100.94583421549305,14.658331559381265],[100.96561475538913,14.657658201923585],[100.96730919302489,14.652030817534913],[100.97018980561487,14.647968579595855],[100.9720135914974,14.641908663681233],[100.98953340844726,14.62564183503016],[101.00387829310516,14.624179270290965],[101.00769082633529,14.61880159313496],[101.00907319261785,14.600773455651824],[101.01666698458273,14.600002057158871],[101.01887869252603,14.600568393004115],[101.02278931628918,14.603600577176636],[101.02991495307538,14.604733140004269],[101.03528823918992,14.600568385381392],[101.05711994745532,14.599431317597217],[101.05922019953144,14.607627090764705],[101.06887859547017,14.608902430229161],[101.07278925330633,14.61193463294026],[101.07850583723425,14.613401660516415],[101.07973209041,14.627211448620601],[101.08276429313177,14.631122144504703],[101.08390132878232,14.642412548866117],[101.07973209041,14.647790237847929],[101.07916575359341,14.65416672748728],[101.0767400391245,14.654519054836749],[101.07325748619516,14.657979314472357],[101.06841038369564,14.658688246777766],[101.06285433947627,14.664213087123017],[101.0621454198888,14.677425421179253],[101.05834618946336,14.68125136497663],[101.0621454198888,14.685077246231078],[101.06250208011252,14.691667776525565],[101.05833281093871,14.69166777696868],[101.0576149479058,14.7033907791449],[101.04369806982555,14.704808791925815],[101.03958233669452,14.707725005817693],[101.03546660599842,14.704808772571095],[101.02051073856138,14.70352449964386],[101.01463365566329,14.707689323377224],[101.00619702343643,14.708977990465769],[101.00213481784618,14.711858638911005],[100.99786300113097,14.713142851858287],[100.99258340019784,14.716884027150115],[100.99102272664325,14.72713551672783],[100.98814209366324,14.731197746740222],[100.98750004804563,14.733333621558396],[100.98528828371133,14.732767284004122],[100.98124834847746,14.72963706543564],[100.97720841044716,14.73276730043453],[100.97145616421302,14.734243286944213],[100.97083190813362,14.745832499983933],[100.95203231024108,14.745190385204547],[100.94797006484025,14.742309766089889],[100.9371790558241,14.741025580577071],[100.93130197965023,14.745190341200866],[100.92703012405413,14.74647459441223],[100.92296790508784,14.749355136433982],[100.91870055886108,14.750643861289243],[100.9146338676164,14.75352447165281],[100.91036646276946,14.754808670576056],[100.90543026236949,14.758309045082859],[100.9027859897256,14.767089014670926],[100.88721483563481,14.765836030529039]]]},"id":"00090000000000001343","properties":{"HYBAS_ID":4121117000,"NEXT_DOWN":4121117560,"ORDER":2,"SUB_AREA":173.4,"UP_AREA":14550.4}},{"type":"Feature","geometry":{"type":"Polygon","coordinates":[[[100.98750004804563,14.733333621558396],[100.98814209366324,14.731197746740222],[100.99102272664325,14.72713551672783],[100.99258340019784,14.716884027150115],[100.99786300113097,14.713142851858287],[101.00213481784618,14.711858638911005],[101.00619702343643,14.708977990465769],[101.01463365566329,14.707689323377224],[101.02051073856138,14.70352449964386],[101.03546660599842,14.704808772571095],[101.03958233669452,14.707725005817693],[101.04369806982555,14.704808791925815],[101.0576149479058,14.7033907791449],[101.05833281093871,14.69166777696868],[101.06250208011252,14.691667776525565],[101.0621454198888,14.685077246231078],[101.05834618946336,14.68125136497663],[101.0621454198888,14.677425421179253],[101.06285433947627,14.664213087123017],[101.06841038369564,14.658688246777766],[101.07325748619516,14.657979314472357],[101.0767400391245,14.654519054836749],[101.07916575359341,14.65416672748728],[101.08575635716794,14.65451902857681],[101.08958221671917,14.658318179725882],[101.09412160529249,14.653814486735245],[101.10658921890091,14.654519028251517],[101.1149500381554,14.662853092204642],[101.11909254230723,14.662148566398905],[101.12257509368773,14.65868830335054],[101.1274266203673,14.657979288990681],[101.13161819828929,14.6538145039389],[101.14409025705024,14.654518993165196],[101.14828626408075,14.658688287262416],[101.15242430612297,14.65797926737898],[101.15590692142335,14.654519002580528],[101.16075837306299,14.65381447392676],[101.16424093885695,14.650354204136121],[101.17083149620495,14.650001918981499],[101.17429177864112,14.650889268686605],[101.17556710965432,14.660543237318587],[101.18276407889144,14.668623190218913],[101.18390115474581,14.673042141829534],[101.18703140056984,14.677082074284428],[101.18390115474581,14.681121999666521],[101.18276407889144,14.693875071199749],[101.17876873184622,14.699034182764416],[101.17278902131778,14.700568179168739],[101.16887841708835,14.703600334137676],[101.15921996600669,14.704875626936603],[101.15776634256726,14.710543132794182],[101.15473414171365,14.714458211181437],[101.1536015508521,14.721579438616859],[101.15776634256726,14.726957145782094],[101.15833261722847,14.733333670571714],[101.15590692142335,14.733685921426481],[101.15035979896321,14.739210755081402],[101.14964635494127,14.744089011172065],[101.14412152989833,14.74964059568101],[101.1392432591929,14.75035400720953],[101.13541735167574,14.75415316971009],[101.13124806902975,14.750015165118189],[101.1232573331619,14.757979062261256],[101.11445509127425,14.75890213064658],[101.11054448604398,14.761934266980361],[101.09779141715683,14.763066910139328],[101.08423579419157,14.775646057338497],[101.08248336017594,14.782481821815479],[101.07916575359341,14.783333508059172],[101.07500094841541,14.783333485363006],[101.07402890134912,14.779935730488855],[101.06450421816965,14.778548933218934],[101.05632622576537,14.771450056861116],[101.01753207687459,14.770179193656906],[101.0131175731724,14.76465881350598],[101.01188241448388,14.760337959031993],[101.00895276101815,14.756324765100702],[101.00756599680565,14.746804539500571],[101.00077032093537,14.74486043383183],[100.99919183138188,14.734020326450379],[100.98750004804563,14.733333621558396]]]},"id":"00090000000000001346","properties":{"HYBAS_ID":4121584450,"NEXT_DOWN":4121117000,"ORDER":2,"SUB_AREA":181.9,"UP_AREA":14377.0}},{"type":"Feature","geometry":{"type":"Polygon","coordinates":[[[101.04999878044526,14.80833124839914],[101.05126074966755,14.804144135602336],[101.05619693156878,14.800643745446434],[101.0700602705148,14.79923024153839],[101.07149609971648,14.784234224995169],[101.07500094841541,14.783333485363006],[101.07916575359341,14.783333508059172],[101.08248336017594,14.782481821815479],[101.08423579419157,14.775646057338497],[101.09779141715683,14.763066910139328],[101.11054448604398,14.761934266980361],[101.11445509127425,14.75890213064658],[101.12083164325574,14.758331347662834],[101.11998437178981,14.761648878944792],[101.11445509127425,14.763066950233645],[101.10508655134086,14.771414310022596],[101.10359720534925,14.777211162964296],[101.09904001883027,14.782678002309916],[101.08423130471536,14.783993498391471],[101.08248336017594,14.79081585999927],[101.07916575359341,14.791667578598675],[101.07881352138416,14.798258093818742],[101.07328865000552,14.803814165136222],[101.05590709914306,14.804518683684659],[101.05242451700319,14.807978983447226],[101.04999878044526,14.80833124839914]]]},"id":"0009000000000000134a","properties":{"HYBAS_ID":4121114880,"NEXT_DOWN":4121584450,"ORDER":2,"SUB_AREA":8.0,"UP_AREA":13718.5}},{"type":"Feature","geometry":{"type":"Polygon","coordinates":[[[101.01666698458273,14.862500447242148],[101.019984608634,14.861648702123158],[101.02140261212365,14.8561239108876],[101.02443480223775,14.852208812726646],[101.025567357377,14.84778987047302],[101.03276438841804,14.839709981286836],[101.03390144200142,14.835291009696492],[101.03693359270869,14.831375864078133],[101.0381598380788,14.817566072009264],[101.0454371171733,14.815697660554738],[101.04943244451951,14.810542980284433],[101.04999878044526,14.80833124839914],[101.05242451700319,14.807978983447226],[101.05590709914306,14.804518683684659],[101.07328865000552,14.803814165136222],[101.07881352138416,14.798258093818742],[101.07916575359341,14.79583237206685],[101.08333505401235,14.795832398084267],[101.08469950639744,14.791047743565917],[101.08688444860455,14.793674149025465],[101.08826682309322,14.803194324327562],[101.09382725612528,14.804786224039841],[101.0978404628956,14.80771592114938],[101.11049543391107,14.808951059958432],[101.11450414539848,14.811880660514026],[101.1229942484805,14.813115896766526],[101.13259470706502,14.821449946031924],[101.15632604626367,14.820214724197287],[101.16033922927025,14.817285123916802],[101.16882492874157,14.816049927714188],[101.17453253304453,14.811880720501444],[101.18132825530238,14.813115834192136],[101.18654983109838,14.816932897212476],[101.18829332773988,14.804960136819233],[101.19799189199662,14.80355105493294],[101.20617431317207,14.796452192635561],[101.210495210014,14.795217038111764],[101.21450844372688,14.792282958638994],[101.21666663043331,14.791667618937739],[101.21610027907913,14.798044060198734],[101.20889888350929,14.806124004374041],[101.20776627328965,14.810542966292518],[101.2047340851423,14.814458019702412],[101.20360143635492,14.8215792623933],[101.20776627328965,14.826956929039188],[101.20889888350929,14.83137587386828],[101.21203805051917,14.835424746404932],[101.2047340851423,14.843625041551686],[101.20360143635492,14.848044002751786],[101.19640000343266,14.856123904054735],[101.19526736407605,14.860542879031316],[101.18390115474581,14.872787583756343],[101.18242072034883,14.878557640068045],[101.16666666802898,14.879168548937237],[101.16545383914898,14.87443296569118],[101.15612093320298,14.875565585387731],[101.15074771149295,14.879734815298782],[101.147791321139,14.878597754887032],[101.14374245527506,14.875463011249735],[101.13554217289382,14.882767024512242],[101.12278911892686,14.883899654464276],[101.1188785251719,14.886931793540864],[101.11445509127425,14.888068890755958],[101.11054448604398,14.891101071985114],[101.10612099829606,14.89223371623008],[101.10221038192259,14.895265851495914],[101.09999867255448,14.895832145808443],[101.0925653380585,14.896496619478333],[101.09166460709565,14.900001431043961],[101.08333505401235,14.900001465643037],[101.08222470227795,14.896014972915824],[101.07554049916412,14.891060971473333],[101.07155410997592,14.89284012977579],[101.0700557816935,14.903381442629497],[101.06173956079357,14.904612181066465],[101.05633960401319,14.900603417119461],[101.05199202960166,14.89939497267481],[101.03967148086745,14.88810456836201],[101.03351796428947,14.886392253468848],[101.02977231956605,14.881340109009072],[101.02805555670427,14.87518212333512],[101.02300786723711,14.871436456394347],[101.01666698458273,14.87083450356714],[101.01666698458273,14.862500447242148]]]},"id":"0009000000000000134b","properties":{"HYBAS_ID":4121114670,"NEXT_DOWN":4121114880,"ORDER":2,"SUB_AREA":158.8,"UP_AREA":13054.6}},{"type":"Feature","geometry":{"type":"Polygon","coordinates":[[[101.00416814213027,14.883333319612001],[101.0079360862065,14.882365736797164],[101.01193141677649,14.877211015904598],[101.01334947453378,14.871686155365513],[101.01666698458273,14.87083450356714],[101.02300786723711,14.871436456394347],[101.02805555670427,14.87518212333512],[101.02977231956605,14.881340109009072],[101.03351796428947,14.886392253468848],[101.03967148086745,14.88810456836201],[101.05199202960166,14.89939497267481],[101.05633960401319,14.900603417119461],[101.06173956079357,14.904612181066465],[101.0700557816935,14.903381442629497],[101.07155410997592,14.89284012977579],[101.07554049916412,14.891060971473333],[101.08222470227795,14.896014972915824],[101.08333505401235,14.900001465643037],[101.08749978456974,14.900001446857484],[101.08785213458579,14.914952800568928],[101.09757736042758,14.92464690714382],[101.09999867255448,14.924999133721807],[101.1003553853336,14.927424963090937],[101.10798050885185,14.935076753554341],[101.10833276026136,14.937498053994469],[101.1019562482379,14.936931723566005],[101.09387629986725,14.929734699226742],[101.08454789963145,14.928597623381396],[101.08243432217712,14.936838105947112],[101.07083174659725,14.937498042991043],[101.06991308907827,14.933917380642065],[101.06054452191486,14.925565449327788],[101.0519562983401,14.924432850693934],[101.04804570359767,14.921400687398858],[101.04362229843642,14.920268089869701],[101.03971160871652,14.91723583946541],[101.03009779694409,14.915965050521711],[101.02140261212365,14.906377955501233],[101.019984608634,14.90084868181132],[101.01308185627117,14.899078397154655],[101.00473447168343,14.889709843232302],[101.00416814213027,14.883333319612001]]]},"id":"0009000000000000134e","properties":{"HYBAS_ID":4121113500,"NEXT_DOWN":4121114670,"ORDER":2,"SUB_AREA":31.5,"UP_AREA":12409.2}},{"type":"Feature","geometry":{"type":"Polygon","coordinates":[[[100.97021653824223,14.927799479121889],[100.97145167997199,14.910337677167163],[100.97438131372304,14.906328929615787],[100.97580830502346,14.89654118729662],[100.99500916182268,14.895127650365799],[100.9993835018858,14.889660820209476],[101.00092636844063,14.884260804948834],[101.00416814213027,14.883333319612001],[101.00473447168343,14.889709843232302],[101.01308185627117,14.899078397154655],[101.019984608634,14.90084868181132],[101.02140261212365,14.906377955501233],[101.03009779694409,14.915965050521711],[101.03971160871652,14.91723583946541],[101.04362229843642,14.920268089869701],[101.04804570359767,14.921400687398858],[101.0519562983401,14.924432850693934],[101.06054452191486,14.925565449327788],[101.06991308907827,14.933917380642065],[101.07083174659725,14.937498042991043],[101.07047945828032,14.944093056359296],[101.06701914164208,14.947575591664412],[101.06631468027629,14.95587842716205],[101.07047945828032,14.960074415733192],[101.07118843874123,14.968381783038385],[101.06701914164208,14.972577818048784],[101.06631468027628,15.005878374646239],[101.07047945828032,15.010074360295878],[101.07083174659725,15.012500127634917],[101.05924246850631,15.011875838484642],[101.05748116375109,15.005017770671165],[101.0519562983401,15.003599766084251],[101.04804570359768,15.000567586960251],[101.0458340189131,15.000001212821825],[101.04166469007458,15.00000122473819],[101.04045635009648,14.995983551889998],[101.03130177938736,14.988144513993534],[101.02286515763988,14.986855837821903],[101.01463365566329,14.979810456916193],[100.99786300113097,14.97852173702719],[100.98546664435392,14.967311563353144],[100.97160336816464,14.96589356902541],[100.97083190813362,14.958335363221286],[100.97145167997199,14.939504643306003],[100.97934435431686,14.930408050565429],[100.97021653824223,14.927799479121889]]]},"id":"00090000000000001350","properties":{"HYBAS_ID":4121112990,"NEXT_DOWN":4121113500,"ORDER":2,"SUB_AREA":90.7,"UP_AREA":12223.6}},{"type":"Feature","geometry":{"type":"Polygon","coordinates":[[[101.00359741642883,15.079912795921475],[101.00473447168343,15.068622310988188],[101.00776665582437,15.06471176491231],[101.00889927425276,15.056123503956394],[101.01193141677649,15.052208428505482],[101.01306848400479,15.04778942270882],[101.01610067125782,15.04387882072462],[101.01666698458273,15.041667088828383],[101.02328431375551,15.041310359075847],[101.03714768833508,15.027424740405365],[101.038092959412,15.00091533279632],[101.04166469007458,15.00000122473819],[101.0458340189131,15.000001212821825],[101.04804570359768,15.000567586960251],[101.0519562983401,15.003599766084251],[101.05748116375109,15.005017770671165],[101.05924246850631,15.011875838484642],[101.08971155536578,15.013066419260035],[101.09362218792967,15.016098580740218],[101.1063752291975,15.017235685023625],[101.11445509127425,15.024432657222743],[101.12043918550756,15.025966598848287],[101.12443457237785,15.031121306352848],[101.12585254691861,15.036650636585472],[101.13137737657209,15.038068557896011],[101.13528803878947,15.041100809017776],[101.13971146587498,15.042233422046763],[101.147791321139,15.04943481227934],[101.15416788784529,15.050001105244109],[101.1536015508521,15.056377689736614],[101.15056939249115,15.060288257892934],[101.14943227091193,15.068876532043953],[101.14491518974984,15.07429433801376],[101.13528803878947,15.075565136028343],[101.13137737657209,15.078597400312427],[101.12278911892686,15.079734462673157],[101.1188785251719,15.082766630205278],[101.11029033062967,15.083899217701926],[101.1063752291975,15.086931425949004],[101.09672122456298,15.088206758719817],[101.09583392517963,15.091667013956288],[101.09166460709565,15.091666988503746],[101.09166460709565,15.095831762120644],[101.0769540500056,15.096402570822207],[101.07153624074053,15.100919627009093],[101.07026537534036,15.110542350264485],[101.06570819674118,15.116009231430104],[101.0519562983401,15.117235482938359],[101.0468016409301,15.121230812177975],[101.04526770733699,15.127210439183647],[101.04223546811052,15.13112114234068],[101.04109840288463,15.135544546277904],[101.03239429015443,15.145140491554294],[101.02204911128386,15.146402447516492],[101.019984608634,15.13834927949254],[101.01289464471043,15.136534504583146],[101.00889927425276,15.131375293612674],[101.00776665582437,15.126956275893527],[101.00463638817003,15.122916365783395],[101.00889927425276,15.117413877845795],[101.00776665582437,15.085290466973708],[101.00359741642883,15.079912795921475]]]},"id":"00090000000000001352","properties":{"HYBAS_ID":4121112330,"NEXT_DOWN":4121112990,"ORDER":2,"SUB_AREA":138.8,"UP_AREA":11853.1}},{"type":"Feature","geometry":{"type":"Polygon","coordinates":[[[100.99999888581952,15.200000869014874],[101.0005651908789,15.185290305936377],[101.00359741642883,15.181375206285527],[101.00501535167218,15.17585036941468],[101.01183781206664,15.174102429327514],[101.01306848400479,15.160288081265032],[101.01619876642677,15.156248144392949],[101.01193141677649,15.150745630878692],[101.01375073077256,15.146010050786888],[101.0186245182468,15.142233212063907],[101.02083178448561,15.141666845754985],[101.02204911128386,15.146402447516492],[101.03239429015443,15.145140491554294],[101.04109840288463,15.135544546277904],[101.04223546811052,15.13112114234068],[101.04526770733699,15.127210439183647],[101.0468016409301,15.121230812177975],[101.0519562983401,15.117235482938359],[101.06570819674118,15.116009231430104],[101.07026537534036,15.110542350264485],[101.07153624074053,15.100919627009093],[101.0769540500056,15.096402570822207],[101.09166460709565,15.095831762120644],[101.09919605199026,15.096567547652572],[101.10061849530601,15.10632853172096],[101.11705922573873,15.123919639911868],[101.1229942484805,15.125618579721952],[101.13534150882658,15.13688231466484],[101.14382720268762,15.138117458484267],[101.14883917938477,15.14178283745452],[101.14999858379973,15.145831654035169],[101.14915131873126,15.149149290396412],[101.14362202941446,15.150567216442171],[101.13846735408679,15.154562619522286],[101.13693344356737,15.160542303639943],[101.13390119691098,15.164457345562159],[101.13276418264654,15.168876344162818],[101.12973197893112,15.172791373358127],[101.12859933193737,15.179912625710227],[101.13286671465222,15.185415106492778],[101.12973197893112,15.189455038872925],[101.12916569698105,15.191666825653401],[101.12916569698105,15.20000083561763],[101.12500082690404,15.200000857226078],[101.12378350465106,15.195265293549719],[101.11029033062967,15.196402359456446],[101.09804562632422,15.207764173437926],[101.08528815039782,15.20890120224759],[101.07721269387781,15.21609820920478],[101.07278925330633,15.2172352560997],[101.06887859547017,15.220267494009676],[101.06029041081491,15.221400105046326],[101.05637533689058,15.224432287402955],[101.0519562983401,15.225569339190676],[101.04657863478458,15.229734115400879],[101.03528823918992,15.228601503771424],[101.02720831751155,15.221400047065549],[101.02278931628918,15.220267482887493],[101.01887869252602,15.217235299340455],[101.01666698458273,15.216664499132923],[101.01600706250441,15.209231162014783],[101.01029045741254,15.207764103998219],[101.00221064296603,15.200567152232487],[100.99999888581952,15.200000869014874]]]},"id":"00090000000000001356","properties":{"HYBAS_ID":4121111350,"NEXT_DOWN":4121112330,"ORDER":2,"SUB_AREA":140.2,"UP_AREA":11539.7}},{"type":"Feature","geometry":{"type":"Polygon","coordinates":[[[101.12859933193737,15.179912625710227],[101.12973197893112,15.172791373358127],[101.13276418264654,15.168876344162818],[101.13390119691098,15.164457345562159],[101.13693344356737,15.160542303639943],[101.13846735408679,15.154562619522286],[101.14362202941446,15.150567216442171],[101.14915131873126,15.149149290396412],[101.14999858379973,15.145831654035169],[101.15658913420037,15.146188456484955],[101.16007613126813,15.149648720452406],[101.16492320962719,15.150353185108596],[101.16841024382413,15.153813460378691],[101.17742655777643,15.154518056171819],[101.18126577230363,15.158334973699862],[101.19548137521454,15.144092637877591],[101.19619039847848,15.130880349318769],[101.2017420119474,15.125355510523875],[101.21075827009037,15.124646517255517],[101.21841014157427,15.117021431167267],[101.22083141412968,15.116664688947274],[101.22026512532338,15.118876390248312],[101.21723289858585,15.122791540016335],[101.21610027907913,15.12721044515333],[101.2130680939153,15.13112110167808],[101.21193102690431,15.134269198314646],[101.22026512532338,15.143624467190689],[101.22140220195229,15.154914832383117],[101.21723289858585,15.160288105581861],[101.21610027907913,15.16471149709627],[101.2130680939153,15.168622139525604],[101.21193102690431,15.177210356463021],[101.19096882938365,15.199109043372562],[101.18528792630504,15.20056718045379],[101.18137725652005,15.203599315263034],[101.17842089346023,15.204731992073754],[101.17304325271137,15.200567160430271],[101.16371480902802,15.199434519035087],[101.16250193024109,15.204165672660931],[101.16250193024109,15.208334862892835],[101.16193113844784,15.210542130049285],[101.15889898156324,15.214457294475759],[101.15748096004054,15.219982113912058],[101.15195612502725,15.22140008297797],[101.1480454877203,15.224432299351651],[101.14362202941446,15.225569362087784],[101.13554217289382,15.23276633200844],[101.13333489080473,15.233332635393662],[101.13368723370887,15.230906913484256],[101.141651178462,15.222916134328848],[101.13785195566065,15.219090224615861],[101.13714750025596,15.214243241225908],[101.12951793847941,15.2065914005028],[101.12916569698105,15.191666825653401],[101.12973197893112,15.189455038872925],[101.13286671465222,15.185415106492778],[101.12859933193737,15.179912625710227]]]},"id":"0009000000000000135a","properties":{"HYBAS_ID":4121110240,"NEXT_DOWN":4121111350,"ORDER":2,"SUB_AREA":59.6,"UP_AREA":11291.4}},{"type":"Feature","geometry":{"type":"Polygon","coordinates":[[[101.11666678315873,15.291666564163705],[101.11723307899703,15.272791195404155],[101.12443457237785,15.26471131807598],[101.12556717108586,15.243624200534324],[101.12859933193737,15.239709110527132],[101.13001736692935,15.234184284219248],[101.13554217289382,15.23276633200844],[101.14362202941446,15.225569362087784],[101.1480454877203,15.224432299351651],[101.15195612502725,15.22140008297797],[101.15748096004054,15.219982113912058],[101.15889898156324,15.214457294475759],[101.16193113844784,15.210542130049285],[101.16250193024109,15.208334862892835],[101.16666666802898,15.20833489785199],[101.16998431031251,15.209182091772709],[101.17168318290605,15.215817302810716],[101.17721249951649,15.217235312311447],[101.18258570168861,15.2214000506379],[101.2105442257555,15.220267484398201],[101.21445493056424,15.217235263287217],[101.22826920588308,15.216004566976512],[101.2300528686208,15.209043908613468],[101.23971126679359,15.207764132406703],[101.26445482630204,15.183899038336929],[101.26887826342362,15.182766406637922],[101.27278885336254,15.179734242901885],[101.2791653769575,15.179167934078547],[101.27859910038742,15.185544454479523],[101.24639992621648,15.218622085054292],[101.24526731819805,15.231375082786972],[101.23652746574207,15.241011170438899],[101.22173212262337,15.242326645260176],[101.21992621815708,15.249363102611195],[101.20195603716127,15.250567030268577],[101.19804539621863,15.253599206677938],[101.19583368212498,15.254165518426683],[101.19166891774097,15.254165512629204],[101.19166891774097,15.258334778374254],[101.1809091100826,15.258687100976587],[101.17742655777643,15.262147323391163],[101.16424093885695,15.262851878344804],[101.15868937021672,15.268376675947566],[101.15798035840726,15.273259413874687],[101.15245558163298,15.278806532059685],[101.14757732755753,15.27951999130542],[101.13786093955143,15.289209606287688],[101.13714750025596,15.293378866359078],[101.14131228317686,15.297574889480117],[101.14166456843492,15.30416545293908],[101.13528803878947,15.304731789609974],[101.13124806902975,15.30786646009748],[101.12596845949554,15.30376857215487],[101.12414920068817,15.296683081922009],[101.12083164325574,15.295831417753755],[101.11998437178981,15.292518316798217],[101.11666678315873,15.291666564163705]]]},"id":"0009000000000000135c","properties":{"HYBAS_ID":4121110070,"NEXT_DOWN":4121110240,"ORDER":2,"SUB_AREA":71.0,"UP_AREA":11032.6}},{"type":"Feature","geometry":{"type":"Polygon","coordinates":[[[101.13714750025596,15.293378866359078],[101.13786093955143,15.289209606287688],[101.14757732755753,15.27951999130542],[101.15245558163298,15.278806532059685],[101.15798035840726,15.273259413874687],[101.15868937021672,15.268376675947566],[101.16424093885695,15.262851878344804],[101.17742655777643,15.262147323391163],[101.1809091100826,15.258687100976587],[101.19166891774097,15.258334778374254],[101.1948705457854,15.259297935879856],[101.19709563577435,15.266691162528144],[101.20208535149004,15.27022720495893],[101.20619661565028,15.267311011560503],[101.21463327906893,15.266022312316307],[101.22051031500915,15.261857461649145],[101.22884444635055,15.267310997443392],[101.23542160332683,15.263101563064907],[101.25287005856292,15.279301529983448],[101.25520663999335,15.271551585287481],[101.27296722055925,15.270191588540067],[101.27884434809309,15.266022332001958],[101.29511111566418,15.267422430120288],[101.29653803670428,15.290623163407401],[101.29999831002526,15.291666582261767],[101.2996459782346,15.298257134781714],[101.29618571716425,15.301744154681314],[101.29548125487044,15.306591190032222],[101.29202096560341,15.31007377277971],[101.29166866206184,15.32083353162086],[101.28507366982036,15.32118580857178],[101.27742633163717,15.328815364022935],[101.27257484775036,15.329519902479827],[101.26492302316676,15.337144937944807],[101.26007595631745,15.337853970932104],[101.25658896527351,15.341314228458852],[101.22674418206194,15.342018749970464],[101.22325715548588,15.345478978096306],[101.2100760270051,15.346188058843177],[101.20658907093801,15.349648286296762],[101.20245548876271,15.350352796711816],[101.19825941339744,15.34618801396023],[101.18995215438562,15.345479007029104],[101.1857560935998,15.34964827897083],[101.18161811471244,15.350352816129636],[101.17742655777643,15.346188038007599],[101.16666666802898,15.345831324826907],[101.16320648164083,15.344943950073493],[101.16193113844784,15.335289975115314],[101.15889898156324,15.33137932551582],[101.15769497525741,15.313404709606807],[101.15195612502725,15.311933230370055],[101.1438762715594,15.30473173362909],[101.14166456843492,15.30416545293908],[101.14131228317686,15.297574889480117],[101.13714750025596,15.293378866359078]]]},"id":"0009000000000000135e","properties":{"HYBAS_ID":4121109340,"NEXT_DOWN":4121110070,"ORDER":2,"SUB_AREA":127.3,"UP_AREA":9625.0}},{"type":"Feature","geometry":{"type":"Polygon","coordinates":[[[101.16666666802898,15.345831324826907],[101.17742655777643,15.346188038007599],[101.18161811471244,15.350352816129636],[101.1857560935998,15.34964827897083],[101.18995215438562,15.345479007029104],[101.19825941339744,15.34618801396023],[101.20245548876271,15.350352796711816],[101.20658907093801,15.349648286296762],[101.2100760270051,15.346188058843177],[101.22325715548588,15.345478978096306],[101.22674418206194,15.342018749970464],[101.25658896527351,15.341314228458852],[101.26007595631745,15.337853970932104],[101.26492302316676,15.337144937944807],[101.27257484775036,15.329519902479827],[101.27742633163717,15.328815364022935],[101.28507366982036,15.32118580857178],[101.29166866206184,15.32083353162086],[101.29202096560341,15.32742412472561],[101.29964597823458,15.33507597316048],[101.30035505588654,15.339922972313982],[101.30381528884551,15.343410030409176],[101.3045198101252,15.348257069249863],[101.30798010127188,15.351744026026015],[101.3086846520107,15.360755873436377],[101.31214491474508,15.36424295750191],[101.31285390830807,15.373259252449747],[101.3163141427093,15.376741798465574],[101.3170186658207,15.380879788959902],[101.31285390830807,15.38507583347825],[101.31214491474508,15.394092121280131],[101.3045198101252,15.401743949623249],[101.30381528884551,15.410046810799555],[101.30831896342241,15.414581733569774],[101.3045198101252,15.418407604710271],[101.30381528884551,15.430879710993159],[101.30831896342241,15.435419081615088],[101.30245523594992,15.441309574436156],[101.29999831002526,15.44166627670891],[101.2892429753172,15.441313979989316],[101.28575591098893,15.43785373021276],[101.28090886469131,15.437144736092375],[101.2732570895632,15.429519656457096],[101.26495424790237,15.428815128545763],[101.2607581986464,15.43297997990578],[101.2482860495763,15.433684528077393],[101.23785626369387,15.423290369353166],[101.23714728675886,15.41840758503809],[101.23162247350936,15.412856033056691],[101.22674418206194,15.412147049343028],[101.20658907093801,15.392018624239089],[101.19999844987971,15.391666428139088],[101.19964171972687,15.38920940560927],[101.18992536125651,15.379519814885581],[101.18504265143677,15.378810767709458],[101.17951782003576,15.373259207861782],[101.17881332438428,15.368407682740663],[101.17535305544709,15.3649251151107],[101.17464850325136,15.36007366410459],[101.17118820824207,15.356591088092976],[101.17047927890542,15.351744066951513],[101.16701895805363,15.348257081053372],[101.16666666802898,15.345831324826907]]]},"id":"00090000000000001361","properties":{"HYBAS_ID":4121582140,"NEXT_DOWN":4121109340,"ORDER":2,"SUB_AREA":120.8,"UP_AREA":9497.6}},{"type":"Feature","geometry":{"type":"Polygon","coordinates":[[[101.11250201445048,15.32083360695121],[101.1130682861154,15.306123014261432],[101.11610049060675,15.302212403759054],[101.11751851683647,15.296683113065942],[101.12083164325574,15.295831417753755],[101.12414920068817,15.296683081922009],[101.12596845949554,15.30376857215487],[101.13124806902975,15.30786646009748],[101.13528803878947,15.304731789609974],[101.14166456843492,15.30416545293908],[101.1438762715594,15.30473173362909],[101.15195612502725,15.311933230370055],[101.15769497525741,15.313404709606807],[101.15889898156324,15.33137932551582],[101.16193113844784,15.335289975115314],[101.16320648164083,15.344943950073493],[101.16666666802898,15.345831324826907],[101.16701895805363,15.348257081053372],[101.17047927890542,15.351744066951513],[101.17118820824207,15.356591088092976],[101.17464850325136,15.36007366410459],[101.17535305544709,15.3649251151107],[101.17881332438428,15.368407682740663],[101.17951782003576,15.373259207861782],[101.18504265143677,15.378810767709458],[101.18992536125651,15.379519814885581],[101.19964171972687,15.38920940560927],[101.19999844987971,15.391666428139088],[101.20658907093801,15.392018624239089],[101.22674418206194,15.412147049343028],[101.23162247350936,15.412856033056691],[101.23714728675886,15.41840758503809],[101.23785626369387,15.423290369353166],[101.2482860495763,15.433684528077393],[101.2607581986464,15.43297997990578],[101.26495424790237,15.428815128545763],[101.2732570895632,15.429519656457096],[101.28090886469131,15.437144736092375],[101.28575591098893,15.43785373021276],[101.2892429753172,15.441313979989316],[101.29999831002526,15.44166627670891],[101.29999831002526,15.454165154388722],[101.30035505588654,15.456590883184841],[101.30381528884551,15.460073473606784],[101.30416754886232,15.500000259238545],[101.30348085497901,15.528427037210804],[101.29166866206184,15.529167271860283],[101.28950598517946,15.528547435911001],[101.27715876894364,15.517283732233373],[101.27283789998458,15.516048509700257],[101.26882913226034,15.513118932391116],[101.25617425701535,15.511883732130498],[101.25216106052355,15.508949639626493],[101.2424625325577,15.50754056064414],[101.24089733866364,15.496803061258595],[101.23534135982351,15.495215653478047],[101.23132814367267,15.492286037915587],[101.22283800469869,15.491050792053864],[101.21882477790562,15.488116724807357],[101.21033917241017,15.486881601351037],[101.20632593554599,15.483951980312689],[101.20092593703777,15.48240913661003],[101.19938309765709,15.47700466672688],[101.19644901216057,15.47299151150972],[101.19521386136415,15.464505830332726],[101.18395015724634,15.452158510999459],[101.18271499055915,15.447837708857504],[101.17978537760779,15.443828958344632],[101.17850117704297,15.417667425499753],[101.17283810468987,15.416048737062157],[101.16782611050989,15.41238785909955],[101.16666666802898,15.408334547346781],[101.16250193024109,15.408334527597555],[101.16188206053171,15.406171806574397],[101.15478321605102,15.397993859537253],[101.1535480708384,15.389508146515933],[101.15061837834737,15.385494951513495],[101.14938319925524,15.381174097431781],[101.14521401251542,15.375470951494588],[101.1464491390128,15.372840022733106],[101.15061837834737,15.36713686689777],[101.14938319925524,15.364506010273892],[101.1464491390128,15.360492811168431],[101.14504010947668,15.350794259024058],[101.13534150882658,15.34938074778537],[101.13132831397076,15.346451089146937],[101.12162528677575,15.345037569041946],[101.12021626951824,15.335339056060754],[101.11311733954231,15.327161031141733],[101.11250201445048,15.32083360695121]]]},"id":"00090000000000001364","properties":{"HYBAS_ID":4121581920,"NEXT_DOWN":4121582140,"ORDER":2,"SUB_AREA":164.3,"UP_AREA":9376.8}},{"type":"Feature","geometry":{"type":"Polygon","coordinates":[[[101.09109828713234,15.413498156405183],[101.09223542019984,15.410287555625057],[101.0994323904624,15.402212205710992],[101.10056944816833,15.397788744095106],[101.10473422530771,15.392415521007385],[101.10359720534925,15.385289905037494],[101.0994323904624,15.379912180628086],[101.10056944816833,15.331120739445588],[101.10359720534925,15.327210050303222],[101.10506418550825,15.321493556526214],[101.11250201445048,15.32083360695121],[101.11311733954231,15.327161031141733],[101.12021626951824,15.335339056060754],[101.12162528677575,15.345037569041946],[101.13132831397076,15.346451089146937],[101.13534150882658,15.34938074778537],[101.14504010947668,15.350794259024058],[101.1464491390128,15.360492811168431],[101.14938319925524,15.364506010273892],[101.15061837834737,15.36713686689777],[101.1464491390128,15.372840022733106],[101.14521401251542,15.375470951494588],[101.14938319925524,15.381174097431781],[101.15061837834737,15.385494951513495],[101.1535480708384,15.389508146515933],[101.15478321605102,15.397993859537253],[101.16188206053171,15.406171806574397],[101.16250193024109,15.408334527597555],[101.16666666802898,15.408334547346781],[101.16782611050989,15.41238785909955],[101.17283810468987,15.416048737062157],[101.17850117704297,15.417667425499753],[101.17978537760779,15.443828958344632],[101.18271499055915,15.447837708857504],[101.18395015724634,15.452158510999459],[101.19521386136415,15.464505830332726],[101.19644901216057,15.47299151150972],[101.19938309765709,15.47700466672688],[101.20092593703777,15.48240913661003],[101.20632593554599,15.483951980312689],[101.21033917241017,15.486881601351037],[101.21882477790562,15.488116724807357],[101.22283800469869,15.491050792053864],[101.23132814367267,15.492286037915587],[101.23534135982351,15.495215653478047],[101.24089733866364,15.496803061258595],[101.2424625325577,15.50754056064414],[101.25216106052355,15.508949639626493],[101.25617425701535,15.511883732130498],[101.26882913226034,15.513118932391116],[101.27283789998458,15.516048509700257],[101.27715876894364,15.517283732233373],[101.28950598517946,15.528547435911001],[101.29166866206184,15.529167271860283],[101.29166866206184,15.537501265804652],[101.2895328053032,15.538143370015181],[101.28415508265566,15.541955954191192],[101.28254978156804,15.55766531850036],[101.24999837976387,15.558334241698956],[101.2475770843649,15.557981929878146],[101.21909235586273,15.529519466836527],[101.21424087820405,15.528814936798451],[101.21075827009037,15.525354712728184],[101.20174201194739,15.524645734831422],[101.18369157642573,15.50662198242237],[101.18297806282351,15.50174378152698],[101.17745775484073,15.4961922189331],[101.17257497316685,15.495478686957943],[101.16041500508194,15.483345546417633],[101.15208545993923,15.49165279588015],[101.14619048424767,15.485789076530624],[101.14548147651034,15.480910855191349],[101.1357874103393,15.471189964163512],[101.13090920979552,15.470481005605246],[101.12500082690404,15.464599463727152],[101.12915230871963,15.460416780172169],[101.12535313975849,15.456590863633135],[101.12500082690404,15.441666253687988],[101.12973197893112,15.44045341803061],[101.1188785251719,15.42973372496061],[101.10514449527858,15.428511982848116],[101.09109828713234,15.413498156405183]]]},"id":"00090000000000001365","properties":{"HYBAS_ID":4121581830,"NEXT_DOWN":4121581920,"ORDER":2,"SUB_AREA":154.3,"UP_AREA":9212.0}},{"type":"Feature","geometry":{"type":"Polygon","coordinates":[[[100.94999896751168,15.504165041687605],[100.9730435986882,15.503598747629479],[100.9769542598296,15.500566510194012],[100.98137771485118,15.499433898873985],[100.9894575933055,15.492232510974697],[100.99804578428945,15.491099916707121],[101.00195642633189,15.48806767146088],[101.006375422797,15.486930647617053],[101.01029045741254,15.483898473834937],[101.01627011627366,15.482364511376579],[101.02026553301395,15.477209744366405],[101.02173703447748,15.47147986841137],[101.03528823918992,15.458900721184317],[101.03971160871652,15.457768075595474],[101.05612115040417,15.442232587704977],[101.06054452191486,15.441099956676757],[101.06445518924697,15.438067827860039],[101.06998447852138,15.436649839823],[101.07083174659725,15.433332251857374],[101.08575635716794,15.433684477476646],[101.09340814036652,15.441313993184544],[101.0982595977342,15.442018538676784],[101.10245562198855,15.44618783927114],[101.11492326553258,15.445478803612499],[101.11841033193699,15.442018587374532],[101.12500082690404,15.441666253687988],[101.12535313975849,15.456590863633135],[101.12915230871963,15.460416780172169],[101.12500082690404,15.464599463727152],[101.13090920979552,15.470481005605246],[101.1357874103393,15.471189964163512],[101.14548147651034,15.480910855191349],[101.14619048424767,15.485789076530624],[101.15208545993923,15.49165279588015],[101.16041500508194,15.483345546417633],[101.17257497316685,15.495478686957943],[101.17745775484073,15.4961922189331],[101.18297806282351,15.50174378152698],[101.18369157642573,15.50662198242237],[101.20174201194739,15.524645734831422],[101.21075827009037,15.525354712728184],[101.21424087820405,15.528814936798451],[101.21909235586273,15.529519466836527],[101.2475770843649,15.557981929878146],[101.24999837976387,15.558334241698956],[101.24886132003022,15.56276654251589],[101.24387607093448,15.558900509284916],[101.22842077575783,15.557767872830953],[101.22304308402813,15.56193273441294],[101.21592192792158,15.563065352403443],[101.21040599624018,15.558793515062066],[101.2022101710968,15.566097494242904],[101.18528792630504,15.567234588905286],[101.18137725652005,15.570266804466424],[101.17842089346023,15.571399391304704],[101.17291838370873,15.5671364663702],[101.16887841708835,15.570266731842583],[101.13112325329443,15.57139941599591],[101.12721258496573,15.574431602153334],[101.11029033062967,15.5755686073362],[101.1063752291975,15.578600820682738],[101.10416791569111,15.579167143076148],[101.10174218235593,15.578814894618853],[101.08992559479886,15.567020506037528],[101.08333505401235,15.566668258965375],[101.08276429313177,15.564456524740502],[101.07963393088085,15.560416597981556],[101.08390132878232,15.554914112646625],[101.08259481811383,15.54671383406264],[101.0769540500056,15.545264579254498],[101.07304339713109,15.542232428097472],[101.06862446254537,15.541099785177995],[101.05637533689058,15.529733496479052],[101.03945746595338,15.528600940361288],[101.03554237100256,15.525568749445204],[101.02591965496663,15.524297927234432],[101.02140261212365,15.518875656913774],[101.01986416341916,15.51289597823868],[101.01458456572456,15.508802499596559],[101.01054469601692,15.511932829364786],[101.00195642633189,15.51306545363547],[100.99804578428945,15.5160976054932],[100.99362233944343,15.51723470280411],[100.98824473165902,15.52139944174962],[100.98528828371133,15.52026683590038],[100.98137771485118,15.517234707768461],[100.9769542598296,15.516097567975985],[100.9730435986882,15.513065429857376],[100.96249784431255,15.512499140099969],[100.96161048262533,15.509043271544229],[100.95088630800929,15.507625297876784],[100.94999896751168,15.504165041687605]]]},"id":"00090000000000001367","properties":{"HYBAS_ID":4121107170,"NEXT_DOWN":4121581830,"ORDER":2,"SUB_AREA":228.1,"UP_AREA":8570.5}},{"type":"Feature","geometry":{"type":"Polygon","coordinates":[[[101.05416803647574,15.595835211769238],[101.05473431376696,15.593623498424629],[101.05776651262926,15.589708404654749],[101.05889911255515,15.58528943855149],[101.06193135533093,15.581378811991264],[101.06346969589056,15.57539475591549],[101.06862446254537,15.571399361011593],[101.0782784416619,15.570124064945434],[101.07916575359341,15.566668284174826],[101.08749978456974,15.566668293343886],[101.08992559479886,15.567020506037528],[101.10174218235593,15.578814894618853],[101.10416791569111,15.579167143076148],[101.10328054847302,15.582622909132144],[101.09255195482082,15.584040891359129],[101.09081741644749,15.590814297670537],[101.08749978456974,15.591666006394531],[101.08749978456974,15.595835274009907],[101.0767400391245,15.59618754779381],[101.07325748619516,15.599647787868218],[101.06078534113281,15.600352312820455],[101.05658930287397,15.596187507635635],[101.05416803647574,15.595835211769238]]]},"id":"0009000000000000136e","properties":{"HYBAS_ID":4121105940,"NEXT_DOWN":4121107170,"ORDER":2,"SUB_AREA":11.8,"UP_AREA":7983.8}},{"type":"Feature","geometry":{"type":"Polygon","coordinates":[[[100.99999888581952,15.695835039497082],[101.00061867302144,15.693672428571414],[101.00771756937924,15.685494402722176],[101.00895276101815,15.681173556981584],[101.01188241448388,15.677160339309784],[101.0131175731724,15.672839484325939],[101.01604718053046,15.668826243021737],[101.0172823925152,15.66450537479119],[101.02021644021173,15.660492236045926],[101.02145161924861,15.652006540323525],[101.0243812206116,15.647993375932737],[101.02561645289843,15.643672514851774],[101.02855049485987,15.639659277516762],[101.02978569414509,15.63533840882829],[101.03271528926636,15.631325195717313],[101.03395045546392,15.62283953888583],[101.0368845777347,15.618826377245677],[101.0383605606518,15.60866408234928],[101.04367131682262,15.604784649522395],[101.05343225207031,15.603362202324238],[101.05416803647574,15.595835211769238],[101.05658930287397,15.596187507635635],[101.06078534113281,15.600352312820455],[101.07325748619516,15.599647787868218],[101.0767400391245,15.59618754779381],[101.08749978456974,15.595835274009907],[101.08971155536578,15.596401565919134],[101.09362218792967,15.599433753628803],[101.1063752291975,15.600566376934143],[101.11175283440355,15.604735609413568],[101.11470925754082,15.603598530366108],[101.12008697675031,15.599433771174505],[101.12721258496573,15.600566393139568],[101.13528803878947,15.607767763969619],[101.13971146587498,15.608900422705387],[101.15195612502725,15.620266671620412],[101.1605443511581,15.621399287916669],[101.1644549688296,15.624431423865216],[101.1702518419096,15.625920767489498],[101.17859926310233,15.635289398096825],[101.17987456362705,15.644947761358935],[101.18333481897714,15.645835120331512],[101.18368708238006,15.652425660565033],[101.18920748097317,15.657977315031781],[101.19409013826731,15.65868625920396],[101.20797581643689,15.672549646975655],[101.20868484321217,15.680879213603276],[101.20452005389194,15.685075218234728],[101.2038154656094,15.689922270759993],[101.20035518132498,15.693409319847532],[101.19999844987971,15.699999831144819],[101.1809091100826,15.699647611233774],[101.17742655777643,15.696187338080035],[101.17257497316685,15.695478291499848],[101.16909245717815,15.692018018808833],[101.16494990952965,15.691313481036426],[101.1545245392747,15.70171215626015],[101.15331618045431,15.707482198345346],[101.147791321139,15.708900199832769],[101.1438762715594,15.71193236990478],[101.13945723455167,15.713069482032836],[101.13541735167574,15.716199752094036],[101.13137737657209,15.713069514268454],[101.11029033062967,15.711932415537996],[101.1063752291975,15.708900202628438],[101.1019562482379,15.7077676402202],[101.09387629986725,15.700566191778632],[101.08454789963145,15.699433571766795],[101.08333505401235,15.704164645901614],[101.07916575359341,15.704164679523121],[101.07916575359341,15.708333898454065],[101.06453097692311,15.707691807529164],[101.06046873735275,15.704811216272727],[101.04786731360952,15.703522567514884],[101.04380059430527,15.70064194967699],[101.03424928279819,15.699357721264157],[101.03245667780165,15.716917703625498],[101.02713695958478,15.713140852875316],[101.02286515763988,15.711856638047017],[101.01880294058329,15.708976033185895],[101.01453107583733,15.707691781012905],[101.00213481784618,15.696477200518407],[100.99999888581952,15.695835039497082]]]},"id":"00090000000000001371","properties":{"HYBAS_ID":4121105660,"NEXT_DOWN":4121105940,"ORDER":2,"SUB_AREA":199.6,"UP_AREA":7582.6}},{"type":"Feature","geometry":{"type":"Polygon","coordinates":[[[100.94999896751168,15.733331640071578],[100.95035573051385,15.726714329039352],[100.95590728215898,15.721185031956626],[100.9607588266166,15.720480479438582],[100.97257542007247,15.708686215023489],[100.97742245977489,15.707981647555213],[100.98924351719798,15.696187314270041],[100.99999888581952,15.695835039497082],[101.00213481784618,15.696477200518407],[101.01453107583733,15.707691781012905],[101.01880294058329,15.708976033185895],[101.02286515763988,15.711856638047017],[101.02713695958478,15.713140852875316],[101.03245667780165,15.716917703625498],[101.03424928279819,15.699357721264157],[101.04380059430527,15.70064194967699],[101.04786731360952,15.703522567514884],[101.06046873735275,15.704811216272727],[101.06453097692311,15.707691807529164],[101.07916575359341,15.708333898454065],[101.08267061994475,15.70923467795261],[101.08399500315498,15.724101315297007],[101.08971155536578,15.725568339363681],[101.12021177838383,15.755181249076214],[101.12140236807814,15.775746558909145],[101.11723307899703,15.781124249972265],[101.11666678315873,15.795834893605129],[101.09239593230807,15.796539351481382],[101.09166460709565,15.812498527198542],[101.0892433295586,15.812146208656603],[101.08575635716794,15.808685970081045],[101.08090923549389,15.807981438990337],[101.07325748619516,15.800351946315216],[101.06007635035057,15.799647372142992],[101.05242451700319,15.79201784698859],[101.03950648223062,15.791050194796123],[101.03549335673344,15.788116154430103],[101.03117243231421,15.786880943091024],[101.0271593074667,15.783951379480545],[101.02283841039905,15.782716210828292],[101.0188252002596,15.779782123125997],[101.00515363533331,15.778448813926731],[101.00354833210594,15.772839276104206],[100.99863881839686,15.766699120839128],[100.99382745471813,15.770217322231282],[100.9870317990461,15.77145248211205],[100.98085593820831,15.766939917763741],[100.9785505817732,15.762030373377574],[100.98360275746552,15.755114368220434],[100.97283852772256,15.75354922158825],[100.96882533045431,15.750619598640998],[100.96450446224073,15.749384369797578],[100.95108702122353,15.73713971111689],[100.94999896751168,15.733331640071578]]]},"id":"00090000000000001378","properties":{"HYBAS_ID":4121104280,"NEXT_DOWN":4121105660,"ORDER":2,"SUB_AREA":138.5,"UP_AREA":7073.7}},{"type":"Feature","geometry":{"type":"Polygon","coordinates":[[[100.89999909101665,15.908333474020262],[100.90035135892728,15.905907754910448],[100.90381163306954,15.902425193608652],[100.9041683099775,15.899999440033591],[100.90770886809788,15.89908974901741],[100.90889942482119,15.876954849262916],[100.91193159813447,15.873044205673065],[100.91306868795566,15.864455964244215],[100.92026565842586,15.856376075078073],[100.92083201031413,15.84999957902092],[100.92433689902118,15.849098780031964],[100.92556757088069,15.826954901732002],[100.92859975603957,15.823044324677078],[100.92973238951873,15.814456013660541],[100.93693380407645,15.806376177832014],[100.93806644999809,15.79778796667653],[100.94109860019634,15.79387731278084],[100.94223569204857,15.785289051199108],[100.9453659971919,15.781249093475259],[100.94223569204857,15.777209208194334],[100.94109860019634,15.768620952049272],[100.93693380407645,15.763247736067216],[100.93806644999809,15.751957294728605],[100.94109860019634,15.748042176357876],[100.94223569204857,15.743623203719476],[100.94526788803115,15.739712638825537],[100.94668591139713,15.734183274779133],[100.94999896751168,15.733331640071578],[100.95108702122353,15.73713971111689],[100.96450446224073,15.749384369797578],[100.96882533045431,15.750619598640998],[100.97283852772256,15.75354922158825],[100.98360275746552,15.755114368220434],[100.9785505817732,15.762030373377574],[100.98085593820831,15.766939917763741],[100.9870317990461,15.77145248211205],[100.99382745471813,15.770217322231282],[100.99863881839686,15.766699120839128],[101.00354833210594,15.772839276104206],[101.00515363533331,15.778448813926731],[101.0188252002596,15.779782123125997],[101.02283841039905,15.782716210828292],[101.0271593074667,15.783951379480545],[101.03117243231421,15.786880943091024],[101.03549335673344,15.788116154430103],[101.03950648223062,15.791050194796123],[101.05242451700319,15.79201784698859],[101.06007635035057,15.799647372142992],[101.07325748619516,15.800351946315216],[101.08090923549389,15.807981438990337],[101.08575635716794,15.808685970081045],[101.0892433295586,15.812146208656603],[101.09166460709565,15.812498527198542],[101.09109828713234,15.827209088086644],[101.0871029714264,15.832363771455242],[101.08112334188917,15.833902232642956],[101.06737141740284,15.846766659038831],[101.06595791971901,15.857446233723113],[101.06029041081491,15.85889993116832],[101.05637533689058,15.861932125333572],[101.05341887422372,15.863069204486429],[101.04791642044817,15.858801809726954],[101.04387645213411,15.8619321262585],[101.04166469007458,15.862498441851365],[101.03413779412081,15.861762666327431],[101.03256367745627,15.850971591713408],[101.02700770436911,15.849384188918107],[101.02299449359602,15.8464500916575],[101.01450433090483,15.845214914225544],[101.01041537673811,15.842227315003713],[101.00632633705995,15.845214922653891],[101.00200550984425,15.846450109833645],[100.99382745471813,15.8535490193113],[100.98842749656284,15.855091832216909],[100.9865056792927,15.86180725428675],[100.96867373288097,15.863118266339],[100.95216163726337,15.87855117068001],[100.94676169278418,15.880094053113426],[100.94521435047349,15.885494006328132],[100.93811550087767,15.893672002727222],[100.93688027117746,15.910491717164456],[100.93321941603601,15.915508188282729],[100.92916607110266,15.91666757835111],[100.92674033539771,15.916315279562763],[100.92325776850228,15.912855015224558],[100.91078564523326,15.912146055458857],[100.90658959458399,15.916315307934967],[100.90416830997752,15.91666759415888],[100.9041683099775,15.912498270249353],[100.90331664804563,15.909185182972005],[100.89999909101665,15.908333474020262]]]},"id":"0009000000000000137e","properties":{"HYBAS_ID":4121579990,"NEXT_DOWN":4121104280,"ORDER":2,"SUB_AREA":171.9,"UP_AREA":6935.3}},{"type":"Feature","geometry":{"type":"Polygon","coordinates":[[[100.92916607110266,15.91666757835111],[100.93321941603601,15.915508188282729],[100.93688027117746,15.910491717164456],[100.93811550087767,15.893672002727222],[100.94521435047349,15.885494006328132],[100.94676169278418,15.880094053113426],[100.95216163726337,15.87855117068001],[100.96867373288097,15.863118266339],[100.9865056792927,15.86180725428675],[100.98842749656284,15.855091832216909],[100.99382745471813,15.8535490193113],[101.00200550984425,15.846450109833645],[101.00632633705995,15.845214922653891],[101.01041537673811,15.842227315003713],[101.01450433090483,15.845214914225544],[101.02299449359602,15.8464500916575],[101.02700770436911,15.849384188918107],[101.03256367745627,15.850971591713408],[101.03413779412081,15.861762666327431],[101.04166469007458,15.862498441851365],[101.04387645213411,15.8619321262585],[101.04791642044817,15.858801809726954],[101.05341887422372,15.863069204486429],[101.05637533689058,15.861932125333572],[101.06029041081491,15.85889993116832],[101.06595791971901,15.857446233723113],[101.06737141740284,15.846766659038831],[101.08112334188917,15.833902232642956],[101.0871029714264,15.832363771455242],[101.09109828713234,15.827209088086644],[101.09239593230807,15.796539351481382],[101.11666678315873,15.795834893605129],[101.11751851683647,15.799147929976497],[101.12304330689655,15.80056596710446],[101.13112325329443,15.807767366302514],[101.14077720593471,15.809042699978722],[101.14223532853269,15.814710248923431],[101.16737574264235,15.840778144509468],[101.17304325271137,15.842231812428272],[101.1769583437466,15.845263984757658],[101.18971136220345,15.846401068402464],[101.19362193130038,15.849433225344061],[101.19804539621863,15.850565811759287],[101.20347661498504,15.855096303559739],[101.2047340851423,15.865450314152993],[101.19999844987971,15.866667674988316],[101.15617441462098,15.867283015502595],[101.15208545993923,15.87027060459187],[101.14799201074034,15.86728304267834],[101.13286222293615,15.86604781692051],[101.12715903300156,15.870217139141253],[101.12283817723986,15.871452297779351],[101.11049543391107,15.882715933616677],[101.10079240560238,15.88412954065991],[101.09938334392194,15.893828073535506],[101.09550390989705,15.899138844239086],[101.08534159302602,15.900619243685584],[101.08032510729934,15.904280151636007],[101.07916575359341,15.908333466336673],[101.06453097692312,15.907691363600964],[101.06046873735275,15.904810843344544],[101.04967772401268,15.903522102861386],[101.04380059430527,15.907691363113033],[101.03953323408255,15.90897560580091],[101.03546660599842,15.911856175483273],[101.02286515763988,15.913144836751796],[101.01880294058329,15.916025435598067],[101.01036628894516,15.91730964114165],[101.00629959440177,15.920190247000944],[100.99134376066435,15.921474466381317],[100.98546664435392,15.917309688520355],[100.98119927554522,15.916025496732097],[100.97713708952399,15.913144851698533],[100.96595364052439,15.911856177101575],[100.95213490966448,15.924355041645448],[100.93008019860967,15.925643716797152],[100.92916607110266,15.91666757835111]]]},"id":"00090000000000001382","properties":{"HYBAS_ID":4121579730,"NEXT_DOWN":4121579990,"ORDER":2,"SUB_AREA":172.2,"UP_AREA":6763.5}},{"type":"Feature","geometry":{"type":"Polygon","coordinates":[[[100.92443050468667,14.525936407089329],[100.92567014194972,14.513397356785923],[100.93275117321444,14.511582490690238],[100.94223569204857,14.500938645935967],[100.94109860019634,14.48945644287947],[100.9379683483143,14.485416498927407],[100.94109860019634,14.48137662316877],[100.94166490301058,14.466665990199251],[100.9575214473264,14.465997155448358],[100.95910002900598,14.455139204634634],[100.96590017765006,14.45319504344643],[100.96728246120666,14.44367487070418],[100.97021653824223,14.439661695715914],[100.97145167997199,14.435340814372424],[100.97438131372304,14.431327607355623],[100.97500119469254,14.429164957648124],[100.97742245977489,14.429521710806808],[100.98125283317552,14.433320857506915],[100.98924351719798,14.425352413879716],[100.99409062049799,14.424647879462134],[101.00174240870807,14.417018384312119],[101.0149235370055,14.416313862253242],[101.01911949436969,14.412144619022689],[101.02742239160793,14.412853605273728],[101.03090933796747,14.416313798984856],[101.05416803647574,14.416666130737614],[101.0535972744329,14.418877843063065],[101.05056511968141,14.422788409360516],[101.04943244451951,14.435545906025911],[101.04223546811052,14.443621400743119],[101.04109840288463,14.460543628063638],[101.03806620795822,14.464454306436048],[101.03679094884815,14.474112700602442],[101.03112342025965,14.475566373549425],[101.02304350152856,14.482767815232352],[101.01640392973209,14.484471204789788],[101.02026553301395,14.48945646395572],[101.02083178448561,14.491668150543536],[101.02083178448561,14.504167062051197],[100.9769542598296,14.50473333330109],[100.9730435986882,14.507765509776565],[100.96729134306803,14.50924154286745],[100.96610083604348,14.531376455709559],[100.95889938524667,14.539456369683275],[100.95776675176566,14.543875302621066],[100.9532764434278,14.549261957049618],[100.94508503282478,14.55056841988298],[100.93971186641896,14.546399165169285],[100.93750016846467,14.545832860827776],[100.9371478497672,14.543407168146874],[100.93368757494738,14.539924618252087],[100.93276453430884,14.535291583063627],[100.92443050468667,14.525936407089329]]]},"id":"000900000000000014ac","properties":{"HYBAS_ID":4121117640,"NEXT_DOWN":4121117270,"ORDER":3,"SUB_AREA":100.1,"UP_AREA":263.5}},{"type":"Feature","geometry":{"type":"Polygon","coordinates":[[[101.01640392973209,14.484471204789788],[101.02304350152856,14.482767815232352],[101.03112342025965,14.475566373549425],[101.03679094884815,14.474112700602442],[101.03806620795822,14.464454306436048],[101.04109840288463,14.460543628063638],[101.04223546811052,14.443621400743119],[101.04943244451951,14.435545906025911],[101.05056511968141,14.422788409360516],[101.0535972744329,14.418877843063065],[101.05501525274543,14.413348574922567],[101.05833281093871,14.412501275594575],[101.05868514147492,14.419091839339059],[101.0621454198888,14.422574400667179],[101.06285882796455,14.427457153618626],[101.06841038369564,14.432981935208835],[101.07325748619516,14.43368647715452],[101.0892433295586,14.449645639997877],[101.10242444883325,14.450354649312775],[101.10625035890966,14.45415372922428],[101.11007624644367,14.450354603017063],[101.11666678315873,14.44999791343138],[101.11909254230723,14.450354618522622],[101.13297373848643,14.464213474198997],[101.13368723370887,14.46909176071483],[101.14548147651034,14.480908341188044],[101.14583377677656,14.487498888656644],[101.15242430612297,14.487851230787367],[101.16250193024109,14.49790198414604],[101.15868487731561,14.501741317367955],[101.15798035840726,14.505883803885448],[101.17047927890542,14.518409435509817],[101.17083149620495,14.520835144153502],[101.1672909748616,14.52174037236059],[101.16610043164809,14.543875370909369],[101.16306823225474,14.547790421477831],[101.16146291193546,14.553449018926788],[101.14369787868385,14.554809073379865],[101.13546641632931,14.561858910602277],[101.13119900649332,14.563143107459421],[101.12296747365116,14.57018848172533],[101.11603364463859,14.571477143084289],[101.10629940890682,14.563143098204035],[101.09786723082685,14.561858927725503],[101.09248512500334,14.558041909363787],[101.09079065045465,14.541418371003324],[101.0854664365013,14.545190771590256],[101.07702984743757,14.546475032171076],[101.07296760280943,14.549355582345452],[101.06453097692312,14.550644270149219],[101.05959480234733,14.554144675944782],[101.05708430061546,14.562483209404839],[101.05213469585705,14.55897829625363],[101.0458340189131,14.558331735432208],[101.04514731693045,14.538279178870637],[101.02852374604541,14.536584695178101],[101.02980795635173,14.531198101275915],[101.03397720577965,14.525320998926366],[101.03254141461515,14.50864398343698],[101.02713695958478,14.504809138338047],[101.02083178448561,14.504167062051197],[101.02083178448561,14.491668150543536],[101.02026553301395,14.48945646395572],[101.01640392973209,14.484471204789788]]]},"id":"000900000000000014b2","properties":{"HYBAS_ID":4121585290,"NEXT_DOWN":4121117640,"ORDER":3,"SUB_AREA":163.8,"UP_AREA":163.8}},{"type":"Feature","geometry":{"type":"Polygon","coordinates":[[[101.01666698458273,14.600002057158871],[101.01723330122955,14.58945626619273],[101.02859959189666,14.577211607704882],[101.02987482929014,14.567553157821022],[101.03554237100256,14.566099491429004],[101.03945746595338,14.563067316601456],[101.04498230896048,14.561649332391061],[101.0458340189131,14.558331735432208],[101.05213469585705,14.55897829625363],[101.05708430061546,14.562483209404839],[101.05959480234733,14.554144675944782],[101.06453097692312,14.550644270149219],[101.07296760280943,14.549355582345452],[101.07702984743757,14.546475032171076],[101.0854664365013,14.545190771590256],[101.09079065045465,14.541418371003324],[101.09248512500334,14.558041909363787],[101.09786723082685,14.561858927725503],[101.10629940890682,14.563143098204035],[101.11603364463859,14.571477143084289],[101.12296747365116,14.57018848172533],[101.13119900649332,14.563143107459421],[101.13546641632931,14.561858910602277],[101.14369787868385,14.554809073379865],[101.16146291193546,14.553449018926788],[101.1625019302411,14.550002177988194],[101.1646600993265,14.550617497292553],[101.16867327777146,14.553547118049515],[101.17507660906084,14.555379812136682],[101.17145133604791,14.560338317814724],[101.17021615370544,14.568828450786745],[101.16639914620629,14.574050073872208],[101.17842979465077,14.575802490473388],[101.17916557157851,14.5833339228716],[101.17859926310233,14.589710483844314],[101.17460391260421,14.594865198720285],[101.16751840499526,14.596684479571623],[101.16666666802898,14.600002072292138],[101.16029015215094,14.600568365461886],[101.15637512139827,14.603600507328117],[101.15073432027758,14.60504972086416],[101.14943227091193,14.613437319743118],[101.15891678040391,14.62408115301006],[101.16581502486522,14.625851420820268],[101.16723299408739,14.63137624088347],[101.17443445104655,14.639456199847139],[101.17556710965432,14.64241252408602],[101.1714022533692,14.647790253426063],[101.17083149620495,14.650001918981499],[101.16424093885695,14.650354204136121],[101.16075837306299,14.65381447392676],[101.15590692142335,14.654519002580528],[101.15242430612297,14.65797926737898],[101.14828626408075,14.658688287262416],[101.14409025705024,14.654518993165196],[101.13161819828929,14.6538145039389],[101.1274266203673,14.657979288990681],[101.12257509368773,14.65868830335054],[101.11909254230723,14.662148566398905],[101.1149500381554,14.662853092204642],[101.10658921890091,14.654519028251517],[101.09412160529249,14.653814486735245],[101.08958221671917,14.658318179725882],[101.08575635716794,14.65451902857681],[101.07916575359341,14.65416672748728],[101.07973209041,14.647790237847929],[101.08390132878232,14.642412548866117],[101.08276429313177,14.631122144504703],[101.07973209041,14.627211448620601],[101.07850583723425,14.613401660516415],[101.07278925330633,14.61193463294026],[101.06887859547017,14.608902430229161],[101.05922019953144,14.607627090764705],[101.05711994745532,14.599431317597217],[101.03528823918992,14.600568385381392],[101.02991495307538,14.604733140004269],[101.02278931628918,14.603600577176636],[101.01887869252603,14.600568393004115],[101.01666698458273,14.600002057158871]]]},"id":"000900000000000014b3","properties":{"HYBAS_ID":4121117050,"NEXT_DOWN":4121117560,"ORDER":3,"SUB_AREA":133.6,"UP_AREA":133.6}},{"type":"Feature","geometry":{"type":"Polygon","coordinates":[[[100.97047963943288,14.814217258118122],[100.97118866235454,14.789241827238873],[100.97951821932116,14.780880986372615],[100.97881370577888,14.760074885972776],[100.97535339372999,14.756592298670002],[100.97464891070736,14.751740770832184],[100.97118866235454,14.748258279950047],[100.97083190813362,14.745832499983933],[100.97145616421302,14.734243286944213],[100.97720841044716,14.73276730043453],[100.98124834847746,14.72963706543564],[100.98528828371133,14.732767284004122],[100.98750004804563,14.733333621558396],[100.99919183138188,14.734020326450379],[101.00077032093537,14.74486043383183],[101.00756599680565,14.746804539500571],[101.00895276101815,14.756324765100702],[101.01188241448388,14.760337959031993],[101.0131175731724,14.76465881350598],[101.01753207687459,14.770179193656906],[101.05632622576537,14.771450056861116],[101.06450421816965,14.778548933218934],[101.07402890134912,14.779935730488855],[101.07500094841541,14.783333485363006],[101.07149609971648,14.784234224995169],[101.0700602705148,14.79923024153839],[101.05619693156878,14.800643745446434],[101.05126074966755,14.804144135602336],[101.04943244451951,14.810542980284433],[101.0454371171733,14.815697660554738],[101.0381598380788,14.817566072009264],[101.03693359270869,14.831375864078133],[101.03390144200142,14.835291009696492],[101.03276438841804,14.839709981286836],[101.025567357377,14.84778987047302],[101.02443480223775,14.852208812726646],[101.02140261212365,14.8561239108876],[101.019984608634,14.861648702123158],[101.01666698458273,14.862500447242148],[101.0144553273058,14.861934102931253],[101.00930059825478,14.857938761218156],[101.00776665582437,14.851954653095873],[100.99941921371399,14.84258610288463],[100.99251655310007,14.840815813728627],[100.99166479575585,14.837498263468547],[100.98750004804563,14.83749820931699],[100.98714771827679,14.83090764306596],[100.97047963943288,14.814217258118122]]]},"id":"000900000000000014b9","properties":{"HYBAS_ID":4121114930,"NEXT_DOWN":4121584450,"ORDER":3,"SUB_AREA":83.1,"UP_AREA":476.6}},{"type":"Feature","geometry":{"type":"Polygon","coordinates":[[[101.07916575359341,14.791667578598675],[101.08248336017594,14.79081585999927],[101.08423130471536,14.783993498391471],[101.09904001883027,14.782678002309916],[101.10359720534925,14.777211162964296],[101.10508655134086,14.771414310022596],[101.11445509127425,14.763066950233645],[101.11998437178981,14.761648878944792],[101.12083164325574,14.758331347662834],[101.1232573331619,14.757979062261256],[101.13124806902975,14.750015165118189],[101.13541735167574,14.75415316971009],[101.1392432591929,14.75035400720953],[101.14412152989833,14.74964059568101],[101.14964635494127,14.744089011172065],[101.15035979896321,14.739210755081402],[101.15590692142335,14.733685921426481],[101.15833261722847,14.733333670571714],[101.16078965123273,14.733690360350698],[101.1666533610477,14.739580796689031],[101.16214516337972,14.744120200684714],[101.16285861199482,14.74828941597887],[101.16841024382413,14.753814299092523],[101.17742655777643,14.754518822079083],[101.1809091100826,14.757979082649458],[101.19999844987971,14.7583313204156],[101.2033160935528,14.759183076295708],[101.2047340851423,14.764712295309414],[101.20776627328966,14.768622947811043],[101.20889888350929,14.773041955711816],[101.21193102690431,14.776957040877857],[101.2130680939153,14.78137597714957],[101.21610027907913,14.785291105301733],[101.21666663043331,14.787498329105619],[101.21666663043331,14.791667618937739],[101.21450844372688,14.792282958638994],[101.210495210014,14.795217038111764],[101.20617431317207,14.796452192635561],[101.19799189199662,14.80355105493294],[101.18829332773988,14.804960136819233],[101.18654983109838,14.816932897212476],[101.18132825530238,14.813115834192136],[101.17453253304453,14.811880720501444],[101.16882492874157,14.816049927714188],[101.16033922927025,14.817285123916802],[101.15632604626367,14.820214724197287],[101.13259470706502,14.821449946031924],[101.1229942484805,14.813115896766526],[101.11450414539848,14.811880660514026],[101.11049543391107,14.808951059958432],[101.0978404628956,14.80771592114938],[101.09382725612528,14.804786224039841],[101.08826682309322,14.803194324327562],[101.08688444860455,14.793674149025465],[101.08469950639744,14.791047743565917],[101.08333505401235,14.795832398084267],[101.07916575359341,14.79583237206685],[101.07916575359341,14.791667578598675]]]},"id":"000900000000000014ba","properties":{"HYBAS_ID":4121114740,"NEXT_DOWN":4121114880,"ORDER":3,"SUB_AREA":80.4,"UP_AREA":655.8}},{"type":"Feature","geometry":{"type":"Polygon","coordinates":[[[101.08749978456974,14.900001446857484],[101.09166460709565,14.900001431043961],[101.0925653380585,14.896496619478333],[101.09999867255448,14.895832145808443],[101.09999867255448,14.904166252234965],[101.1033162986115,14.905017971479294],[101.10416791569111,14.908335499166663],[101.10060960119294,14.909245186341657],[101.09999867255448,14.924999133721807],[101.09757736042758,14.92464690714382],[101.08785213458579,14.914952800568928],[101.08749978456974,14.900001446857484]]]},"id":"000900000000000014bd","properties":{"HYBAS_ID":4121113510,"NEXT_DOWN":4121114670,"ORDER":3,"SUB_AREA":3.7,"UP_AREA":486.7}},{"type":"Feature","geometry":{"type":"Polygon","coordinates":[[[101.09999867255448,14.895832145808443],[101.10221038192259,14.895265851495914],[101.10612099829606,14.89223371623008],[101.11054448604398,14.891101071985114],[101.11445509127425,14.888068890755958],[101.1188785251719,14.886931793540864],[101.12278911892686,14.883899654464276],[101.13554217289382,14.882767024512242],[101.14374245527506,14.875463011249735],[101.147791321139,14.878597754887032],[101.15074771149295,14.879734815298782],[101.15612093320298,14.875565585387731],[101.16545383914898,14.87443296569118],[101.16666666802898,14.879168548937237],[101.16631446567797,14.906592014859429],[101.16285420530826,14.910074540031186],[101.16250193024109,14.916665143599268],[101.16007613126813,14.917021863932808],[101.15658913420037,14.92048210788573],[101.15245558163298,14.92118659291074],[101.14825956871775,14.917021856438279],[101.12674435176953,14.916312807790488],[101.1232573331619,14.912852534787742],[101.11841033193699,14.912148027020649],[101.1149232655326,14.908687774800239],[101.10416791569111,14.908335499166663],[101.1033162986115,14.905017971479294],[101.09999867255448,14.904166252234965],[101.09999867255448,14.895832145808443]]]},"id":"000900000000000014be","properties":{"HYBAS_ID":4121113520,"NEXT_DOWN":4121113510,"ORDER":3,"SUB_AREA":24.7,"UP_AREA":347.7}},{"type":"Feature","geometry":{"type":"Polygon","coordinates":[[[101.14943227091193,14.613437319743118],[101.15073432027758,14.60504972086416],[101.15637512139827,14.603600507328117],[101.16029015215094,14.600568365461886],[101.16666666802898,14.600002072292138],[101.16756748573157,14.603506861924272],[101.18237163218804,14.604822316002286],[101.1869333060946,14.610289232472201],[101.18846722103505,14.61626887320989],[101.19376022369308,14.620371243893231],[101.20195603716127,14.613067214090137],[101.20416771589973,14.612500928452883],[101.2147090967326,14.611934623916344],[101.21862411652768,14.608902447350882],[101.22304308402813,14.607765316148429],[101.23239833600287,14.59943124956633],[101.23554196870397,14.600568365249005],[101.24374229153808,14.607872357531233],[101.24779112248531,14.604733147912558],[101.26992611237195,14.603542549980679],[101.27204865887241,14.595266481872345],[101.2938759439311,14.596399057842852],[101.29925358661055,14.600568382886005],[101.3039892122058,14.598748995124442],[101.3077660199047,14.593875250759632],[101.30904134245685,14.584221260023018],[101.31470884208954,14.582767644186134],[101.32278874247363,14.575566149967022],[101.32500043547074,14.574999900212056],[101.33159106054444,14.57535210480464],[101.33507358370157,14.578812394810251],[101.35242395684243,14.57952140824511],[101.35797998424951,14.585046189410386],[101.35833226220564,14.60000208333454],[101.35479170433021,14.600907265988427],[101.35416742733604,14.612500873838691],[101.34779095212676,14.61306724895441],[101.33971101980859,14.620264211400498],[101.334186214716,14.621682206324428],[101.33236692520634,14.628772206484527],[101.32721217747856,14.632767525318968],[101.28945693032672,14.633900138320199],[101.26887826342362,14.653600397622228],[101.26319728797269,14.655058603690858],[101.24223510229365,14.676957241792058],[101.24069671891675,14.682936823007184],[101.23554196870397,14.686932217473615],[101.23112304713682,14.688069268277145],[101.21887829343899,14.69943109110919],[101.21314391037559,14.700902548941718],[101.20056928996352,14.714458231303],[101.19938759241988,14.740753572248032],[101.19109812927796,14.742880580517951],[101.19247601343977,14.749136707929262],[101.19583368212498,14.750001758636534],[101.19583368212498,14.758331314854376],[101.1809091100826,14.757979082649458],[101.17742655777643,14.754518822079083],[101.16841024382413,14.753814299092523],[101.16285861199482,14.74828941597887],[101.16214516337972,14.744120200684714],[101.1666533610477,14.739580796689031],[101.16078965123273,14.733690360350698],[101.15833261722847,14.733333670571714],[101.15776634256726,14.726957145782094],[101.1536015508521,14.721579438616859],[101.15473414171365,14.714458211181437],[101.15776634256726,14.710543132794182],[101.15921996600669,14.704875626936603],[101.16887841708835,14.703600334137676],[101.17278902131778,14.700568179168739],[101.17876873184622,14.699034182764416],[101.18276407889144,14.693875071199749],[101.18390115474581,14.681121999666521],[101.18703140056984,14.677082074284428],[101.18390115474581,14.673042141829534],[101.18276407889144,14.668623190218913],[101.17556710965432,14.660543237318587],[101.17429177864112,14.650889268686605],[101.17083149620495,14.650001918981499],[101.1714022533692,14.647790253426063],[101.17556710965432,14.64241252408602],[101.17443445104655,14.639456199847139],[101.16723299408739,14.63137624088347],[101.16581502486522,14.625851420820268],[101.15891678040391,14.62408115301006],[101.14943227091193,14.613437319743118]]]},"id":"000900000000000014bf","properties":{"HYBAS_ID":4121115250,"NEXT_DOWN":4121114740,"ORDER":3,"SUB_AREA":165.4,"UP_AREA":334.2}},{"type":"Feature","geometry":{"type":"Polygon","coordinates":[[[101.06631468027629,14.95587842716205],[101.06701914164208,14.947575591664412],[101.07047945828032,14.944093056359296],[101.07083174659725,14.937498042991043],[101.08243432217712,14.936838105947112],[101.08454789963145,14.928597623381396],[101.09387629986725,14.929734699226742],[101.1019562482379,14.936931723566005],[101.10833276026136,14.937498053994469],[101.1104552768136,14.938153555131873],[101.11454430416293,14.941011804513199],[101.13128823468091,14.94232276576268],[101.13537718432802,14.945176631869261],[101.13962223000055,14.946487572877261],[101.14371126893683,14.949345898243974],[101.14795633063909,14.950656808425633],[101.15621009771579,14.95767991420117],[101.17472878375048,14.959129102237068],[101.17851007824078,14.964542465941289],[101.1798210692899,14.968787573594485],[101.1826792978259,14.97287650034815],[101.18415973611776,14.996487517548617],[101.21462437460372,14.995176511634117],[101.21870884209203,14.992322659145984],[101.22712323102672,14.99101167480724],[101.23121219317576,14.98815345072062],[101.24378682699903,14.986842400013403],[101.25204508560157,14.979823824445113],[101.25416768168543,14.979168323297502],[101.25493905075488,14.975886395488958],[101.25943385018044,14.974486266137669],[101.2685839093004,14.982802503667044],[101.27500056005529,14.983333098157974],[101.27443422073523,14.993878893974651],[101.26306798013492,15.006123605666154],[101.26193094336023,15.014711784361209],[101.25315986881073,15.0243835744235],[101.23112304713682,15.025565231650328],[101.22721237345581,15.0285974337982],[101.21445493056424,15.02973453806803],[101.2105442257555,15.032766696358188],[101.19091973695492,15.03389934790757],[101.18554210362004,15.029734503985042],[101.17842089346023,15.028597457886312],[101.17304325271137,15.032766740986723],[101.16862428289275,15.033899355673702],[101.15925124368563,15.042251203165055],[101.15748096004054,15.049149494241318],[101.15416788784529,15.050001105244109],[101.147791321139,15.04943481227934],[101.13971146587498,15.042233422046763],[101.13528803878947,15.041100809017776],[101.13137737657209,15.038068557896011],[101.12585254691861,15.036650636585472],[101.12443457237785,15.031121306352848],[101.12043918550756,15.025966598848287],[101.11445509127425,15.024432657222743],[101.1063752291975,15.017235685023625],[101.09362218792967,15.016098580740218],[101.08971155536578,15.013066419260035],[101.07083174659725,15.012500127634917],[101.07047945828032,15.010074360295878],[101.06631468027628,15.005878374646239],[101.06701914164208,14.972577818048784],[101.07118843874123,14.968381783038385],[101.07047945828032,14.960074415733192],[101.06631468027629,14.95587842716205]]]},"id":"000900000000000014c0","properties":{"HYBAS_ID":4121113000,"NEXT_DOWN":4121113500,"ORDER":3,"SUB_AREA":154.1,"UP_AREA":154.1}},{"type":"Feature","geometry":{"type":"Polygon","coordinates":[[[101.16250193024109,14.916665143599268],[101.16285420530826,14.910074540031186],[101.16631446567797,14.906592014859429],[101.16666666802898,14.900001475071653],[101.18132825530238,14.900616840575326],[101.18542171285475,14.903608858448184],[101.19509795332712,14.895216873671172],[101.19799189199662,14.896451969748243],[101.20369954744575,14.900616830824715],[101.21984149154738,14.899301340231544],[101.22199080333391,14.891778819819168],[101.22869728546114,14.886882754914785],[101.23549294054776,14.888117946399072],[101.24119610718756,14.892282748637017],[101.24382695216934,14.891047567075205],[101.24784015673805,14.888117985873647],[101.25753869264412,14.886704404464954],[101.25895227330798,14.877005838438766],[101.26188190213139,14.872992642391692],[101.26311702195053,14.868671841561747],[101.27021597249238,14.860493810856827],[101.27191933949473,14.854527551147848],[101.28534125383406,14.842282798143572],[101.29920011417823,14.840931778208788],[101.30354774166246,14.835491672136584],[101.30478286037022,14.814507131519862],[101.30771695605067,14.810493880203989],[101.30895212645889,14.806173041992679],[101.31193973763915,14.802084019217991],[101.30836802757293,14.797192435286918],[101.31450815969487,14.792282905219702],[101.31666644691286,14.791667608336095],[101.31757157412898,14.795194772976892],[101.33554176663192,14.796398657452102],[101.33945687969054,14.799430852646312],[101.34804511342311,14.800567935014552],[101.35195569487658,14.80360015218624],[101.35416742733604,14.804166435582674],[101.35505480045997,14.80762670332247],[101.36470880255612,14.808902006234273],[101.36986349080188,14.812897376126227],[101.37083109585976,14.81666527249012],[101.37325685999231,14.817022040998198],[101.38297773576423,14.826711676760656],[101.38368671182317,14.831589908063137],[101.38714697128576,14.835076968964277],[101.3878514734784,14.847544565884732],[101.38368671182317,14.8517405878537],[101.38298215223574,14.856592116228025],[101.37952186305006,14.860074662690664],[101.37881291639333,14.876711542637285],[101.38298215223574,14.880907543817681],[101.38333443141171,14.883333350913727],[101.38269231088049,14.889634036185157],[101.37564250446945,14.897865570852323],[101.37428692913744,14.911166996868465],[101.37051003177763,14.913142389105646],[101.3629295641317,14.907764772255959],[101.34657356655924,14.909080190248256],[101.34519128964986,14.927135104546],[101.34231071296271,14.931197325662662],[101.34102198105377,14.933966388766656],[101.34939617853513,14.943745217170386],[101.3464754872888,14.947865402171077],[101.34583342969131,14.950001317014154],[101.34362170829276,14.949430622961],[101.33971101980859,14.94639835880788],[101.31592177196639,14.945265790651803],[101.31054409453992,14.949430578944394],[101.30612062006489,14.950567666634646],[101.30221001653044,14.95359987325433],[101.29091958859128,14.95473240897012],[101.28554187743237,14.950567677439533],[101.28112288826767,14.949430583573637],[101.27721231602698,14.946398417816459],[101.27278885336254,14.945265807054374],[101.26054413250132,14.933899549065247],[101.25612072128956,14.932766922665284],[101.2522100969408,14.92973477609657],[101.22695817508287,14.928597647827338],[101.22304308402813,14.925565518089288],[101.1769583437466,14.92443286178175],[101.17304325271137,14.921400683083236],[101.16338923034718,14.920125341358027],[101.16250193024109,14.916665143599268]]]},"id":"000900000000000014c1","properties":{"HYBAS_ID":4121113530,"NEXT_DOWN":4121113520,"ORDER":3,"SUB_AREA":203.5,"UP_AREA":203.5}},{"type":"Feature","geometry":{"type":"Polygon","coordinates":[[[100.92916607110267,14.954166152750947],[100.93159178212723,14.954518425309288],[100.93507439386869,14.957978682537028],[100.944090672149,14.958687671469866],[100.94828673049912,14.96285251851561],[100.95658955484369,14.962147968286828],[100.96007652428389,14.958687646525803],[100.97083190813362,14.958335363221286],[100.97160336816464,14.96589356902541],[100.98546664435392,14.967311563353144],[100.99786300113097,14.97852173702719],[101.01463365566329,14.979810456916193],[101.02286515763988,14.986855837821903],[101.03130177938736,14.988144513993534],[101.04045635009648,14.995983551889998],[101.04166469007458,15.00000122473819],[101.038092959412,15.00091533279632],[101.03714768833508,15.027424740405365],[101.02328431375551,15.041310359075847],[101.01666698458273,15.041667088828383],[101.01666698458273,15.033333041843646],[101.01719766908178,15.026916338705071],[101.02136240559251,15.021775048330678],[101.01985527670797,15.017231231857789],[100.98941740009187,15.016138720829616],[100.98558264794735,15.013030704785468],[100.97275375713586,15.011969519443754],[100.96474969829923,15.004696723864544],[100.95929179206277,15.003412492900502],[100.94219551859615,14.98558047756529],[100.94113877318865,14.981085773933708],[100.93386152962475,14.973081613605517],[100.93280470380392,14.968586923313788],[100.92969670360173,14.964747595317062],[100.92916607110267,14.954166152750947]]]},"id":"000900000000000014c3","properties":{"HYBAS_ID":4121112360,"NEXT_DOWN":4121112990,"ORDER":3,"SUB_AREA":50.8,"UP_AREA":279.6}},{"type":"Feature","geometry":{"type":"Polygon","coordinates":[[[100.87500139117046,14.974999106686713],[100.88159188859912,14.974646828420347],[100.88578795897922,14.970482007202165],[100.88992596879788,14.971186542683986],[100.89376525008682,14.975003507710973],[100.89964682440737,14.969090778675767],[100.89999909101665,14.966665049019912],[100.906415689545,14.966138805637042],[100.92385525363906,14.94947515453936],[100.92839460772687,14.950884287531919],[100.92916607110267,14.954166152750947],[100.92969670360173,14.964747595317062],[100.93280470380392,14.968586923313788],[100.93386152962475,14.973081613605517],[100.94113877318865,14.981085773933708],[100.94219551859615,14.98558047756529],[100.95929179206277,15.003412492900502],[100.96474969829923,15.004696723864544],[100.97275375713586,15.011969519443754],[100.98558264794735,15.013030704785468],[100.98941740009187,15.016138720829616],[101.01985527670797,15.017231231857789],[101.02136240559251,15.021775048330678],[101.01719766908178,15.026916338705071],[101.01666698458273,15.033333041843646],[101.01666698458273,15.041667088828383],[101.01610067125782,15.04387882072462],[101.01306848400479,15.04778942270882],[101.01193141677649,15.052208428505482],[101.00889927425276,15.056123503956394],[101.00776665582437,15.06471176491231],[101.00473447168343,15.068622310988188],[101.00359741642883,15.079912795921475],[101.00776665582437,15.085290466973708],[101.00889927425276,15.117413877845795],[101.00463638817003,15.122916365783395],[101.00776665582437,15.126956275893527],[101.00889927425276,15.131375293612674],[101.01289464471043,15.136534504583146],[101.019984608634,15.13834927949254],[101.02083178448561,15.141666845754985],[101.0186245182468,15.142233212063907],[101.01375073077256,15.146010050786888],[101.01193141677649,15.150745630878692],[101.01619876642677,15.156248144392949],[101.01306848400479,15.160288081265032],[101.01183781206664,15.174102429327514],[101.00501535167218,15.17585036941468],[101.00359741642883,15.181375206285527],[101.0005651908789,15.185290305936377],[100.99999888581952,15.200000869014874],[100.99340834033109,15.200353151482688],[100.98992576785398,15.203813396595999],[100.97500119469252,15.204165615852752],[100.97463994192753,15.201708713395053],[100.96909282573209,15.196188334519716],[100.96666711405454,15.195831624361817],[100.96631486062786,15.193410321873397],[100.95868529097179,15.18575851862779],[100.95797636037923,15.17254618354933],[100.95242477518327,15.167021343880032],[100.93333535648473,15.166664603879571],[100.93276453430884,15.160288093047631],[100.92859975603957,15.154914869228515],[100.92983936115156,15.142563192530169],[100.93806644999809,15.140449582226832],[100.93693380407645,15.135290362654423],[100.93390161337867,15.13137526219744],[100.93272445103122,15.10091512203041],[100.92443050468667,15.09878368980995],[100.92556757088069,15.089455268053584],[100.92869784811938,15.085415329307606],[100.9254694820117,15.081250492409497],[100.9291527105108,15.076497105770228],[100.92304375388926,15.07140041306246],[100.91725131969334,15.069915521754652],[100.90889942482119,15.060542456560455],[100.90776686592059,15.05195423902066],[100.90056540885107,15.043878764059313],[100.89911170565384,15.038206798948785],[100.88945776594153,15.036931499256534],[100.8813778813025,15.029734499737055],[100.87916615614299,15.029168249055152],[100.87951843316911,15.01840844478703],[100.88368770368301,15.01421243450358],[100.8829787261294,15.005909534204324],[100.87951843316911,15.002422532433396],[100.87881388042116,14.997575467181163],[100.87535365277382,14.994092950610925],[100.87500139117046,14.991667203296448],[100.87500139117046,14.974999106686713]]]},"id":"000900000000000014c5","properties":{"HYBAS_ID":4121583170,"NEXT_DOWN":4121112360,"ORDER":3,"SUB_AREA":229.1,"UP_AREA":229.1}},{"type":"Feature","geometry":{"type":"Polygon","coordinates":[[[101.1625019302411,14.550002177988194],[101.16306823225474,14.547790421477831],[101.16610043164809,14.543875370909369],[101.1672909748616,14.52174037236059],[101.17083149620495,14.520835144153502],[101.17721249951649,14.520264413790445],[101.18112308997551,14.51723225242358],[101.19487495390835,14.516010462655705],[101.19943219430795,14.510543547039573],[101.20085021641665,14.50501874403234],[101.2077350666132,14.503252923246858],[101.2083325767724,14.48333413125074],[101.21911907047081,14.482977364287212],[101.22881323300611,14.473256585745824],[101.22916548611407,14.470835277793203],[101.2357559807818,14.470478512619145],[101.24340780060042,14.462853458994525],[101.24808100434632,14.461970576238267],[101.25322680809329,14.457805738247785],[101.25785973905234,14.459344159769044],[101.26302784716806,14.465725109295008],[101.26197107588301,14.473082645586109],[101.24947222424473,14.48637966123255],[101.25089018689239,14.490896754722762],[101.25416768168543,14.49166822599016],[101.25505502906586,14.495124027188984],[101.26470894802819,14.496399271425018],[101.26862404451583,14.499431439031358],[101.2791653769575,14.499997776806735],[101.27859910038742,14.527211649060764],[101.27443422073523,14.532584870623637],[101.27624907847988,14.53732043402505],[101.28112288826767,14.541097348754237],[101.28554187743237,14.54223440720866],[101.28945693032672,14.54526658912771],[101.2938759439311,14.546399233342955],[101.29779106537273,14.549431412169655],[101.30331584494434,14.550849361330645],[101.3047338845154,14.556378701033065],[101.3077660199047,14.560289287173553],[101.30924642706157,14.566059402819542],[101.32500043547074,14.56666579985486],[101.32500043547074,14.574999900212056],[101.32278874247363,14.575566149967022],[101.31470884208954,14.582767644186134],[101.30904134245685,14.584221260023018],[101.3077660199047,14.593875250759632],[101.3039892122058,14.598748995124442],[101.29925358661055,14.600568382886005],[101.2938759439311,14.596399057842852],[101.27204865887241,14.595266481872345],[101.26992611237195,14.603542549980679],[101.24779112248531,14.604733147912558],[101.24374229153808,14.607872357531233],[101.23554196870397,14.600568365249005],[101.23239833600287,14.59943124956633],[101.22304308402813,14.607765316148429],[101.21862411652768,14.608902447350882],[101.2147090967326,14.611934623916344],[101.20416771589973,14.612500928452883],[101.20195603716127,14.613067214090137],[101.19376022369308,14.620371243893231],[101.18846722103505,14.61626887320989],[101.1869333060946,14.610289232472201],[101.18237163218804,14.604822316002286],[101.16756748573157,14.603506861924272],[101.16666666802898,14.600002072292138],[101.16751840499526,14.596684479571623],[101.17460391260421,14.594865198720285],[101.17859926310233,14.589710483844314],[101.17916557157851,14.5833339228716],[101.17842979465077,14.575802490473388],[101.16639914620629,14.574050073872208],[101.17021615370544,14.568828450786745],[101.17145133604791,14.560338317814724],[101.17507660906084,14.555379812136682],[101.16867327777146,14.553547118049515],[101.1646600993265,14.550617497292553],[101.1625019302411,14.550002177988194]]]},"id":"000900000000000014c6","properties":{"HYBAS_ID":4121584860,"NEXT_DOWN":4121115250,"ORDER":3,"SUB_AREA":169.1,"UP_AREA":169.1}},{"type":"Feature","geometry":{"type":"Polygon","coordinates":[[[101.09166460709565,15.091666988503746],[101.09583392517963,15.091667013956288],[101.09672122456298,15.088206758719817],[101.1063752291975,15.086931425949004],[101.11029033062967,15.083899217701926],[101.1188785251719,15.082766630205278],[101.12278911892686,15.079734462673157],[101.13137737657209,15.078597400312427],[101.13528803878947,15.075565136028343],[101.14491518974984,15.07429433801376],[101.14943227091193,15.068876532043953],[101.15056939249115,15.060288257892934],[101.1536015508521,15.056377689736614],[101.15416788784529,15.050001105244109],[101.15748096004054,15.049149494241318],[101.15925124368563,15.042251203165055],[101.16862428289275,15.033899355673702],[101.17304325271137,15.032766740986723],[101.17842089346023,15.028597457886312],[101.18554210362004,15.029734503985042],[101.19091973695492,15.03389934790757],[101.2105442257555,15.032766696358188],[101.21445493056424,15.02973453806803],[101.22721237345581,15.0285974337982],[101.23112304713682,15.025565231650328],[101.25315986881073,15.0243835744235],[101.26193094336023,15.014711784361209],[101.26306798013492,15.006123605666154],[101.27443422073523,14.993878893974651],[101.27500056005529,14.983333098157974],[101.28159107726236,14.983685442050911],[101.28541703915607,14.987484563794633],[101.28995189230541,14.982980823580604],[101.29408999542898,14.983685431136172],[101.29791591918348,14.987484554580282],[101.30591104229443,14.97952056296081],[101.312501617577,14.979168288867065],[101.32409082697762,14.979788134924362],[101.32500043547074,14.983333127522233],[101.32278874247363,14.9838994077635],[101.31737097251332,14.988420936052982],[101.3161001299799,14.99804369598852],[101.3115384709392,15.003510540802026],[101.29779106537273,15.004732358018176],[101.28841795942157,15.013084254923065],[101.28693310378928,15.01887660475633],[101.27973615517297,15.026956544736393],[101.27859910038741,15.0355447488364],[101.27556690260646,15.039455362653076],[101.27443422073523,15.043878787539112],[101.2714020636693,15.047789394906784],[101.27026501784272,15.052208404552047],[101.2547339917469,15.068622383748387],[101.25360137486203,15.07721056394214],[101.23390105189971,15.097789321998224],[101.23276400427868,15.106377558804],[101.22973173950881,15.110288219026604],[101.22826920588308,15.116004795710126],[101.21841014157427,15.117021431167267],[101.21075827009037,15.124646517255517],[101.2017420119474,15.125355510523875],[101.19619039847848,15.130880349318769],[101.19548137521454,15.144092637877591],[101.18126577230363,15.158334973699862],[101.17742655777643,15.154518056171819],[101.16841024382413,15.153813460378691],[101.16492320962719,15.150353185108596],[101.16007613126813,15.149648720452406],[101.15658913420037,15.146188456484955],[101.14999858379973,15.145831654035169],[101.14883917938477,15.14178283745452],[101.14382720268762,15.138117458484267],[101.13534150882658,15.13688231466484],[101.1229942484805,15.125618579721952],[101.11705922573873,15.123919639911868],[101.10061849530601,15.10632853172096],[101.09919605199026,15.096567547652572],[101.09166460709565,15.095831762120644],[101.09166460709565,15.091666988503746]]]},"id":"000900000000000014c8","properties":{"HYBAS_ID":4121111370,"NEXT_DOWN":4121112330,"ORDER":3,"SUB_AREA":174.6,"UP_AREA":174.6}},{"type":"Feature","geometry":{"type":"Polygon","coordinates":[[[101.00833292024193,15.250000723239769],[101.00868524121894,15.24757502722226],[101.01214545701183,15.244092415066733],[101.0125021917924,15.22083374189591],[101.01334947453378,15.217516196199682],[101.01666698458273,15.216664499132923],[101.01887869252602,15.217235299340455],[101.02278931628918,15.220267482887493],[101.02720831751155,15.221400047065549],[101.03528823918992,15.228601503771424],[101.04657863478458,15.229734115400879],[101.0519562983401,15.225569339190676],[101.05637533689058,15.224432287402955],[101.06029041081491,15.221400105046326],[101.06887859547017,15.220267494009676],[101.07278925330633,15.2172352560997],[101.07721269387781,15.21609820920478],[101.08528815039782,15.20890120224759],[101.09804562632422,15.207764173437926],[101.11029033062967,15.196402359456446],[101.12378350465106,15.195265293549719],[101.12500082690404,15.200000857226078],[101.12916569698105,15.20000083561763],[101.12951793847941,15.2065914005028],[101.13714750025596,15.214243241225908],[101.13785195566065,15.219090224615861],[101.141651178462,15.222916134328848],[101.13368723370887,15.230906913484256],[101.13333489080473,15.233332635393662],[101.13001736692935,15.234184284219248],[101.12859933193737,15.239709110527132],[101.12556717108586,15.243624200534324],[101.12443457237785,15.26471131807598],[101.11723307899703,15.272791195404155],[101.11666678315873,15.291666564163705],[101.11445509127425,15.29223285127817],[101.1063752291975,15.299434324022977],[101.09779141715683,15.30056695205271],[101.09387629986725,15.303599174340317],[101.08528815039782,15.304731758117253],[101.08137750751247,15.307763920787341],[101.0769540500056,15.308900989611054],[101.07291856961233,15.312031315332922],[101.06887859547017,15.308901037775115],[101.06334936919258,15.307483057638214],[101.06193135533093,15.301958211456258],[101.05683908868957,15.295844734891515],[101.05221047390509,15.299434336162385],[101.04668565005349,15.300852323565172],[101.0458340189131,15.304165462889735],[101.0434082747874,15.303813151127104],[101.03785668392445,15.298288374952094],[101.03714768833508,15.285076046035499],[101.03368735355937,15.281588989057118],[101.03297838852659,15.27674197895744],[101.02535337367325,15.269090124758463],[101.02464878390735,15.260073873874632],[101.01912398083036,15.254526716106897],[101.01424128194749,15.253813277969325],[101.01075873317613,15.250352990284073],[101.00833292024193,15.250000723239769]]]},"id":"000900000000000014cd","properties":{"HYBAS_ID":4121110160,"NEXT_DOWN":4121111350,"ORDER":3,"SUB_AREA":108.2,"UP_AREA":108.2}},{"type":"Feature","geometry":{"type":"Polygon","coordinates":[[[101.16250193024109,15.204165672660931],[101.16371480902802,15.199434519035087],[101.17304325271137,15.200567160430271],[101.17842089346023,15.204731992073754],[101.18137725652005,15.203599315263034],[101.18528792630504,15.20056718045379],[101.19096882938365,15.199109043372562],[101.21193102690431,15.177210356463021],[101.2130680939153,15.168622139525604],[101.21610027907913,15.16471149709627],[101.21723289858585,15.160288105581861],[101.22140220195229,15.154914832383117],[101.22026512532338,15.143624467190689],[101.21193102690431,15.134269198314646],[101.2130680939153,15.13112110167808],[101.21610027907913,15.12721044515333],[101.21723289858585,15.122791540016335],[101.22026512532338,15.118876390248312],[101.22083141412968,15.116664688947274],[101.22826920588308,15.116004795710126],[101.22973173950881,15.110288219026604],[101.23276400427868,15.106377558804],[101.23390105189971,15.097789321998224],[101.25360137486203,15.07721056394214],[101.2547339917469,15.068622383748387],[101.27026501784272,15.052208404552047],[101.2714020636693,15.047789394906784],[101.27443422073523,15.043878787539112],[101.27556690260646,15.039455362653076],[101.27859910038741,15.0355447488364],[101.27973615517297,15.026956544736393],[101.28693310378928,15.01887660475633],[101.28841795942157,15.013084254923065],[101.29779106537273,15.004732358018176],[101.3115384709392,15.003510540802026],[101.3161001299799,14.99804369598852],[101.31737097251332,14.988420936052982],[101.32278874247363,14.9838994077635],[101.32500043547074,14.983333127522233],[101.32831802358332,14.984184804924615],[101.32973607254446,14.989709603012704],[101.33693299869925,14.997789536265294],[101.33820384678368,15.007403332375645],[101.34779095212676,15.016098567219293],[101.34999817754014,15.016664890030526],[101.35035492901882,15.01909062312803],[101.35381516402965,15.022577653238887],[101.35416742733604,15.024999011790412],[101.35360115753399,15.03137551123134],[101.3505689285747,15.035290564089875],[101.34943184475432,15.03970954213851],[101.34639965554454,15.043624677673032],[101.34526712047813,15.04658103894556],[101.35039501061603,15.053198341731454],[101.35748052912818,15.055017625138865],[101.35833226220564,15.058335235436573],[101.35501913223736,15.059182435460729],[101.35360115753399,15.064711752818548],[101.34960576103927,15.069866473879728],[101.34362170829276,15.071400346687033],[101.33971101980859,15.074432593360497],[101.33400782437997,15.075895109744769],[101.33276818912498,15.088246859015717],[101.33693299869925,15.093624506375399],[101.33806561249067,15.096580940225921],[101.33390084226427,15.101954172223632],[101.33333451408939,15.104165892146051],[101.32695798260593,15.103599548915753],[101.32205302247725,15.099800397332473],[101.31737988620898,15.100843839163945],[101.3161001299799,15.110542375143712],[101.31210476195892,15.115697048837541],[101.3050192600648,15.117516353128002],[101.30360121643005,15.123045703114752],[101.30056903479611,15.126956288908556],[101.29943200130934,15.139709303306883],[101.29223501310925,15.147789269048856],[101.2910979018267,15.160542226217116],[101.28806575516138,15.164457323774549],[101.28679044184832,15.17411132679758],[101.28001704708142,15.175850376429047],[101.2791653769575,15.179167934078547],[101.27278885336254,15.179734242901885],[101.26887826342362,15.182766406637922],[101.26445482630204,15.183899038336929],[101.23971126679359,15.207764132406703],[101.2300528686208,15.209043908613468],[101.22826920588308,15.216004566976512],[101.21445493056424,15.217235263287217],[101.2105442257555,15.220267484398201],[101.18258570168861,15.2214000506379],[101.17721249951649,15.217235312311447],[101.17168318290605,15.215817302810716],[101.16998431031251,15.209182091772709],[101.16666666802898,15.20833489785199],[101.16250193024109,15.208334862892835],[101.16250193024109,15.204165672660931]]]},"id":"000900000000000014ce","properties":{"HYBAS_ID":4121110130,"NEXT_DOWN":4121110240,"ORDER":3,"SUB_AREA":199.3,"UP_AREA":199.3}},{"type":"Feature","geometry":{"type":"Polygon","coordinates":[[[101.19166891774097,15.254165512629204],[101.19583368212498,15.254165518426683],[101.19804539621863,15.253599206677938],[101.20195603716127,15.250567030268577],[101.21992621815708,15.249363102611195],[101.22173212262337,15.242326645260176],[101.23652746574207,15.241011170438899],[101.24526731819805,15.231375082786972],[101.24639992621648,15.218622085054292],[101.27859910038742,15.185544454479523],[101.2791653769575,15.179167934078547],[101.28001704708142,15.175850376429047],[101.28679044184832,15.17411132679758],[101.28806575516138,15.164457323774549],[101.2910979018267,15.160542226217116],[101.29223501310925,15.147789269048856],[101.29943200130934,15.139709303306883],[101.30056903479611,15.126956288908556],[101.30360121643005,15.123045703114752],[101.3050192600648,15.117516353128002],[101.31210476195892,15.115697048837541],[101.3161001299799,15.110542375143712],[101.31737988620898,15.100843839163945],[101.32205302247725,15.099800397332473],[101.32695798260593,15.103599548915753],[101.33333451408939,15.104165892146051],[101.33368679182169,15.110756411365516],[101.33714705609587,15.11424344301202],[101.33785155312673,15.123259742645494],[101.34964592890513,15.135076332679342],[101.35035492901882,15.139923368159383],[101.35381516402965,15.143410421843898],[101.35451969188173,15.156591527091608],[101.35831884289486,15.160417433931345],[101.346185664905,15.172577400228525],[101.3454811091528,15.181589224429949],[101.34202081608471,15.18507623615022],[101.34131187503591,15.189214270692966],[101.34964592890513,15.197575055068215],[101.35035492901882,15.210756197013444],[101.35381516402965,15.214243238051806],[101.35451969188173,15.239214213230994],[101.35035492901882,15.243410218920785],[101.34999817754014,15.258334835795127],[101.33507358370157,15.25868705984014],[101.33159106054444,15.26214734010846],[101.32257471585235,15.262851911761048],[101.3170231659229,15.268376686609257],[101.31631414270929,15.273259382443529],[101.31285390830807,15.276741972782562],[101.31214491474508,15.281588996195447],[101.30245523594992,15.291309873062554],[101.29999831002526,15.291666582261767],[101.29653803670428,15.290623163407401],[101.29511111566418,15.267422430120288],[101.27884434809309,15.266022332001958],[101.27296722055925,15.270191588540067],[101.25520663999335,15.271551585287481],[101.25287005856292,15.279301529983448],[101.23542160332683,15.263101563064907],[101.22884444635055,15.267310997443392],[101.22051031500915,15.261857461649145],[101.21463327906893,15.266022312316307],[101.20619661565028,15.267311011560503],[101.20208535149004,15.27022720495893],[101.19709563577435,15.266691162528144],[101.1948705457854,15.259297935879856],[101.19166891774097,15.258334778374254],[101.19166891774097,15.254165512629204]]]},"id":"000900000000000014cf","properties":{"HYBAS_ID":4121109440,"NEXT_DOWN":4121110070,"ORDER":3,"SUB_AREA":161.4,"UP_AREA":1336.6}},{"type":"Feature","geometry":{"type":"Polygon","coordinates":[[[101.29166866206184,15.32083353162086],[101.29202096560341,15.31007377277971],[101.29548125487044,15.306591190032222],[101.29618571716425,15.301744154681314],[101.2996459782346,15.298257134781714],[101.29999831002526,15.291666582261767],[101.30245523594992,15.291309873062554],[101.31214491474508,15.281588996195447],[101.31285390830807,15.276741972782562],[101.31631414270929,15.273259382443529],[101.3170231659229,15.268376686609257],[101.32257471585235,15.262851911761048],[101.33159106054444,15.26214734010846],[101.33507358370157,15.25868705984014],[101.34583342969131,15.258334842330047],[101.34619007975579,15.260791740889713],[101.3517416923558,15.266312119572891],[101.35632561904076,15.267284206266416],[101.36450810634477,15.274383125300446],[101.3688289646413,15.275618322403718],[101.37283768306561,15.278547914707202],[101.38266555233922,15.279979281752222],[101.3839497971644,15.31049291761845],[101.3868838775725,15.314506108327025],[101.38811907302407,15.35046876015765],[101.3839497971644,15.356171986655934],[101.38333443141171,15.358334565653637],[101.38276808348748,15.368875915254808],[101.37973592487867,15.372791015466392],[101.37831794695478,15.378315826610363],[101.37278867385533,15.379733809302317],[101.36887805850229,15.382766046318796],[101.36666634763218,15.383332291659459],[101.36250151265195,15.383332370773072],[101.36193078018957,15.389708847589407],[101.35473378691374,15.397788744880655],[101.35360115753399,15.406376961341005],[101.3505689285747,15.410287592315619],[101.34943184475432,15.418875822435956],[101.33685275975284,15.432431479944137],[101.3300169324092,15.434183885919422],[101.32859896600999,15.439708720390962],[101.31990370569845,15.449295773030977],[101.31028985560869,15.45056667733085],[101.30637926144732,15.45359887251096],[101.29999831002526,15.454165154388722],[101.29999831002526,15.44166627670891],[101.30245523594992,15.441309574436156],[101.30831896342241,15.435419081615088],[101.30381528884551,15.430879710993159],[101.3045198101252,15.418407604710271],[101.30831896342241,15.414581733569774],[101.30381528884551,15.410046810799555],[101.3045198101252,15.401743949623249],[101.31214491474508,15.394092121280131],[101.31285390830807,15.38507583347825],[101.3170186658207,15.380879788959902],[101.3163141427093,15.376741798465574],[101.31285390830807,15.373259252449747],[101.31214491474508,15.36424295750191],[101.3086846520107,15.360755873436377],[101.30798010127188,15.351744026026015],[101.3045198101252,15.348257069249863],[101.30381528884551,15.343410030409176],[101.30035505588654,15.339922972313982],[101.29964597823458,15.33507597316048],[101.29202096560341,15.32742412472561],[101.29166866206184,15.32083353162086]]]},"id":"000900000000000014d6","properties":{"HYBAS_ID":4121109350,"NEXT_DOWN":4121109440,"ORDER":3,"SUB_AREA":141.7,"UP_AREA":464.6}},{"type":"Feature","geometry":{"type":"Polygon","coordinates":[[[101.04526770733699,15.36324856138492],[101.04640033380078,15.343624022767658],[101.05056511968141,15.338246314049135],[101.04939680050691,15.305079589798707],[101.0458340189131,15.304165462889735],[101.04668565005349,15.300852323565172],[101.05221047390509,15.299434336162385],[101.05683908868957,15.295844734891515],[101.06193135533093,15.301958211456258],[101.06334936919258,15.307483057638214],[101.06887859547017,15.308901037775115],[101.07291856961233,15.312031315332922],[101.0769540500056,15.308900989611054],[101.08137750751247,15.307763920787341],[101.08528815039782,15.304731758117253],[101.09387629986725,15.303599174340317],[101.09779141715683,15.30056695205271],[101.1063752291975,15.299434324022977],[101.11445509127425,15.29223285127817],[101.11666678315873,15.291666564163705],[101.11998437178981,15.292518316798217],[101.12083164325574,15.295831417753755],[101.11751851683647,15.296683113065942],[101.11610049060675,15.302212403759054],[101.1130682861154,15.306123014261432],[101.11250201445048,15.32083360695121],[101.10506418550825,15.321493556526214],[101.10359720534925,15.327210050303222],[101.10056944816833,15.331120739445588],[101.0994323904624,15.379912180628086],[101.10359720534925,15.385289905037494],[101.10473422530771,15.392415521007385],[101.10056944816833,15.397788744095106],[101.0994323904624,15.402212205710992],[101.09223542019984,15.410287555625057],[101.09109828713234,15.413498156405183],[101.10514449527858,15.428511982848116],[101.1188785251719,15.42973372496061],[101.12973197893112,15.44045341803061],[101.12500082690404,15.441666253687988],[101.11841033193699,15.442018587374532],[101.11492326553258,15.445478803612499],[101.10245562198855,15.44618783927114],[101.0982595977342,15.442018538676784],[101.09340814036652,15.441313993184544],[101.08575635716794,15.433684477476646],[101.07083174659725,15.433332251857374],[101.07140243739158,15.431125003727871],[101.0752640761502,15.42613519921398],[101.07083174659725,15.424998124367827],[101.07083174659725,15.420833373620493],[101.06751859498611,15.419981683724844],[101.06666686715982,15.416668571785065],[101.06998447852138,15.415816907960107],[101.07140243739158,15.410287636449508],[101.0752640761502,15.40530236184873],[101.06751859498611,15.403313521986446],[101.06610060652056,15.397788755682871],[101.05473431376696,15.385544079377883],[101.0535972744329,15.381120658138837],[101.05056511968141,15.377209960281945],[101.04943244451951,15.3686217895647],[101.04526770733699,15.36324856138492]]]},"id":"000900000000000014d8","properties":{"HYBAS_ID":4121107290,"NEXT_DOWN":4121581830,"ORDER":3,"SUB_AREA":77.5,"UP_AREA":487.2}},{"type":"Feature","geometry":{"type":"Polygon","coordinates":[[[100.94109860019634,15.48843780482848],[100.94223569204857,15.464456795097032],[100.9494327016545,15.45637690009703],[100.95061877726066,15.434340017560025],[100.96029062166282,15.425568901138357],[100.96595812450876,15.424110833272252],[100.96737610883474,15.413386710691519],[100.97083190813362,15.412499268821128],[100.97083190813362,15.408334528693864],[100.97556743892729,15.407117193736598],[100.97443486755553,15.393623890891085],[100.9714026982759,15.389708843102255],[100.97026560556793,15.372791041143376],[100.96668047987708,15.368162496984281],[100.97278945908289,15.363065691829668],[100.97916600502597,15.362499423562877],[100.97973227379093,15.377209990675157],[100.98693373355593,15.385289901768113],[100.98846768936312,15.391269559680463],[100.99362233944343,15.395264925951844],[100.99804578428945,15.396401984424905],[101.01040640462645,15.407875200472803],[101.01513749760223,15.404205381128442],[101.02443480223775,15.414456818054017],[101.02621397068997,15.421399685375869],[101.05637533689058,15.42026708627371],[101.06029041081491,15.417234842134501],[101.06666686715982,15.416668571785065],[101.06751859498611,15.419981683724844],[101.07083174659725,15.420833373620493],[101.07083174659725,15.424998124367827],[101.0752640761502,15.42613519921398],[101.07140243739158,15.431125003727871],[101.06998447852138,15.436649839823],[101.06445518924697,15.438067827860039],[101.06054452191486,15.441099956676757],[101.05612115040417,15.442232587704977],[101.03971160871652,15.457768075595474],[101.03528823918992,15.458900721184317],[101.02173703447748,15.47147986841137],[101.02026553301395,15.477209744366405],[101.01627011627366,15.482364511376579],[101.01029045741254,15.483898473834937],[101.006375422797,15.486930647617053],[101.00195642633189,15.48806767146088],[100.99804578428945,15.491099916707121],[100.9894575933055,15.492232510974697],[100.98137771485118,15.499433898873985],[100.9769542598296,15.500566510194012],[100.9730435986882,15.503598747629479],[100.94999896751168,15.504165041687605],[100.94999896751168,15.500000288107136],[100.9494327016545,15.497788570113167],[100.94109860019634,15.48843780482848]]]},"id":"000900000000000014db","properties":{"HYBAS_ID":4121107540,"NEXT_DOWN":4121107290,"ORDER":3,"SUB_AREA":101.5,"UP_AREA":302.0}},{"type":"Feature","geometry":{"type":"Polygon","coordinates":[[[101.29999831002526,15.454165154388722],[101.30637926144732,15.45359887251096],[101.31028985560869,15.45056667733085],[101.31990370569845,15.449295773030977],[101.32859896600999,15.439708720390962],[101.3300169324092,15.434183885919422],[101.33685275975284,15.432431479944137],[101.34943184475432,15.418875822435956],[101.3505689285747,15.410287592315619],[101.35360115753399,15.406376961341005],[101.35473378691374,15.397788744880655],[101.36193078018957,15.389708847589407],[101.36250151265195,15.383332370773072],[101.36666634763218,15.383332291659459],[101.36887805850229,15.382766046318796],[101.37278867385533,15.379733809302317],[101.37831794695478,15.378315826610363],[101.37973592487867,15.372791015466392],[101.38276808348748,15.368875915254808],[101.38333443141171,15.358334565653637],[101.39384007139486,15.357728133687127],[101.39782648995427,15.354771813928869],[101.40217415964786,15.3535633851332],[101.40779262098128,15.349394117550109],[101.41589475392348,15.350821049437016],[101.41744207604081,15.361710153734208],[101.42282869552471,15.36606225387132],[101.42717181277851,15.36727067076246],[101.43115825059233,15.370227032068142],[101.43550588505754,15.371439922919695],[101.43949230524768,15.37439626382299],[101.44166835795585,15.37499827429177],[101.44131162905481,15.385758073797293],[101.4378514153835,15.3892406582213],[101.43714682347718,15.397547987784952],[101.44548093878579,15.405908748449177],[101.44583317651824,15.41249927657941],[101.44521786609141,15.414661967220235],[101.42877267617807,15.432253132450723],[101.42283761859719,15.433952006980803],[101.41882889947715,15.436881650134522],[101.40905007462123,15.438304157394919],[101.40771682951934,15.45463783515389],[101.41188163322734,15.460340971337256],[101.41311678905892,15.472991508542501],[101.41605085375645,15.47700464332077],[101.41728606068072,15.48394746700399],[101.4116987735868,15.49093047524249],[101.39783991454716,15.492285962237347],[101.38402115420259,15.505016768136501],[101.38333443141171,15.51666837266523],[101.37978944040712,15.517578022363837],[101.37916518094406,15.529167227845983],[101.37674386337667,15.52881492093351],[101.36909209762685,15.521185441760073],[101.35591092818841,15.520480914230784],[101.34825910803971,15.512851408677193],[101.34583342969131,15.51249912817061],[101.32674394704388,15.51214683652285],[101.3190921959602,15.50452175434495],[101.310075855813,15.503812779197377],[101.30659333983424,15.500352499452429],[101.30416754886232,15.500000259238545],[101.30381528884551,15.460073473606784],[101.30035505588654,15.456590883184841],[101.29999831002526,15.454165154388722]]]},"id":"000900000000000014dc","properties":{"HYBAS_ID":4121581970,"NEXT_DOWN":4121109350,"ORDER":3,"SUB_AREA":162.9,"UP_AREA":322.8}},{"type":"Feature","geometry":{"type":"Polygon","coordinates":[[[100.94548195234886,15.689213319146166],[100.94618647993228,15.668407099600792],[100.94964668905934,15.664924567576517],[100.9503512472586,15.660077559551148],[100.96214560618245,15.648256445581143],[100.96285456757464,15.643409381744616],[100.96631486062786,15.639922410398759],[100.96701936877334,15.6350753260564],[100.97047963943288,15.631592800313323],[100.97118866235454,15.62674127467083],[100.98297850875646,15.614924621162514],[100.98368753761781,15.61007758704371],[100.98714771827679,15.606590636200991],[100.98750004804563,15.595835284544037],[100.96341642880189,15.595233264353254],[100.96193150466547,15.589454238249159],[100.95880126223737,15.585418763255346],[100.96202963087536,15.58124948594476],[100.95889938524667,15.577209551808263],[100.95776675176566,15.565919156897145],[100.96193150466547,15.560545963366744],[100.96249784431255,15.512499140099969],[100.9730435986882,15.513065429857376],[100.9769542598296,15.516097567975985],[100.98137771485118,15.517234707768461],[100.98528828371133,15.52026683590038],[100.98824473165902,15.52139944174962],[100.99362233944343,15.51723470280411],[100.99804578428945,15.5160976054932],[101.00195642633189,15.51306545363547],[101.01054469601692,15.511932829364786],[101.01458456572456,15.508802499596559],[101.01986416341916,15.51289597823868],[101.02140261212365,15.518875656913774],[101.02591965496663,15.524297927234432],[101.03554237100256,15.525568749445204],[101.03945746595338,15.528600940361288],[101.05637533689058,15.529733496479052],[101.06862446254537,15.541099785177995],[101.07304339713109,15.542232428097472],[101.0769540500056,15.545264579254498],[101.08259481811383,15.54671383406264],[101.08390132878232,15.554914112646625],[101.07963393088085,15.560416597981556],[101.08276429313177,15.564456524740502],[101.08333505401235,15.566668258965375],[101.07916575359341,15.566668284174826],[101.0782784416619,15.570124064945434],[101.06862446254537,15.571399361011593],[101.06346969589056,15.57539475591549],[101.06193135533093,15.581378811991264],[101.05889911255515,15.58528943855149],[101.05776651262926,15.589708404654749],[101.05473431376696,15.593623498424629],[101.05343225207031,15.603362202324238],[101.04367131682262,15.604784649522395],[101.0383605606518,15.60866408234928],[101.0368845777347,15.618826377245677],[101.03395045546392,15.62283953888583],[101.03271528926636,15.631325195717313],[101.02978569414509,15.63533840882829],[101.02855049485987,15.639659277516762],[101.02561645289843,15.643672514851774],[101.0243812206116,15.647993375932737],[101.02145161924861,15.652006540323525],[101.02021644021173,15.660492236045926],[101.0172823925152,15.66450537479119],[101.01604718053046,15.668826243021737],[101.0131175731724,15.672839484325939],[101.01188241448388,15.677160339309784],[101.00895276101815,15.681173556981584],[101.00771756937924,15.685494402722176],[101.00061867302144,15.693672428571414],[100.99999888581952,15.695835039497082],[100.98924351719798,15.696187314270041],[100.97742245977489,15.707981647555213],[100.97257542007247,15.708686215023489],[100.9607588266166,15.720480479438582],[100.95833306683484,15.720832766779731],[100.95798075776764,15.718407011097208],[100.9503512472586,15.710759674375508],[100.94964668905934,15.693409341472417],[100.94548195234886,15.689213319146166]]]},"id":"000900000000000014de","properties":{"HYBAS_ID":4121106030,"NEXT_DOWN":4121107170,"ORDER":3,"SUB_AREA":178.3,"UP_AREA":358.7}},{"type":"Feature","geometry":{"type":"Polygon","coordinates":[[[101.08749978456974,15.591666006394531],[101.09081741644749,15.590814297670537],[101.09255195482082,15.584040891359129],[101.10328054847302,15.582622909132144],[101.10416791569111,15.579167143076148],[101.1063752291975,15.578600820682738],[101.11029033062967,15.5755686073362],[101.12721258496573,15.574431602153334],[101.13112325329443,15.57139941599591],[101.16887841708835,15.570266731842583],[101.17291838370873,15.5671364663702],[101.17842089346023,15.571399391304704],[101.18137725652005,15.570266804466424],[101.18528792630504,15.567234588905286],[101.2022101710968,15.566097494242904],[101.21040599624018,15.558793515062066],[101.21592192792158,15.563065352403443],[101.22304308402813,15.56193273441294],[101.22842077575783,15.557767872830953],[101.24387607093448,15.558900509284916],[101.24886132003022,15.56276654251589],[101.24999837976387,15.558334241698956],[101.28254978156804,15.55766531850036],[101.28415508265566,15.541955954191192],[101.2895328053032,15.538143370015181],[101.29166866206184,15.537501265804652],[101.29825924633965,15.537853581828358],[101.30381078933974,15.543378388907156],[101.3045198101252,15.548256644150408],[101.31004461690026,15.55380821442432],[101.31492293837123,15.55452166475126],[101.32464818838184,15.564215805677762],[101.32500043547074,15.604164875074176],[101.31449483280586,15.604771321421923],[101.30909040696311,15.608775580688015],[101.30077860132322,15.607549309863108],[101.29939626642893,15.597828443385714],[101.29643992008621,15.593837578472048],[101.29492379702549,15.588406350515626],[101.28949266163681,15.586894792884694],[101.28071266239992,15.579220638561168],[101.27577641643252,15.57995190412027],[101.27424694106921,15.590716206878458],[101.26865968183283,15.592272393439359],[101.2605040005563,15.599393583492722],[101.25616085145933,15.600606469774123],[101.25217446553819,15.603562841459729],[101.24782683879046,15.604771304384828],[101.23967114329288,15.611896910961494],[101.22699388386242,15.613105345088563],[101.22300746313594,15.616061732139896],[101.21449504382076,15.617270162992956],[101.21050411410633,15.620226489682048],[101.20199173688881,15.621439415908663],[101.19694402761093,15.625185041293811],[101.19583368212498,15.629167046991697],[101.19166891774097,15.629167060851303],[101.19109812927796,15.635543579753277],[101.1880659359277,15.639454211729275],[101.18664792519102,15.644983433532474],[101.18333481897714,15.645835120331512],[101.17987456362705,15.644947761358935],[101.17859926310233,15.635289398096825],[101.1702518419096,15.625920767489498],[101.1644549688296,15.624431423865216],[101.1605443511581,15.621399287916669],[101.15195612502725,15.620266671620412],[101.13971146587498,15.608900422705387],[101.13528803878947,15.607767763969619],[101.12721258496573,15.600566393139568],[101.12008697675031,15.599433771174505],[101.11470925754082,15.603598530366108],[101.11175283440355,15.604735609413568],[101.1063752291975,15.600566376934143],[101.09362218792967,15.599433753628803],[101.08971155536578,15.596401565919134],[101.08749978456974,15.595835274009907],[101.08749978456974,15.591666006394531]]]},"id":"000900000000000014e2","properties":{"HYBAS_ID":4121105700,"NEXT_DOWN":4121105940,"ORDER":3,"SUB_AREA":127.7,"UP_AREA":389.4}},{"type":"Feature","geometry":{"type":"Polygon","coordinates":[[[100.88333541122363,15.45416511736488],[100.88368770368301,15.439240518747312],[100.88714797589252,15.435758008333],[100.88785250416974,15.414242790229764],[100.8913127553909,15.410755790729901],[100.89202179499348,15.397574685453073],[100.89548202531437,15.394092116947558],[100.89618652905655,15.385075809255662],[100.89964682440737,15.381593314252799],[100.9003513589273,15.360073639193105],[100.90798084630539,15.35242628303201],[100.90868544237689,15.343409993561627],[100.9163149065532,15.335758137208723],[100.91701947794124,15.330906679792925],[100.92047975300775,15.327424153507387],[100.92118875080826,15.322577091884279],[100.92535355109683,15.318381091628494],[100.92464452240428,15.310073728196663],[100.92118875080826,15.306591199569302],[100.92083201031413,15.304165486643074],[100.92304375388926,15.30359915605661],[100.93651019673807,15.291100285271456],[100.94387661093981,15.292232873031704],[100.94791661198714,15.295363172038728],[100.95195652468709,15.292232901201167],[100.95748135369033,15.290814863334063],[100.95918470131565,15.284184207333679],[100.96627027931935,15.282364860158841],[100.97026560556793,15.277210177654709],[100.9714026982759,15.268621958393782],[100.97443486755553,15.264711357369091],[100.97556743892729,15.260287897119687],[100.98390151511977,15.250937181110086],[100.98276444706192,15.239454943624587],[100.97026560556793,15.22598849563562],[100.97150523217184,15.213395969765],[100.97500119469254,15.212499694879162],[100.97500119469252,15.204165615852752],[100.98992576785398,15.203813396595999],[100.99340834033109,15.200353151482688],[100.99999888581952,15.200000869014874],[101.00221064296603,15.200567152232487],[101.01029045741254,15.207764103998219],[101.01600706250441,15.209231162014783],[101.01666698458273,15.216664499132923],[101.01334947453378,15.217516196199682],[101.0125021917924,15.22083374189591],[101.01214545701183,15.244092415066733],[101.00868524121894,15.24757502722226],[101.00770868378639,15.261589930122406],[101.00064541410384,15.263404791185767],[100.99943258408786,15.279912424160912],[101.00359741642883,15.28529007316696],[101.00416814213027,15.291666576878159],[101.00381143817096,15.294092322977486],[100.98368753761781,15.314243018322102],[100.98297850875646,15.331588935800408],[100.97951821932116,15.33507592170534],[100.97916600502597,15.362499423562877],[100.97278945908289,15.363065691829668],[100.96668047987708,15.368162496984281],[100.97026560556793,15.372791041143376],[100.9714026982759,15.389708843102255],[100.97443486755553,15.393623890891085],[100.97556743892729,15.407117193736598],[100.97083190813362,15.408334528693864],[100.97083190813362,15.412499268821128],[100.96737610883474,15.413386710691519],[100.96595812450876,15.424110833272252],[100.96029062166282,15.425568901138357],[100.95061877726066,15.434340017560025],[100.9494327016545,15.45637690009703],[100.94223569204857,15.464456795097032],[100.94109860019634,15.48843780482848],[100.9494327016545,15.497788570113167],[100.94999896751168,15.500000288107136],[100.94779177382699,15.500566579109835],[100.94387661093981,15.503598724390109],[100.93945764269202,15.504735793403768],[100.93430296905339,15.508731202896202],[100.93248360691658,15.515816676327184],[100.92916607110266,15.516668358279437],[100.92859975603957,15.514456627723815],[100.9172334790627,15.502211927228931],[100.9161009074896,15.497788525788824],[100.90889942482119,15.489708639883249],[100.90748144458345,15.484183818839828],[100.90039590953607,15.482364465337625],[100.89640056962992,15.47720982511277],[100.89526798680373,15.468621542383556],[100.89223582621295,15.464710884320269],[100.89069737981156,15.458731250543924],[100.88554266689735,15.454735949930765],[100.88333541122363,15.45416511736488]]]},"id":"000900000000000014e4","properties":{"HYBAS_ID":4121581850,"NEXT_DOWN":4121107540,"ORDER":3,"SUB_AREA":200.4,"UP_AREA":200.4}},{"type":"Feature","geometry":{"type":"Polygon","coordinates":[[[101.29166866206184,15.529167271860283],[101.30348085497901,15.528427037210804],[101.30416754886232,15.500000259238545],[101.30659333983424,15.500352499452429],[101.310075855813,15.503812779197377],[101.3190921959602,15.50452175434495],[101.32674394704388,15.51214683652285],[101.34583342969131,15.51249912817061],[101.34825910803971,15.512851408677193],[101.35591092818841,15.520480914230784],[101.36909209762685,15.521185441760073],[101.37674386337667,15.52881492093351],[101.37916518094406,15.529167227845983],[101.3785988565326,15.535543766140629],[101.37443404562559,15.540921407629595],[101.37556665064884,15.548042638846654],[101.37973592487867,15.553420274179027],[101.3785988565326,15.560545913185884],[101.37443404562559,15.565919157644254],[101.37556665064884,15.598042539963432],[101.3785988565326,15.601957567843726],[101.37973592487867,15.60637657195756],[101.38276808348748,15.610291616971562],[101.3839006959309,15.61887546594445],[101.38693289366304,15.622790494999343],[101.38813691301912,15.640760653281355],[101.39166851497617,15.641665865595673],[101.39202073799821,15.648256450460512],[101.39548102455002,15.651743413218036],[101.39618558514387,15.660759768315744],[101.39964584175429,15.66424234865703],[101.40035484874976,15.694091514519648],[101.40381507549675,15.697574071981592],[101.40451960782718,15.723258516422828],[101.40797989110092,15.726741087774718],[101.40833217121961,15.73333164003082],[101.39757679285307,15.733688316978919],[101.38992499887807,15.741313448079506],[101.36007574898062,15.742017932972733],[101.3565932210848,15.745478232428624],[101.34999817754014,15.745834940967065],[101.34912418074762,15.754418747199423],[101.34380002922303,15.750641856636395],[101.33749934726966,15.749999783064332],[101.33785155312671,15.722576279451205],[101.34131187503591,15.719089288237265],[101.34202081608471,15.705908171443896],[101.3454811091528,15.702425602785137],[101.346185664905,15.67674115559222],[101.34998484591526,15.672915265782601],[101.346185664905,15.669089387665991],[101.3454811091528,15.660077489155553],[101.34202081608471,15.656590537240438],[101.34109780872069,15.635289405607947],[101.33390084226427,15.62720944245765],[101.33276818912498,15.614456418436724],[101.32973607254448,15.610545776896199],[101.32831802358332,15.605016581437814],[101.32500043547074,15.604164875074176],[101.32464818838184,15.564215805677762],[101.31492293837123,15.55452166475126],[101.31004461690026,15.55380821442432],[101.3045198101252,15.548256644150408],[101.30381078933974,15.543378388907156],[101.29825924633965,15.537853581828358],[101.29166866206184,15.537501265804652],[101.29166866206184,15.529167271860283]]]},"id":"000900000000000014e6","properties":{"HYBAS_ID":4121581340,"NEXT_DOWN":4121581970,"ORDER":3,"SUB_AREA":160.6,"UP_AREA":160.6}},{"type":"Feature","geometry":{"type":"Polygon","coordinates":[[[101.07916575359341,15.704164679523121],[101.08333505401235,15.704164645901614],[101.08454789963145,15.699433571766795],[101.09387629986725,15.700566191778632],[101.1019562482379,15.7077676402202],[101.1063752291975,15.708900202628438],[101.11029033062967,15.711932415537996],[101.13137737657209,15.713069514268454],[101.13541735167574,15.716199752094036],[101.13945723455167,15.713069482032836],[101.1438762715594,15.71193236990478],[101.147791321139,15.708900199832769],[101.15331618045431,15.707482198345346],[101.15416788784529,15.704164686317235],[101.15748096004054,15.705016366618155],[101.15889898156324,15.710545605578341],[101.16193113844783,15.714456235652774],[101.16312171746286,15.736591258849256],[101.16887841708835,15.73806720895806],[101.17434526996689,15.742624439835804],[101.17556710965432,15.756376245388303],[101.17859926310233,15.7602913348397],[101.18001724414214,15.765816165276233],[101.18776274766276,15.767804980110178],[101.18390115474581,15.772790202446087],[101.18276407889144,15.79241475011255],[101.1869333060946,15.797787960590384],[101.1880659359277,15.809078397842171],[101.18379407529262,15.814594260110793],[101.2009349267044,15.832631340169188],[101.2105442257555,15.833902179558542],[101.21601114668621,15.838459369761855],[101.21723289858585,15.852211243544374],[101.22026512532338,15.8561219180305],[101.22140220195229,15.860545364787013],[101.22443438388238,15.864455960657551],[101.22556701258449,15.867412303589015],[101.22140220195229,15.872790002759361],[101.22019371264513,15.890760166128084],[101.21666663043331,15.89166541854045],[101.21334905600452,15.8908136997756],[101.21193102690431,15.885288877306285],[101.2047340851423,15.877208979990366],[101.20360143635492,15.8727900435559],[101.20056928996352,15.868879424950174],[101.19999844987971,15.866667674988316],[101.2047340851423,15.865450314152993],[101.20347661498504,15.855096303559739],[101.19804539621863,15.850565811759287],[101.19362193130038,15.849433225344061],[101.18971136220345,15.846401068402464],[101.1769583437466,15.845263984757658],[101.17304325271137,15.842231812428272],[101.16737574264235,15.840778144509468],[101.14223532853269,15.814710248923431],[101.14077720593471,15.809042699978722],[101.13112325329443,15.807767366302514],[101.12304330689655,15.80056596710446],[101.11751851683647,15.799147929976497],[101.11666678315873,15.795834893605129],[101.11723307899703,15.781124249972265],[101.12140236807814,15.775746558909145],[101.12021177838383,15.755181249076214],[101.08971155536578,15.725568339363681],[101.08399500315498,15.724101315297007],[101.08267061994475,15.70923467795261],[101.07916575359341,15.708333898454065],[101.07916575359341,15.704164679523121]]]},"id":"000900000000000014eb","properties":{"HYBAS_ID":4121104360,"NEXT_DOWN":4121105660,"ORDER":3,"SUB_AREA":107.1,"UP_AREA":309.2}},{"type":"Feature","geometry":{"type":"Polygon","coordinates":[[[101.18333481897714,15.645835120331512],[101.18664792519102,15.644983433532474],[101.1880659359277,15.639454211729275],[101.19109812927796,15.635543579753277],[101.19166891774097,15.629167060851303],[101.19583368212498,15.629167046991697],[101.19694402761093,15.625185041293811],[101.20199173688881,15.621439415908663],[101.21050411410633,15.620226489682048],[101.21449504382076,15.617270162992956],[101.22300746313594,15.616061732139896],[101.22699388386242,15.613105345088563],[101.23967114329288,15.611896910961494],[101.24782683879046,15.604771304384828],[101.25217446553819,15.603562841459729],[101.25616085145933,15.600606469774123],[101.2605040005563,15.599393583492722],[101.26865968183283,15.592272393439359],[101.27424694106921,15.590716206878458],[101.27577641643252,15.57995190412027],[101.28071266239992,15.579220638561168],[101.28949266163681,15.586894792884694],[101.29492379702549,15.588406350515626],[101.29643992008621,15.593837578472048],[101.29939626642893,15.597828443385714],[101.30077860132322,15.607549309863108],[101.30909040696311,15.608775580688015],[101.31449483280586,15.604771321421923],[101.32500043547074,15.604164875074176],[101.32831802358332,15.605016581437814],[101.32973607254448,15.610545776896199],[101.33276818912498,15.614456418436724],[101.33390084226427,15.62720944245765],[101.34109780872069,15.635289405607947],[101.34166859553854,15.654164751920137],[101.31424067033505,15.653812448290264],[101.31075809534117,15.650352261101077],[101.29412122933601,15.64964767922666],[101.28992515858552,15.65381245022658],[101.28090886469131,15.654521500296456],[101.269092261063,15.66631130504773],[101.25590666516298,15.66702030208603],[101.2461903015207,15.67670996781236],[101.24526731819805,15.685543425390945],[101.24223510229365,15.689454048222101],[101.24109804529179,15.693877526279477],[101.23796772546497,15.697917464876623],[101.24109804529179,15.70195737618583],[101.24251597442183,15.707482261114839],[101.24915111854416,15.709185610267774],[101.25056916307511,15.714710425683782],[101.25360137486203,15.718621011237245],[101.2547339917469,15.723044483331941],[101.26193094336023,15.731124352410374],[101.26250170893498,15.737500926798056],[101.25617425701535,15.73811621018489],[101.25216106052353,15.741050324608938],[101.24119610718756,15.74228553730909],[101.23549294054776,15.738116224621443],[101.22573638924537,15.736698209568434],[101.2243808653362,15.722839329115773],[101.21728200412997,15.714661362020506],[101.21573908157768,15.709261361712544],[101.21033917241017,15.707714119742397],[101.20216115950105,15.700619667201401],[101.19999844987971,15.699999831144819],[101.20035518132498,15.693409319847532],[101.2038154656094,15.689922270759993],[101.20452005389194,15.685075218234728],[101.20868484321217,15.680879213603276],[101.20797581643689,15.672549646975655],[101.19409013826731,15.65868625920396],[101.18920748097317,15.657977315031781],[101.18368708238006,15.652425660565033],[101.18333481897714,15.645835120331512]]]},"id":"000900000000000014ec","properties":{"HYBAS_ID":4121580770,"NEXT_DOWN":4121105700,"ORDER":3,"SUB_AREA":129.0,"UP_AREA":261.8}},{"type":"Feature","geometry":{"type":"Polygon","coordinates":[[[101.23796772546497,15.697917464876623],[101.24109804529179,15.693877526279477],[101.24223510229365,15.689454048222101],[101.24526731819805,15.685543425390945],[101.2461903015207,15.67670996781236],[101.25590666516298,15.66702030208603],[101.269092261063,15.66631130504773],[101.28090886469131,15.654521500296456],[101.28992515858552,15.65381245022658],[101.29412122933601,15.64964767922666],[101.31075809534117,15.650352261101077],[101.31424067033505,15.653812448290264],[101.34166859553854,15.654164751920137],[101.34202081608471,15.656590537240438],[101.3454811091528,15.660077489155553],[101.346185664905,15.669089387665991],[101.34998484591526,15.672915265782601],[101.346185664905,15.67674115559222],[101.3454811091528,15.702425602785137],[101.34202081608471,15.705908171443896],[101.34131187503591,15.719089288237265],[101.33785155312671,15.722576279451205],[101.33749934726966,15.749999783064332],[101.33806561249067,15.764710288491793],[101.34119588271764,15.768750230265342],[101.33806561249067,15.772790211672323],[101.33664761840278,15.778315084505467],[101.33112280957616,15.779733027963188],[101.32164721476886,15.788325691992881],[101.32026493653547,15.794617533108205],[101.32856772129563,15.79674898897408],[101.32916526733362,15.816667799530952],[101.3288130055489,15.82742315917395],[101.32535277035048,15.830910176344483],[101.32500043547074,15.841665448046182],[101.32831802358332,15.842517150982621],[101.32916526733362,15.84583478385204],[101.32916526733362,15.849999510648281],[101.32674394704388,15.849647312035161],[101.32325695435365,15.846187026145142],[101.32083119057332,15.845834791533727],[101.32021586652947,15.835338001769115],[101.31311698055772,15.827160052164423],[101.31179262651996,15.809140788691955],[101.30073404027824,15.80753104074797],[101.29938294156156,15.793672154538694],[101.2922840693325,15.785494216075175],[101.29099087923996,15.759194395141753],[101.27299394971577,15.742285482754903],[101.26347380837635,15.740898722556446],[101.26250170893498,15.737500926798056],[101.26193094336023,15.731124352410374],[101.2547339917469,15.723044483331941],[101.25360137486203,15.718621011237245],[101.25056916307511,15.714710425683782],[101.24915111854416,15.709185610267774],[101.24251597442183,15.707482261114839],[101.24109804529179,15.70195737618583],[101.23796772546497,15.697917464876623]]]},"id":"000900000000000014f2","properties":{"HYBAS_ID":4121580540,"NEXT_DOWN":4121580770,"ORDER":3,"SUB_AREA":132.7,"UP_AREA":132.7}},{"type":"Feature","geometry":{"type":"Polygon","coordinates":[[[101.15416788784529,15.704164686317235],[101.1545245392747,15.70171215626015],[101.16494990952965,15.691313481036426],[101.16909245717815,15.692018018808833],[101.17257497316685,15.695478291499848],[101.17742655777643,15.696187338080035],[101.1809091100826,15.699647611233774],[101.19999844987971,15.699999831144819],[101.20216115950105,15.700619667201401],[101.21033917241017,15.707714119742397],[101.21573908157768,15.709261361712544],[101.21728200412997,15.714661362020506],[101.2243808653362,15.722839329115773],[101.22573638924537,15.736698209568434],[101.23549294054776,15.738116224621443],[101.24119610718756,15.74228553730909],[101.25216106052353,15.741050324608938],[101.25617425701535,15.73811621018489],[101.26250170893498,15.737500926798056],[101.26347380837635,15.740898722556446],[101.27299394971577,15.742285482754903],[101.29099087923996,15.759194395141753],[101.2922840693325,15.785494216075175],[101.29938294156156,15.793672154538694],[101.30073404027824,15.80753104074797],[101.31179262651996,15.809140788691955],[101.31311698055772,15.827160052164423],[101.32021586652947,15.835338001769115],[101.32083119057332,15.845834791533727],[101.31840989939758,15.846187056326157],[101.31492293837123,15.849647253630618],[101.30833237601847,15.849999531834412],[101.3077660199047,15.852211226723263],[101.3047338845154,15.856121917476298],[101.30360121643005,15.860545351371659],[101.2948614152384,15.870176992635805],[101.28006609727441,15.871492395432004],[101.2791653769575,15.87500171958771],[101.27257484775036,15.874644958342673],[101.269092261063,15.871184709814361],[101.25661569001537,15.870480165096476],[101.23992528789677,15.887148326612712],[101.23507373783454,15.887852841840218],[101.22742645395365,15.89547787519457],[101.21666663043331,15.895834655579543],[101.21666663043331,15.89166541854045],[101.22019371264513,15.890760166128084],[101.22140220195229,15.872790002759361],[101.22556701258449,15.867412303589015],[101.22443438388238,15.864455960657551],[101.22140220195229,15.860545364787013],[101.22026512532338,15.8561219180305],[101.21723289858585,15.852211243544374],[101.21601114668621,15.838459369761855],[101.2105442257555,15.833902179558542],[101.2009349267044,15.832631340169188],[101.18379407529262,15.814594260110793],[101.1880659359277,15.809078397842171],[101.1869333060946,15.797787960590384],[101.18276407889144,15.79241475011255],[101.18390115474581,15.772790202446087],[101.18776274766276,15.767804980110178],[101.18001724414214,15.765816165276233],[101.17859926310233,15.7602913348397],[101.17556710965432,15.756376245388303],[101.17434526996689,15.742624439835804],[101.16887841708835,15.73806720895806],[101.16312171746286,15.736591258849256],[101.16193113844783,15.714456235652774],[101.15889898156324,15.710545605578341],[101.15748096004054,15.705016366618155],[101.15416788784529,15.704164686317235]]]},"id":"000900000000000014f3","properties":{"HYBAS_ID":4121580320,"NEXT_DOWN":4121104360,"ORDER":3,"SUB_AREA":202.0,"UP_AREA":202.0}},{"type":"Feature","geometry":{"type":"Polygon","coordinates":[[[100.82916624005524,14.912500350908529],[100.83137800582435,14.91193398182484],[100.8352886333446,14.908901810229295],[100.83971207198181,14.907764717289963],[100.84778746614857,14.900567731027834],[100.8522108851993,14.899430665051684],[100.86862481167995,14.883899649607082],[100.8813778813025,14.882767020867314],[100.88528850119886,14.879734856616755],[100.89096052088478,14.878281162344283],[100.89236955288717,14.867588233560065],[100.89915186099876,14.861934062205679],[100.91054485639728,14.863066669513554],[100.9159181080248,14.867235931186778],[100.92720854879752,14.866098908540165],[100.93112363347001,14.863066739589264],[100.93971186641896,14.861934100168096],[100.9436224623685,14.858901881003126],[100.94960211549525,14.857363527484095],[100.95359752380203,14.852208783387683],[100.95505559055137,14.846541251406702],[100.96470960164345,14.845265954356167],[100.96862466636838,14.842233768499074],[100.98243447215164,14.841007583764823],[100.98333522180849,14.83749825456808],[100.99166479575585,14.837498263468547],[100.99251655310007,14.840815813728627],[100.99941921371399,14.84258610288463],[101.00776665582437,14.851954653095873],[101.00930059825478,14.857938761218156],[101.0144553273058,14.861934102931253],[101.01666698458273,14.862500447242148],[101.01666698458273,14.87083450356714],[101.01334947453378,14.871686155365513],[101.01193141677649,14.877211015904598],[101.0079360862065,14.882365736797164],[101.00092636844063,14.884260804948834],[100.9993835018858,14.889660820209476],[100.99500916182268,14.895127650365799],[100.97580830502346,14.89654118729662],[100.97438131372304,14.906328929615787],[100.97145167997199,14.910337677167163],[100.97021653824223,14.927799479121889],[100.97934435431686,14.930408050565429],[100.97145167997199,14.939504643306003],[100.97083190813362,14.958335363221286],[100.96007652428389,14.958687646525803],[100.95658955484369,14.962147968286828],[100.94828673049912,14.96285251851561],[100.944090672149,14.958687671469866],[100.93507439386869,14.957978682537028],[100.93159178212723,14.954518425309288],[100.92916607110267,14.954166152750947],[100.92839460772687,14.950884287531919],[100.92385525363906,14.94947515453936],[100.906415689545,14.966138805637042],[100.89999909101665,14.966665049019912],[100.89964682440737,14.969090778675767],[100.89376525008682,14.975003507710973],[100.88992596879788,14.971186542683986],[100.88578795897922,14.970482007202165],[100.88159188859912,14.974646828420347],[100.87500139117046,14.974999106686713],[100.87464465116992,14.964216988293295],[100.84409084839935,14.933685529569413],[100.83920812005928,14.93297645835718],[100.83368781746617,14.927424926789547],[100.8329787826527,14.91840861623261],[100.82951850373523,14.914926094804121],[100.82916624005524,14.912500350908529]]]},"id":"00090000000000001667","properties":{"HYBAS_ID":4121114100,"NEXT_DOWN":4121114930,"ORDER":4,"SUB_AREA":163.9,"UP_AREA":163.9}},{"type":"Feature","geometry":{"type":"Polygon","coordinates":[[[101.09999867255448,14.924999133721807],[101.10060960119294,14.909245186341657],[101.10416791569111,14.908335499166663],[101.1149232655326,14.908687774800239],[101.11841033193699,14.912148027020649],[101.1232573331619,14.912852534787742],[101.12674435176953,14.916312807790488],[101.14825956871775,14.917021856438279],[101.15245558163298,14.92118659291074],[101.15658913420037,14.92048210788573],[101.16007613126813,14.917021863932808],[101.16250193024109,14.916665143599268],[101.16338923034718,14.920125341358027],[101.17304325271137,14.921400683083236],[101.1769583437466,14.92443286178175],[101.22304308402813,14.925565518089288],[101.22695817508287,14.928597647827338],[101.2522100969408,14.92973477609657],[101.25612072128956,14.932766922665284],[101.26054413250132,14.933899549065247],[101.27278885336254,14.945265807054374],[101.27721231602698,14.946398417816459],[101.28112288826767,14.949430583573637],[101.28554187743237,14.950567677439533],[101.29091958859128,14.95473240897012],[101.30221001653044,14.95359987325433],[101.30612062006489,14.950567666634646],[101.31054409453992,14.949430578944394],[101.31592177196639,14.945265790651803],[101.33971101980859,14.94639835880788],[101.34362170829276,14.949430622961],[101.34583342969131,14.950001317014154],[101.34618566490498,14.956591884387413],[101.34964592890513,14.960074441555367],[101.35035492901882,14.985758910558435],[101.36248809278275,14.997914394657945],[101.35868454140063,15.001740332297842],[101.35833226220564,15.012500126981601],[101.35743594277199,15.016004988923708],[101.34999817754014,15.016664890030526],[101.34779095212676,15.016098567219293],[101.33820384678368,15.007403332375645],[101.33693299869925,14.997789536265294],[101.32973607254446,14.989709603012704],[101.32831802358332,14.984184804924615],[101.32500043547074,14.983333127522233],[101.32409082697762,14.979788134924362],[101.312501617577,14.979168288867065],[101.30591104229443,14.97952056296081],[101.29791591918348,14.987484554580282],[101.29408999542898,14.983685431136172],[101.28995189230541,14.982980823580604],[101.28541703915607,14.987484563794633],[101.28159107726236,14.983685442050911],[101.2685839093004,14.982802503667044],[101.25943385018044,14.974486266137669],[101.25493905075488,14.975886395488958],[101.25416768168543,14.979168323297502],[101.25204508560157,14.979823824445113],[101.24378682699903,14.986842400013403],[101.23121219317576,14.98815345072062],[101.22712323102672,14.99101167480724],[101.21870884209203,14.992322659145984],[101.21462437460372,14.995176511634117],[101.18415973611776,14.996487517548617],[101.1826792978259,14.97287650034815],[101.1798210692899,14.968787573594485],[101.17851007824078,14.964542465941289],[101.17472878375048,14.959129102237068],[101.15621009771579,14.95767991420117],[101.14795633063909,14.950656808425633],[101.14371126893683,14.949345898243974],[101.13962223000055,14.946487572877261],[101.13537718432802,14.945176631869261],[101.13128823468091,14.94232276576268],[101.11454430416293,14.941011804513199],[101.1104552768136,14.938153555131873],[101.10833276026136,14.937498053994469],[101.10798050885185,14.935076753554341],[101.1003553853336,14.927424963090937],[101.09999867255448,14.924999133721807]]]},"id":"00090000000000001669","properties":{"HYBAS_ID":4121113430,"NEXT_DOWN":4121113510,"ORDER":4,"SUB_AREA":135.2,"UP_AREA":135.2}},{"type":"Feature","geometry":{"type":"Polygon","coordinates":[[[101.19583368212498,14.754166567074725],[101.19999844987971,14.75416653150176],[101.19999844987971,14.7583313204156],[101.19583368212498,14.758331314854376],[101.19583368212498,14.754166567074725]]]},"id":"0009000000000000166a","properties":{"HYBAS_ID":4121115260,"NEXT_DOWN":4121114740,"ORDER":4,"SUB_AREA":0.2,"UP_AREA":241.2}},{"type":"Feature","geometry":{"type":"Polygon","coordinates":[[[101.19109812927796,14.742880580517951],[101.19938759241988,14.740753572248032],[101.20056928996352,14.714458231303],[101.21314391037559,14.700902548941718],[101.21887829343899,14.69943109110919],[101.23112304713682,14.688069268277145],[101.23554196870397,14.686932217473615],[101.24069671891675,14.682936823007184],[101.24223510229365,14.676957241792058],[101.26319728797269,14.655058603690858],[101.26887826342362,14.653600397622228],[101.28945693032672,14.633900138320199],[101.32721217747856,14.632767525318968],[101.33236692520634,14.628772206484527],[101.334186214716,14.621682206324428],[101.33971101980859,14.620264211400498],[101.34779095212676,14.61306724895441],[101.35416742733604,14.612500873838691],[101.35479170433021,14.600907265988427],[101.35833226220564,14.60000208333454],[101.35899665020114,14.607435327775391],[101.36470880255612,14.608902418777802],[101.36958251909091,14.612679281209521],[101.37140187898757,14.617414794746578],[101.367232604695,14.622788049707989],[101.36610000718441,14.627211464936831],[101.35889855875907,14.635291354472185],[101.35776596885358,14.64804439387011],[101.35377057930535,14.653199123091166],[101.34684114253363,14.654978326611479],[101.34526712047813,14.6590806870831],[101.34943184475432,14.66445839065138],[101.3505689285747,14.673042111786007],[101.35360115753399,14.676957196326315],[101.35473378691374,14.680105333086933],[101.34524920154433,14.690749215281823],[101.33812360681699,14.692577463686055],[101.33749934726966,14.70416667079119],[101.32695798260593,14.703600318627723],[101.32197270894183,14.699734344157097],[101.3199840175683,14.707484210012987],[101.31445467907314,14.708902216972112],[101.3063792614473,14.716099239079227],[101.29901278784185,14.71723178347004],[101.28554187743237,14.704732960800165],[101.27842072307155,14.703600339921527],[101.27304299643916,14.707765130239366],[101.26592187359903,14.708902211270267],[101.26054413250132,14.704732953502408],[101.24484366369335,14.703600348548362],[101.23007068033607,14.717312077019356],[101.22859914950222,14.723042000832939],[101.22556701258449,14.726957130438088],[101.22443438388238,14.731376062904262],[101.21185521137669,14.74493177508],[101.20501943205193,14.746684171785958],[101.2033160935528,14.753314837430377],[101.19999844987971,14.75416653150176],[101.19583368212498,14.754166567074725],[101.19583368212498,14.750001758636534],[101.19247601343977,14.749136707929262],[101.19109812927796,14.742880580517951]]]},"id":"0009000000000000166b","properties":{"HYBAS_ID":4121115360,"NEXT_DOWN":4121115260,"ORDER":4,"SUB_AREA":109.9,"UP_AREA":110.1}},{"type":"Feature","geometry":{"type":"Polygon","coordinates":[[[101.16666666802898,14.879168548937237],[101.18242072034883,14.878557640068045],[101.18390115474581,14.872787583756343],[101.19526736407605,14.860542879031316],[101.19640000343266,14.856123904054735],[101.20360143635492,14.848044002751786],[101.2047340851423,14.843625041551686],[101.21203805051917,14.835424746404932],[101.20889888350929,14.83137587386828],[101.20776627328965,14.826956929039188],[101.20360143635492,14.8215792623933],[101.2047340851423,14.814458019702412],[101.20776627328965,14.810542966292518],[101.20889888350929,14.806124004374041],[101.21610027907913,14.798044060198734],[101.21666663043331,14.787498329105619],[101.24825932708235,14.78714606583641],[101.25174187365842,14.783685805989244],[101.27742633163717,14.782981234060902],[101.28090886469131,14.779521000941083],[101.31004911668764,14.778812033197434],[101.3163096426391,14.785041331953204],[101.31666644691286,14.791667608336095],[101.31450815969487,14.792282905219702],[101.30836802757293,14.797192435286918],[101.31193973763915,14.802084019217991],[101.30895212645889,14.806173041992679],[101.30771695605067,14.810493880203989],[101.30478286037022,14.814507131519862],[101.30354774166246,14.835491672136584],[101.29920011417823,14.840931778208788],[101.28534125383406,14.842282798143572],[101.27191933949473,14.854527551147848],[101.27021597249238,14.860493810856827],[101.26311702195053,14.868671841561747],[101.26188190213139,14.872992642391692],[101.25895227330798,14.877005838438766],[101.25753869264412,14.886704404464954],[101.24784015673805,14.888117985873647],[101.24382695216934,14.891047567075205],[101.24119610718756,14.892282748637017],[101.23549294054776,14.888117946399072],[101.22869728546114,14.886882754914785],[101.22199080333391,14.891778819819168],[101.21984149154738,14.899301340231544],[101.20369954744575,14.900616830824715],[101.19799189199662,14.896451969748243],[101.19509795332712,14.895216873671172],[101.18542171285475,14.903608858448184],[101.18132825530238,14.900616840575326],[101.16666666802898,14.900001475071653],[101.16666666802898,14.879168548937237]]]},"id":"0009000000000000166c","properties":{"HYBAS_ID":4121113580,"NEXT_DOWN":4121113520,"ORDER":4,"SUB_AREA":119.7,"UP_AREA":119.7}},{"type":"Feature","geometry":{"type":"Polygon","coordinates":[[[101.34583342969131,15.258334842330047],[101.34999817754014,15.258334835795127],[101.34999817754014,15.254165584756363],[101.35416742733604,15.254165577226859],[101.35416742733604,15.266668846920467],[101.3517416923558,15.266312119572891],[101.34619007975579,15.260791740889713],[101.34583342969131,15.258334842330047]]]},"id":"00090000000000001672","properties":{"HYBAS_ID":4121109360,"NEXT_DOWN":4121109440,"ORDER":4,"SUB_AREA":0.8,"UP_AREA":710.6}},{"type":"Feature","geometry":{"type":"Polygon","coordinates":[[[101.33276818912498,15.088246859015717],[101.33400782437997,15.075895109744769],[101.33971101980859,15.074432593360497],[101.34362170829276,15.071400346687033],[101.34960576103927,15.069866473879728],[101.35360115753399,15.064711752818548],[101.35501913223736,15.059182435460729],[101.35833226220564,15.058335235436573],[101.36054396233611,15.058901545089162],[101.36862384434266,15.066098513436279],[101.37414864503062,15.067516521705587],[101.37590556873452,15.074352285805269],[101.38957269659555,15.08703842597356],[101.39362156257889,15.083899223671816],[101.39583326092576,15.083332939209415],[101.40637909794927,15.083899245261087],[101.41445452347227,15.091100709781735],[101.42012642698698,15.092554347759956],[101.42153555141505,15.103247294060605],[101.42695782332893,15.107764376633032],[101.42916505532723,15.108335067434943],[101.4285051418764,15.115768455102138],[101.42278858502421,15.117235491452627],[101.41341997149858,15.125582891518114],[101.41193066149624,15.131375245125247],[101.40473363626707,15.139455192954292],[101.4036010490096,15.177210407845369],[101.40056886833446,15.181121017983743],[101.39943182413263,15.189709236245553],[101.3963995958601,15.193624370104862],[101.39526701578815,15.214711378258126],[101.38806555305794,15.22279126851263],[101.38679026210204,15.232445270067993],[101.38112274830642,15.233898972090243],[101.36757149462582,15.246478035978408],[101.36610000718441,15.252212444783078],[101.36306783276937,15.256123052066394],[101.36250151265195,15.258334825544656],[101.35416742733604,15.258334781210237],[101.35416742733604,15.254165577226859],[101.34999817754014,15.254165584756363],[101.35035492901882,15.243410218920785],[101.35451969188173,15.239214213230994],[101.35381516402965,15.214243238051806],[101.35035492901882,15.210756197013444],[101.34964592890513,15.197575055068215],[101.34131187503591,15.189214270692966],[101.34202081608471,15.18507623615022],[101.3454811091528,15.181589224429949],[101.346185664905,15.172577400228525],[101.35831884289486,15.160417433931345],[101.35451969188173,15.156591527091608],[101.35381516402965,15.143410421843898],[101.35035492901882,15.139923368159383],[101.34964592890513,15.135076332679342],[101.33785155312673,15.123259742645494],[101.33714705609587,15.11424344301202],[101.33368679182169,15.110756411365516],[101.33333451408939,15.104165892146051],[101.33390084226427,15.101954172223632],[101.33806561249067,15.096580940225921],[101.33693299869925,15.093624506375399],[101.33276818912498,15.088246859015717]]]},"id":"00090000000000001673","properties":{"HYBAS_ID":4121109450,"NEXT_DOWN":4121109360,"ORDER":4,"SUB_AREA":120.6,"UP_AREA":512.6}},{"type":"Feature","geometry":{"type":"Polygon","coordinates":[[[100.97916600502597,15.362499423562877],[100.97951821932116,15.33507592170534],[100.98297850875646,15.331588935800408],[100.98368753761781,15.314243018322102],[101.00381143817096,15.294092322977486],[101.00416814213027,15.291666576878159],[101.00359741642883,15.28529007316696],[100.99943258408786,15.279912424160912],[101.00064541410384,15.263404791185767],[101.00770868378639,15.261589930122406],[101.00833292024193,15.250000723239769],[101.01075873317613,15.250352990284073],[101.01424128194749,15.253813277969325],[101.01912398083036,15.254526716106897],[101.02464878390735,15.260073873874632],[101.02535337367325,15.269090124758463],[101.03297838852659,15.27674197895744],[101.03368735355937,15.281588989057118],[101.03714768833508,15.285076046035499],[101.03785668392445,15.298288374952094],[101.0434082747874,15.303813151127104],[101.04939680050691,15.305079589798707],[101.05056511968141,15.338246314049135],[101.04640033380078,15.343624022767658],[101.04526770733699,15.36324856138492],[101.04943244451951,15.3686217895647],[101.05056511968141,15.377209960281945],[101.0535972744329,15.381120658138837],[101.05473431376696,15.385544079377883],[101.06610060652056,15.397788755682871],[101.06751859498611,15.403313521986446],[101.0752640761502,15.40530236184873],[101.07140243739158,15.410287636449508],[101.06998447852138,15.415816907960107],[101.06666686715982,15.416668571785065],[101.06029041081491,15.417234842134501],[101.05637533689058,15.42026708627371],[101.02621397068997,15.421399685375869],[101.02443480223775,15.414456818054017],[101.01513749760223,15.404205381128442],[101.01040640462645,15.407875200472803],[100.99804578428945,15.396401984424905],[100.99362233944343,15.395264925951844],[100.98846768936312,15.391269559680463],[100.98693373355593,15.385289901768113],[100.97973227379093,15.377209990675157],[100.97916600502597,15.362499423562877]]]},"id":"00090000000000001675","properties":{"HYBAS_ID":4121107660,"NEXT_DOWN":4121107290,"ORDER":4,"SUB_AREA":107.7,"UP_AREA":107.8}},{"type":"Feature","geometry":{"type":"Polygon","coordinates":[[[101.34526712047813,15.04658103894556],[101.34639965554454,15.043624677673032],[101.34943184475432,15.03970954213851],[101.3505689285747,15.035290564089875],[101.35360115753399,15.03137551123134],[101.35416742733604,15.024999011790412],[101.35381516402965,15.022577653238887],[101.35035492901882,15.01909062312803],[101.34999817754014,15.016664890030526],[101.35743594277199,15.016004988923708],[101.35833226220564,15.012500126981601],[101.35833226220564,15.00416601182588],[101.36075798366659,15.004518354664194],[101.36874870012664,15.012486689166625],[101.37328803207086,15.007978578874157],[101.3815908867201,15.008687566807547],[101.38995175935264,15.0170216587899],[101.39408975922005,15.016312640414117],[101.39757679285307,15.01285237900607],[101.420835491503,15.012500066069132],[101.420835491503,15.016664868106115],[101.42325674399748,15.017021616892135],[101.42708266489196,15.020820805149265],[101.43507336588904,15.012852412701736],[101.43995612269963,15.012143419196002],[101.44548093878579,15.006591807320905],[101.44583317651824,14.983333095005639],[101.4524237576453,14.983685367597525],[101.46424032203,14.995479700938535],[101.46909189775273,14.996188750914923],[101.47257441452852,14.999644536020938],[101.47742595556144,15.000353521186527],[101.48924257281028,15.012147865232834],[101.4916683224313,15.012500139029413],[101.49219444952081,15.014747494356934],[101.495302460627,15.018586769643989],[101.49636368469066,15.02593981764707],[101.49118667016245,15.03233420217496],[101.49259132227586,15.036846792731447],[101.50224973031247,15.038028427579533],[101.50757392458416,15.042612410414243],[101.50886261774022,15.04807923870753],[101.5119705309782,15.05191853899458],[101.51250118516572,15.058335237792528],[101.51025381425019,15.058861380547066],[101.50224973031247,15.0661386213449],[101.49775046227536,15.067195473883606],[101.48974640825806,15.074468229337972],[101.47691758729269,15.075529544581016],[101.47308276103735,15.07863746095411],[101.46156043259687,15.07969433191024],[101.45641465777595,15.075529480644201],[101.44301054331088,15.074468264568806],[101.44113772742125,15.080108996609356],[101.44530252412689,15.085250371082953],[101.44668487769367,15.090815274705491],[101.4524237576453,15.092019216092364],[101.45797533983563,15.097544114560032],[101.45833204082788,15.100001031930075],[101.45591072787093,15.100353342198835],[101.4524237576453,15.103813588812077],[101.4434073968805,15.104518159762828],[101.43992484333134,15.107978400224734],[101.42916505532723,15.108335067434943],[101.42695782332893,15.107764376633032],[101.42153555141505,15.103247294060605],[101.42012642698698,15.092554347759956],[101.41445452347227,15.091100709781735],[101.40637909794927,15.083899245261087],[101.39583326092576,15.083332939209415],[101.39362156257889,15.083899223671816],[101.38957269659555,15.08703842597356],[101.37590556873452,15.074352285805269],[101.37414864503062,15.067516521705587],[101.36862384434266,15.066098513436279],[101.36054396233611,15.058901545089162],[101.35833226220564,15.058335235436573],[101.35748052912818,15.055017625138865],[101.35039501061603,15.053198341731454],[101.34526712047813,15.04658103894556]]]},"id":"00090000000000001677","properties":{"HYBAS_ID":4121583010,"NEXT_DOWN":4121109450,"ORDER":4,"SUB_AREA":133.0,"UP_AREA":391.8}},{"type":"Feature","geometry":{"type":"Polygon","coordinates":[[[101.34102198105377,14.933966388766656],[101.34231071296271,14.931197325662662],[101.34519128964986,14.927135104546],[101.34657356655924,14.909080190248256],[101.3629295641317,14.907764772255959],[101.37051003177763,14.913142389105646],[101.37428692913744,14.911166996868465],[101.37564250446945,14.897865570852323],[101.38269231088049,14.889634036185157],[101.38333443141171,14.883333350913727],[101.38971091533796,14.883899632213131],[101.39362156257889,14.886931860250128],[101.39915085632322,14.888349796761283],[101.40056886833446,14.893879065075065],[101.4036010490096,14.897789772009906],[101.40507256608701,14.903528611415432],[101.42304276285006,14.904732574196593],[101.43945669372111,14.920268096845458],[101.44166835795585,14.920834392107375],[101.44825892768465,14.921186643585047],[101.45381054142388,14.926711460709905],[101.45416722774452,14.929168455861097],[101.45363661830207,14.939749842926462],[101.45052858364627,14.943584684916209],[101.44947182508064,14.964747635588953],[101.4463638316938,14.968586885510259],[101.44530252412689,14.97308162735782],[101.44113772742125,14.978227472334513],[101.4425780786727,14.982566186578762],[101.44583317651824,14.983333095005639],[101.44548093878579,15.006591807320905],[101.43995612269963,15.012143419196002],[101.43507336588904,15.012852412701736],[101.42708266489196,15.020820805149265],[101.42325674399748,15.017021616892135],[101.420835491503,15.016664868106115],[101.420835491503,15.012500066069132],[101.39757679285307,15.01285237900607],[101.39408975922005,15.016312640414117],[101.38995175935264,15.0170216587899],[101.3815908867201,15.008687566807547],[101.37328803207086,15.007978578874157],[101.36874870012664,15.012486689166625],[101.36075798366659,15.004518354664194],[101.35833226220564,15.00416601182588],[101.35868454140063,15.001740332297842],[101.36248809278275,14.997914394657945],[101.35035492901882,14.985758910558435],[101.34964592890513,14.960074441555367],[101.34618566490498,14.956591884387413],[101.34583342969131,14.950001317014154],[101.3464754872888,14.947865402171077],[101.34939617853513,14.943745217170386],[101.34102198105377,14.933966388766656]]]},"id":"00090000000000001679","properties":{"HYBAS_ID":4121583250,"NEXT_DOWN":4121583010,"ORDER":4,"SUB_AREA":127.3,"UP_AREA":258.9}},{"type":"Feature","geometry":{"type":"Polygon","coordinates":[[[101.35416742733604,14.804166435582674],[101.35451969188173,14.797544661864102],[101.36007574898062,14.792019824680027],[101.36250151265195,14.79166759758469],[101.36250151265195,14.787498286785153],[101.36581463030213,14.78665106029308],[101.367232604695,14.781121778371586],[101.37026481847825,14.77721115989918],[101.37083109585976,14.774999456269159],[101.38658510509944,14.775605893116062],[101.38806555305794,14.781375998531509],[101.39109770325216,14.785291034327287],[101.39251568834281,14.790815927192918],[101.3980450079051,14.792233929217652],[101.40195563273052,14.795266065434122],[101.41054384634768,14.79639870094901],[101.41445452347227,14.79943089430647],[101.42721201165692,14.800567951154857],[101.43112264200346,14.80360009631341],[101.44804489357439,14.804732737332296],[101.45195555017821,14.807764983151838],[101.45833204082788,14.808331220720332],[101.45868874307641,14.810757032694408],[101.46421362851888,14.816313000787536],[101.4732566308627,14.817022066975612],[101.47880822739245,14.822542391708337],[101.47952169054501,14.827425077445806],[101.49581967701704,14.84374992074995],[101.49202054726838,14.84757575501423],[101.49131159091506,14.856592122844802],[101.47535245309818,14.872573504395554],[101.47500019938644,14.887498132144946],[101.4716826257592,14.888349795075147],[101.47083539468807,14.891667354804246],[101.46840962276198,14.892019660155016],[101.46285356876581,14.897548936795081],[101.46250127180636,14.916665089365626],[101.45904102677788,14.917552457325192],[101.45762305984094,14.928281025017093],[101.45416722774452,14.929168455861097],[101.45381054142388,14.926711460709905],[101.44825892768465,14.921186643585047],[101.44166835795585,14.920834392107375],[101.43945669372111,14.920268096845458],[101.42304276285006,14.904732574196593],[101.40507256608701,14.903528611415432],[101.4036010490096,14.897789772009906],[101.40056886833446,14.893879065075065],[101.39915085632322,14.888349796761283],[101.39362156257889,14.886931860250128],[101.38971091533796,14.883899632213131],[101.38333443141171,14.883333350913727],[101.38298215223574,14.880907543817681],[101.37881291639333,14.876711542637285],[101.37952186305006,14.860074662690664],[101.38298215223574,14.856592116228025],[101.38368671182317,14.8517405878537],[101.3878514734784,14.847544565884732],[101.38714697128576,14.835076968964277],[101.38368671182317,14.831589908063137],[101.38297773576423,14.826711676760656],[101.37325685999231,14.817022040998198],[101.37083109585976,14.81666527249012],[101.36986349080188,14.812897376126227],[101.36470880255612,14.808902006234273],[101.35505480045997,14.80762670332247],[101.35416742733604,14.804166435582674]]]},"id":"0009000000000000167a","properties":{"HYBAS_ID":4121583670,"NEXT_DOWN":4121583250,"ORDER":4,"SUB_AREA":131.7,"UP_AREA":131.7}},{"type":"Feature","geometry":{"type":"Polygon","coordinates":[[[101.19999844987971,14.75416653150176],[101.2033160935528,14.753314837430377],[101.20501943205193,14.746684171785958],[101.21185521137669,14.74493177508],[101.22443438388238,14.731376062904262],[101.22556701258449,14.726957130438088],[101.22859914950222,14.723042000832939],[101.23007068033607,14.717312077019356],[101.24484366369335,14.703600348548362],[101.26054413250132,14.704732953502408],[101.26592187359903,14.708902211270267],[101.27304299643916,14.707765130239366],[101.27842072307155,14.703600339921527],[101.28554187743237,14.704732960800165],[101.29901278784185,14.71723178347004],[101.3063792614473,14.716099239079227],[101.31445467907314,14.708902216972112],[101.3199840175683,14.707484210012987],[101.32197270894183,14.699734344157097],[101.32695798260593,14.703600318627723],[101.33749934726966,14.70416667079119],[101.33806561249067,14.718877254876094],[101.34526712047813,14.726957100467112],[101.34639965554454,14.735545341723192],[101.34943184475432,14.739455949171456],[101.35089893202293,14.745172499370229],[101.35833226220564,14.745832468594571],[101.35797998424951,14.756592306008779],[101.35381516402965,14.7607883283605],[101.35452419367307,14.764957595890344],[101.36007574898062,14.770477979800944],[101.36492283278076,14.77118692620551],[101.36840980621749,14.774647166558054],[101.37083109585976,14.774999456269159],[101.37026481847825,14.77721115989918],[101.367232604695,14.781121778371586],[101.36581463030213,14.78665106029308],[101.36250151265195,14.787498286785153],[101.36250151265195,14.79166759758469],[101.36007574898062,14.792019824680027],[101.35451969188173,14.797544661864102],[101.35416742733604,14.804166435582674],[101.35195569487658,14.80360015218624],[101.34804511342311,14.800567935014552],[101.33945687969054,14.799430852646312],[101.33554176663192,14.796398657452102],[101.31757157412898,14.795194772976892],[101.31666644691286,14.791667608336095],[101.3163096426391,14.785041331953204],[101.31004911668764,14.778812033197434],[101.28090886469131,14.779521000941083],[101.27742633163717,14.782981234060902],[101.25174187365842,14.783685805989244],[101.24825932708235,14.78714606583641],[101.21666663043331,14.787498329105619],[101.21610027907913,14.785291105301733],[101.2130680939153,14.78137597714957],[101.21193102690431,14.776957040877857],[101.20889888350929,14.773041955711816],[101.20776627328966,14.768622947811043],[101.2047340851423,14.764712295309414],[101.2033160935528,14.759183076295708],[101.19999844987971,14.7583313204156],[101.19999844987971,14.75416653150176]]]},"id":"0009000000000000170a","properties":{"HYBAS_ID":4121115270,"NEXT_DOWN":4121115260,"ORDER":5,"SUB_AREA":131.1,"UP_AREA":131.1}},{"type":"Feature","geometry":{"type":"Polygon","coordinates":[[[101.35416742733604,15.258334781210237],[101.36250151265195,15.258334825544656],[101.36306783276937,15.256123052066394],[101.36610000718441,15.252212444783078],[101.36757149462582,15.246478035978408],[101.38112274830642,15.233898972090243],[101.38679026210204,15.232445270067993],[101.38806555305794,15.22279126851263],[101.39526701578815,15.214711378258126],[101.3963995958601,15.193624370104862],[101.39943182413263,15.189709236245553],[101.40056886833446,15.181121017983743],[101.4036010490096,15.177210407845369],[101.40473363626707,15.139455192954292],[101.41193066149624,15.131375245125247],[101.41341997149858,15.125582891518114],[101.42278858502421,15.117235491452627],[101.4285051418764,15.115768455102138],[101.42916505532723,15.108335067434943],[101.43992484333134,15.107978400224734],[101.4434073968805,15.104518159762828],[101.4524237576453,15.103813588812077],[101.45591072787093,15.100353342198835],[101.45833204082788,15.100001031930075],[101.4589027996936,15.102208343880767],[101.46193057933112,15.106123399936013],[101.46306763418318,15.11054240160056],[101.4660997850503,15.114457441473474],[101.4675177839463,15.119982244595692],[101.47083539468807,15.120833945729874],[101.47083539468807,15.124998740538715],[101.47140163028095,15.12721052169562],[101.47443385703066,15.131121138922051],[101.47556645822641,15.138246754677704],[101.47140163028095,15.143624393275536],[101.46998366374171,15.149149222517005],[101.46334851989658,15.150852605898315],[101.46164961088333,15.157483285549322],[101.45501891240944,15.159182241414586],[101.45360091513714,15.16471149582632],[101.45047061111904,15.168751500364536],[101.45360091513714,15.17279141230503],[101.45473354351995,15.175747763586985],[101.44960561989686,15.182365070279776],[101.44232835739793,15.184233448296801],[101.44109760964791,15.198043306392409],[101.43390066948814,15.206123154284423],[101.43276801451218,15.213436114728864],[101.44109760964791,15.222791302904572],[101.44223469041681,15.22721025440627],[101.44943170400117,15.235290209249664],[101.4505687918162,15.243878376105085],[101.45360091513714,15.247789003733422],[101.45473354351995,15.267413494850723],[101.45047061111904,15.272916053710706],[101.45360091513714,15.27695599411752],[101.45473354351995,15.310542005436348],[101.45776570492609,15.314457082051522],[101.4589027996936,15.318875995790396],[101.4660997850503,15.326955882665194],[101.46666608086751,15.329167587141935],[101.4660997850503,15.348042980717187],[101.45473354351995,15.360287663352251],[101.45331555024485,15.365816936511152],[101.44779073948828,15.36723494466235],[101.44263604667654,15.371230323893867],[101.44166835795585,15.37499827429177],[101.43949230524768,15.37439626382299],[101.43550588505754,15.371439922919695],[101.43115825059233,15.370227032068142],[101.42717181277851,15.36727067076246],[101.42282869552471,15.36606225387132],[101.41744207604081,15.361710153734208],[101.41589475392348,15.350821049437016],[101.40779262098128,15.349394117550109],[101.40217415964786,15.3535633851332],[101.39782648995427,15.354771813928869],[101.39384007139486,15.357728133687127],[101.38333443141171,15.358334565653637],[101.3839497971644,15.356171986655934],[101.38811907302407,15.35046876015765],[101.3868838775725,15.314506108327025],[101.3839497971644,15.31049291761845],[101.38266555233922,15.279979281752222],[101.37283768306561,15.278547914707202],[101.3688289646413,15.275618322403718],[101.36450810634477,15.274383125300446],[101.35632561904076,15.267284206266416],[101.35416742733604,15.266668846920467],[101.35416742733604,15.258334781210237]]]},"id":"0009000000000000170b","properties":{"HYBAS_ID":4121109370,"NEXT_DOWN":4121109360,"ORDER":5,"SUB_AREA":197.2,"UP_AREA":197.2}},{"type":"Feature","geometry":{"type":"Polygon","coordinates":[[[102.19943466078963,15.850748660430433],[102.20056729255788,15.831124151987595],[102.20359948311776,15.827209080659314],[102.20501746643716,15.821684274990421],[102.21054225068747,15.82026627697797],[102.21445733441894,15.817234087386739],[102.22024969603605,15.815744715171363],[102.22973425288568,15.80510528644],[102.22859713159181,15.789458341136275],[102.21609829811997,15.775987415638259],[102.21723537807202,15.764456145478105],[102.22026759033038,15.760545525292226],[102.22118613890245,15.743409181719612],[102.22464636763836,15.73992664975745],[102.22535981323772,15.735043953844945],[102.2309070033091,15.72951909581552],[102.2357585020529,15.7288145444126],[102.24411933128549,15.720480517390703],[102.24825737467631,15.72118505901965],[102.2524533748666,15.725354299945884],[102.26075617270965,15.72464529344075],[102.26424322394791,15.721185009676331],[102.28992317725819,15.720480522828524],[102.2934101824794,15.717020246670593],[102.30833482264994,15.716667928192516],[102.30776402358734,15.718875225711155],[102.30056708673901,15.726955090250618],[102.29943448088235,15.744617596750277],[102.30732705939694,15.746642083463719],[102.30890108196598,15.750748849638747],[102.30462931077983,15.756260335603171],[102.31193326514966,15.76445611827138],[102.31306591052197,15.785543211985923],[102.3170612307952,15.790698003673942],[102.32304539260709,15.792231937724784],[102.32851226825065,15.796793571206575],[102.32916775208497,15.808333683496855],[102.32916775208497,15.812498544624855],[102.32700507192311,15.813118347461486],[102.32153818258935,15.817492666045746],[102.32012910682091,15.83669363001567],[102.31034137836512,15.838116075856265],[102.30215892143498,15.845214917937906],[102.29783805551644,15.846450098281025],[102.28966009717917,15.853548961735411],[102.27453037049443,15.854784163390963],[102.26882721297085,15.850619342777696],[102.25617225501257,15.849384187726939],[102.25215903760945,15.846450146893336],[102.23669490168358,15.845214923880059],[102.22299209592558,15.857713832591154],[102.20416573167063,15.85833362463638],[102.20359948311776,15.856121894763278],[102.19943466078963,15.850748660430433]]]},"id":"00090000000000001a54","properties":{"HYBAS_ID":4121103270,"NEXT_DOWN":4121102050,"ORDER":2,"SUB_AREA":147.1,"UP_AREA":8902.9}},{"type":"Feature","geometry":{"type":"Polygon","coordinates":[[[102.1291681708762,15.875001722421723],[102.13001984720343,15.87168415303753],[102.136650502972,15.869980747613594],[102.13806849431407,15.864455968490049],[102.14110070416828,15.860545307485634],[102.14223325780206,15.851957059822004],[102.14526549582013,15.848042007168766],[102.14640254130626,15.831124201508361],[102.14943472032193,15.827209068105862],[102.15056736016186,15.822790115623592],[102.15369762094751,15.81875013381595],[102.15046032414915,15.814576433858514],[102.15890139863757,15.805105287461686],[102.1577643106851,15.80195715350297],[102.15463402098986,15.797917279926786],[102.15890139863757,15.7924146807561],[102.1577643106851,15.789458341415019],[102.15359956722284,15.784080682044916],[102.15473216287728,15.776955017425944],[102.16193357449283,15.768875087878026],[102.16306625623072,15.76445618622838],[102.1660983727077,15.760545505363691],[102.16666468998704,15.749999735202199],[102.16666468998706,15.745834985999243],[102.16912167358394,15.745473731436903],[102.17535550952168,15.739213212216919],[102.17464648850218,15.735075114024168],[102.17048171499206,15.730879104356864],[102.17118625936047,15.71840701819612],[102.18368506030451,15.705881438433522],[102.18298052306133,15.69340929151957],[102.17952029327522,15.689922306659401],[102.17916803743249,15.68750100518665],[102.18137530495214,15.686934719879092],[102.18529039938917,15.683902499363523],[102.18970932593719,15.682765401612004],[102.19362445512829,15.67973321151678],[102.19804336715089,15.678600614961391],[102.20342109098873,15.674431328126476],[102.2063774279335,15.675568458700877],[102.21572820630388,15.683902452041071],[102.22412025574405,15.682600446120489],[102.2255694045796,15.676955177398485],[102.22859713159181,15.673044593614017],[102.22987689582646,15.663386172827442],[102.2355444390323,15.661932496183603],[102.24778912498269,15.65056627230973],[102.25350569588875,15.64909917491378],[102.2548300174937,15.634232526270567],[102.25833487027522,15.633331797018274],[102.26909024377893,15.633688586953053],[102.28090683760955,15.64547840905069],[102.29409245058933,15.646187431200227],[102.30381323763984,15.65588147357317],[102.30451784507491,15.66492453526913],[102.30797805105414,15.668407087288474],[102.3086870527291,15.673258580798676],[102.31214730061033,15.676741186932485],[102.31285187330049,15.681592721011981],[102.31631216288227,15.685075205240043],[102.31666887374276,15.687500996899264],[102.31609811943977,15.70221152887171],[102.31306591052197,15.706122176504072],[102.31179060419089,15.715780603156993],[102.30833482264994,15.716667928192516],[102.2934101824794,15.717020246670593],[102.28992317725819,15.720480522828524],[102.26424322394791,15.721185009676331],[102.26075617270965,15.72464529344075],[102.2524533748666,15.725354299945884],[102.24825737467631,15.72118505901965],[102.24411933128549,15.720480517390703],[102.2357585020529,15.7288145444126],[102.2309070033091,15.72951909581552],[102.22535981323772,15.735043953844945],[102.22464636763836,15.73992664975745],[102.22118613890245,15.743409181719612],[102.22026759033038,15.760545525292226],[102.21723537807202,15.764456145478105],[102.21609829811997,15.775987415638259],[102.22859713159181,15.789458341136275],[102.22973425288568,15.80510528644],[102.22024969603605,15.815744715171363],[102.21445733441894,15.817234087386739],[102.21054225068747,15.82026627697797],[102.20501746643716,15.821684274990421],[102.20359948311776,15.827209080659314],[102.20056729255788,15.831124151987595],[102.19943466078963,15.850748660430433],[102.20359948311776,15.856121894763278],[102.20416573167063,15.85833362463638],[102.2019539925023,15.858899905240849],[102.19387858030848,15.866101337175259],[102.18529039938917,15.867233987520295],[102.17721045090939,15.874430951552851],[102.17154293939693,15.875889088901964],[102.17012495115293,15.886613200685604],[102.16445745631826,15.888066885445625],[102.1593027060851,15.892062288554047],[102.15833512143102,15.89583461989097],[102.1467414328663,15.895210392633512],[102.14492216012556,15.888124896177136],[102.13333294431747,15.887500620398024],[102.13298066241207,15.88507484436669],[102.12952044049484,15.881592321382703],[102.1291681708762,15.875001722421723]]]},"id":"00090000000000001a5e","properties":{"HYBAS_ID":4121580220,"NEXT_DOWN":4121103270,"ORDER":2,"SUB_AREA":212.1,"UP_AREA":8755.7}},{"type":"Feature","geometry":{"type":"Polygon","coordinates":[[[102.07499900103845,15.716667971615863],[102.07562325255451,15.705074291797638],[102.07916824279506,15.704164675803987],[102.08053274398766,15.708949253403116],[102.09382532179214,15.707714058998837],[102.09783851438527,15.704784472452452],[102.1021593923287,15.703549270401215],[102.10617254324077,15.700619621487046],[102.11465824890671,15.699384497259073],[102.1186714238089,15.696450424396245],[102.13669507386619,15.695126056460204],[102.13811751421183,15.68533829719375],[102.14104714716252,15.681325143452064],[102.14166697952014,15.6791669353656],[102.1458317927175,15.679166948876707],[102.14649622705348,15.671733573515988],[102.15000103877807,15.670832884548037],[102.15035773716421,15.67328986593731],[102.16424344452089,15.687148682229923],[102.17916803743249,15.68750100518665],[102.17952029327522,15.689922306659401],[102.18298052306133,15.69340929151957],[102.18368506030451,15.705881438433522],[102.17118625936047,15.71840701819612],[102.17048171499206,15.730879104356864],[102.17464648850218,15.735075114024168],[102.17535550952168,15.739213212216919],[102.16912167358394,15.745473731436903],[102.16666468998706,15.745834985999243],[102.16666468998704,15.749999735202199],[102.16424344452089,15.749647459664894],[102.15452261914949,15.739953373679855],[102.15381355824938,15.73507511235418],[102.15035328824104,15.731592560047531],[102.14964879044776,15.726741107441766],[102.14411947757334,15.721189521129498],[102.13578542999683,15.72048053201234],[102.13125049415227,15.724984224744713],[102.12291646806383,15.716681372585606],[102.11909054874099,15.72048048351725],[102.1017401580789,15.721185024483836],[102.0982576464245,15.724645297300981],[102.08162073063804,15.725354335830378],[102.07536016161635,15.719124905796502],[102.07499900103845,15.716667971615863]]]},"id":"00090000000000001a64","properties":{"HYBAS_ID":4121103810,"NEXT_DOWN":4121580220,"ORDER":2,"SUB_AREA":40.9,"UP_AREA":7515.8}},{"type":"Feature","geometry":{"type":"Polygon","coordinates":[[[102.07506141731122,15.69706131854108],[102.08122389321964,15.692334610565998],[102.08765838265353,15.69029687092037],[102.09099817975269,15.685445329048923],[102.09246972129722,15.657897029785403],[102.10208353243432,15.666021462818485],[102.11041317708273,15.658980570504795],[102.1154385647996,15.662440810212487],[102.12078502986277,15.655471283383394],[102.11666477430546,15.654164774326263],[102.11666477430546,15.649999940470462],[102.11315998478632,15.649099228566714],[102.11250002607078,15.641665902450624],[102.11471170577404,15.64223221388919],[102.11969700077385,15.646098249500406],[102.12168574056969,15.638352817610903],[102.12721060513573,15.636934810359802],[102.13112123632328,15.633902554527957],[102.13554460983057,15.632765499740188],[102.13945527744495,15.62973336300917],[102.14543934481794,15.628199379392733],[102.14943472032193,15.623044690775147],[102.15096863709805,15.617060546390448],[102.15612343172515,15.613065174806552],[102.17304566744714,15.611932565670223],[102.17695627697742,15.608900379637747],[102.18333279111874,15.608334110415985],[102.18276656243387,15.618875390060582],[102.1797343348427,15.622790524814667],[102.17859729287129,15.625746936515013],[102.18276656243387,15.63112454547505],[102.1838991099794,15.646682346270566],[102.17824949004064,15.653460166402274],[102.16862226306941,15.654735512670912],[102.16471160132257,15.657767704472697],[102.1602881838218,15.6589003288074],[102.15637755741926,15.66193246341186],[102.15066096223751,15.663399592832997],[102.15000103877807,15.670832884548037],[102.14649622705348,15.671733573515988],[102.1458317927175,15.679166948876707],[102.14166697952014,15.6791669353656],[102.14104714716252,15.681325143452064],[102.13811751421183,15.68533829719375],[102.13669507386619,15.695126056460204],[102.1186714238089,15.696450424396245],[102.11465824890671,15.699384497259073],[102.10617254324077,15.700619621487046],[102.1021593923287,15.703549270401215],[102.09783851438527,15.704784472452452],[102.09382532179214,15.707714058998837],[102.08053274398766,15.708949253403116],[102.07849933660545,15.702055452581343],[102.07506141731122,15.69706131854108]]]},"id":"00090000000000001a6a","properties":{"HYBAS_ID":4121104800,"NEXT_DOWN":4121103810,"ORDER":2,"SUB_AREA":54.5,"UP_AREA":7363.1}},{"type":"Feature","geometry":{"type":"Polygon","coordinates":[[[101.97083434177661,15.733331596312924],[101.97180199710967,15.729563681024226],[101.9769567311367,15.72556831326537],[101.9838995135108,15.723784668320457],[101.9827669574579,15.701957424775586],[101.9797347308795,15.698042311382938],[101.97916842976576,15.69583501808482],[101.97952073455244,15.689240067804764],[101.98331986420494,15.68541859845786],[101.97952073455244,15.681592717196368],[101.97881168424219,15.672576419237815],[101.97501253986962,15.668750459839588],[101.97881168424219,15.664924589983874],[101.97952073455244,15.655908263561946],[101.98298096025171,15.652425719210651],[101.98333319044238,15.625002217116185],[101.9857589415817,15.625354466273857],[101.98995496704364,15.629519261757707],[102.00242267425831,15.628814767626592],[102.01007443550822,15.621185246706167],[102.01492597816913,15.620480683702855],[102.01840851427035,15.617020415645172],[102.02325555241892,15.616311421072032],[102.0274515572086,15.612146657571998],[102.03575891806976,15.612851169962752],[102.04341068988658,15.620480713399663],[102.04825771655688,15.621185244331574],[102.0517402810663,15.624645523862906],[102.05659177708047,15.625354477737947],[102.06078785482995,15.629519260405583],[102.07325990283641,15.628814746182643],[102.07674248583854,15.62535451409212],[102.08333302399535,15.625002193695256],[102.0842203479704,15.628458055940653],[102.09387876844013,15.62973337266343],[102.09778942538368,15.63276551598297],[102.10220839610466,15.6339025577352],[102.11028830401236,15.641099564031503],[102.11250002607078,15.641665902450624],[102.11315998478632,15.649099228566714],[102.11666477430546,15.649999940470462],[102.11666477430546,15.654164774326263],[102.12078502986277,15.655471283383394],[102.1154385647996,15.662440810212487],[102.11041317708273,15.658980570504795],[102.10208353243432,15.666021462818485],[102.09246972129722,15.657897029785403],[102.09099817975269,15.685445329048923],[102.08765838265353,15.69029687092037],[102.08122389321964,15.692334610565998],[102.07506141731122,15.69706131854108],[102.07849933660545,15.702055452581343],[102.07916824279506,15.704164675803987],[102.07562325255451,15.705074291797638],[102.07499900103845,15.716667971615863],[102.0686224438281,15.716097165065404],[102.06471179031782,15.713069504484695],[102.0512141285363,15.711932417147617],[102.04943044080453,15.718875216344054],[102.04543960476462,15.724034424742975],[102.03945545669036,15.725568317659777],[102.03554481044968,15.72860055979775],[102.02278739379389,15.72973310948829],[102.01471191185679,15.736934597964657],[102.01028849261287,15.738067198332985],[102.00637785748003,15.741099397400767],[102.00000133853639,15.74166565505072],[101.99256806054991,15.74100575415121],[101.9905302097524,15.73306851672602],[101.98554493325568,15.73693462002423],[101.9825885785725,15.738067180448121],[101.97721087297235,15.7339023798856],[101.97083434177661,15.733331596312924]]]},"id":"00090000000000001a6e","properties":{"HYBAS_ID":4121105100,"NEXT_DOWN":4121104800,"ORDER":2,"SUB_AREA":138.8,"UP_AREA":6830.8}},{"type":"Feature","geometry":{"type":"Polygon","coordinates":[[[101.84521700770982,15.737969064295998],[101.84752235756474,15.733059597389799],[101.85200819981628,15.729782147218524],[101.85803694509846,15.728060980175762],[101.86604996574547,15.718826167617538],[101.8666653463748,15.712498673744586],[101.87328258861794,15.7121464852375],[101.89547999506846,15.68992228013006],[101.89618457650727,15.685075258745673],[101.90797891451714,15.673258641298498],[101.90833115898101,15.662498827738949],[101.91157287236993,15.661575786344399],[101.91347247659259,15.654936154782588],[101.92426353919845,15.65336207666117],[101.92561911477593,15.639507649050257],[101.92854873849618,15.635494523281723],[101.92978388282282,15.631173600633648],[101.93271797372998,15.62716039164597],[101.93389962471353,15.622790486123572],[101.9369318603027,15.618875445510461],[101.93806889464936,15.610291651287366],[101.94110107438908,15.60637654882274],[101.94251911611383,15.600851701997195],[101.9480438856696,15.599433787161525],[101.95612376409571,15.592232310510562],[101.96666510207234,15.591666023453799],[101.9670218072221,15.594091731710245],[101.97464692471317,15.60174354128273],[101.97535586042841,15.61912068212575],[101.98090749406425,15.624645533089287],[101.98333319044238,15.625002217116185],[101.98298096025171,15.652425719210651],[101.97952073455244,15.655908263561946],[101.97881168424219,15.664924589983874],[101.97501253986962,15.668750459839588],[101.97881168424219,15.672576419237815],[101.97952073455244,15.681592717196368],[101.98331986420494,15.68541859845786],[101.97952073455244,15.689240067804764],[101.97916842976576,15.69583501808482],[101.9797347308795,15.698042311382938],[101.9827669574579,15.701957424775586],[101.9838995135108,15.723784668320457],[101.9769567311367,15.72556831326537],[101.97180199710967,15.729563681024226],[101.97026808761377,15.73554333623737],[101.96723586571605,15.739454018026183],[101.96609878283246,15.748042174566425],[101.96306659172967,15.751957272988243],[101.96193399425471,15.756376264140428],[101.95890183387777,15.760291336751663],[101.95776475231678,15.771769106156952],[101.96609878283246,15.781124285573886],[101.96723586571605,15.7884595129687],[101.95734111458495,15.799366437699694],[101.93840774367146,15.800637333561989],[101.9369318603027,15.806376153901212],[101.93389962471353,15.810291254275883],[101.9326242988704,15.819945232229808],[101.92695677449265,15.821398839253153],[101.9214453690485,15.825996209738738],[101.92021911308738,15.853254710011596],[101.91666516572116,15.854168775869365],[101.89974741413235,15.85339292049378],[101.90349749527913,15.847943870324317],[101.90483522561085,15.820663161395384],[101.90066594899152,15.814607636115653],[101.89933270964217,15.8103893241959],[101.89166745149147,15.801319582508647],[101.88538904915234,15.799330796473992],[101.8812777916415,15.796499212474219],[101.87074541115025,15.79482265835379],[101.87433054066561,15.789609979343968],[101.8756682520474,15.781222371960547],[101.87849974164239,15.77711112198521],[101.8798330677888,15.770663208355169],[101.87488793286069,15.7634796367425],[101.86355733226884,15.761673699379477],[101.86250052557166,15.75833383888561],[101.861813828721,15.7466420158874],[101.85033160848288,15.744969874185822],[101.84521700770982,15.737969064295998]]]},"id":"00090000000000001a7b","properties":{"HYBAS_ID":4121580470,"NEXT_DOWN":4121105100,"ORDER":2,"SUB_AREA":210.9,"UP_AREA":6692.1}},{"type":"Feature","geometry":{"type":"Polygon","coordinates":[[[101.83749833990703,15.645835120317365],[101.87499939424876,15.64583511445927],[101.8756592898297,15.65326843208693],[101.8813758591961,15.654735501484362],[101.8852909778927,15.657767742455897],[101.9041663583442,15.658334036277616],[101.90748392902174,15.659185719804077],[101.90833115898101,15.662498827738949],[101.90797891451714,15.673258641298498],[101.89618457650727,15.685075258745673],[101.89547999506846,15.68992228013006],[101.87328258861794,15.7121464852375],[101.8666653463748,15.712498673744586],[101.86335218200915,15.711647019973416],[101.86250052557166,15.708333879380211],[101.85833125756885,15.708333944509395],[101.85868794832756,15.697574061651048],[101.86248712741494,15.69374815477627],[101.85451874338914,15.685757516692957],[101.85381417754033,15.68091039977802],[101.85035387818799,15.677423389629082],[101.84964490354787,15.672576392256024],[101.846184653534,15.669089352844862],[101.84548014317097,15.664242343215209],[101.84201985542985,15.660759769333966],[101.84131528582924,15.655908241016288],[101.8378550474178,15.652425726476396],[101.83749833990703,15.645835120317365]]]},"id":"00090000000000001a82","properties":{"HYBAS_ID":4121105000,"NEXT_DOWN":4121580470,"ORDER":2,"SUB_AREA":32.8,"UP_AREA":4763.7}},{"type":"Feature","geometry":{"type":"Polygon","coordinates":[[[101.75833141628605,15.69999983432552],[101.78159011398641,15.699647564557482],[101.78924191663555,15.692018059195357],[101.79408896961527,15.691313497904682],[101.79757602990206,15.687853270791246],[101.81075705914631,15.687148685098876],[101.81495314774538,15.682979447543287],[101.82325598729486,15.683688453099302],[101.84341108973607,15.703812356186381],[101.85833125756885,15.704164665569865],[101.85833125756885,15.708333944509395],[101.86250052557166,15.708333879380211],[101.86335218200915,15.711647019973416],[101.8666653463748,15.712498673744586],[101.86604996574547,15.718826167617538],[101.85803694509846,15.728060980175762],[101.85200819981628,15.729782147218524],[101.84752235756474,15.733059597389799],[101.84521700770982,15.737969064295998],[101.85033160848288,15.744969874185822],[101.861813828721,15.7466420158874],[101.86250052557166,15.75833383888561],[101.83507700531817,15.757981538060767],[101.8312511523367,15.754182340604274],[101.82535621626425,15.760041649336165],[101.82499946400091,15.766667890783534],[101.80498256907725,15.766007951258377],[101.80336393912592,15.75490028712569],[101.79583248530687,15.754164509100034],[101.7948648666108,15.750396619634108],[101.78971018001864,15.746401247222238],[101.78529114695709,15.745264151579244],[101.7772113237404,15.73806721462112],[101.77154376959727,15.736613536156057],[101.77026396597445,15.726955132643642],[101.76306700225686,15.718875210137243],[101.76193436731896,15.714456286167305],[101.75890218889528,15.710545580472498],[101.75833141628605,15.69999983432552]]]},"id":"00090000000000001a86","properties":{"HYBAS_ID":4121104290,"NEXT_DOWN":4121105000,"ORDER":2,"SUB_AREA":66.7,"UP_AREA":4574.3}},{"type":"Feature","geometry":{"type":"Polygon","coordinates":[[[101.7874984233071,15.787500812464272],[101.78785513548041,15.768406894813266],[101.79548018029956,15.76075959420164],[101.79583248530687,15.754164509100034],[101.80336393912592,15.75490028712569],[101.80498256907725,15.766007951258377],[101.82499946400091,15.766667890783534],[101.82499946400091,15.770832692103081],[101.8255658153042,15.77304439365006],[101.8327672301352,15.781124292782458],[101.83389984516893,15.789712501005718],[101.83693201158246,15.793623135634975],[101.83806910729457,15.796771247333496],[101.82973500933036,15.806121985655519],[101.8284597161329,15.81578036867012],[101.82499946400091,15.816667788830186],[101.82278774864577,15.816101480931058],[101.8134191511476,15.807749579753173],[101.81193430892844,15.801957234944346],[101.80473283845978,15.793877279274593],[101.80325690086975,15.788125074768725],[101.7874984233071,15.787500812464272]]]},"id":"00090000000000001a8d","properties":{"HYBAS_ID":4121103610,"NEXT_DOWN":4121104290,"ORDER":2,"SUB_AREA":19.2,"UP_AREA":4165.9}},{"type":"Feature","geometry":{"type":"Polygon","coordinates":[[[101.60416697565859,15.82083257519138],[101.61160029773413,15.820172590709996],[101.6130672723095,15.814456027745113],[101.6202642733193,15.806376174493707],[101.62197215710518,15.799736556573691],[101.6269574368371,15.80359818431932],[101.63333391478409,15.804164469538375],[101.64408927002204,15.803812165021645],[101.64791522306322,15.800012985842018],[101.65245450958763,15.804521200931372],[101.6732562789763,15.803812138432857],[101.68161709948447,15.795478082367795],[101.70242323897783,15.796187121533011],[101.71078406023491,15.804521213694477],[101.71909133797219,15.803812177448455],[101.72257390360713,15.800351928230747],[101.73992425627637,15.79964742425301],[101.74340682165605,15.796187139537828],[101.75659243464638,15.795478105503367],[101.76007494645859,15.79201782001005],[101.76492647621652,15.791313307347664],[101.76840900427406,15.78785307979831],[101.79166767569849,15.787500832004575],[101.80325690086975,15.788125074768725],[101.80473283845978,15.793877279274593],[101.81193430892844,15.801957234944346],[101.8134191511476,15.807749579753173],[101.82278774864577,15.816101480931058],[101.82499946400091,15.816667788830186],[101.82443320270697,15.823044320721609],[101.82140096041194,15.826954903561685],[101.82017029461419,15.840769172570804],[101.81445816182283,15.84223176796634],[101.80508508749317,15.850583700117179],[101.80360027580728,15.856376060422495],[101.80056802428993,15.860291180777482],[101.79929273616399,15.869945072641563],[101.79362077367124,15.871398785238217],[101.78811821474436,15.875991668324751],[101.7874984233071,15.887500607163062],[101.78693210283645,15.889712312184276],[101.78389989726467,15.89362289948683],[101.78267366890772,15.907432798705917],[101.77695713870708,15.908899771734998],[101.77180237475261,15.912895173914933],[101.76998311188642,15.919980675693292],[101.76666550927358,15.920832352023146],[101.76033804298831,15.92021701267163],[101.75502721942118,15.916337576298345],[101.75337294386458,15.904962433803155],[101.743674395234,15.903548864544778],[101.7354919417815,15.896449966636245],[101.73117103764419,15.89521481831432],[101.72716233071428,15.892285223739375],[101.71867221808768,15.891050053551767],[101.710494244034,15.883951108574987],[101.70833150740992,15.883331346800814],[101.70416670447565,15.883331365516238],[101.70360040074604,15.881124090304484],[101.70056826545552,15.87720901771132],[101.69929740964398,15.867586262485064],[101.69387512119286,15.86306919777513],[101.68945614309013,15.861932079796595],[101.68554553676857,15.85889987374255],[101.68112213613539,15.857767259992766],[101.67721149624168,15.854735114217473],[101.67168215435636,15.853317124855549],[101.66961766091423,15.84526397639665],[101.66445395863845,15.84640103269688],[101.66054333941312,15.849433247875233],[101.65612439145978,15.850565883886938],[101.65113909361895,15.85443185463677],[101.64909237435523,15.846472435130494],[101.63112217722737,15.845263944767863],[101.62304233309588,15.838067033956301],[101.60833175006879,15.837500680090931],[101.6047733517507,15.83658655791602],[101.60416697565859,15.82083257519138]]]},"id":"00090000000000001a91","properties":{"HYBAS_ID":4121103470,"NEXT_DOWN":4121103610,"ORDER":2,"SUB_AREA":184.8,"UP_AREA":3253.6}},{"type":"Feature","geometry":{"type":"Polygon","coordinates":[[[102.80833380936369,15.462499217607993],[102.80868608263799,15.460073487942362],[102.8121463128768,15.456590888717482],[102.81249859747416,15.454165184221434],[102.83554326332836,15.453598811544905],[102.84362309443138,15.446401896634748],[102.85637615148899,15.445264745537282],[102.8602912268104,15.442232598628605],[102.86994521026942,15.440957253805658],[102.87173330795228,15.433996635287635],[102.88554317896659,15.432765885881853],[102.88945824388544,15.42973374218354],[102.8938772444219,15.428601103831937],[102.90195707016088,15.421399699548479],[102.91570447290806,15.420177895981993],[102.92026618367663,15.414710982536993],[102.92139873440692,15.410287562080564],[102.92556799353854,15.404914418453165],[102.92443092450472,15.385289890830405],[102.91610132362902,15.375939171982928],[102.91723401076517,15.372790990175382],[102.92026618367663,15.368875921026348],[102.92083245770854,15.366668651519452],[102.92026618367663,15.360287711132077],[102.91640008221715,15.355302394388262],[102.92083245770856,15.354165364875904],[102.92415006211628,15.355017036055191],[102.92636624051147,15.363119203703409],[102.93679162641092,15.361705675813944],[102.93811598728341,15.343673060902887],[102.94521480253538,15.335495123380705],[102.9464500099065,15.331174250216304],[102.95354887636908,15.322991788004956],[102.95490003876078,15.309132924458607],[102.9603400675707,15.30478530914192],[102.96574010385638,15.303242385269698],[102.9666675881111,15.300000659773312],[102.9730441140417,15.300566989281526],[102.97695473232204,15.303599160179221],[102.98137817343492,15.3047317489963],[102.98528879714885,15.307763972138602],[102.99081806458855,15.309186377711058],[102.9922360756143,15.314711261090109],[103.000583493708,15.324079831341106],[103.00762445388477,15.325885754155559],[103.00889975866437,15.335544183193958],[103.01193194593208,15.339454790072582],[103.01306895874198,15.36962060637956],[103.00501588164087,15.371685143637864],[103.00359780925615,15.377209952120989],[102.9922360756143,15.38945470121998],[102.99109899412979,15.393878059891081],[102.98806679964989,15.397788715728263],[102.98750047387438,15.400000476907724],[102.98507474905149,15.400352713231278],[102.97952316233658,15.40587756248105],[102.97881418515904,15.414211613007943],[102.98297892533296,15.418407586689481],[102.98368792687778,15.427423963632611],[102.98714820212335,15.430910916294577],[102.98750047387438,15.441666297088604],[102.98684056928604,15.449099564798898],[102.9811239775957,15.45056664204288],[102.9772089194132,15.4535988248172],[102.9575888801981,15.454735944257095],[102.95221116933945,15.450566672573755],[102.94362289520619,15.449434082930454],[102.93971230152506,15.446401891007064],[102.93112403928846,15.445264792567945],[102.92720902081504,15.442232617739288],[102.91175377645602,15.441099956530222],[102.90513646660841,15.44622796206784],[102.90359803845365,15.45221208612156],[102.89640105588079,15.460287486154588],[102.8952639995406,15.464710944201293],[102.89126867104989,15.469865602092282],[102.88399587159444,15.471733975729776],[102.88333144161163,15.47916735069558],[102.87279007932476,15.47860103950776],[102.86780486557583,15.474735008131699],[102.86581607009724,15.482480402364004],[102.8602912268104,15.48389847883746],[102.8562513360538,15.487033202958024],[102.8522114065629,15.483898389498167],[102.84668210279405,15.4824804804119],[102.84492071032275,15.475608987862708],[102.82916675818022,15.474998090386832],[102.82695501278506,15.474431752635766],[102.81887508558472,15.467234733505926],[102.80922120660776,15.465959453109573],[102.80833380936369,15.462499217607993]]]},"id":"00090000000000001fae","properties":{"HYBAS_ID":4121107560,"NEXT_DOWN":4121107500,"ORDER":3,"SUB_AREA":154.0,"UP_AREA":21368.5}},{"type":"Feature","geometry":{"type":"Polygon","coordinates":[[[102.80798153713589,15.447547822161866],[102.80868608263799,15.439240498722393],[102.8121463128768,15.435757939490133],[102.8128553579855,15.422576904226299],[102.81631114708075,15.419089842498582],[102.81702012932796,15.397547966015082],[102.82674098358432,15.387853853084296],[102.82916675818022,15.387501597093534],[102.82951900551221,15.376741764900004],[102.83297922847073,15.373259206799185],[102.83368822241631,15.33924073817909],[102.83714847889789,15.335758203231142],[102.83750074986666,15.300000649681827],[102.85833371698062,15.30000066596327],[102.85922104840706,15.303456419368905],[102.8688750331299,15.304731739791224],[102.87403419861582,15.308727081510918],[102.87584904529437,15.315817101399693],[102.88137838297308,15.317235063465318],[102.8977878401943,15.332766095150603],[102.902211274771,15.333898715907921],[102.91445596923961,15.345264988048555],[102.9201725660492,15.346732019870531],[102.92083245770856,15.354165364875904],[102.91640008221715,15.355302394388262],[102.92026618367663,15.360287711132077],[102.92083245770854,15.366668651519452],[102.92026618367663,15.368875921026348],[102.91723401076517,15.372790990175382],[102.91610132362902,15.375939171982928],[102.92443092450472,15.385289890830405],[102.92556799353854,15.404914418453165],[102.92139873440692,15.410287562080564],[102.92026618367663,15.414710982536993],[102.91570447290806,15.420177895981993],[102.90195707016088,15.421399699548479],[102.8938772444219,15.428601103831937],[102.88945824388544,15.42973374218354],[102.88554317896659,15.432765885881853],[102.87173330795228,15.433996635287635],[102.86994521026942,15.440957253805658],[102.8602912268104,15.442232598628605],[102.85637615148899,15.445264745537282],[102.84362309443138,15.446401896634748],[102.83554326332836,15.453598811544905],[102.81249859747416,15.454165184221434],[102.8121463128768,15.451743844408535],[102.80798153713589,15.447547822161866]]]},"id":"00090000000000001fb7","properties":{"HYBAS_ID":4121108080,"NEXT_DOWN":4121107560,"ORDER":3,"SUB_AREA":136.5,"UP_AREA":20715.9}},{"type":"Feature","geometry":{"type":"Polygon","coordinates":[[[102.7207570494231,15.452952231138262],[102.72438233930174,15.447993774647934],[102.72561744815944,15.443672862478888],[102.72854714642781,15.439659697610463],[102.72916695698981,15.437501511580445],[102.73137862626321,15.436930748890513],[102.7352893073671,15.43389850097566],[102.74223213909112,15.432119331475851],[102.74109945190652,15.418621660560131],[102.73693472588442,15.413248418901432],[102.73806728526189,15.393623895256317],[102.74109945190652,15.389708814158604],[102.74166575029038,15.370833490710407],[102.74525090849843,15.369914902551006],[102.75359837342117,15.360541853348186],[102.75473539046733,15.356122938864754],[102.76609721812609,15.343878225424463],[102.76723426802752,15.339454742878996],[102.77973315409136,15.32598828759664],[102.77860054510002,15.31028782928442],[102.77556837831787,15.306377174015708],[102.77443124812888,15.301958179592036],[102.77026648390643,15.296580506425276],[102.7713991006821,15.28945490102046],[102.77860054510002,15.281374948680428],[102.77987578359553,15.271721021556788],[102.78333166313165,15.270833651503386],[102.79828748644569,15.271185905160518],[102.80381225766986,15.27674194279465],[102.80452572750177,15.281624732818994],[102.81007728714499,15.287145056428484],[102.81492434442083,15.287854077650456],[102.81840695647271,15.291314291847604],[102.82325839039878,15.292018860682045],[102.83091027859302,15.299648374703848],[102.83750074986666,15.300000649681827],[102.83714847889789,15.335758203231142],[102.83368822241631,15.33924073817909],[102.83297922847073,15.373259206799185],[102.82951900551221,15.376741764900004],[102.82916675818022,15.387501597093534],[102.82674098358432,15.387853853084296],[102.81702012932796,15.397547966015082],[102.81631114708075,15.419089842498582],[102.8128553579855,15.422576904226299],[102.8121463128768,15.435757939490133],[102.80868608263799,15.439240498722393],[102.80798153713589,15.447547822161866],[102.8121463128768,15.451743844408535],[102.81249859747416,15.454165184221434],[102.8121463128768,15.456590888717482],[102.80868608263799,15.460073487942362],[102.80833380936369,15.462499217607993],[102.77700866537768,15.463119048319346],[102.77299546586416,15.46604868044863],[102.76450533159432,15.467283857391555],[102.76041634281702,15.470271386993826],[102.7562515472013,15.467230318036261],[102.75215802142402,15.470217932169572],[102.74536236549078,15.471453120880343],[102.73965916519262,15.467283794814692],[102.72996064194872,15.465874712021868],[102.72839993203614,15.455137222491196],[102.7207570494231,15.452952231138262]]]},"id":"00090000000000001fc0","properties":{"HYBAS_ID":4121582000,"NEXT_DOWN":4121108080,"ORDER":3,"SUB_AREA":162.2,"UP_AREA":20579.3}},{"type":"Feature","geometry":{"type":"Polygon","coordinates":[[[102.65833409379803,15.420833398587215],[102.65890042988727,15.418621670236767],[102.66609742309538,15.410541790870408],[102.66723446758935,15.401957970897028],[102.6702666404742,15.398042908878113],[102.67139925615065,15.393623950753584],[102.67443144971453,15.389708885193166],[102.67584946260071,15.384183987889639],[102.68248464221652,15.382480676945939],[102.68333182545953,15.379167568938762],[102.68333182545953,15.374998287301084],[102.69070720697097,15.374342740715608],[102.69526438711841,15.368875887265462],[102.69673138971014,15.3631593795631],[102.7041647719385,15.3624993863442],[102.70637649567713,15.36306570779855],[102.7102915156638,15.366097869668087],[102.71581637065636,15.367515933444922],[102.71788093781264,15.375569052471517],[102.72720942243343,15.374431928057867],[102.7352893073671,15.367235001329236],[102.74166575029038,15.366668663118054],[102.74109945190652,15.389708814158604],[102.73806728526189,15.393623895256317],[102.73693472588442,15.413248418901432],[102.74109945190652,15.418621660560131],[102.74223213909112,15.432119331475851],[102.7352893073671,15.43389850097566],[102.73137862626321,15.436930748890513],[102.72916695698981,15.437501511580445],[102.72695524169224,15.43693072225644],[102.72304457509526,15.433898504178348],[102.71788093781264,15.432765899168993],[102.71577621764474,15.44097066297869],[102.70538204761861,15.442232614839622],[102.70327737665238,15.43404124439114],[102.6936234101492,15.432765919429995],[102.68846869568058,15.428770608491575],[102.68658248585658,15.421421955468858],[102.65833409379803,15.420833398587215]]]},"id":"00090000000000001fca","properties":{"HYBAS_ID":4121108020,"NEXT_DOWN":4121582000,"ORDER":3,"SUB_AREA":50.9,"UP_AREA":14498.1}},{"type":"Feature","geometry":{"type":"Polygon","coordinates":[[[102.47083334752433,15.270833678938313],[102.47118564844622,15.268407930943578],[102.48298000368464,15.256591269687588],[102.48333225469182,15.250000715209033],[102.48418392618076,15.246683153878465],[102.48750151591047,15.245831495501072],[102.48664981963474,15.24251841302236],[102.48333225469182,15.2416667086762],[102.47916743305284,15.241666690080251],[102.47916743305284,15.237501855366892],[102.48333225469182,15.237501925706121],[102.48368450678777,15.235076168791155],[102.48714478966706,15.2315891243046],[102.48750151591047,15.21249966512277],[102.4899227690006,15.212851987128358],[102.49340975425535,15.216312213089484],[102.50242613196966,15.21702124114096],[102.50590868601401,15.220481510836448],[102.51908972577355,15.221186025331432],[102.5225768133997,15.224646335256754],[102.52742383327421,15.225355287714438],[102.53091082451947,15.228815597907364],[102.5333321217226,15.229167809627919],[102.53418381567381,15.23248096345111],[102.5397086006779,15.233898898146768],[102.55612258394245,15.249434458601842],[102.56191493916336,15.25091935431236],[102.5702668661924,15.260287929882852],[102.57139946804959,15.264711365327948],[102.57443167359524,15.268621996058766],[102.57584968985051,15.274151193749134],[102.58248037760907,15.275850177164688],[102.58418371179923,15.282480851337418],[102.59101954440752,15.284237734483824],[102.60359864582092,15.297788940842539],[102.60513254765712,15.303768555609917],[102.61028733557724,15.307763952044564],[102.61627144136213,15.309302290871909],[102.6202667401177,15.314457091921652],[102.62168479333462,15.319981919831674],[102.62720956728363,15.32139987435289],[102.63112464486046,15.324432061180458],[102.64074741377729,15.325702926232392],[102.64526452726095,15.331120720011118],[102.64640154347121,15.33554416720532],[102.64943378710274,15.339454734369582],[102.65065557398567,15.353206623999986],[102.65612240382097,15.357763835343707],[102.6605458257958,15.358900922098131],[102.66445641798015,15.361933113544561],[102.67742349461699,15.362851715613385],[102.68297957668341,15.368380980393193],[102.68333182545953,15.379167568938762],[102.68248464221652,15.382480676945939],[102.67584946260071,15.384183987889639],[102.67443144971453,15.389708885193166],[102.67139925615065,15.393623950753584],[102.6702666404742,15.398042908878113],[102.66723446758935,15.401957970897028],[102.66609742309538,15.410541790870408],[102.65890042988727,15.418621670236767],[102.65833409379803,15.420833398587215],[102.63841532862085,15.421430927823188],[102.63750118644475,15.424998186415436],[102.63418364849596,15.424150950945819],[102.63276561765369,15.41862162752373],[102.62556867308778,15.410541729983539],[102.62415065995539,15.405016893112364],[102.6186213891491,15.403598899168278],[102.61471076320694,15.400566726686739],[102.61028733557724,15.399434117186301],[102.60637664080764,15.39640191636178],[102.59166612243833,15.395831159428274],[102.5910997643755,15.389454644796498],[102.57556869462933,15.373045151556747],[102.57429787624754,15.36343583421757],[102.5563767413861,15.346402040266403],[102.55195782632383,15.345265006579364],[102.5465801359571,15.341100197925877],[102.5436237741638,15.342232777094559],[102.5395748437287,15.345371961598318],[102.53137902668881,15.338067984325264],[102.52584974156248,15.336649988916239],[102.52443172962035,15.331120754835949],[102.52139961843633,15.327210065615748],[102.52026698450719,15.314457056277995],[102.51723480858546,15.31054194746138],[102.51570085311884,15.304562345345019],[102.51054163800701,15.300566980207092],[102.50390206524703,15.298863607552432],[102.50859750806718,15.292803698400565],[102.50195787323852,15.291100271568311],[102.48554395392546,15.275569207720634],[102.47173409225549,15.27433848146708],[102.47083334752433,15.270833678938313]]]},"id":"00090000000000001fcf","properties":{"HYBAS_ID":4121107960,"NEXT_DOWN":4121108020,"ORDER":3,"SUB_AREA":203.7,"UP_AREA":12524.1}},{"type":"Feature","geometry":{"type":"Polygon","coordinates":[[[102.36251292834297,15.227085388456064],[102.36631204287607,15.22325948820245],[102.36702106432504,15.218407983011794],[102.37048127903132,15.21492544726667],[102.3711858689932,15.210073975467505],[102.37464612446122,15.20659141324506],[102.37585003197321,15.200852543818472],[102.3791675967649,15.200000840741234],[102.38575817380705,15.200353147713551],[102.38995418225701,15.204517918057537],[102.39409220908807,15.203813353073121],[102.40174402027307,15.196188354557641],[102.40662235243653,15.195474866623835],[102.4121471574345,15.189923265254292],[102.41285611756517,15.185045032195712],[102.41840772293456,15.179520187777724],[102.42499823078863,15.179167898089101],[102.43159332027672,15.17952022228795],[102.43924067327126,15.187145264525208],[102.45833450094356,15.187501970707736],[102.4592307728923,15.191006854386254],[102.47304506651273,15.192233119028897],[102.4824136570429,15.200584972716321],[102.48389851840405,15.206377376560358],[102.48693068445918,15.210288030770828],[102.48750151591047,15.21249966512277],[102.48714478966706,15.2315891243046],[102.48368450678777,15.235076168791155],[102.48333225469182,15.237501925706121],[102.47916743305284,15.237501855366892],[102.47916743305284,15.241666690080251],[102.47674168404122,15.241314454031953],[102.47325914562512,15.237854128897663],[102.45661773039953,15.237145151603135],[102.44825695819473,15.245479184154668],[102.44340989220096,15.246188195698139],[102.4399228652115,15.249648437006856],[102.41495189547256,15.250352988589755],[102.41075591917526,15.246188243480432],[102.40174402027307,15.245479223442011],[102.39825705349625,15.242018913072428],[102.39341003136234,15.241314384760031],[102.389922972567,15.237854163268123],[102.3809067065671,15.237145130951149],[102.3774241432151,15.233684893833818],[102.36666873814205,15.233332622458727],[102.36631204287607,15.230906850996906],[102.36251292834297,15.227085388456064]]]},"id":"00090000000000001fea","properties":{"HYBAS_ID":4121109790,"NEXT_DOWN":4121107960,"ORDER":3,"SUB_AREA":70.2,"UP_AREA":11726.2}},{"type":"Feature","geometry":{"type":"Polygon","coordinates":[[[102.22083383713118,15.100001079812776],[102.2242896902121,15.09911370437292],[102.22570767746926,15.088389545744407],[102.23137518160169,15.086931383428286],[102.23541514586687,15.083801122746175],[102.24092215581047,15.088068456099728],[102.25221256135396,15.08693143355128],[102.26040837301626,15.079627433051547],[102.2644572550765,15.08276662096481],[102.26887620372158,15.083899254070097],[102.27695613070424,15.091100655988784],[102.28970918445087,15.092233259844495],[102.29508681732864,15.096402545321306],[102.29804324154098,15.095265492790173],[102.30195827021929,15.092233320570637],[102.30637722290746,15.091100697621094],[102.31028791400705,15.088068459747545],[102.31471130259914,15.086931412507703],[102.3269560556183,15.075565189398706],[102.32916775208497,15.07499888542782],[102.32916775208497,15.070834081995919],[102.33137494869354,15.070267790496754],[102.33529009708249,15.067235531169024],[102.34494403437155,15.06596027698019],[102.34640218517825,15.060288257384322],[102.35359910041085,15.052208407208386],[102.35508847636366,15.046416034423293],[102.36445708842011,15.038068604550684],[102.36887606110162,15.036931507008422],[102.37279111989892,15.033899306681326],[102.37499838823156,15.033333000987765],[102.37535511105459,15.035758787968334],[102.38298012420438,15.04341058067357],[102.38368470501787,15.048257655838265],[102.38714499509517,15.051740228549388],[102.38785397298635,15.06492578013047],[102.39547904550332,15.07257759092338],[102.39618798838887,15.085049693165937],[102.38785397298635,15.093410459691803],[102.38714499509517,15.114212187662808],[102.3913142162747,15.118408237919429],[102.39201876178686,15.123259674740888],[102.39547904550332,15.1267422918883],[102.39618798838887,15.131589354778958],[102.39964831260427,15.135076334995219],[102.40035282275423,15.139923367327306],[102.40797786585921,15.147575221194023],[102.40868688726239,15.15242220851541],[102.4121471574345,15.155909271964447],[102.41285165813258,15.164925601921917],[102.42464598577735,15.176742191190288],[102.42499823078863,15.179167898089101],[102.41840772293456,15.179520187777724],[102.41285611756517,15.185045032195712],[102.4121471574345,15.189923265254292],[102.40662235243653,15.195474866623835],[102.40174402027307,15.196188354557641],[102.39409220908807,15.203813353073121],[102.38995418225701,15.204517918057537],[102.38575817380705,15.200353147713551],[102.38333241406006,15.200000833370654],[102.38267250525412,15.19256752173973],[102.37695587603604,15.191100480858601],[102.36876007374053,15.183796460049994],[102.36471125461405,15.186931177944372],[102.35739826296683,15.188068267882603],[102.34675444775537,15.17858377578803],[102.34526509507474,15.17279144318191],[102.3380681031565,15.164711504607576],[102.33693101024328,15.156123292470006],[102.33293567904984,15.150968597187019],[102.3269560556183,15.149434667016196],[102.32180125047584,15.145439297242683],[102.32026732266868,15.13945514081137],[102.31723517532231,15.13554455309846],[102.31595990874911,15.125886131307297],[102.31028791400705,15.124432501108286],[102.30637722290746,15.121400267563173],[102.28529019390159,15.120267675370307],[102.28137505231538,15.117235466495975],[102.27823138776414,15.116098399364574],[102.26758751838418,15.125582889347603],[102.26575935215803,15.132708512096958],[102.24484608606716,15.1338991790525],[102.23137518160169,15.121400280866164],[102.22585031521471,15.119982308936432],[102.22443232612744,15.114457441079102],[102.22140017412484,15.11054239342158],[102.22083383713118,15.100001079812776]]]},"id":"00090000000000001ff9","properties":{"HYBAS_ID":4121110190,"NEXT_DOWN":4121109790,"ORDER":3,"SUB_AREA":162.9,"UP_AREA":8520.3}},{"type":"Feature","geometry":{"type":"Polygon","coordinates":[[[102.1458317927175,15.079168090808235],[102.1463624152193,15.07692071178511],[102.14947039864717,15.073081436985667],[102.15053168147934,15.06858667249388],[102.15780444094763,15.060582603303613],[102.15886126797358,15.051918564831675],[102.16196925688631,15.048079290622116],[102.163271366837,15.042554487846427],[102.16766803235024,15.041185472074478],[102.17405788063225,15.046362551524663],[102.18141544384513,15.045305687815757],[102.18656119673267,15.041136440282022],[102.19391427307478,15.042197730629548],[102.20308219910434,15.050531759563928],[102.20641312474856,15.049470555733253],[102.21155891095741,15.04530573463659],[102.21891644833075,15.046362531431939],[102.22405784177315,15.050531768912206],[102.23228037847967,15.049345666693164],[102.24530541780385,15.035580400044722],[102.24636221107228,15.022751543585631],[102.25363501017166,15.014747527254544],[102.25416562815663,15.012500115258055],[102.25833487027522,15.012500092519083],[102.25833487027522,15.008335288061192],[102.26887620372158,15.00776453159661],[102.2727913419009,15.00473234979768],[102.27877094415379,15.003198405603733],[102.28276634546877,14.99804372118033],[102.28418429458873,14.992518842438677],[102.29108258870278,14.990748622151267],[102.29943448088235,14.98137560480942],[102.30056708673901,14.964457771394558],[102.31306591052197,14.950986802417155],[102.31153201528753,14.946652588798552],[102.30612310174111,14.945265813161983],[102.30221246925188,14.942233631372638],[102.29526518236437,14.940449964422166],[102.29640228801553,14.935290749708813],[102.29943448088235,14.93137572222833],[102.30070973334865,14.921721750418461],[102.30637722290746,14.920268065598643],[102.31028791400705,14.917235858322641],[102.31471130259914,14.916098780893408],[102.31862193612714,14.913066628038507],[102.32499847904373,14.912500341904197],[102.32943083791905,14.913637360672725],[102.32443213812996,14.920085275698304],[102.32561383852078,14.944837740047062],[102.3311208580498,14.949430559366299],[102.33970905702064,14.950567695662029],[102.34362414722804,14.95359981132281],[102.3522123432968,14.954732472413596],[102.35612297591726,14.95776460896373],[102.35833472372269,14.958335404924833],[102.35868693636904,14.964925952290942],[102.36214724401759,14.968408540482983],[102.36285178173104,14.97325556903993],[102.36631204287607,14.976742614142012],[102.36702106432504,14.98158965338446],[102.37048127903132,14.985076603449816],[102.3711858689932,14.989923703395691],[102.37464612446122,14.993410728531918],[102.37499838823156,15.033333000987765],[102.37279111989892,15.033899306681326],[102.36887606110162,15.036931507008422],[102.36445708842011,15.038068604550684],[102.35508847636366,15.046416034423293],[102.35359910041085,15.052208407208386],[102.34640218517825,15.060288257384322],[102.34494403437155,15.06596027698019],[102.33529009708249,15.067235531169024],[102.33137494869354,15.070267790496754],[102.32916775208497,15.070834081995919],[102.32916775208497,15.07499888542782],[102.3269560556183,15.075565189398706],[102.31471130259914,15.086931412507703],[102.31028791400705,15.088068459747545],[102.30637722290746,15.091100697621094],[102.30195827021929,15.092233320570637],[102.29804324154098,15.095265492790173],[102.29508681732864,15.096402545321306],[102.28970918445087,15.092233259844495],[102.27695613070424,15.091100655988784],[102.26887620372158,15.083899254070097],[102.2644572550765,15.08276662096481],[102.26040837301626,15.079627433051547],[102.25221256135396,15.08693143355128],[102.24092215581047,15.088068456099728],[102.23541514586687,15.083801122746175],[102.23137518160169,15.086931383428286],[102.22570767746926,15.088389545744407],[102.2242896902121,15.09911370437292],[102.22083383713118,15.100001079812776],[102.21862211298078,15.099434712918635],[102.21458223883016,15.096299996134102],[102.21054225068747,15.099434737831624],[102.20501746643716,15.100852732186143],[102.20416573167063,15.104165883835208],[102.2019539925023,15.103599502232774],[102.19679931661732,15.09960416621037],[102.19494430671611,15.092376001635412],[102.18529039938917,15.091100688282518],[102.18125043818529,15.087970356412757],[102.17721045090939,15.09110064381503],[102.17406233051686,15.092233320601515],[102.16471160132257,15.083899215710897],[102.15195412714961,15.082766586223475],[102.14804353639734,15.079734435639631],[102.1458317927175,15.079168090808235]]]},"id":"00090000000000002006","properties":{"HYBAS_ID":4121583030,"NEXT_DOWN":4121110190,"ORDER":3,"SUB_AREA":211.3,"UP_AREA":8357.4}},{"type":"Feature","geometry":{"type":"Polygon","coordinates":[[[102.120481800403,15.056618479835183],[102.12464659157672,15.052422438133807],[102.12499884661683,15.050001143161413],[102.12877124749441,15.049033529807573],[102.13276662488869,15.043878782828342],[102.13389926667963,15.039455358463199],[102.13702948698628,15.035415430126033],[102.13276662488869,15.029912896710812],[102.13395718122175,15.00932080564772],[102.13945527744495,15.004732383811723],[102.1532651034875,15.003506076165412],[102.15416581996865,15.000001220669832],[102.15416581996865,14.995831976745896],[102.15637755741926,14.995265721106646],[102.1602881838218,14.992233499834851],[102.16602709249304,14.990761961332897],[102.16723545979632,14.972787355060452],[102.17453951624745,14.9645915523663],[102.17140028469345,14.960542650380823],[102.1708339429862,14.958335415650842],[102.18554450532642,14.958901711948652],[102.18945521038142,14.961933886698498],[102.19387858030848,14.963066512413192],[102.19778923236093,14.966098671406415],[102.20345678684663,14.967552401468508],[102.20487031720003,14.978245255950588],[102.21028808708375,14.98276684349486],[102.21991529148877,14.984037622791735],[102.22443232612744,14.989455468269103],[102.22590382624016,14.995194366038145],[102.24387853588259,14.996402721615823],[102.25612318255075,15.007764556116241],[102.25833487027522,15.008335288061192],[102.25833487027522,15.012500092519083],[102.25416562815663,15.012500115258055],[102.25363501017166,15.014747527254544],[102.24636221107228,15.022751543585631],[102.24530541780385,15.035580400044722],[102.23228037847967,15.049345666693164],[102.22405784177315,15.050531768912206],[102.21891644833075,15.046362531431939],[102.21155891095741,15.04530573463659],[102.20641312474856,15.049470555733253],[102.20308219910434,15.050531759563928],[102.19391427307478,15.042197730629548],[102.18656119673267,15.041136440282022],[102.18141544384513,15.045305687815757],[102.17405788063225,15.046362551524663],[102.16766803235024,15.041185472074478],[102.163271366837,15.042554487846427],[102.16196925688631,15.048079290622116],[102.15886126797358,15.051918564831675],[102.15780444094763,15.060582603303613],[102.15053168147934,15.06858667249388],[102.14947039864717,15.073081436985667],[102.1463624152193,15.07692071178511],[102.1458317927175,15.079168090808235],[102.13507640321633,15.078811433062938],[102.12952488857105,15.073291067775939],[102.12881136712912,15.068408351559839],[102.12118637196134,15.06075651157891],[102.120481800403,15.056618479835183]]]},"id":"00090000000000002013","properties":{"HYBAS_ID":4121112220,"NEXT_DOWN":4121583030,"ORDER":3,"SUB_AREA":95.3,"UP_AREA":3325.4}},{"type":"Feature","geometry":{"type":"Polygon","coordinates":[[[102.04166721823745,14.887498150688744],[102.04201946591787,14.876742757372385],[102.04547969366827,14.873255737646744],[102.0461887468182,14.868408679616493],[102.04964448875324,14.864926172055904],[102.05000120722359,14.862500435707405],[102.05242253135324,14.862852663041414],[102.05590958769471,14.86631291475934],[102.05833531473291,14.866665168199525],[102.06909062642102,14.86631298061315],[102.07257769577998,14.862852640496806],[102.08158952061282,14.862148129861334],[102.0850765553432,14.85868784915351],[102.09583189959488,14.858331106973903],[102.09618859547143,14.860756881479503],[102.1058826957367,14.870477768328625],[102.1149257951219,14.87118673751039],[102.11840831603358,14.874647000969016],[102.1357586527917,14.875351523020148],[102.14547502184159,14.885045621694175],[102.14618847752543,14.889923911782091],[102.15381355824938,14.897575733265775],[102.1545180828201,14.910756781971916],[102.15797839708154,14.9142438575048],[102.15868739767949,14.919090898907902],[102.16214766902783,14.922573417993616],[102.1628521599031,14.952453875452715],[102.1684082431512,14.95797868826279],[102.1708339429862,14.958335415650842],[102.17140028469345,14.960542650380823],[102.17453951624745,14.9645915523663],[102.16723545979632,14.972787355060452],[102.16602709249304,14.990761961332897],[102.1602881838218,14.992233499834851],[102.15637755741926,14.995265721106646],[102.15416581996865,14.995831976745896],[102.15416581996865,15.000001220669832],[102.1532651034875,15.003506076165412],[102.13945527744495,15.004732383811723],[102.13395718122175,15.00932080564772],[102.13276662488869,15.029912896710812],[102.13702948698628,15.035415430126033],[102.13389926667963,15.039455358463199],[102.13276662488869,15.043878782828342],[102.12877124749441,15.049033529807573],[102.12499884661683,15.050001143161413],[102.12168574056969,15.04914942451915],[102.11998235009182,15.042518793225344],[102.11445758967588,15.041100815343063],[102.11041762438046,15.037970464061942],[102.10637763435918,15.041100739934837],[102.09091796831964,15.042233387877335],[102.0843006416448,15.037105471108514],[102.08252146628895,15.030171516307224],[102.07841913439343,15.02859748662938],[102.07290764077354,15.032869322045181],[102.06471179031782,15.025565248247673],[102.04166721823745,15.024998979161833],[102.04201946591787,15.01840841991586],[102.04547969366827,15.014925824741166],[102.0461887468182,15.01007439413195],[102.0538138018661,15.002422568689317],[102.05451829026671,14.997575476206968],[102.05797856881861,14.994092945534316],[102.05833531473291,14.987497891232769],[102.05797856881861,14.914243789238968],[102.05451829026671,14.910756789875432],[102.0538138018661,14.901740538087367],[102.05035348202875,14.898257967771604],[102.04964004394219,14.893375213180315],[102.04409297482897,14.8878548572513],[102.04166721823745,14.887498150688744]]]},"id":"00090000000000002020","properties":{"HYBAS_ID":4121583320,"NEXT_DOWN":4121112220,"ORDER":3,"SUB_AREA":203.7,"UP_AREA":3230.0}},{"type":"Feature","geometry":{"type":"Polygon","coordinates":[[[101.91666516572116,14.983333131714152],[101.91770414425562,14.979886284760894],[101.93546923053948,14.978521758500573],[101.94134633758267,14.974356934436367],[101.94796813398077,14.975641136466978],[101.95384523116128,14.979810474730904],[101.96880099637539,14.978521762546993],[101.97286328406553,14.97564114386452],[101.99505621591653,14.974281125661252],[101.99583209940725,14.96250023802173],[101.99804383796035,14.9619338675419],[102.00612373383383,14.954732409214536],[102.01184022330848,14.953265409715414],[102.0131601398292,14.938398810429973],[102.0188767410278,14.936931718506026],[102.02278739379389,14.933899552491543],[102.02831663968605,14.93248154157393],[102.02973461268509,14.926956693843994],[102.03286488468723,14.922916810752621],[102.02859756642899,14.91741422456386],[102.02973461268509,14.914457851669113],[102.03276685263494,14.910542802689527],[102.03389941146347,14.906123822422778],[102.04120342430268,14.897923513658533],[102.03693159398493,14.892412066966548],[102.03850566800739,14.888309642155347],[102.04166721823745,14.887498150688744],[102.04409297482897,14.8878548572513],[102.04964004394219,14.893375213180315],[102.05035348202875,14.898257967771604],[102.0538138018661,14.901740538087367],[102.05451829026671,14.910756789875432],[102.05797856881861,14.914243789238968],[102.05833531473291,14.987497891232769],[102.05797856881861,14.994092945534316],[102.05451829026671,14.997575476206968],[102.0538138018661,15.002422568689317],[102.0461887468182,15.01007439413195],[102.04547969366827,15.014925824741166],[102.04201946591787,15.01840841991586],[102.04166721823745,15.024998979161833],[102.03090739750921,15.02535121941328],[102.0274248066824,15.028811498231807],[102.02257775558147,15.029520509688373],[102.0187474426282,15.033319613588377],[102.01075668411511,15.02535125110978],[102.00245386145242,15.024646699876675],[101.99825787115715,15.028811458319232],[101.99583209940725,15.029168201090016],[101.99526580059894,15.026956499258109],[101.99223356988831,15.023045902739916],[101.99069962994353,15.017061811110626],[101.98554493325568,15.013066438455786],[101.97588652016452,15.011791108135402],[101.97403153050395,15.004562919804112],[101.96887684988263,15.000567522515261],[101.93945564019849,14.999434928741925],[101.9355450604358,14.996402742312496],[101.93112159471666,14.995265651703265],[101.91887692432879,14.983899441330234],[101.91666516572116,14.983333131714152]]]},"id":"0009000000000000202b","properties":{"HYBAS_ID":4121583330,"NEXT_DOWN":4121583320,"ORDER":3,"SUB_AREA":95.5,"UP_AREA":3026.5}},{"type":"Feature","geometry":{"type":"Polygon","coordinates":[[[101.83749833990703,15.008335314882139],[101.83806910729457,15.00195436592946],[101.8452660682883,14.993878874040796],[101.84668405062143,14.988349658793258],[101.85376954968486,14.986530288601118],[101.85776490470991,14.98137557093821],[101.85890205035737,14.976956587729024],[101.86193423742515,14.973045987015045],[101.86320506219886,14.963418806521346],[101.86862287737534,14.958901725806452],[101.87823669820187,14.957630839523986],[101.88693192125527,14.94804379533579],[101.88834993880536,14.942518957666888],[101.89387921313373,14.941100956044284],[101.89778983166087,14.938068820323682],[101.90220878163485,14.936931762166004],[101.90624878182324,14.933801398828193],[101.9113633643915,14.937765530788862],[101.91250038750401,14.933333250851174],[101.91250038750401,14.924999212506341],[101.91471214676035,14.925565464770889],[101.91969743410901,14.929431469939475],[101.92140079983368,14.92278747759845],[101.92453104899272,14.918751931549279],[101.920268121272,14.9132449829851],[101.92140079983368,14.897789753239481],[101.92443294167822,14.89387910332135],[101.92556557739697,14.876956809881676],[101.92859775050587,14.873041688718926],[101.92980616917814,14.855071522637205],[101.93683818174887,14.853265641548058],[101.93806889464936,14.839455743373618],[101.94110107438908,14.835545109384674],[101.94223371270068,14.831121722431803],[101.94526592346789,14.82721109802834],[101.94583221964164,14.824999405393244],[101.94825790624803,14.825351636651806],[101.95174045908554,14.828811933147543],[101.95659198088347,14.829520903396642],[101.96007454351424,14.83298112198646],[101.98992378347171,14.833685703632545],[101.9934108248364,14.83714591747629],[102.02499907559957,14.837498224151275],[102.02556535637731,14.843879185275888],[102.03276685263494,14.851954620298903],[102.03418479689819,14.857483951525728],[102.03970965881996,14.858901917634881],[102.04362472593112,14.861934102576523],[102.05000120722359,14.862500435707405],[102.04964448875324,14.864926172055904],[102.0461887468182,14.868408679616493],[102.04547969366827,14.873255737646744],[102.04201946591787,14.876742757372385],[102.04166721823745,14.887498150688744],[102.03850566800739,14.888309642155347],[102.03693159398493,14.892412066966548],[102.04120342430268,14.897923513658533],[102.03389941146347,14.906123822422778],[102.03276685263494,14.910542802689527],[102.02973461268509,14.914457851669113],[102.02859756642899,14.91741422456386],[102.03286488468723,14.922916810752621],[102.02973461268509,14.926956693843994],[102.02831663968605,14.93248154157393],[102.02278739379389,14.933899552491543],[102.0188767410278,14.936931718506026],[102.0131601398292,14.938398810429973],[102.01184022330848,14.953265409715414],[102.00612373383383,14.954732409214536],[101.99804383796035,14.9619338675419],[101.99583209940725,14.96250023802173],[101.99505621591653,14.974281125661252],[101.97286328406553,14.97564114386452],[101.96880099637539,14.978521762546993],[101.95384523116128,14.979810474730904],[101.94796813398077,14.975641136466978],[101.94134633758267,14.974356934436367],[101.93546923053948,14.978521758500573],[101.91770414425562,14.979886284760894],[101.91666516572116,14.983333131714152],[101.9142439393484,14.983685386077168],[101.91075686418192,14.987145647288845],[101.90590986084159,14.98785461613583],[101.89825805377417,14.995479678396743],[101.88090771143699,14.996188699153349],[101.8690910579519,15.007978535674706],[101.83749833990703,15.008335314882139]]]},"id":"00090000000000002037","properties":{"HYBAS_ID":4121583490,"NEXT_DOWN":4121583330,"ORDER":3,"SUB_AREA":214.1,"UP_AREA":2930.9}},{"type":"Feature","geometry":{"type":"Polygon","coordinates":[[[101.7911014197032,14.971578937223894],[101.79223402168711,14.93945553170602],[101.7952662068818,14.93554491589562],[101.79654144619606,14.925886552208805],[101.8035823635899,14.924080605067376],[101.81193430892844,14.914711992059123],[101.81250059006383,14.904166280636566],[101.81335227844782,14.900848686952713],[101.81998296959767,14.899149745472911],[101.82140096041194,14.893624932789455],[101.82443320270697,14.88970981754349],[101.8255658153042,14.885290847887264],[101.82859800333637,14.88137574352644],[101.83006498949648,14.875659227680625],[101.83749833990703,14.874999272521041],[101.84487367128425,14.875654748280528],[101.84943090722777,14.881121622861892],[101.85090235814667,14.886856044652218],[101.8644580666705,14.899430681642357],[101.8772110699468,14.900567794681686],[101.88112168429238,14.903599963260854],[101.89493154570144,14.904826189646037],[101.89679987068642,14.912103413436617],[101.9019546439585,14.916098826855587],[101.90748392902174,14.917516800870718],[101.90918283468025,14.92414749895635],[101.91250038750401,14.924999212506341],[101.91250038750401,14.933333250851174],[101.9113633643915,14.937765530788862],[101.90624878182324,14.933801398828193],[101.90220878163485,14.936931762166004],[101.89778983166087,14.938068820323682],[101.89387921313373,14.941100956044284],[101.88834993880536,14.942518957666888],[101.88693192125527,14.94804379533579],[101.87823669820187,14.957630839523986],[101.86862287737534,14.958901725806452],[101.86320506219886,14.963418806521346],[101.86193423742515,14.973045987015045],[101.85890205035737,14.976956587729024],[101.85776490470991,14.98137557093821],[101.85376954968486,14.986530288601118],[101.84668405062143,14.988349658793258],[101.8452660682883,14.993878874040796],[101.83806910729457,15.00195436592946],[101.83749833990703,15.008335314882139],[101.83006498949648,15.00899522800562],[101.82831708046501,15.015817645918899],[101.82278774864577,15.017235712447544],[101.8188771152313,15.020267868281266],[101.81250059006383,15.020834169173002],[101.8116489085637,15.017516578873945],[101.8050182200842,15.015817674975192],[101.80360027580728,15.010288354450388],[101.80056802428993,15.006377804632555],[101.79943098510135,14.98529067708876],[101.79639876678092,14.981375608253455],[101.7952662068818,14.97695659677179],[101.7911014197032,14.971578937223894]]]},"id":"00090000000000002042","properties":{"HYBAS_ID":4121113100,"NEXT_DOWN":4121583490,"ORDER":3,"SUB_AREA":112.0,"UP_AREA":2557.9}},{"type":"Feature","geometry":{"type":"Polygon","coordinates":[[[101.73333372661664,14.900001454926208],[101.73368599656207,14.88924166247615],[101.73714628208636,14.885759047237643],[101.73749856488939,14.879168532988027],[101.74105691371714,14.878254401180834],[101.74223407707616,14.84778987311506],[101.74639892243871,14.842412117824852],[101.745266294027,14.835290930548402],[101.74223407707616,14.831375878123099],[101.74110149378002,14.818622852469113],[101.73693225391852,14.813245199034895],[101.73816741885712,14.800951431276749],[101.74362086308307,14.796398692331984],[101.75324805294451,14.795127881130504],[101.75776516634497,14.789710024990459],[101.75890218889528,14.785291108860552],[101.76193436731896,14.781375951804666],[101.76306700225686,14.77278776570005],[101.76609921428943,14.76887714053994],[101.76666550927358,14.76250064612558],[101.7708348035744,14.762500615600453],[101.77118702591858,14.769122336531163],[101.77674311608186,14.77464722809528],[101.77916884729935,14.774999487202011],[101.77973512591001,14.777211141929548],[101.78351198852555,14.782085001661267],[101.7882475811276,14.783899829010156],[101.79375458099011,14.779632488548431],[101.79934629673704,14.78429219588376],[101.80056802428993,14.798044140028303],[101.8045633663134,14.803198848839344],[101.8116489085637,14.80501814252235],[101.81306687424251,14.810542948913325],[101.81609913777757,14.81445804986879],[101.81723618299895,14.818877051452429],[101.82026387028093,14.822787697426618],[101.82154367369878,14.832446087115624],[101.82855338612451,14.834243113001428],[101.82973500933036,14.860542901293256],[101.83693201158246,14.868622771218323],[101.83749833990703,14.874999272521041],[101.83006498949648,14.875659227680625],[101.82859800333637,14.88137574352644],[101.8255658153042,14.885290847887264],[101.82443320270697,14.88970981754349],[101.82140096041194,14.893624932789455],[101.81998296959767,14.899149745472911],[101.81335227844782,14.900848686952713],[101.81250059006383,14.904166280636566],[101.80591002090756,14.903814003870377],[101.79825822252295,14.896184421293276],[101.73995545329022,14.895479882510772],[101.73575949509537,14.899644677779428],[101.73333372661664,14.900001454926208]]]},"id":"0009000000000000204b","properties":{"HYBAS_ID":4121113540,"NEXT_DOWN":4121113100,"ORDER":3,"SUB_AREA":110.7,"UP_AREA":1921.1}},{"type":"Feature","geometry":{"type":"Polygon","coordinates":[[[101.59964543369374,14.889214880441674],[101.60035444721575,14.868408706492591],[101.60381471158293,14.864926126977098],[101.6045192409398,14.86007461901822],[101.60797947174267,14.856592108563248],[101.608996126491,14.842568251240914],[101.61626896347472,14.840699871587452],[101.6202642733193,14.835545114082146],[101.62140135482356,14.831121723447888],[101.62556613137455,14.825748514757315],[101.62443360452404,14.81445804657739],[101.60890247996637,14.798044085841145],[101.60833175006879,14.779168741374376],[101.60954906799354,14.774433147595873],[101.61994328876393,14.775695100731099],[101.62172685756238,14.782655731593273],[101.63945624231938,14.799430862022183],[101.64524866635466,14.80092022135842],[101.65360054139299,14.810288818830987],[101.6550185334556,14.815818081490455],[101.66184098694825,14.817566050130873],[101.66306718502453,14.831375923823472],[101.66609944127278,14.835290944546255],[101.66737023823539,14.84490482424165],[101.67695729411605,14.853600007758018],[101.68554553676859,14.854732672771531],[101.6936209651447,14.861934070407248],[101.70220919520169,14.863066754489044],[101.71028913179637,14.870268124057908],[101.72304212958016,14.871400762386157],[101.72695718568312,14.874432994686773],[101.73333372661664,14.874999272593335],[101.73665131545833,14.875850995988605],[101.73749856488939,14.879168532988027],[101.73714628208636,14.885759047237643],[101.73368599656207,14.88924166247615],[101.73333372661664,14.900001454926208],[101.71862312973711,14.900567794962326],[101.70220919520169,14.916098844828287],[101.6936209651447,14.917235841894197],[101.68554553676857,14.924432875090357],[101.6800162719952,14.92585081323461],[101.67859828532053,14.931375714099627],[101.6702508211298,14.940748710345531],[101.6633526139941,14.942518958616423],[101.6625009317052,14.945832121084607],[101.6600751343897,14.945479816731266],[101.65242333881119,14.93785476017009],[101.63507743420452,14.93714580179791],[101.63159042480005,14.933685493507866],[101.62257412430856,14.932980992175743],[101.61909153010275,14.929520712401553],[101.61424003378065,14.92881169401925],[101.61075746076821,14.925351425471366],[101.60000210940802,14.924999173782798],[101.60035444721575,14.897575692549504],[101.60415361060389,14.893749773835015],[101.59964543369374,14.889214880441674]]]},"id":"00090000000000002054","properties":{"HYBAS_ID":4121113660,"NEXT_DOWN":4121113540,"ORDER":3,"SUB_AREA":139.4,"UP_AREA":1622.1}},{"type":"Feature","geometry":{"type":"Polygon","coordinates":[[[102.29943448088235,15.744617596750277],[102.30056708673901,15.726955090250618],[102.30776402358734,15.718875225711155],[102.30833482264994,15.716667928192516],[102.31179060419089,15.715780603156993],[102.31306591052197,15.706122176504072],[102.31609811943977,15.70221152887171],[102.31666887374276,15.687500996899264],[102.31909013450418,15.687148740236017],[102.32745093779984,15.678814634411465],[102.34409236282966,15.679519212758287],[102.34757485419752,15.682979427874],[102.35659115630129,15.68368844606534],[102.36495204877038,15.692018078686207],[102.39825705349625,15.691313527217142],[102.40174402027306,15.687853276262999],[102.40659113813476,15.687148725430003],[102.41007364071889,15.683688445581303],[102.43750162715915,15.68333172188333],[102.44192949537538,15.684468832571763],[102.43806792495259,15.689454029977636],[102.43693078435521,15.700744510251353],[102.4411000932646,15.706122151127808],[102.44223272763088,15.714710412575373],[102.44526491984725,15.718621069112881],[102.44583116894667,15.72083276987174],[102.44526491984723,15.723044458365845],[102.44223272763088,15.726955147376364],[102.44081470617361,15.732484381996361],[102.43528990061444,15.733902349962698],[102.43137923225596,15.736934580564373],[102.4269557990706,15.738067164248033],[102.4188758998861,15.745264166491456],[102.41445697779211,15.7464012573163],[102.40930226793718,15.750396604563225],[102.40748289129155,15.757482082989382],[102.40062481835618,15.759243500695893],[102.39946995630207,15.777249346723345],[102.39219710630523,15.785253429321317],[102.39113587315323,15.80224701298274],[102.38789409899545,15.806251293634533],[102.39214806153454,15.811499680055485],[102.39077910033411,15.815891912484448],[102.38750166898829,15.816667733468934],[102.38714053667864,15.814210838120568],[102.38087995755242,15.807981425740381],[102.36424304037611,15.808685987357933],[102.36004702942027,15.812855241858589],[102.34341013891925,15.81214620291603],[102.33992305826071,15.808685980665144],[102.32916775208497,15.808333683496855],[102.32851226825065,15.796793571206575],[102.32304539260709,15.792231937724784],[102.3170612307952,15.790698003673942],[102.31306591052197,15.785543211985923],[102.31193326514966,15.76445611827138],[102.30462931077983,15.756260335603171],[102.30890108196598,15.750748849638747],[102.30732705939694,15.746642083463719],[102.29943448088235,15.744617596750277]]]},"id":"00090000000000002062","properties":{"HYBAS_ID":4121103280,"NEXT_DOWN":4121102050,"ORDER":3,"SUB_AREA":155.6,"UP_AREA":316.3}},{"type":"Feature","geometry":{"type":"Polygon","coordinates":[[[101.45833204082788,14.808331220720332],[101.45923281175334,14.804826366866976],[101.47304263060653,14.803600183012561],[101.4769577192561,14.8005679859146],[101.4938755777591,14.799430907549574],[101.49779060246824,14.796398725987352],[101.49999790397953,14.795832346179017],[101.49999790397953,14.791667559348998],[101.51492246003093,14.791315354056495],[101.51840949518878,14.787855067840447],[101.5482855245495,14.7871460379352],[101.55381475358735,14.781590035496585],[101.55416701959486,14.779168698166925],[101.57328766033035,14.778811999377696],[101.5788125122503,14.773255959147887],[101.57952598061009,14.768377667275004],[101.5850775463927,14.762852909942708],[101.5916681100966,14.76250063209903],[101.59202033257598,14.769122378911892],[101.5975763918153,14.774647210587423],[101.60242345817922,14.775351744825926],[101.60591043588379,14.778811998090271],[101.60833175006879,14.779168741374376],[101.60890247996637,14.798044085841145],[101.62443360452404,14.81445804657739],[101.62556613137455,14.825748514757315],[101.62140135482356,14.831121723447888],[101.6202642733193,14.835545114082146],[101.61626896347472,14.840699871587452],[101.608996126491,14.842568251240914],[101.60797947174267,14.856592108563248],[101.6045192409398,14.86007461901822],[101.60381471158293,14.864926126977098],[101.60035444721575,14.868408706492591],[101.59964543369374,14.889214880441674],[101.60415361060389,14.893749773835015],[101.60035444721575,14.897575692549504],[101.60000210940802,14.924999173782798],[101.58007442536547,14.92437487257241],[101.57831752100239,14.9175168391541],[101.57278827099611,14.916098773420483],[101.56887765767377,14.913066653726517],[101.55954918077447,14.911933979269513],[101.55744451344466,14.920125350339742],[101.54779050727528,14.92140068430893],[101.54387547083167,14.924432882347988],[101.53529165999376,14.925565470091104],[101.53013252698779,14.929560821512904],[101.52859857470135,14.935544916064773],[101.52621296393596,14.938068781588843],[101.5240993571393,14.929828350862188],[101.51028945063352,14.928597680926606],[101.50637888716511,14.925565452027914],[101.50195547196401,14.92443281739563],[101.49680071352076,14.92043748634709],[101.49498143407676,14.913352002079526],[101.4894566072127,14.911934019593822],[101.47982047802506,14.903194130033716],[101.47850502223999,14.888398824603218],[101.47500019938644,14.887498132144946],[101.47535245309818,14.872573504395554],[101.49131159091506,14.856592122844802],[101.49202054726838,14.84757575501423],[101.49581967701704,14.84374992074995],[101.47952169054501,14.827425077445806],[101.47880822739245,14.822542391708337],[101.4732566308627,14.817022066975612],[101.46421362851888,14.816313000787536],[101.45868874307641,14.810757032694408],[101.45833204082788,14.808331220720332]]]},"id":"00090000000000002064","properties":{"HYBAS_ID":4121583940,"NEXT_DOWN":4121113660,"ORDER":3,"SUB_AREA":212.4,"UP_AREA":1482.6}},{"type":"Feature","geometry":{"type":"Polygon","coordinates":[[[102.38750166898829,15.816667733468934],[102.39077910033411,15.815891912484448],[102.39214806153454,15.811499680055485],[102.38789409899545,15.806251293634533],[102.39113587315323,15.80224701298274],[102.39219710630523,15.785253429321317],[102.39946995630207,15.777249346723345],[102.40062481835618,15.759243500695893],[102.40748289129155,15.757482082989382],[102.40930226793718,15.750396604563225],[102.41445697779211,15.7464012573163],[102.4188758998861,15.745264166491456],[102.4269557990706,15.738067164248033],[102.43137923225596,15.736934580564373],[102.43528990061444,15.733902349962698],[102.44081470617361,15.732484381996361],[102.44223272763088,15.726955147376364],[102.44526491984723,15.723044458365845],[102.44583116894667,15.72083276987174],[102.47304506651273,15.721399072518237],[102.4769556826154,15.724431306826142],[102.48248050207395,15.725849252064918],[102.48333225469182,15.72916679627601],[102.4836889690046,15.75245226581302],[102.48924053951647,15.757981570803395],[102.4916662920552,15.758333801273844],[102.49201856989822,15.760759571628022],[102.49581774467323,15.764585506596767],[102.49201856989822,15.768406882253274],[102.49131401529999,15.772544929681166],[102.49547884313498,15.776740977219557],[102.49618779865118,15.781592511741247],[102.49964811078397,15.785075064001859],[102.50035262932268,15.794091343332056],[102.51248580100385,15.806251331131575],[102.50868668440464,15.810077184853286],[102.50798211447305,15.814924227309366],[102.5045218999021,15.818406817176205],[102.5038128926431,15.8267141660445],[102.50798211447305,15.830910149179486],[102.50833444265268,15.837500718367014],[102.50590868601401,15.837852989488319],[102.50035709219154,15.843377802336168],[102.49964811078397,15.856590067863005],[102.49412324704554,15.86214167108722],[102.48924053951647,15.862855181348683],[102.48369343122164,15.868375534809628],[102.48298000368464,15.873258228311524],[102.47745516000181,15.878809815891843],[102.46840760113454,15.879518792390007],[102.46492505532166,15.882979071744437],[102.46249934745985,15.883331364291829],[102.46249934745985,15.887500552653046],[102.45000045517783,15.88750061453964],[102.44931374176088,15.875840017871841],[102.44382455721262,15.87145224347035],[102.43430443724606,15.870065532808798],[102.4321729691222,15.862614332354347],[102.42716095873396,15.858948993498101],[102.41739993358973,15.857530943788497],[102.41593290566811,15.842468108549884],[102.40632804650537,15.833951211739507],[102.39265197352839,15.832617930833848],[102.39105116026938,15.827008386614153],[102.38811702152853,15.822995261131723],[102.38750166898829,15.816667733468934]]]},"id":"0009000000000000206b","properties":{"HYBAS_ID":4121580090,"NEXT_DOWN":4121103280,"ORDER":3,"SUB_AREA":160.6,"UP_AREA":160.7}},{"type":"Feature","geometry":{"type":"Polygon","coordinates":[[[101.35381516402965,14.7607883283605],[101.35797998424951,14.756592306008779],[101.35897439997153,14.727032916720962],[101.37018896872316,14.714636590197392],[101.3718656426703,14.709076102405483],[101.38675899923078,14.707560039720951],[101.38821710643403,14.688537514141167],[101.3958556059354,14.68623663374816],[101.39935595235339,14.681300404626475],[101.4009657281942,14.675962873005208],[101.40416734104568,14.674999656877999],[101.41075788758991,14.675351959255503],[101.41495391537664,14.679521177336047],[101.41909199006581,14.678812190394085],[101.42257451823819,14.675351951729846],[101.43159083963458,14.674647355023254],[101.43924267824175,14.66701791331645],[101.44583317651824,14.666665585372137],[101.44618541547743,14.66909133283558],[101.46631385732431,14.689242010367735],[101.4666660808675,14.691667758630349],[101.46701839230414,14.731621351560207],[101.47257441452852,14.737146124245642],[101.4774571598348,14.737859605671174],[101.48714672390996,14.74757599294132],[101.48785131683887,14.756592262789512],[101.49131159091506,14.760074864288635],[101.49202054726838,14.777451964293256],[101.49757663721685,14.78298124452284],[101.49999790397953,14.783333508243766],[101.49999790397953,14.795832346179017],[101.49779060246824,14.796398725987352],[101.4938755777591,14.799430907549574],[101.4769577192561,14.8005679859146],[101.47304263060653,14.803600183012561],[101.45923281175334,14.804826366866976],[101.45833204082788,14.808331220720332],[101.45195555017821,14.807764983151838],[101.44804489357439,14.804732737332296],[101.43112264200346,14.80360009631341],[101.42721201165692,14.800567951154857],[101.41445452347227,14.79943089430647],[101.41054384634768,14.79639870094901],[101.40195563273052,14.795266065434122],[101.3980450079051,14.792233929217652],[101.39251568834281,14.790815927192918],[101.39109770325216,14.785291034327287],[101.38806555305794,14.781375998531509],[101.38658510509944,14.775605893116062],[101.36840980621749,14.774647166558054],[101.36492283278076,14.77118692620551],[101.36007574898062,14.770477979800944],[101.35452419367307,14.764957595890344],[101.35381516402965,14.7607883283605]]]},"id":"00090000000000002074","properties":{"HYBAS_ID":4121114800,"NEXT_DOWN":4121583940,"ORDER":3,"SUB_AREA":157.0,"UP_AREA":851.1}},{"type":"Feature","geometry":{"type":"Polygon","coordinates":[[[102.00000133853639,15.74166565505072],[102.00637785748003,15.741099397400767],[102.01028849261287,15.738067198332985],[102.01471191185679,15.736934597964657],[102.02278739379389,15.72973310948829],[102.03554481044968,15.72860055979775],[102.03945545669036,15.725568317659777],[102.04543960476462,15.724034424742975],[102.04943044080453,15.718875216344054],[102.0512141285363,15.711932417147617],[102.06471179031782,15.713069504484695],[102.0686224438281,15.716097165065404],[102.07499900103845,15.716667971615863],[102.07536016161635,15.719124905796502],[102.08162073063804,15.725354335830378],[102.0982576464245,15.724645297300981],[102.1017401580789,15.721185024483836],[102.11909054874099,15.72048048351725],[102.12291646806383,15.716681372585606],[102.13125049415227,15.724984224744713],[102.13578542999683,15.72048053201234],[102.14411947757334,15.721189521129498],[102.14964879044776,15.726741107441766],[102.15035328824104,15.731592560047531],[102.15381355824938,15.73507511235418],[102.15452261914949,15.739953373679855],[102.16424344452089,15.749647459664894],[102.16666468998704,15.749999735202199],[102.1660983727077,15.760545505363691],[102.16306625623072,15.76445618622838],[102.16193357449283,15.768875087878026],[102.15473216287728,15.776955017425944],[102.15359956722284,15.784080682044916],[102.1577643106851,15.789458341415019],[102.15890139863757,15.7924146807561],[102.15463402098986,15.797917279926786],[102.1577643106851,15.80195715350297],[102.15890139863757,15.805105287461686],[102.15046032414915,15.814576433858514],[102.15369762094751,15.81875013381595],[102.15056736016186,15.822790115623592],[102.14943472032193,15.827209068105862],[102.14640254130626,15.831124201508361],[102.14526549582013,15.848042007168766],[102.14223325780206,15.851957059822004],[102.14110070416828,15.860545307485634],[102.13806849431407,15.864455968490049],[102.136650502972,15.869980747613594],[102.13001984720343,15.87168415303753],[102.1291681708762,15.875001722421723],[102.11028830401236,15.874430966261153],[102.10220839610466,15.867233945696412],[102.09556875975359,15.865530593384543],[102.09943483451242,15.860545328700653],[102.10056747916317,15.853227899758249],[102.09223335610169,15.843877248956089],[102.0911007981614,15.828230187907142],[102.09943483451242,15.818875013534466],[102.10056747916317,15.806122018833985],[102.10359960680421,15.802211346336788],[102.10416594930922,15.799999661876608],[102.1000011553654,15.799999625168446],[102.1000011553654,15.795834840075077],[102.10056747916317,15.793623145248274],[102.1041258387347,15.789030298009788],[102.09387876844013,15.779733080636296],[102.08529058644456,15.778600440546771],[102.07721070344881,15.771398950574778],[102.05931186147305,15.770199484694759],[102.05473234827079,15.764710361153114],[102.0532653273063,15.758993768007175],[102.03945545669036,15.75776754365363],[102.03407778816442,15.753598246057],[102.02278739379389,15.754735356013635],[102.01741412726643,15.758900085061665],[102.01290600019084,15.757170026456969],[102.00056766226116,15.743877396189502],[102.00000133853639,15.74166565505072]]]},"id":"00090000000000002076","properties":{"HYBAS_ID":4121103740,"NEXT_DOWN":4121580220,"ORDER":3,"SUB_AREA":142.9,"UP_AREA":1027.6}},{"type":"Feature","geometry":{"type":"Polygon","coordinates":[[[102.15000103877807,15.670832884548037],[102.15066096223751,15.663399592832997],[102.15637755741926,15.66193246341186],[102.1602881838218,15.6589003288074],[102.16471160132257,15.657767704472697],[102.16862226306941,15.654735512670912],[102.17824949004064,15.653460166402274],[102.1838991099794,15.646682346270566],[102.18276656243387,15.63112454547505],[102.17859729287129,15.625746936515013],[102.1797343348427,15.622790524814667],[102.18276656243387,15.618875390060582],[102.18333279111874,15.608334110415985],[102.19092668022964,15.607558233802024],[102.19230898271692,15.589530087078924],[102.20897712889419,15.571582182183455],[102.20768844250384,15.560363126804882],[102.20480782683609,15.556300862806186],[102.20416573167063,15.550000178059973],[102.20501746643716,15.546682557955252],[102.20833500945213,15.545835320343194],[102.20918223783586,15.542517802405612],[102.21249981883244,15.541666084575796],[102.21492553029847,15.542018349925746],[102.21912157574373,15.546187611347623],[102.22325964439183,15.54547865957573],[102.22745565724664,15.541313808028232],[102.23158923655492,15.542018379509589],[102.23507624309418,15.545478639176451],[102.2440925277104,15.546187579321524],[102.2517443822654,15.553812660286138],[102.25833487027522,15.554164909368232],[102.25899483127486,15.561598313112992],[102.26471145578192,15.563065298963894],[102.26986615335986,15.567060660163895],[102.27083375556731,15.57083302662714],[102.27048147053904,15.57325886497255],[102.26702120716718,15.576741358936612],[102.26666448061229,15.591665959719771],[102.26600456133777,15.599099271003547],[102.26028795755921,15.600566376850333],[102.2547899392227,15.605154759942948],[102.25359938542506,15.625746874992792],[102.25776415299937,15.631124581857287],[102.25833487027522,15.633331797018274],[102.2548300174937,15.634232526270567],[102.25350569588875,15.64909917491378],[102.24778912498269,15.65056627230973],[102.2355444390323,15.661932496183603],[102.22987689582646,15.663386172827442],[102.22859713159181,15.673044593614017],[102.2255694045796,15.676955177398485],[102.22412025574405,15.682600446120489],[102.21572820630388,15.683902452041071],[102.2063774279335,15.675568458700877],[102.20342109098873,15.674431328126476],[102.19804336715089,15.678600614961391],[102.19362445512829,15.67973321151678],[102.18970932593719,15.682765401612004],[102.18529039938917,15.683902499363523],[102.18137530495214,15.686934719879092],[102.17916803743249,15.68750100518665],[102.16424344452089,15.687148682229923],[102.15035773716421,15.67328986593731],[102.15000103877807,15.670832884548037]]]},"id":"0009000000000000207d","properties":{"HYBAS_ID":4121104880,"NEXT_DOWN":4121103810,"ORDER":3,"SUB_AREA":111.8,"UP_AREA":111.8}},{"type":"Feature","geometry":{"type":"Polygon","coordinates":[[[101.92083445904959,15.858333620865407],[101.92826781218895,15.85767367470377],[101.92973487026869,15.851957113181829],[101.93276698765301,15.848042002965444],[101.93333330468228,15.845834719776814],[101.93333330468228,15.841665479832681],[101.9355450604358,15.841099140457292],[101.9395850173016,15.837968904896838],[101.94508751989754,15.842231778221786],[101.9480438856696,15.841099164090918],[101.95612376409571,15.833902158064696],[101.96887684988262,15.83276515397535],[101.97278742774,15.82973297913249],[101.97721087297235,15.82860030592014],[101.9852907717029,15.821398848884897],[101.99494471633497,15.820123612935069],[101.99668377452316,15.813350221537956],[102.00220863278155,15.811932158840975],[102.00612373383383,15.808900047142593],[102.02721080271137,15.807767362524409],[102.03112140880386,15.804735175395376],[102.03970965881996,15.803598101125532],[102.04778953679202,15.796401152560712],[102.1000011553654,15.795834840075077],[102.1000011553654,15.799999625168446],[102.10416594930922,15.799999661876608],[102.10359960680421,15.802211346336788],[102.10056747916317,15.806122018833985],[102.09943483451242,15.818875013534466],[102.0911007981614,15.828230187907142],[102.09223335610169,15.843877248956089],[102.10056747916317,15.853227899758249],[102.09943483451242,15.860545328700653],[102.09556875975359,15.865530593384543],[102.10220839610466,15.867233945696412],[102.11028830401236,15.874430966261153],[102.1291681708762,15.875001722421723],[102.12952044049484,15.881592321382703],[102.13298066241207,15.88507484436669],[102.13333294431747,15.887500620398024],[102.13090720244053,15.887852899506209],[102.12742463177864,15.89131309023049],[102.11911732186147,15.892022161114442],[102.11075649156139,15.883688088013455],[102.1066184773982,15.882979019536009],[102.10208353243432,15.887487247377297],[102.0982576464245,15.883688036498643],[102.09341056623325,15.882979042008108],[102.08992361301962,15.879518812644307],[102.07674248583854,15.878814269677036],[102.07325990283641,15.875353995047776],[102.06840844556842,15.874645039731426],[102.06492586845141,15.871184752494651],[102.06250008110976,15.870832455399954],[102.0619695181818,15.868585049545299],[102.05886150184669,15.864750229717362],[102.05757728554335,15.859287827937932],[102.04693336220612,15.849468927401771],[102.04243864389507,15.850891336553806],[102.04166721823745,15.854168765683644],[102.0374979373056,15.854168778430077],[102.03660167139302,15.857660288328502],[102.02425443701715,15.85889992158334],[102.0188767410278,15.854735135959366],[102.00195443185713,15.853598023385935],[101.99374523205067,15.846285108074735],[101.97589549080136,15.863176221936488],[101.97409841722134,15.870172542565484],[101.96028858813723,15.871398795497477],[101.95637794364528,15.874430945601304],[101.93675347063656,15.875567999099431],[101.93137580191701,15.871398746013883],[101.92083445904959,15.87083247758477],[101.92083445904959,15.858333620865407]]]},"id":"00090000000000002080","properties":{"HYBAS_ID":4121103310,"NEXT_DOWN":4121103740,"ORDER":3,"SUB_AREA":108.5,"UP_AREA":783.5}},{"type":"Feature","geometry":{"type":"Polygon","coordinates":[[[102.08333302399535,15.61249886809167],[102.08554472168026,15.611932620278486],[102.08945534064665,15.608900375135297],[102.09525217319977,15.607415511303108],[102.10359960680421,15.598042530545499],[102.10513357779493,15.592062869998449],[102.11028830401236,15.588067497463962],[102.11887653843102,15.586934874866746],[102.13529044526106,15.57139935866934],[102.14804353639734,15.570266776581384],[102.15195412714961,15.567234561432313],[102.178253940095,15.566052933383856],[102.17916803743249,15.562499029997362],[102.18575855861984,15.562146773368745],[102.19757515567308,15.550352402250267],[102.20416573167063,15.550000178059973],[102.20480782683609,15.556300862806186],[102.20768844250384,15.560363126804882],[102.20897712889419,15.571582182183455],[102.19230898271692,15.589530087078924],[102.19092668022964,15.607558233802024],[102.17695627697742,15.608900379637747],[102.17304566744714,15.611932565670223],[102.15612343172515,15.613065174806552],[102.15096863709805,15.617060546390448],[102.14943472032193,15.623044690775147],[102.14543934481794,15.628199379392733],[102.13945527744495,15.62973336300917],[102.13554460983057,15.632765499740188],[102.13112123632328,15.633902554527957],[102.12721060513573,15.636934810359802],[102.12168574056969,15.638352817610903],[102.11969700077385,15.646098249500406],[102.11471170577404,15.64223221388919],[102.11028830401236,15.641099564031503],[102.10220839610466,15.6339025577352],[102.09778942538368,15.63276551598297],[102.09387876844013,15.62973337266343],[102.0842203479704,15.628458055940653],[102.08333302399535,15.625002193695256],[102.08333302399535,15.61249886809167]]]},"id":"00090000000000002082","properties":{"HYBAS_ID":4121105150,"NEXT_DOWN":4121104800,"ORDER":3,"SUB_AREA":65.1,"UP_AREA":477.7}},{"type":"Feature","geometry":{"type":"Polygon","coordinates":[[[101.33749934726966,14.70416667079119],[101.33812360681699,14.692577463686055],[101.34524920154433,14.690749215281823],[101.35473378691374,14.680105333086933],[101.35360115753399,14.676957196326315],[101.3505689285747,14.673042111786007],[101.34943184475432,14.66445839065138],[101.34526712047813,14.6590806870831],[101.34684114253363,14.654978326611479],[101.35377057930535,14.653199123091166],[101.35776596885358,14.64804439387011],[101.35889855875907,14.635291354472185],[101.36610000718441,14.627211464936831],[101.367232604695,14.622788049707989],[101.37140187898757,14.617414794746578],[101.36958251909091,14.612679281209521],[101.36470880255612,14.608902418777802],[101.35899665020114,14.607435327775391],[101.35833226220564,14.60000208333454],[101.35833226220564,14.5916680253086],[101.36157398747218,14.590740453271057],[101.36386601969832,14.582714152278141],[101.37715855381143,14.583949309727883],[101.38286619827379,14.58811854586541],[101.40216073447677,14.586883407425542],[101.4061739009917,14.58394930249339],[101.42003286722763,14.582598197006158],[101.42145082666781,14.572841620792904],[101.42438045568306,14.568828474318975],[101.42597235145647,14.563268014296087],[101.43549254209077,14.56188122731083],[101.4411956945992,14.557716400909623],[101.45216066689747,14.558951599296751],[101.46176106218549,14.567285633046035],[101.46882876371397,14.566050447657323],[101.47283747161104,14.563116351154346],[101.47500019938644,14.562501042551611],[101.47500019938644,14.558331711764474],[101.47846046901489,14.55744440615236],[101.4798695392387,14.546751496851174],[101.4852873086027,14.542234416151745],[101.48749901976366,14.541668074790405],[101.48714672390996,14.548258646134665],[101.48368650498239,14.551741220439624],[101.4827144367295,14.55632514759078],[101.47889742084728,14.561551210387176],[101.48966171310191,14.56311637746489],[101.49367488467915,14.566050453412737],[101.4998864106967,14.567825138574452],[101.50354737295974,14.572841630376672],[101.50532648898577,14.579053223828366],[101.51202853862983,14.58394927453217],[101.52715830398651,14.582714079941098],[101.53125169882722,14.579726530458817],[101.53534074793991,14.582714077856226],[101.54074065274446,14.58426146229984],[101.54277402792955,14.591369186128615],[101.55200434576483,14.599382262181543],[101.55416701959486,14.60000206760629],[101.55381475358735,14.606592626338731],[101.5500156317749,14.610418482301386],[101.55381475358735,14.614244433561186],[101.55416701959486,14.620834957027682],[101.53112239287589,14.620264211581528],[101.52199463921393,14.612135280535703],[101.52083524617689,14.616665744352174],[101.49757663721685,14.617017950949123],[101.48992481445761,14.624647480054477],[101.48749901976366,14.624999766476675],[101.486361951145,14.620567446858626],[101.48137666619859,14.624433478500553],[101.4755843136767,14.625918305816615],[101.46723237984821,14.635291389479752],[101.4660997850503,14.639710318720704],[101.44639953230524,14.660289091958145],[101.44583317651824,14.666665585372137],[101.43924267824175,14.66701791331645],[101.43159083963458,14.674647355023254],[101.42257451823819,14.675351951729846],[101.41909199006581,14.678812190394085],[101.41495391537664,14.679521177336047],[101.41075788758991,14.675351959255503],[101.40416734104568,14.674999656877999],[101.4009657281942,14.675962873005208],[101.39935595235339,14.681300404626475],[101.3958556059354,14.68623663374816],[101.38821710643403,14.688537514141167],[101.38675899923078,14.707560039720951],[101.3718656426703,14.709076102405483],[101.37018896872316,14.714636590197392],[101.35897439997153,14.727032916720962],[101.35833226220564,14.745832468594571],[101.35089893202293,14.745172499370229],[101.34943184475432,14.739455949171456],[101.34639965554454,14.735545341723192],[101.34526712047813,14.726957100467112],[101.33806561249067,14.718877254876094],[101.33749934726966,14.70416667079119]]]},"id":"0009000000000000208a","properties":{"HYBAS_ID":4121584630,"NEXT_DOWN":4121114800,"ORDER":3,"SUB_AREA":196.1,"UP_AREA":694.2}},{"type":"Feature","geometry":{"type":"Polygon","coordinates":[[[102.0371456172084,15.49828792523954],[102.04165379764095,15.493748582559162],[102.03785461573392,15.489922644315476],[102.0374979373056,15.483332086774901],[102.04804367134984,15.483898402610214],[102.05612356128917,15.491099891494867],[102.06471179031782,15.492232466149774],[102.07695650052634,15.50359878678612],[102.08137549679873,15.504735811479868],[102.08529058644457,15.507767957966124],[102.0897095728001,15.50890062091252],[102.0936246137334,15.511932829838944],[102.10327854989707,15.513208091528835],[102.10513357779493,15.520436303658142],[102.11028830401236,15.524431628878844],[102.11250002607078,15.524997974899303],[102.11323576518511,15.53669867866262],[102.12402676849433,15.53826829376345],[102.12615826996586,15.545719427527326],[102.1311747012502,15.5493803748545],[102.14799442482224,15.55061553087545],[102.15200760225501,15.553549603193556],[102.16983955836606,15.554860539926109],[102.17181943702263,15.561781080538925],[102.17916803743249,15.562499029997362],[102.178253940095,15.566052933383856],[102.15195412714961,15.567234561432313],[102.14804353639734,15.570266776581384],[102.13529044526106,15.57139935866934],[102.11887653843102,15.586934874866746],[102.11028830401236,15.588067497463962],[102.10513357779493,15.592062869998449],[102.10359960680421,15.598042530545499],[102.09525217319977,15.607415511303108],[102.08945534064665,15.608900375135297],[102.08554472168026,15.611932620278486],[102.08333302399535,15.61249886809167],[102.07674248583854,15.612146634707758],[102.07325990283641,15.608686363811662],[102.06007434803233,15.607981825251347],[102.05035801402283,15.598287736900259],[102.04964448875324,15.593409460065365],[102.0461887468182,15.589922452485219],[102.04547969366827,15.576741371722779],[102.03785461573392,15.5690895605141],[102.0371456172084,15.548287861956155],[102.04131488455758,15.544091835529517],[102.04201946591787,15.530910746021624],[102.04547969366827,15.527423704981231],[102.0461887468182,15.52328571526294],[102.04201946591787,15.519089691146972],[102.04131488455758,15.510073379993035],[102.03785461573392,15.506590787233081],[102.0371456172084,15.49828792523954]]]},"id":"0009000000000000208b","properties":{"HYBAS_ID":4121105620,"NEXT_DOWN":4121105150,"ORDER":3,"SUB_AREA":104.4,"UP_AREA":287.3}},{"type":"Feature","geometry":{"type":"Polygon","coordinates":[[[102.01250017954894,15.458334425130536],[102.0131601398292,15.450901049317583],[102.0188767410278,15.44943404629319],[102.02278739379389,15.446401839895639],[102.02721080271138,15.445264770146053],[102.03112140880386,15.442232602872727],[102.03710553139325,15.44069864986874],[102.04110085308281,15.435543939726502],[102.04201946591787,15.42257691424243],[102.04547969366827,15.419089845692627],[102.0458319537602,15.416668605332529],[102.06909062642102,15.417020834689534],[102.08125065703337,15.429154081701167],[102.0850765553432,15.425354899582661],[102.08992361301962,15.424645910789549],[102.09341056623325,15.421185627115827],[102.0982576464245,15.420481102461853],[102.10208353243432,15.416681909228267],[102.11840831603358,15.432979970428875],[102.13158942600056,15.433684528777698],[102.13924122725044,15.441313986820235],[102.15242231872192,15.442018559647671],[102.16424344452089,15.453812909216557],[102.16666468998706,15.454165158929886],[102.16732462648825,15.461540517167634],[102.17279150314995,15.46609774637353],[102.1797343348427,15.46788132477588],[102.17859729287129,15.477209744272347],[102.17443245684395,15.482587445314412],[102.17625178285621,15.48732302568207],[102.18112112138964,15.491099894520122],[102.18575855861984,15.492018440608254],[102.18924114989639,15.495478708282961],[102.20416573167063,15.495835409740323],[102.20473207040887,15.49804272297912],[102.2120360846628,15.506243023693358],[102.20776420096212,15.511754469203538],[102.20895932371043,15.53242683005833],[102.21249981883244,15.533332050776298],[102.21249981883244,15.541666084575796],[102.20918223783586,15.542517802405612],[102.20833500945213,15.545835320343194],[102.20501746643716,15.546682557955252],[102.20416573167063,15.550000178059973],[102.19757515567308,15.550352402250267],[102.18575855861984,15.562146773368745],[102.17916803743249,15.562499029997362],[102.17181943702263,15.561781080538925],[102.16983955836606,15.554860539926109],[102.15200760225501,15.553549603193556],[102.14799442482224,15.55061553087545],[102.1311747012502,15.5493803748545],[102.12615826996586,15.545719427527326],[102.12402676849433,15.53826829376345],[102.11323576518511,15.53669867866262],[102.11250002607078,15.524997974899303],[102.11028830401236,15.524431628878844],[102.10513357779493,15.520436303658142],[102.10327854989707,15.513208091528835],[102.0936246137334,15.511932829838944],[102.0897095728001,15.50890062091252],[102.08529058644457,15.507767957966124],[102.08137549679873,15.504735811479868],[102.07695650052634,15.50359878678612],[102.06471179031782,15.492232466149774],[102.05612356128917,15.491099891494867],[102.04804367134984,15.483898402610214],[102.0374979373056,15.483332086774901],[102.03659722711775,15.479813902519739],[102.02304600042898,15.467234757664178],[102.01751667599733,15.465816780511016],[102.01581779502212,15.459186131537493],[102.01250017954894,15.458334425130536]]]},"id":"00090000000000002098","properties":{"HYBAS_ID":4121581270,"NEXT_DOWN":4121105620,"ORDER":3,"SUB_AREA":183.0,"UP_AREA":183.0}},{"type":"Feature","geometry":{"type":"Polygon","coordinates":[[[101.32500043547074,14.56666579985486],[101.32831802358332,14.565814113626942],[101.33038261400233,14.557765453992953],[101.33554176663192,14.55890249603353],[101.34091949260906,14.563067271605176],[101.34387585899653,14.561934706911735],[101.34779095212676,14.558902494223544],[101.35220986674969,14.557765463018976],[101.35612502619485,14.554733210704205],[101.36470880255612,14.553600632726337],[101.36862384434266,14.550568485194713],[101.37439395441292,14.549088043786613],[101.3750003465394,14.533334035860383],[101.37573610954861,14.525802604274025],[101.38670547998899,14.524206246384196],[101.38811907302407,14.514507666866981],[101.3910486851305,14.510494479423876],[101.39228384515714,14.506173617194882],[101.39521790902602,14.502160411739943],[101.39693917164173,14.496131709684452],[101.4061739009917,14.488118713688946],[101.41157395106681,14.486571415928422],[101.41342447593028,14.480092324262493],[101.41882889947715,14.478549507049955],[101.4366608381452,14.461881372851183],[101.4490169760214,14.463228045609709],[101.45125103330723,14.471044801969121],[101.46450786420034,14.45895175576654],[101.47083539468807,14.458331987622978],[101.47742595556144,14.45868868838968],[101.48090849835141,14.462144509653305],[101.48333422235048,14.462501195126439],[101.48333422235048,14.47083526115824],[101.48418589197837,14.474148384402662],[101.48749901976366,14.475000096416416],[101.4916683224313,14.47500008591365],[101.49131159091506,14.477425792528114],[101.48368650498239,14.485077638633076],[101.48298194094056,14.497545256852831],[101.48714672390996,14.501741267710763],[101.48749901976366,14.541668074790405],[101.4852873086027,14.542234416151745],[101.4798695392387,14.546751496851174],[101.47846046901489,14.55744440615236],[101.47500019938644,14.558331711764474],[101.47500019938644,14.562501042551611],[101.47283747161104,14.563116351154346],[101.46882876371397,14.566050447657323],[101.46176106218549,14.567285633046035],[101.45216066689747,14.558951599296751],[101.4411956945992,14.557716400909623],[101.43549254209077,14.56188122731083],[101.42597235145647,14.563268014296087],[101.42438045568306,14.568828474318975],[101.42145082666781,14.572841620792904],[101.42003286722763,14.582598197006158],[101.4061739009917,14.58394930249339],[101.40216073447677,14.586883407425542],[101.38286619827379,14.58811854586541],[101.37715855381143,14.583949309727883],[101.36386601969832,14.582714152278141],[101.36157398747218,14.590740453271057],[101.35833226220564,14.5916680253086],[101.35797998424951,14.585046189410386],[101.35242395684243,14.57952140824511],[101.33507358370157,14.578812394810251],[101.33159106054444,14.57535210480464],[101.32500043547074,14.574999900212056],[101.32500043547074,14.56666579985486]]]},"id":"0009000000000000209c","properties":{"HYBAS_ID":4121117410,"NEXT_DOWN":4121584630,"ORDER":3,"SUB_AREA":136.1,"UP_AREA":355.6}},{"type":"Feature","geometry":{"type":"Polygon","coordinates":[[[101.87499939424876,15.64583511445927],[101.88659306180769,15.645210848459591],[101.88749825578971,15.641665897885249],[101.89166745149147,15.641665849629193],[101.89387921313373,15.64109958655051],[101.89778983166087,15.638067369065427],[101.92408961031346,15.636885771140074],[101.92596689076127,15.629563866543716],[101.93112159471666,15.625568574019699],[101.93333330468228,15.625002192023253],[101.93271797372998,15.62716039164597],[101.92978388282282,15.631173600633648],[101.92854873849618,15.635494523281723],[101.92561911477593,15.639507649050257],[101.92426353919845,15.65336207666117],[101.91347247659259,15.654936154782588],[101.91157287236993,15.661575786344399],[101.90833115898101,15.662498827738949],[101.90748392902174,15.659185719804077],[101.9041663583442,15.658334036277616],[101.8852909778927,15.657767742455897],[101.8813758591961,15.654735501484362],[101.8756592898297,15.65326843208693],[101.87499939424876,15.64583511445927]]]},"id":"000900000000000020a5","properties":{"HYBAS_ID":4121105040,"NEXT_DOWN":4121580470,"ORDER":3,"SUB_AREA":10.5,"UP_AREA":1717.5}},{"type":"Feature","geometry":{"type":"Polygon","coordinates":[[[101.70390366256872,15.584469027456674],[101.7116490829891,15.582480226037822],[101.71335247861111,15.575849525355883],[101.72012585191332,15.574110549381233],[101.72140113231976,15.564456596036084],[101.72443335264576,15.560545935968111],[101.72499968271181,15.558334171332843],[101.72742543132752,15.557981938907883],[101.73090801448221,15.554521646476342],[101.74408909652664,15.553812673035548],[101.74757605903366,15.550352413412071],[101.75242309871058,15.549647906773952],[101.75591016515185,15.54618761786183],[101.76075715616884,15.54547860816764],[101.76424423935927,15.542018382955357],[101.79825822252295,15.541313800423614],[101.80591002090756,15.533688765195059],[101.81250059006383,15.533331995466678],[101.81250059006383,15.529167268736757],[101.81666544129104,15.52916721974299],[101.81788276064584,15.5339027534737],[101.82721113874186,15.532765721328364],[101.83529105956697,15.525568741611371],[101.84804411717533,15.524431687865961],[101.85195469950101,15.521399513241894],[101.86054293363236,15.520266883154708],[101.8644580666705,15.517234715855457],[101.88333340050717,15.516668338091277],[101.88271809725015,15.52716063563355],[101.87978399120493,15.531173790161406],[101.87843291479851,15.545032750621555],[101.87299275913723,15.549380292869321],[101.86188073209536,15.550998974751382],[101.86311588559484,15.564661634979737],[101.87021475197251,15.572839651559459],[101.87144991555729,15.577160549731278],[101.87438405227756,15.581173712576517],[101.87561917738888,15.5854946291665],[101.88271809725015,15.593672582649308],[101.8839487943469,15.606327538737416],[101.88688284139162,15.610340735048496],[101.88811802485273,15.61466160914921],[101.891047661734,15.618674799501278],[101.89259496725936,15.624074772054255],[101.89583228520452,15.625002226007162],[101.89547999506844,15.635757581914696],[101.89201972899875,15.639240158936298],[101.89166745149147,15.641665849629193],[101.88749825578971,15.641665897885249],[101.88659306180769,15.645210848459591],[101.87499939424876,15.64583511445927],[101.83749833990703,15.645835120317365],[101.83418521875744,15.644983416175707],[101.83243280573342,15.63816101509688],[101.81862291646847,15.636934806546002],[101.80220904469705,15.621399294861085],[101.7950877945965,15.620266665367359],[101.78971018001864,15.62443143987431],[101.78529114695709,15.62556851647857],[101.78137608191535,15.628600751446156],[101.77008559616007,15.629733362044727],[101.76471239122067,15.625568553825618],[101.75089809771752,15.624337829612134],[101.7491502011929,15.617515438932449],[101.74362086308307,15.61609740994199],[101.73971022241848,15.613065245169562],[101.7352912989698,15.61193263905462],[101.73137619095695,15.608900425073617],[101.71175168383445,15.607767815280464],[101.70530383846481,15.612766468032756],[101.70416670447564,15.608334137038742],[101.70473301128625,15.597788334122317],[101.70890235431693,15.592415122340364],[101.70776526789892,15.58945426168379],[101.70390366256872,15.584469027456674]]]},"id":"000900000000000020a8","properties":{"HYBAS_ID":4121105210,"NEXT_DOWN":4121105040,"ORDER":3,"SUB_AREA":183.6,"UP_AREA":1533.2}},{"type":"Feature","geometry":{"type":"Polygon","coordinates":[[[101.27443422073523,14.532584870623637],[101.27859910038742,14.527211649060764],[101.2791653769575,14.499997776806735],[101.28333460757237,14.499997746525647],[101.28397669536253,14.485362983718238],[101.28685731731122,14.481300761308102],[101.28829761633702,14.471847463425192],[101.29503532295311,14.46981856701937],[101.29647556738246,14.460365260188526],[101.30352541725341,14.452133820831195],[101.30493896025202,14.438270489116853],[101.312501617577,14.437499054298376],[101.31394635498421,14.442310395165348],[101.33130119476012,14.441021754374798],[101.33541695225856,14.438105436644932],[101.3413430371742,14.442310373499245],[101.35756078461937,14.440914683300413],[101.359076906907,14.426030256840471],[101.36651474020593,14.423791773929217],[101.37435827930841,14.414632747415263],[101.37564250446945,14.410365409110032],[101.37852308707153,14.406303174447977],[101.37996332277416,14.39684540208869],[101.38675458259324,14.394803133603146],[101.38831972984988,14.37945490758166],[101.39369734342641,14.375642389897834],[101.39903488371078,14.374037082009494],[101.4009657281942,14.367629375397359],[101.40416734104568,14.366666176542827],[101.40501903710016,14.369983763204933],[101.41054384634768,14.371401751716888],[101.41445452347227,14.37443395258092],[101.4188779311252,14.375566584210125],[101.42278858502421,14.378598788487208],[101.4250002307855,14.379165103076414],[101.42535698871416,14.381622060144226],[101.4312474887169,14.387485729480641],[101.43507336588904,14.383686628030127],[101.44166835795585,14.38333433519103],[101.44202066905574,14.39408966262649],[101.44548093878579,14.397576694952791],[101.44618541547743,14.42254768146142],[101.4378514153835,14.43090849715316],[101.43714682347718,14.439215777831446],[101.44337620309372,14.44547639948699],[101.44825892768465,14.446185313299274],[101.45174150824856,14.449645627021999],[101.46492256896029,14.45035458847682],[101.47047414271198,14.455875007659664],[101.47083539468807,14.458331987622978],[101.46450786420034,14.45895175576654],[101.45125103330723,14.471044801969121],[101.4490169760214,14.463228045609709],[101.4366608381452,14.461881372851183],[101.41882889947715,14.478549507049955],[101.41342447593028,14.480092324262493],[101.41157395106681,14.486571415928422],[101.4061739009917,14.488118713688946],[101.39693917164173,14.496131709684452],[101.39521790902602,14.502160411739943],[101.39228384515714,14.506173617194882],[101.3910486851305,14.510494479423876],[101.38811907302407,14.514507666866981],[101.38670547998899,14.524206246384196],[101.37573610954861,14.525802604274025],[101.3750003465394,14.533334035860383],[101.37439395441292,14.549088043786613],[101.36862384434266,14.550568485194713],[101.36470880255612,14.553600632726337],[101.35612502619485,14.554733210704205],[101.35220986674969,14.557765463018976],[101.34779095212676,14.558902494223544],[101.34387585899653,14.561934706911735],[101.34091949260906,14.563067271605176],[101.33554176663192,14.55890249603353],[101.33038261400233,14.557765453992953],[101.32831802358332,14.565814113626942],[101.32500043547074,14.56666579985486],[101.30924642706157,14.566059402819542],[101.3077660199047,14.560289287173553],[101.3047338845154,14.556378701033065],[101.30331584494434,14.550849361330645],[101.29779106537273,14.549431412169655],[101.2938759439311,14.546399233342955],[101.28945693032672,14.54526658912771],[101.28554187743237,14.54223440720866],[101.28112288826767,14.541097348754237],[101.27624907847988,14.53732043402505],[101.27443422073523,14.532584870623637]]]},"id":"000900000000000020a9","properties":{"HYBAS_ID":4121585140,"NEXT_DOWN":4121117410,"ORDER":3,"SUB_AREA":219.5,"UP_AREA":219.5}},{"type":"Feature","geometry":{"type":"Polygon","coordinates":[[[101.60833175006879,15.637501075980765],[101.60929937170648,15.63372870591893],[101.61445406939707,15.629733364564235],[101.61998339007887,15.628315362856673],[101.62168232872706,15.621684640587205],[101.62721160297602,15.62026666380464],[101.63112217722737,15.617234518989338],[101.63333391478409,15.616668156020394],[101.64825852129663,15.617020437522982],[101.65245450958763,15.621185251094824],[101.66909149217202,15.620480664951295],[101.67257403379355,15.617020437558493],[101.68159034934318,15.616311472824988],[101.68924212600179,15.608686358145228],[101.70416670447564,15.608334137038742],[101.70530383846481,15.612766468032756],[101.71175168383445,15.607767815280464],[101.73137619095695,15.608900425073617],[101.7352912989698,15.61193263905462],[101.73971022241848,15.613065245169562],[101.74362086308307,15.61609740994199],[101.7491502011929,15.617515438932449],[101.75089809771752,15.624337829612134],[101.76471239122067,15.625568553825618],[101.77008559616007,15.629733362044727],[101.78137608191535,15.628600751446156],[101.78529114695709,15.62556851647857],[101.78971018001864,15.62443143987431],[101.7950877945965,15.620266665367359],[101.80220904469705,15.621399294861085],[101.81862291646847,15.636934806546002],[101.83243280573342,15.63816101509688],[101.83418521875744,15.644983416175707],[101.83749833990703,15.645835120317365],[101.8378550474178,15.652425726476396],[101.84131528582924,15.655908241016288],[101.84201985542985,15.660759769333966],[101.84548014317097,15.664242343215209],[101.846184653534,15.669089352844862],[101.84964490354787,15.672576392256024],[101.85035387818799,15.677423389629082],[101.85381417754033,15.68091039977802],[101.85451874338914,15.685757516692957],[101.86248712741494,15.69374815477627],[101.85868794832756,15.697574061651048],[101.85833125756885,15.704164665569865],[101.84341108973607,15.703812356186381],[101.82325598729486,15.683688453099302],[101.81495314774538,15.682979447543287],[101.81075705914631,15.687148685098876],[101.79757602990206,15.687853270791246],[101.79408896961527,15.691313497904682],[101.78924191663555,15.692018059195357],[101.78159011398641,15.699647564557482],[101.75833141628605,15.69999983432552],[101.75195491487116,15.699433502703117],[101.74258637702958,15.691081675970556],[101.74110149378002,15.685289238557381],[101.73806931073811,15.681378663272573],[101.73660221865063,15.675662055766015],[101.72278798922451,15.67443135382961],[101.71887734682564,15.671399204034703],[101.71445834973723,15.67026660190486],[101.70637843715618,15.66306515177441],[101.68529140109113,15.661932485462213],[101.68137626160998,15.658900330836007],[101.67008582220986,15.657767710070104],[101.66471264563883,15.66193249525031],[101.6625009317052,15.662498777601655],[101.65617345028969,15.661883418796359],[101.65216025435903,15.658949345163496],[101.63117122419466,15.657714221060123],[101.62716255789023,15.654784521766333],[101.62284164712626,15.65354936414966],[101.61882844373318,15.650619788957735],[101.60902294464951,15.649188374684798],[101.60833175006879,15.637501075980765]]]},"id":"000900000000000020ae","properties":{"HYBAS_ID":4121104440,"NEXT_DOWN":4121105000,"ORDER":3,"SUB_AREA":156.3,"UP_AREA":156.5}},{"type":"Feature","geometry":{"type":"Polygon","coordinates":[[[101.7874984233071,15.887500607163062],[101.78811821474436,15.875991668324751],[101.79362077367124,15.871398785238217],[101.79929273616399,15.869945072641563],[101.80056802428993,15.860291180777482],[101.80360027580728,15.856376060422495],[101.80508508749317,15.850583700117179],[101.81445816182283,15.84223176796634],[101.82017029461419,15.840769172570804],[101.82140096041194,15.826954903561685],[101.82443320270697,15.823044320721609],[101.82499946400091,15.816667788830186],[101.8284597161329,15.81578036867012],[101.82973500933036,15.806121985655519],[101.83806910729457,15.796771247333496],[101.83693201158246,15.793623135634975],[101.83389984516893,15.789712501005718],[101.8327672301352,15.781124292782458],[101.8255658153042,15.77304439365006],[101.82499946400091,15.770832692103081],[101.82535621626425,15.760041649336165],[101.8312511523367,15.754182340604274],[101.83507700531817,15.757981538060767],[101.86250052557166,15.75833383888561],[101.86355733226884,15.761673699379477],[101.87488793286069,15.7634796367425],[101.8798330677888,15.770663208355169],[101.87849974164239,15.77711112198521],[101.8756682520474,15.781222371960547],[101.87433054066561,15.789609979343968],[101.87074541115025,15.79482265835379],[101.8812777916415,15.796499212474219],[101.88538904915234,15.799330796473992],[101.89166745149147,15.801319582508647],[101.89933270964217,15.8103893241959],[101.90066594899152,15.814607636115653],[101.90483522561085,15.820663161395384],[101.90349749527913,15.847943870324317],[101.89974741413235,15.85339292049378],[101.91666516572116,15.854168775869365],[101.9175169080163,15.85748195384489],[101.92083445904959,15.858333620865407],[101.92083445904959,15.87083247758477],[101.91998277730886,15.87415006798908],[101.91445797925422,15.875568027997764],[101.90903565140286,15.880085128771798],[101.9077648005864,15.889712349139566],[101.90473261056802,15.893622894948592],[101.903600022097,15.906375945136716],[101.90056786364225,15.91029102781866],[101.90000154653875,15.916667577805784],[101.88112168429238,15.916101308114118],[101.87304183258114,15.908899841681336],[101.86592067797457,15.907767224129493],[101.86054293363236,15.911931972552436],[101.85323001518954,15.913069063537845],[101.8438793328347,15.90473505070492],[101.83835005610455,15.90331701056905],[101.83693201158246,15.89778775308614],[101.83234356808762,15.892285205948712],[101.81424414983088,15.891313120085288],[101.81075705914631,15.887852835314925],[101.80591002090756,15.887148289276634],[101.80208418260416,15.883349171579],[101.79825822252295,15.887148308522649],[101.7874984233071,15.887500607163062]]]},"id":"000900000000000020b4","properties":{"HYBAS_ID":4121103650,"NEXT_DOWN":4121104290,"ORDER":3,"SUB_AREA":142.8,"UP_AREA":341.6}},{"type":"Feature","geometry":{"type":"Polygon","coordinates":[[[101.72499968271181,15.558334171332843],[101.72556601585191,15.551957729042506],[101.72859818344257,15.548042606479479],[101.7300161562718,15.542517767789523],[101.73554546976867,15.541099789161871],[101.73945604148797,15.538067608882994],[101.7451859945884,15.536596078567783],[101.75776516634497,15.523044891354138],[101.75925445805612,15.517248079284805],[101.76862300989596,15.508900577148966],[101.77414784396706,15.507482580973182],[101.77499956947092,15.504165008206437],[101.77499956947092,15.5000002045666],[101.78257560603173,15.499242231702395],[101.78382860958078,15.48691722076222],[101.77853563424526,15.4795642020886],[101.77999375125319,15.47181427563839],[101.78548293099432,15.470204540448556],[101.81868535729835,15.438130262982396],[101.82499946400091,15.437501453300955],[101.82825463393449,15.438268454346915],[101.8296949142882,15.442607174184495],[101.82553007037625,15.447752987493406],[101.82446886029363,15.464746614576178],[101.81719600574273,15.472750718133915],[101.8161392276529,15.48427300925825],[101.82030404870606,15.489418814220638],[101.82136086853612,15.502247624266174],[101.8246114907608,15.506260835418548],[101.81719600574273,15.514416535224177],[101.8161392276529,15.518915727259847],[101.81303122051126,15.52275060691984],[101.81250059006383,15.533331995466678],[101.80591002090756,15.533688765195059],[101.79825822252295,15.541313800423614],[101.76424423935927,15.542018382955357],[101.76075715616884,15.54547860816764],[101.75591016515185,15.54618761786183],[101.75242309871058,15.549647906773952],[101.74757605903366,15.550352413412071],[101.74408909652664,15.553812673035548],[101.73090801448221,15.554521646476342],[101.72742543132752,15.557981938907883],[101.72499968271181,15.558334171332843]]]},"id":"000900000000000020b8","properties":{"HYBAS_ID":4121106340,"NEXT_DOWN":4121105210,"ORDER":3,"SUB_AREA":54.0,"UP_AREA":1232.5}},{"type":"Feature","geometry":{"type":"Polygon","coordinates":[[[101.63333391478409,15.804164469538375],[101.63368619292352,15.797547149775735],[101.64340704333009,15.787853084835737],[101.64825852129663,15.787148558316348],[101.65174105714848,15.783688270023614],[101.65661932231379,15.782974783356467],[101.6704782595451,15.769089155789418],[101.6711872383943,15.76424213834933],[101.67881228047598,15.756590293212529],[101.67916453969598,15.754164555100976],[101.6833338129,15.754164536393715],[101.6833338129,15.749999713517084],[101.69492302200064,15.749375437648752],[101.69639899569236,15.743623244013552],[101.70473301128625,15.734272533985575],[101.70360040074604,15.731124404328748],[101.69639899569236,15.72304446266928],[101.69498095913222,15.717519690997326],[101.68820765838416,15.715780630946174],[101.68678964671254,15.705052019184745],[101.67986463238988,15.703277278806322],[101.65879096793653,15.681262747472665],[101.66193459464607,15.677209370309],[101.6625009317052,15.662498777601655],[101.66471264563883,15.66193249525031],[101.67008582220986,15.657767710070104],[101.68137626160998,15.658900330836007],[101.68529140109113,15.661932485462213],[101.70637843715618,15.66306515177441],[101.71445834973723,15.67026660190486],[101.71887734682564,15.671399204034703],[101.72278798922451,15.67443135382961],[101.73660221865063,15.675662055766015],[101.73806931073811,15.681378663272573],[101.74110149378002,15.685289238557381],[101.74258637702958,15.691081675970556],[101.75195491487116,15.699433502703117],[101.75833141628605,15.69999983432552],[101.75890218889528,15.710545580472498],[101.76193436731896,15.714456286167305],[101.76306700225686,15.718875210137243],[101.77026396597445,15.726955132643642],[101.77154376959727,15.736613536156057],[101.7772113237404,15.73806721462112],[101.78529114695709,15.745264151579244],[101.78971018001864,15.746401247222238],[101.7948648666108,15.750396619634108],[101.79583248530687,15.754164509100034],[101.79548018029956,15.76075959420164],[101.78785513548041,15.768406894813266],[101.7874984233071,15.787500812464272],[101.76840900427406,15.78785307979831],[101.76492647621652,15.791313307347664],[101.76007494645859,15.79201782001005],[101.75659243464638,15.795478105503367],[101.74340682165605,15.796187139537828],[101.73992425627637,15.79964742425301],[101.72257390360713,15.800351928230747],[101.71909133797219,15.803812177448455],[101.71078406023491,15.804521213694477],[101.70242323897783,15.796187121533011],[101.68161709948447,15.795478082367795],[101.6732562789763,15.803812138432857],[101.65245450958763,15.804521200931372],[101.64791522306322,15.800012985842018],[101.64408927002204,15.803812165021645],[101.63333391478409,15.804164469538375]]]},"id":"000900000000000020ba","properties":{"HYBAS_ID":4121103510,"NEXT_DOWN":4121103610,"ORDER":3,"SUB_AREA":149.4,"UP_AREA":893.1}},{"type":"Feature","geometry":{"type":"Polygon","coordinates":[[[101.63333391478409,15.616668156020394],[101.6339002688905,15.606122418262121],[101.63693245172952,15.60221177099437],[101.63815418752057,15.58847775529727],[101.65195517050739,15.575568604611968],[101.66054333941312,15.5744315469089],[101.6740098281643,15.561932674279884],[101.67721149624168,15.56306529369617],[101.68258471231327,15.567234592747813],[101.6907626644351,15.56593247606428],[101.71193447170431,15.543877777748673],[101.71306708601173,15.535289615323643],[101.72026408328443,15.527209685199075],[101.72140113231976,15.522790677285341],[101.72556601585191,15.51741300496546],[101.72438434847035,15.492575814345942],[101.72083490867466,15.49166614823937],[101.71666560941442,15.491666175866179],[101.71701790996899,15.468407556777912],[101.7204781641605,15.464924919960357],[101.72083490867466,15.454165129623117],[101.72429068452536,15.455052516118698],[101.72570416754455,15.465745462354775],[101.7311220303051,15.470266928213348],[101.74804431018602,15.471399569163799],[101.75195491487116,15.47443177675972],[101.75793908253986,15.475965721028327],[101.76193436731896,15.481124839086235],[101.76320520350558,15.490747590283952],[101.76862300989596,15.495264725180357],[101.77499956947092,15.495835415091467],[101.77499956947092,15.504165008206437],[101.77414784396706,15.507482580973182],[101.76862300989596,15.508900577148966],[101.75925445805612,15.517248079284805],[101.75776516634497,15.523044891354138],[101.7451859945884,15.536596078567783],[101.73945604148797,15.538067608882994],[101.73554546976867,15.541099789161871],[101.7300161562718,15.542517767789523],[101.72859818344257,15.548042606479479],[101.72556601585191,15.551957729042506],[101.72443335264576,15.560545935968111],[101.72140113231976,15.564456596036084],[101.72012585191332,15.574110549381233],[101.71335247861111,15.575849525355883],[101.7116490829891,15.582480226037822],[101.70390366256872,15.584469027456674],[101.70776526789892,15.58945426168379],[101.70890235431693,15.592415122340364],[101.70473301128625,15.597788334122317],[101.70416670447564,15.608334137038742],[101.68924212600179,15.608686358145228],[101.68159034934318,15.616311472824988],[101.67257403379355,15.617020437558493],[101.66909149217202,15.620480664951295],[101.65245450958763,15.621185251094824],[101.64825852129663,15.617020437522982],[101.63333391478409,15.616668156020394]]]},"id":"000900000000000020be","properties":{"HYBAS_ID":4121106740,"NEXT_DOWN":4121106340,"ORDER":3,"SUB_AREA":81.0,"UP_AREA":1023.3}},{"type":"Feature","geometry":{"type":"Polygon","coordinates":[[[101.54583301368679,15.55000012846859],[101.54639931946117,15.543623629821765],[101.54943152431925,15.539708576127998],[101.55056851588682,15.53528955588158],[101.55776556306769,15.527209714119651],[101.55890264721252,15.522790754403404],[101.58693253143565,15.493877908774891],[101.5880651664741,15.47279083608846],[101.59223440876474,15.467413149620793],[101.59109730224583,15.46028747466193],[101.5880651664741,15.45637690261641],[101.58664714026635,15.45085202913998],[101.58333400553235,15.450000326626872],[101.58368628621045,15.447574571368975],[101.58785109897,15.443378601676812],[101.58714659702584,15.43507575410653],[101.579521468816,15.427423900265197],[101.57916477741436,15.424998154058187],[101.58001646586985,15.421685096501077],[101.58333400553235,15.42083333946097],[101.58368628621045,15.414242778697663],[101.58785109897,15.410046792864293],[101.58714659702584,15.38924062171592],[101.579521468816,15.381593240606474],[101.5788125122503,15.372577018041392],[101.57118739579606,15.364925173155632],[101.57047841005954,15.360073625550497],[101.56631360825472,15.355877621485035],[101.56701814070182,15.335075977547639],[101.57047841005954,15.331588945361915],[101.57083515802108,15.329167629597054],[101.57325642673574,15.328815344781606],[101.58090824747957,15.321185834870022],[101.58575982088682,15.320481313216519],[101.58924232878489,15.317021042390735],[101.60000210940802,15.316668802770513],[101.60035444721575,15.327424134841818],[101.60381471158293,15.330906666566129],[101.6045192409398,15.335758146435843],[101.61004403604116,15.34130978265849],[101.6149223281048,15.342018781223421],[101.61840929497856,15.345479035757496],[101.62742557871152,15.346188035239368],[101.63297721051941,15.351708390458649],[101.63368619292352,15.356591104259179],[101.6371464476108,15.36007362426769],[101.63785545863293,15.389922899056058],[101.6454804777245,15.397574686281295],[101.64618503120134,15.40242622459689],[101.65381457177118,15.410073553251658],[101.6545236102546,15.419121082547667],[101.6600751343897,15.424645907663743],[101.66495787352243,15.425359312555257],[101.6704782595451,15.430910964748856],[101.67119166735628,15.435789163543998],[101.68924212600179,15.45381284375466],[101.69408914782056,15.454521853404374],[101.69828516628964,15.458686659906448],[101.70659248950558,15.457982132232525],[101.71007507184862,15.454521916297097],[101.72083490867466,15.454165129623117],[101.7204781641605,15.464924919960357],[101.71701790996899,15.468407556777912],[101.71666560941442,15.491666175866179],[101.71581392448454,15.494983773155456],[101.7089691603762,15.496740680194796],[101.70776526789892,15.51471085903838],[101.70056826545552,15.522790672517804],[101.69943118320889,15.527209647967826],[101.69488289165254,15.532663173613114],[101.68258471231329,15.533902765304937],[101.67721149624168,15.529733515874193],[101.66445395863845,15.52860095453822],[101.66054333941312,15.525568704548522],[101.65758696238271,15.524431703002044],[101.6522093113101,15.52860093663088],[101.6477903718385,15.529733503031823],[101.64387525976451,15.532765690437163],[101.63945624231938,15.533902764296453],[101.63554561289956,15.536930519729973],[101.63258482857044,15.538067594270965],[101.62721160297602,15.533902764149252],[101.62008590022103,15.532765686406249],[101.61470829151583,15.53693056462272],[101.61028930778045,15.53806762311327],[101.60637865575305,15.541099767844095],[101.60195525630124,15.54223240930666],[101.5938753561723,15.549433839615254],[101.58675412932267,15.550566489697262],[101.58137644026405,15.546401642298145],[101.57008600608675,15.545264587902604],[101.56470832300602,15.549433810153653],[101.54583301368679,15.55000012846859]]]},"id":"000900000000000020c3","properties":{"HYBAS_ID":4121106870,"NEXT_DOWN":4121106740,"ORDER":3,"SUB_AREA":235.3,"UP_AREA":766.7}},{"type":"Feature","geometry":{"type":"Polygon","coordinates":[[[101.52500010400307,15.720832728385732],[101.52565552873732,15.713461851609146],[101.53112239287587,15.708900228521264],[101.53554585948963,15.707767622888882],[101.53945650053484,15.704735407196862],[101.58554575818643,15.70359832454481],[101.59091897967687,15.699433535436118],[101.5938753561723,15.700566137778152],[101.59779039279111,15.703598331054971],[101.60637865575306,15.70473539546512],[101.61028930778045,15.707767594859545],[101.62304233309588,15.708900184295553],[101.6477903718385,15.732765358706134],[101.65331513930141,15.734183285922354],[101.6550185334556,15.74081395712482],[101.66054333941312,15.742231952224307],[101.66592107591032,15.74640122401114],[101.66887743022785,15.745264202728677],[101.67292627183573,15.74212943852029],[101.68112213613539,15.74943346612055],[101.6833338129,15.749999713517084],[101.6833338129,15.754164536393715],[101.67916453969598,15.754164555100976],[101.67881228047598,15.756590293212529],[101.6711872383943,15.76424213834933],[101.6704782595451,15.769089155789418],[101.65661932231379,15.782974783356467],[101.65174105714848,15.783688270023614],[101.64825852129663,15.787148558316348],[101.64340704333009,15.787853084835737],[101.63368619292352,15.797547149775735],[101.63333391478409,15.804164469538375],[101.6269574368371,15.80359818431932],[101.62197215710518,15.799736556573691],[101.6202642733193,15.806376174493707],[101.6130672723095,15.814456027745113],[101.61160029773413,15.820172590709996],[101.60416697565859,15.82083257519138],[101.60352484749261,15.818696697873868],[101.60064421559285,15.81463444690738],[101.59935558134767,15.810367061256196],[101.59647497939976,15.806300329280479],[101.59514621894841,15.767448214004016],[101.58749880400805,15.766667899821694],[101.58333400553235,15.76666789010725],[101.5824823763236,15.763350271023485],[101.57585162383872,15.761646957939181],[101.5741482363627,15.755016229891707],[101.56862346212532,15.753598205000365],[101.56470832300602,15.750566041443323],[101.55612458587935,15.749433458795574],[101.5480447378558,15.742231967016025],[101.54251538702192,15.74081399217887],[101.5407005823722,15.733728457239508],[101.53554585948963,15.729733157081007],[101.53001657784421,15.728315143559598],[101.52831759543722,15.721684498150042],[101.52500010400307,15.720832728385732]]]},"id":"000900000000000020ca","properties":{"HYBAS_ID":4121103730,"NEXT_DOWN":4121103510,"ORDER":3,"SUB_AREA":106.2,"UP_AREA":450.1}},{"type":"Feature","geometry":{"type":"Polygon","coordinates":[[[101.48749901976366,15.420833386144821],[101.48992481445761,15.420481124010601],[101.49757663721685,15.412851540742274],[101.50242365005458,15.41214706850743],[101.50624952605116,15.40834784959808],[101.51007545910787,15.412147009188539],[101.53992467735202,15.41285154321261],[101.54412067120893,15.417020868773955],[101.5690916856089,15.416311876492168],[101.57291754284557,15.41251269534396],[101.57674345602443,15.416311833210335],[101.58333400553235,15.41666854839392],[101.58333400553235,15.42083333946097],[101.58001646586985,15.421685096501077],[101.57916477741436,15.424998154058187],[101.579521468816,15.427423900265197],[101.58714659702584,15.43507575410653],[101.58785109897,15.443378601676812],[101.58368628621045,15.447574571368975],[101.58333400553235,15.450000326626872],[101.57499996994633,15.450000337600756],[101.5741482363627,15.453317918519382],[101.57083515802108,15.454165113877448],[101.57083515802108,15.450000321697454],[101.56998345902143,15.446682759380458],[101.56445422454944,15.445264799279617],[101.5563787504192,15.438067822037894],[101.54362125061571,15.436930719091192],[101.53824807999345,15.432765919981072],[101.52278835844166,15.433898502373165],[101.5174151568725,15.438067794573724],[101.50099224566667,15.436863838173204],[101.488065348311,15.423045122824396],[101.48749901976366,15.420833386144821]]]},"id":"000900000000000020d3","properties":{"HYBAS_ID":4121107620,"NEXT_DOWN":4121106870,"ORDER":3,"SUB_AREA":27.3,"UP_AREA":382.9}},{"type":"Feature","geometry":{"type":"Polygon","coordinates":[[[101.4666660808675,15.729166815263001],[101.46702281245541,15.726709869162564],[101.47257441452852,15.721185046999956],[101.48333422235048,15.720832769267384],[101.48576000428888,15.721185078789055],[101.48995151473211,15.725354302587888],[101.51909175891953,15.724645299921056],[101.52257434067472,15.72118506850623],[101.52500010400307,15.720832728385732],[101.52831759543722,15.721684498150042],[101.53001657784421,15.728315143559598],[101.53554585948963,15.729733157081007],[101.5407005823722,15.733728457239508],[101.54251538702192,15.74081399217887],[101.5480447378558,15.742231967016025],[101.55612458587935,15.749433458795574],[101.56470832300602,15.750566041443323],[101.56862346212532,15.753598205000365],[101.5741482363627,15.755016229891707],[101.57585162383872,15.761646957939181],[101.5824823763236,15.763350271023485],[101.58333400553235,15.76666789010725],[101.58749880400805,15.766667899821694],[101.59514621894841,15.767448214004016],[101.59647497939976,15.806300329280479],[101.59935558134767,15.810367061256196],[101.60064421559285,15.81463444690738],[101.60352484749261,15.818696697873868],[101.60416697565859,15.82083257519138],[101.6047733517507,15.83658655791602],[101.60833175006879,15.837500680090931],[101.60771641374409,15.83965885576687],[101.60478229076946,15.843672048050173],[101.60354715137714,15.847992917297214],[101.5997211946362,15.853236854299045],[101.59119544487197,15.854784205980076],[101.58428377782788,15.84973201410901],[101.58271422007077,15.86049178325491],[101.57145053381993,15.872839062483003],[101.57021536128751,15.877159951445101],[101.5663359040602,15.882470753882497],[101.55617368382661,15.883951144107492],[101.53966162034729,15.899384118076744],[101.53333414559549,15.899999487533902],[101.53298186463452,15.872575941089801],[101.52464776508485,15.864215165980038],[101.52535235741867,15.855907900080513],[101.52915151640086,15.852081985808034],[101.52535235741867,15.848256027528924],[101.52464776508485,15.839244176573152],[101.52047849916863,15.835048199504191],[101.52118757192639,15.810077205542003],[101.5295215623386,15.801716399711669],[101.52881260510424,15.793409097631427],[101.52535235741867,15.789926568045336],[101.52464776508485,15.776714202592238],[101.51492246003093,15.767020156293052],[101.51007545910787,15.766311144377974],[101.50242365005458,15.758686050473216],[101.49340735231688,15.757981548293941],[101.48958143915007,15.754182396296939],[101.48541664305563,15.75832045428195],[101.47742595556144,15.750352008675925],[101.47254321175674,15.749642982360152],[101.46701839230414,15.744091474139491],[101.4666660808675,15.729166815263001]]]},"id":"000900000000000020d6","properties":{"HYBAS_ID":4121580120,"NEXT_DOWN":4121103730,"ORDER":3,"SUB_AREA":137.3,"UP_AREA":343.9}},{"type":"Feature","geometry":{"type":"Polygon","coordinates":[[[101.37443404562559,15.540921407629595],[101.3785988565326,15.535543766140629],[101.37978944040712,15.517578022363837],[101.38333443141171,15.51666837266523],[101.39166851497617,15.516668375711925],[101.39288133826366,15.521399482882504],[101.3980450079051,15.52026683684663],[101.40195563273052,15.51723467727721],[101.41161405710601,15.51595934807184],[101.41346900051593,15.50873119065324],[101.41862376379471,15.50473577460022],[101.42721201165692,15.503598724446446],[101.43258520364739,15.49943397367526],[101.46470858629232,15.500566513991012],[101.47290889151,15.507870586899768],[101.4769577192561,15.504735848757331],[101.49076752358201,15.503505110468451],[101.49251555396312,15.496682692853692],[101.49804479515899,15.495264706445154],[101.50195547196401,15.49223245952346],[101.51054367453757,15.491099902757687],[101.51445431118859,15.488067732964307],[101.51887774891011,15.48693066395136],[101.52278835844166,15.483898438833934],[101.53137658199402,15.482765862858574],[101.53529165999376,15.479733654661644],[101.54387547083167,15.47860104572585],[101.54779050727528,15.475568827197765],[101.5563787504192,15.474431760775156],[101.56028940729169,15.47139958436964],[101.5658142528859,15.469981585329071],[101.56723225150972,15.464456714471131],[101.57026437922981,15.460541689944684],[101.57083515802108,15.454165113877448],[101.5741482363627,15.453317918519382],[101.57499996994633,15.450000337600756],[101.58333400553235,15.450000326626872],[101.58664714026635,15.45085202913998],[101.5880651664741,15.45637690261641],[101.59109730224583,15.46028747466193],[101.59223440876474,15.467413149620793],[101.5880651664741,15.47279083608846],[101.58693253143565,15.493877908774891],[101.55890264721252,15.522790754403404],[101.55776556306769,15.527209714119651],[101.55056851588682,15.53528955588158],[101.54943152431925,15.539708576127998],[101.54639931946117,15.543623629821765],[101.54583301368679,15.55000012846859],[101.54367476604365,15.550615511519467],[101.53549234831836,15.557714422844407],[101.51867258414455,15.558949574187343],[101.5146593807539,15.561883621201217],[101.50910339872433,15.563471130989686],[101.50756499404865,15.5740302593174],[101.50200445716335,15.57561770507364],[101.4979957251699,15.57854730206159],[101.49367488467915,15.579782478476174],[101.48406999514204,15.58830381057871],[101.48259845488938,15.60336223293675],[101.47056783581922,15.605114601195565],[101.47438037797248,15.610340745754254],[101.4756155173838,15.614661565960924],[101.47924076003794,15.619620083684786],[101.47500019938644,15.620832980631418],[101.47409053410213,15.61729245098108],[101.45195555017821,15.616097412867514],[101.44657786224715,15.611932620970459],[101.43528737253784,15.613065229651967],[101.42721201165692,15.62026664709123],[101.42278858502421,15.621399243509792],[101.40637909794927,15.636934801083608],[101.40195563273052,15.638067412657897],[101.3980450079051,15.641099540988183],[101.39583326092576,15.64166590495191],[101.39166851497617,15.641665865595673],[101.38813691301912,15.640760653281355],[101.38693289366304,15.622790494999343],[101.3839006959309,15.61887546594445],[101.38276808348748,15.610291616971562],[101.37973592487867,15.60637657195756],[101.3785988565326,15.601957567843726],[101.37556665064884,15.598042539963432],[101.37443404562559,15.565919157644254],[101.3785988565326,15.560545913185884],[101.37973592487867,15.553420274179027],[101.37556665064884,15.548042638846654],[101.37443404562559,15.540921407629595]]]},"id":"000900000000000020d8","properties":{"HYBAS_ID":4121107120,"NEXT_DOWN":4121107620,"ORDER":3,"SUB_AREA":228.6,"UP_AREA":228.6}},{"type":"Feature","geometry":{"type":"Polygon","coordinates":[[[101.4125014181345,15.737500856081311],[101.41334859360785,15.734183295233098],[101.4188779311252,15.732765307535926],[101.42278858502421,15.729733131112525],[101.45637895363134,15.728600525905298],[101.46041446826882,15.725470210937504],[101.46445439037674,15.728600558306455],[101.4666660808675,15.729166815263001],[101.46701839230414,15.744091474139491],[101.47254321175674,15.749642982360152],[101.47742595556144,15.750352008675925],[101.48541664305563,15.75832045428195],[101.48958143915007,15.754182396296939],[101.49340735231688,15.757981548293941],[101.50242365005458,15.758686050473216],[101.51007545910787,15.766311144377974],[101.51492246003093,15.767020156293052],[101.52464776508485,15.776714202592238],[101.52535235741867,15.789926568045336],[101.52881260510424,15.793409097631427],[101.5295215623386,15.801716399711669],[101.52118757192639,15.810077205542003],[101.52047849916863,15.835048199504191],[101.52464776508485,15.839244176573152],[101.52535235741867,15.848256027528924],[101.52915151640086,15.852081985808034],[101.52535235741867,15.855907900080513],[101.52464776508485,15.864215165980038],[101.53298186463452,15.872575941089801],[101.53333414559549,15.899999487533902],[101.53298186463452,15.902425233779152],[101.52952156233859,15.905907743592653],[101.52881260510424,15.919093295716321],[101.52535235741867,15.922575893283797],[101.52464776508485,15.93992627680983],[101.52118757192639,15.943408814599241],[101.51992560447255,15.94937509424581],[101.5083319825072,15.949999361461296],[101.50797970119899,15.952425057546622],[101.50035457926796,15.960076939556366],[101.49999790397953,15.962498198726706],[101.49362139548884,15.961931902853681],[101.48971077906913,15.958899692801433],[101.4852873086027,15.957767108631543],[101.47591871390392,15.949415237251435],[101.47414852014512,15.942516936131998],[101.47083539468807,15.941665316927853],[101.47047864968648,15.93090990104151],[101.4628535687658,15.923258122534081],[101.46214455613311,15.905907719140208],[101.45868874307641,15.902425163917648],[101.45797975959243,15.876740738740374],[101.45451949571599,15.873258242064772],[101.45381496099888,15.868406691059427],[101.45035475281959,15.864924162841179],[101.44964574104527,15.860077134698734],[101.4378514153835,15.848256080425806],[101.43714682347718,15.843409024124078],[101.43368657913608,15.839926479949318],[101.4329820162767,15.826740873481485],[101.42952182797715,15.823258293846488],[101.42881278905709,15.814242024791985],[101.42535257038338,15.81075946161677],[101.42464797905122,15.780910201200294],[101.42118772992579,15.777423191461464],[101.42047874956323,15.751743297244975],[101.41701847021157,15.74825621241677],[101.41631393709628,15.743409207203625],[101.41285371406396,15.739926680430946],[101.4125014181345,15.737500856081311]]]},"id":"000900000000000020e0","properties":{"HYBAS_ID":4121580040,"NEXT_DOWN":4121580120,"ORDER":3,"SUB_AREA":206.4,"UP_AREA":206.5}},{"type":"Feature","geometry":{"type":"Polygon","coordinates":[[[102.43276600158579,14.098785690203808],[102.43389864012546,14.08945731214028],[102.43693078435521,14.085542185864645],[102.43842012425054,14.079749837909219],[102.44778874726758,14.07140240061705],[102.45350528614077,14.069935303625485],[102.45473601313626,14.0561210603671],[102.45776818948043,14.05221037660718],[102.45890081522928,14.04362219850885],[102.46193301524269,14.03971154627252],[102.46249934745985,14.037499805036566],[102.48970874607596,14.038066130972963],[102.4979090160606,14.045370132828722],[102.50195787323852,14.042235392442254],[102.50637687342602,14.041098340401675],[102.51028749463215,14.038066172355427],[102.5188757357274,14.03693355756229],[102.52425343999639,14.032764291438594],[102.53660509445999,14.034008354565398],[102.53871426855208,14.04223542127545],[102.54109983976146,14.039711583005538],[102.54223250448501,14.035288107576832],[102.54526464141712,14.031377460499279],[102.54583541379934,14.020831729387305],[102.54799369440059,14.02021631366512],[102.55200685246386,14.017282223976014],[102.55761636888211,14.01568144119741],[102.5590700743689,14.000801385254512],[102.56882659098197,13.99938338581572],[102.57700458827962,13.992284523971865],[102.59166612243833,13.99166476379426],[102.59409185134754,13.992021458816875],[102.60174367917014,13.999646502818834],[102.61075997732299,14.00035553939248],[102.6142424850275,14.00381133077451],[102.62916708955453,14.004168062968684],[102.62916708955453,14.020831749244254],[102.62881482947304,14.02325747558044],[102.61702056033182,14.035074068508349],[102.61631156009902,14.039925533370175],[102.61285123875034,14.043408130065993],[102.6124990282638,14.083334909275502],[102.58507554000924,14.082978198704508],[102.58124958960123,14.07917906238494],[102.57325893812481,14.087147429983437],[102.56424259221865,14.087851985741628],[102.55659080139817,14.09548148582549],[102.55174377493957,14.096186094754508],[102.54825676333769,14.099646334991982],[102.53161982462325,14.100355353850203],[102.52742383327421,14.096186053145537],[102.51495169309234,14.095481497276355],[102.50452636293385,14.105875676868726],[102.5038128926431,14.110044923428745],[102.50798211447305,14.114240972515521],[102.50868668440464,14.11837901264303],[102.5045218999021,14.122575022506378],[102.50416512045867,14.133334798447219],[102.50327777097165,14.136790619439832],[102.49362387162562,14.13806591341727],[102.48970874607596,14.141098106822952],[102.48454956766004,14.142235168958216],[102.48243596788005,14.133994810617443],[102.47257684094042,14.132978113672173],[102.46908988082089,14.129517807754471],[102.46666854567383,14.129165609169432],[102.46581691771941,14.125852432432366],[102.45891419896526,14.124082169377],[102.45056672790733,14.114709132994033],[102.44908186430557,14.108916747579535],[102.43970884891345,14.10056936293503],[102.43276600158579,14.098785690203808]]]},"id":"00090000000000002452","properties":{"HYBAS_ID":4121587070,"NEXT_DOWN":4121123270,"ORDER":4,"SUB_AREA":169.3,"UP_AREA":169.3}},{"type":"Feature","geometry":{"type":"Polygon","coordinates":[[[102.87083254019551,15.533332039033315],[102.87118482288855,15.526741478711925],[102.88297912313956,15.514924853706537],[102.88333144161163,15.512499086648237],[102.8875006954274,15.51249907842254],[102.88785293940755,15.510073379041794],[102.89131318577725,15.506590820517937],[102.89202217503504,15.501743718152436],[102.89581689732667,15.497917888770859],[102.89202217503504,15.49409191023937],[102.89131318577725,15.489240442579309],[102.88368815085452,15.481593054350075],[102.88333144161163,15.47916735069558],[102.88399587159444,15.471733975729776],[102.89126867104989,15.469865602092282],[102.8952639995406,15.464710944201293],[102.89640105588079,15.460287486154588],[102.90359803845365,15.45221208612156],[102.90513646660841,15.44622796206784],[102.91175377645602,15.441099956530222],[102.92720902081504,15.442232617739288],[102.93112403928846,15.445264792567945],[102.93971230152506,15.446401891007064],[102.94362289520619,15.449434082930454],[102.95221116933945,15.450566672573755],[102.9575888801981,15.454735944257095],[102.9772089194132,15.4535988248172],[102.9811239775957,15.45056664204288],[102.98684056928604,15.449099564798898],[102.98750047387438,15.441666297088604],[102.98992624721801,15.441313983997919],[102.99340875697675,15.437853798303447],[102.9982558429658,15.43714480337296],[103.00174289783202,15.433684514794162],[103.01249820985339,15.433332191698002],[103.01249820985339,15.437501531202821],[103.01541895365212,15.438379929400249],[103.0173095820177,15.441987374870912],[103.01314480684789,15.447864408980337],[103.01185609858234,15.452136255647863],[103.00893983461536,15.456252037075192],[103.01185609858236,15.460363307938056],[103.01314480684789,15.471466442867742],[103.00481076280953,15.48119618336864],[103.00352205498726,15.506300989634802],[103.00064149440936,15.510363156758418],[102.99920115185492,15.519820910201666],[102.99369865574981,15.521475262278072],[102.98963635745784,15.524355848823879],[102.97160822864016,15.525738180870778],[102.97008766539452,15.540636012752747],[102.96453167027977,15.542308192164125],[102.95119006646192,15.55437899166034],[102.94900057482688,15.561656250460697],[102.94134429865102,15.563141079242097],[102.93546728009366,15.558976337670018],[102.93333129948807,15.558334170787433],[102.9324350754751,15.55482934139054],[102.91862077227938,15.55359860703677],[102.91471011249541,15.55056649235143],[102.90873051182191,15.549032552559286],[102.90463700215511,15.543748488422397],[102.90787433794998,15.539570268189156],[102.89640105588079,15.527209676657165],[102.89498302975151,15.521684871313997],[102.89166552876887,15.520833147179014],[102.89166552876887,15.516668337218391],[102.8875006954274,15.516668398883423],[102.88693440306474,15.518875591468174],[102.87973297819664,15.526955486805196],[102.87826589882593,15.532672060968546],[102.87083254019551,15.533332039033315]]]},"id":"000900000000000025d7","properties":{"HYBAS_ID":4121107370,"NEXT_DOWN":4121107430,"ORDER":4,"SUB_AREA":132.1,"UP_AREA":3408.8}},{"type":"Feature","geometry":{"type":"Polygon","coordinates":[[[102.85833371698062,15.30000066596327],[102.86079068179377,15.299643947915985],[102.86631546041053,15.294092371409025],[102.86702000019865,15.289240872257956],[102.87048025854088,15.285758239886086],[102.87118929994915,15.280879997560511],[102.88507496361225,15.26702114819678],[102.89409121844311,15.266312120019935],[102.8975737717702,15.262851875975546],[102.90833359763707,15.262499566022635],[102.90833359763707,15.258334802923565],[102.91908894292504,15.257978075067177],[102.9229149077251,15.254183413809782],[102.92674081856514,15.257978073212367],[102.93159225858594,15.258687041884032],[102.93924413850506,15.266312106166573],[102.94825593711434,15.267021168824103],[102.95590773235382,15.274646208272419],[102.95833348761747,15.27499844869496],[102.95868576337313,15.27742419177488],[102.96214602679859,15.280906769019047],[102.96285508203823,15.285758289776668],[102.96631528909575,15.289240844151177],[102.9666675881111,15.300000659773312],[102.96574010385638,15.303242385269698],[102.9603400675707,15.30478530914192],[102.95490003876078,15.309132924458607],[102.95354887636908,15.322991788004956],[102.9464500099065,15.331174250216304],[102.94521480253538,15.335495123380705],[102.93811598728341,15.343673060902887],[102.93679162641092,15.361705675813944],[102.92636624051147,15.363119203703409],[102.92415006211628,15.355017036055191],[102.92083245770856,15.354165364875904],[102.9201725660492,15.346732019870531],[102.91445596923961,15.345264988048555],[102.902211274771,15.333898715907921],[102.8977878401943,15.332766095150603],[102.88137838297308,15.317235063465318],[102.87584904529437,15.315817101399693],[102.87403419861582,15.308727081510918],[102.8688750331299,15.304731739791224],[102.85922104840706,15.303456419368905],[102.85833371698062,15.30000066596327]]]},"id":"000900000000000025e2","properties":{"HYBAS_ID":4121108090,"NEXT_DOWN":4121107560,"ORDER":4,"SUB_AREA":76.6,"UP_AREA":498.6}},{"type":"Feature","geometry":{"type":"Polygon","coordinates":[[[102.81610152430416,15.547048237757837],[102.82304436785613,15.545264570313286],[102.83266716365462,15.536538111003182],[102.83390226412224,15.524061594564158],[102.82556826134085,15.514710810106351],[102.82500191189607,15.512499111372552],[102.82500191189607,15.508334269016014],[102.82083264866411,15.50833434781147],[102.82118495904105,15.489240471841166],[102.82464520263804,15.485757844805113],[102.82535423463747,15.48091080017266],[102.82881442413758,15.477423850910395],[102.82916675818022,15.474998090386832],[102.84492071032275,15.475608987862708],[102.84668210279405,15.4824804804119],[102.8522114065629,15.483898389498167],[102.8562513360538,15.487033202958024],[102.8602912268104,15.48389847883746],[102.86581607009724,15.482480402364004],[102.86780486557583,15.474735008131699],[102.87279007932476,15.47860103950776],[102.88333144161163,15.47916735069558],[102.88368815085452,15.481593054350075],[102.89131318577725,15.489240442579309],[102.89202217503504,15.49409191023937],[102.89581689732667,15.497917888770859],[102.89202217503504,15.501743718152436],[102.89131318577725,15.506590820517937],[102.88785293940755,15.510073379041794],[102.8875006954274,15.51249907842254],[102.88333144161163,15.512499086648237],[102.88297912313956,15.514924853706537],[102.87118482288855,15.526741478711925],[102.87083254019551,15.533332039033315],[102.86998085081811,15.536649581574668],[102.86445607820133,15.53806763046451],[102.8480420676077,15.553598624994327],[102.84228986039011,15.555074644922163],[102.84109925665469,15.577209607023901],[102.83710389659748,15.58236429935123],[102.83333148709558,15.58333193153477],[102.83001841925064,15.582480237168019],[102.82860039158885,15.576955449037376],[102.82556826134085,15.573044820100028],[102.82429296974988,15.563386383574148],[102.81732337847313,15.56159826476172],[102.81610152430416,15.547048237757837]]]},"id":"000900000000000025e6","properties":{"HYBAS_ID":4121106590,"NEXT_DOWN":4121107370,"ORDER":4,"SUB_AREA":52.4,"UP_AREA":3079.4}},{"type":"Feature","geometry":{"type":"Polygon","coordinates":[[[102.87881432858119,15.68504848912913],[102.87951894203859,15.668407100931745],[102.88297912313956,15.664924523554054],[102.88369262838316,15.660041862246986],[102.88924419033881,15.65452150698649],[102.89825601742328,15.653812452391167],[102.91007713200167,15.642018167614745],[102.91495538671397,15.641309162569357],[102.92048020473659,15.635757558253399],[102.92083245770856,15.620832967482935],[102.94409116306706,15.620480719736015],[102.94757367134582,15.61702041627751],[102.9524251593027,15.616311433958922],[102.95590773235382,15.612851200618541],[102.9607592915819,15.61214667312202],[102.96424184129594,15.608686339755996],[102.97325814088356,15.607981875185212],[102.9767406989459,15.604521588315075],[102.98333127283722,15.604164850510664],[102.98429887180055,15.607370901526094],[102.98963635745784,15.608976220587332],[102.99369865574981,15.61185676394442],[103.01172681543356,15.613239077835107],[103.01249820985339,15.620832972196268],[103.0166674453583,15.620832947683324],[103.01701971481718,15.652425659973117],[103.0225445371914,15.657977281454889],[103.0274228460128,15.658686240723872],[103.03090985776649,15.662146574691247],[103.03575685545361,15.662855572316834],[103.04583446244544,15.672901857488801],[103.04202193356878,15.67674120202822],[103.04166519638677,15.687500993598352],[103.0392439296479,15.687148739432768],[103.03575685545361,15.683688415651407],[103.02674057421098,15.68297945633261],[103.02325798864979,15.679519163296996],[103.01841096062468,15.678814671465673],[103.01492395506536,15.675354360815035],[102.9975735589617,15.67464539606318],[102.9940910175746,15.671185148535685],[102.95590773235382,15.670480625524005],[102.9524251593027,15.667020305059832],[102.94411786607246,15.66631134863199],[102.93159225858594,15.678814646461737],[102.91840675452913,15.679519220610105],[102.91492412366364,15.68297950343974],[102.90590788335463,15.683688437857791],[102.90242526366347,15.687148764330589],[102.8975737717702,15.687853261850833],[102.88992647637731,15.69547830528588],[102.8875006954274,15.695835030184831],[102.8871484524833,15.693409279531796],[102.87881432858119,15.68504848912913]]]},"id":"000900000000000025e8","properties":{"HYBAS_ID":4121580800,"NEXT_DOWN":4121581240,"ORDER":4,"SUB_AREA":92.1,"UP_AREA":962.2}},{"type":"Feature","geometry":{"type":"Polygon","coordinates":[[[102.62083306581303,15.616668137097454],[102.62145291749597,15.606171410129923],[102.62438254119097,15.60215829041755],[102.62561764290034,15.597841832275082],[102.6285472842319,15.593828618316543],[102.62983157710188,15.567667060835115],[102.63657373462026,15.56574075703821],[102.63811657137718,15.560340761271117],[102.64105064611222,15.556327592809572],[102.6422858376073,15.552006777038804],[102.64521546154245,15.547993512089262],[102.64662900061899,15.538295046248594],[102.65779904323294,15.536667445759056],[102.66604834859241,15.527160634354047],[102.66728354259183,15.522839788763239],[102.67854724026454,15.510492526721958],[102.67978239136971,15.506171643998691],[102.68277886810236,15.502073700496988],[102.67145280239784,15.489659583399938],[102.67021765185189,15.48117391568313],[102.6631187258492,15.472991462821048],[102.66249891471644,15.470833278147815],[102.65833409379803,15.470833253748049],[102.65890042988727,15.464456760776814],[102.67541248843627,15.447008303331629],[102.6686212825382,15.445264771707729],[102.66471063818238,15.44223260469871],[102.64682517838547,15.441033118658106],[102.63806750867751,15.431379107008864],[102.63750118644475,15.424998186415436],[102.63841532862085,15.421430927823188],[102.65833409379803,15.420833398587215],[102.68658248585658,15.421421955468858],[102.68846869568058,15.428770608491575],[102.6936234101492,15.432765919429995],[102.70327737665238,15.43404124439114],[102.70538204761861,15.442232614839622],[102.71577621764474,15.44097066297869],[102.71788093781264,15.432765899168993],[102.72304457509526,15.433898504178348],[102.72695524169224,15.43693072225644],[102.72916695698981,15.437501511580445],[102.72854714642781,15.439659697610463],[102.72561744815944,15.443672862478888],[102.72438233930174,15.447993774647934],[102.7207570494231,15.452952231138262],[102.72839993203614,15.455137222491196],[102.72996064194872,15.465874712021868],[102.73965916519262,15.467283794814692],[102.74536236549078,15.471453120880343],[102.75215802142402,15.470217932169572],[102.7562515472013,15.467230318036261],[102.76041634281702,15.470271386993826],[102.76450533159432,15.467283857391555],[102.77299546586416,15.46604868044863],[102.77700866537768,15.463119048319346],[102.80833380936369,15.462499217607993],[102.80922120660776,15.465959453109573],[102.81887508558472,15.467234733505926],[102.82695501278506,15.474431752635766],[102.82916675818022,15.474998090386832],[102.82881442413758,15.477423850910395],[102.82535423463747,15.48091080017266],[102.82464520263804,15.485757844805113],[102.82118495904105,15.489240471841166],[102.82083264866411,15.50833434781147],[102.81982933761566,15.511839177396734],[102.78950744518744,15.513118922298611],[102.7854942598509,15.516048589555496],[102.77700866537768,15.517283704145974],[102.77299546586416,15.520217834298277],[102.75786568622158,15.521452955872379],[102.75215802142402,15.517283766852563],[102.74953168698843,15.516048551540663],[102.74382845996413,15.520217845356399],[102.73950755247593,15.521453026917358],[102.73502169338133,15.52472596265948],[102.73271639774923,15.529635440996115],[102.73688114967754,15.535338606096762],[102.73811630228525,15.542401854964792],[102.72978229910339,15.552006768657085],[102.72854714642781,15.556327584700131],[102.71722103335513,15.568741757791788],[102.72067682770418,15.573468361524213],[102.71992765593946,15.579465873530554],[102.71466149487658,15.575617647402565],[102.71203056324013,15.574382556256095],[102.70632740424901,15.578547300015089],[102.702006562579,15.579782482400589],[102.68549451074068,15.595215426550217],[102.68117365009694,15.596450582515523],[102.66882634851872,15.607714276448066],[102.65902083033315,15.609141230109504],[102.65833409379803,15.620832967012047],[102.65174357444297,15.620480659108129],[102.64409177464094,15.612851214976532],[102.6274548580377,15.612146603372295],[102.62325879315644,15.616311472471171],[102.62083306581303,15.616668137097454]]]},"id":"000900000000000025ec","properties":{"HYBAS_ID":4121106680,"NEXT_DOWN":4121106590,"ORDER":4,"SUB_AREA":206.9,"UP_AREA":1876.9}},{"type":"Feature","geometry":{"type":"Polygon","coordinates":[[[102.8619322383331,15.717604399292053],[102.86314508279636,15.700905008568538],[102.8688750331299,15.699433546079197],[102.87279007932476,15.696401346061345],[102.88992647637731,15.69547830528588],[102.8975737717702,15.687853261850833],[102.90242526366347,15.687148764330589],[102.90590788335463,15.683688437857791],[102.91492412366364,15.68297950343974],[102.91840675452913,15.679519220610105],[102.93159225858594,15.678814646461737],[102.94411786607246,15.66631134863199],[102.9524251593027,15.667020305059832],[102.95590773235382,15.670480625524005],[102.9940910175746,15.671185148535685],[102.9975735589617,15.67464539606318],[103.01492395506536,15.675354360815035],[103.01841096062468,15.678814671465673],[103.02325798864979,15.679519163296996],[103.02674057421098,15.68297945633261],[103.03575685545361,15.683688415651407],[103.0392439296479,15.687148739432768],[103.049196633535,15.688236713346429],[103.0508330923915,15.699464755057742],[103.06033991493207,15.707714099153273],[103.06666736254586,15.70833394064935],[103.06729164903828,15.719923068986063],[103.07414977742893,15.721684491304448],[103.07584865126783,15.728315124944384],[103.08137798023475,15.729733152208214],[103.0869116916038,15.734352747911418],[103.0875002885838,15.762498585298959],[103.08507450976228,15.762146306529093],[103.08159202151553,15.758686062265637],[103.05662100830038,15.757981521766782],[103.0524249991159,15.762146346484958],[103.03995290758463,15.762855377029265],[103.03575685545361,15.758686075807478],[103.0316188751797,15.75798149662662],[103.0274228460128,15.762146297183472],[103.01911551065213,15.762855344713996],[103.01075917365917,15.754521236156055],[103.00416860425075,15.754164553381402],[103.00320102262941,15.75039660808103],[102.9965792274047,15.74526420265173],[102.9811239775957,15.746401248599405],[102.97574627461714,15.750566044117962],[102.97278993569354,15.749433478672247],[102.9688792762421,15.746401236562214],[102.95612181671494,15.745264179866487],[102.94677106751288,15.736934617614743],[102.93112403928846,15.738067194317855],[102.92708413157307,15.74119744945339],[102.92158158052321,15.736934612462639],[102.91338135492518,15.738236627814553],[102.91165120831302,15.744983234783684],[102.90612187883869,15.74640126251608],[102.902211274771,15.749433420536182],[102.88528900970681,15.750566084485168],[102.88137838297308,15.753598241167628],[102.87500179737857,15.754164563430034],[102.87403419861582,15.75039660498784],[102.8688750331299,15.746401272366882],[102.8619322383331,15.744617635042433],[102.8630692412529,15.735289183617024],[102.87037772572513,15.727084412727697],[102.8619322383331,15.717604399292053]]]},"id":"000900000000000025ed","properties":{"HYBAS_ID":4121580570,"NEXT_DOWN":4121580800,"ORDER":4,"SUB_AREA":170.8,"UP_AREA":870.2}},{"type":"Feature","geometry":{"type":"Polygon","coordinates":[[[102.79583497137631,15.191666778325526],[102.79618720749427,15.185076236020734],[102.80798153713589,15.173259604652253],[102.80868608263799,15.168408085155164],[102.8204804270804,15.156591454314192],[102.82118495904105,15.151740008631233],[102.82881442413758,15.144092674070876],[102.82916675818022,15.141666871894628],[102.83575730837171,15.14201916215081],[102.83995333593802,15.146188398599932],[102.84409132281682,15.145479381454168],[102.84757391146307,15.142019137252811],[102.85242539379006,15.141314599374551],[102.85590796261903,15.137854353159122],[102.85833371698062,15.137502090510026],[102.85890004942331,15.139709336868107],[102.8619322383331,15.143624473424666],[102.8630692412529,15.152212681590552],[102.87026623894482,15.160288056565117],[102.87175112849194,15.166084924099467],[102.8823950300358,15.175569428740046],[102.88668023085175,15.174022141544569],[102.88871353586214,15.166098322427702],[102.8980420359686,15.167235337936171],[102.90195707016088,15.17026752555964],[102.91249845190124,15.17083388240574],[102.92325820981681,15.170481625812101],[102.92674081856514,15.16702131279707],[102.94825593711435,15.166312371523027],[102.95590773235382,15.158687275463729],[102.96079047867354,15.157973843565161],[102.96631528909575,15.152422212232837],[102.96701980029708,15.147575217081199],[102.9704801265004,15.144092624281608],[102.97083234978552,15.141666862641541],[102.97500164785706,15.141666877021663],[102.97535388429885,15.1440926165784],[102.97881418515904,15.1475752048519],[102.97951868124336,15.15171324412781],[102.97501500277454,15.156248118038691],[102.97881418515904,15.160074060701822],[102.97951868124336,15.1649255815614],[102.98297892533296,15.1684081144501],[102.98368792687778,15.173259618235095],[102.98714820212335,15.176742213951282],[102.98785274664868,15.180880194387074],[102.98368792687778,15.185076245943115],[102.98297892533296,15.194092512368323],[102.97951868124336,15.197575138222623],[102.97916643268908,15.208334871657575],[102.97584889728363,15.209182125339765],[102.97500164785706,15.21249973172522],[102.96841108799306,15.212852018347023],[102.95869024369483,15.222546100772089],[102.95798121288888,15.230880080847385],[102.96214602679859,15.235076168641944],[102.96285508203823,15.243378972287902],[102.95868576337313,15.247575008045757],[102.95798121288888,15.251713031868848],[102.96248496013114,15.256247932338168],[102.95868576337313,15.260073845752098],[102.95833348761747,15.27499844869496],[102.95590773235382,15.274646208272419],[102.94825593711434,15.267021168824103],[102.93924413850506,15.266312106166573],[102.93159225858594,15.258687041884032],[102.92674081856514,15.257978073212367],[102.9229149077251,15.254183413809782],[102.91908894292504,15.257978075067177],[102.90833359763707,15.258334802923565],[102.90487338697135,15.257447484234143],[102.90359803845365,15.247789005844677],[102.89960269568533,15.242634313419831],[102.89362305747828,15.241100366108657],[102.88137838297308,15.229734142620355],[102.87695492749855,15.228601533935137],[102.87304430981797,15.225569300636215],[102.8686208992894,15.224432252783693],[102.86054543070246,15.217235257896434],[102.85501617937898,15.215817301927142],[102.85327704569455,15.209043913084257],[102.84362309443138,15.20776413813635],[102.83137845696568,15.196402354219309],[102.82425277981555,15.19526528612074],[102.81887508558472,15.199434531810976],[102.81573141684817,15.200567123992505],[102.80637627699208,15.192233107494886],[102.79583497137631,15.191666778325526]]]},"id":"000900000000000025ee","properties":{"HYBAS_ID":4121109470,"NEXT_DOWN":4121108090,"ORDER":4,"SUB_AREA":151.0,"UP_AREA":318.1}},{"type":"Feature","geometry":{"type":"Polygon","coordinates":[[[102.85833371698062,15.137502090510026],[102.85890004942331,15.131121145142892],[102.86620406520278,15.122925309551443],[102.8619322383331,15.117413867790125],[102.8630692412529,15.114457465779894],[102.86610144827513,15.110542360609672],[102.86723410176243,15.101954101120157],[102.87026623894482,15.098043526609768],[102.87139884412966,15.089455292545697],[102.87452914608829,15.08541530250709],[102.87026623894482,15.079912781797908],[102.8714702138904,15.063494395838777],[102.88528900970681,15.050567416443029],[102.8909564538214,15.049113789023872],[102.89223175569698,15.039455399945277],[102.8994332295706,15.031375459637434],[102.9003562520546,15.005882776956053],[102.91007713200166,14.996188725668281],[102.91666766586285,14.995832029511753],[102.91751933579329,14.999149567740332],[102.92304418381346,15.000567515793216],[102.93528889233687,15.011933803146755],[102.94081367757074,15.013351804604108],[102.94223619705079,15.018876657490825],[102.95481078655598,15.032427822414084],[102.9616510698755,15.034184747797015],[102.96306909085472,15.039709568251112],[102.9661012745341,15.043624672777385],[102.9666675881111,15.045831930387562],[102.96334995603804,15.046683562788441],[102.96193201961616,15.052208365969554],[102.95889985265704,15.056123454688843],[102.95776721308142,15.060542466814416],[102.95359798212978,15.065920127008617],[102.9551720124215,15.070022490003476],[102.95833348761747,15.070834032959526],[102.95798121288888,15.073259844419837],[102.95418206989154,15.077081289463061],[102.95798121288888,15.080907149019415],[102.95868576337313,15.08575864060381],[102.96214602679859,15.08924120912931],[102.96285508203823,15.094092776057623],[102.9704801265004,15.101740068282329],[102.97118466195433,15.106591574622556],[102.97464493152702,15.11007412238167],[102.97500164785706,15.112499944416058],[102.97464493152702,15.1315893395315],[102.97118466195433,15.135076355628847],[102.9704801265004,15.144092624281608],[102.96701980029708,15.147575217081199],[102.96631528909575,15.152422212232837],[102.96079047867354,15.157973843565161],[102.95590773235382,15.158687275463729],[102.94825593711435,15.166312371523027],[102.92674081856514,15.16702131279707],[102.92325820981681,15.170481625812101],[102.91249845190124,15.17083388240574],[102.90195707016088,15.17026752555964],[102.8980420359686,15.167235337936171],[102.88871353586214,15.166098322427702],[102.88668023085175,15.174022141544569],[102.8823950300358,15.175569428740046],[102.87175112849194,15.166084924099467],[102.87026623894482,15.160288056565117],[102.8630692412529,15.152212681590552],[102.8619322383331,15.143624473424666],[102.85890004942331,15.139709336868107],[102.85833371698062,15.137502090510026]]]},"id":"000900000000000025f2","properties":{"HYBAS_ID":4121582660,"NEXT_DOWN":4121109470,"ORDER":4,"SUB_AREA":167.2,"UP_AREA":167.3}},{"type":"Feature","geometry":{"type":"Polygon","coordinates":[[[102.81249859747416,15.854168809725978],[102.81604361267728,15.853259167591707],[102.81666783130825,15.841665532724306],[102.82043585103017,15.840697886845335],[102.82443117759722,15.83554312710281],[102.82556826134085,15.826954915529852],[102.8327651884257,15.818874991052251],[102.83418317799106,15.813350217830552],[102.84081393830331,15.811651319180214],[102.84251725775452,15.805016150979034],[102.84960277691127,15.803196796809292],[102.85359811732042,15.798042135608918],[102.85416442728145,15.791665630157022],[102.85748202897081,15.7908138692654],[102.85833371698062,15.78750082719891],[102.86186087427107,15.786595614787357],[102.8630692412529,15.768620915455559],[102.87443108698146,15.756376221357804],[102.87500179737857,15.754164563430034],[102.88137838297308,15.753598241167628],[102.88528900970681,15.750566084485168],[102.902211274771,15.749433420536182],[102.90612187883869,15.74640126251608],[102.91165120831302,15.744983234783684],[102.91338135492518,15.738236627814553],[102.92158158052321,15.736934612462639],[102.92708413157307,15.74119744945339],[102.93112403928846,15.738067194317855],[102.94677106751288,15.736934617614743],[102.95612181671494,15.745264179866487],[102.9688792762421,15.746401236562214],[102.97278993569354,15.749433478672247],[102.97574627461714,15.750566044117962],[102.9811239775957,15.746401248599405],[102.9965792274047,15.74526420265173],[103.00320102262941,15.75039660808103],[103.00416860425075,15.754164553381402],[103.00416860425075,15.758333822756503],[103.00359780925615,15.764710335673506],[102.98682273170188,15.782439744240573],[102.97987541192803,15.784218890653813],[102.97860014849712,15.793877293092185],[102.97556791522392,15.79778789881665],[102.97443090223346,15.800748808602123],[102.97860014849712,15.806121988004088],[102.97973271952813,15.825746472174076],[102.97556791522392,15.83112417281686],[102.97443090223346,15.835543117219467],[102.97139868550826,15.839458263148831],[102.97026610457095,15.843877207702763],[102.96723390433962,15.847787856886368],[102.96595859837004,15.857446212131155],[102.96249831366707,15.85833362708525],[102.96029104692,15.857767344758491],[102.95221116933945,15.850565891475581],[102.94255276371814,15.849290517427232],[102.94109905849054,15.843623041149181],[102.93600235711584,15.837514093598138],[102.93137821776203,15.841099152695344],[102.9225759977698,15.842022188118703],[102.91875004375174,15.845816886820169],[102.91492412366364,15.842022206773581],[102.89828727613306,15.841313186098413],[102.89409121844311,15.845478001026862],[102.88507496361225,15.846186977661933],[102.87742311108241,15.853812111602249],[102.87257605559255,15.854521043966804],[102.8687502046267,15.858320251604717],[102.86492430060423,15.854521101043911],[102.8607817284523,15.853812061284628],[102.83992656837293,15.87464498552376],[102.83091027859302,15.87535395903294],[102.82742326333572,15.878814292587593],[102.82500191189607,15.879166519444233],[102.82154165790952,15.878279161956156],[102.82026632179512,15.8686207635953],[102.81723414101404,15.864710144891978],[102.81610152430416,15.860291139596125],[102.81306936216161,15.85637602944662],[102.81249859747416,15.854168809725978]]]},"id":"000900000000000025f3","properties":{"HYBAS_ID":4121103680,"NEXT_DOWN":4121580570,"ORDER":4,"SUB_AREA":178.3,"UP_AREA":362.4}},{"type":"Feature","geometry":{"type":"Polygon","coordinates":[[[102.63750118644474,15.270833710446365],[102.63838851928841,15.267373381713963],[102.64804246926498,15.266098134190361],[102.65195763581002,15.263065916819578],[102.657937230803,15.261531982239445],[102.66193256112491,15.256377242198239],[102.66335059722674,15.25085246213973],[102.66666817860946,15.25000078850671],[102.67720947409437,15.249434454429295],[102.68112456924986,15.24640229113122],[102.68970833426758,15.245265180721958],[102.6936234101492,15.242233024838418],[102.71054574795777,15.241100363166955],[102.71445634846742,15.238068213909052],[102.7202487164422,15.23657885607217],[102.72860063115422,15.227210311911053],[102.73001859904772,15.221685479321172],[102.73554341845892,15.220267473228812],[102.74362335028485,15.213066006733696],[102.75221160458821,15.211933414712343],[102.76029145293747,15.204731984935476],[102.7688752212096,15.203599382499936],[102.77279030541573,15.200567128783266],[102.77500200471607,15.200000843474122],[102.77916684823857,15.20000088364464],[102.77951912244008,15.214925437691253],[102.78297937756594,15.218408055282504],[102.78368833579233,15.223259562279228],[102.78714862523431,15.226742068043714],[102.78785313453457,15.23088008482769],[102.78368833579233,15.235076122079834],[102.78297937756594,15.243379022325508],[102.78714862523431,15.247575026564123],[102.78785313453457,15.264211906911646],[102.78368833579233,15.268407917842424],[102.78333166313165,15.270833651503386],[102.77987578359553,15.271721021556788],[102.77860054510002,15.281374948680428],[102.7713991006821,15.28945490102046],[102.77026648390643,15.296580506425276],[102.77443124812888,15.301958179592036],[102.77556837831787,15.306377174015708],[102.77860054510002,15.31028782928442],[102.77973315409136,15.32598828759664],[102.76723426802752,15.339454742878996],[102.76609721812609,15.343878225424463],[102.75473539046733,15.356122938864754],[102.75359837342117,15.360541853348186],[102.74525090849843,15.369914902551006],[102.74166575029038,15.370833490710407],[102.74166575029038,15.366668663118054],[102.7352893073671,15.367235001329236],[102.72720942243343,15.374431928057867],[102.71788093781264,15.375569052471517],[102.71581637065636,15.367515933444922],[102.7102915156638,15.366097869668087],[102.70637649567713,15.36306570779855],[102.7041647719385,15.3624993863442],[102.70331752538004,15.359186335937238],[102.69650848056618,15.35743831828918],[102.67973331110764,15.339708906805054],[102.67860070215056,15.331120748957895],[102.67556857549,15.327210106514123],[102.67443144971453,15.322791093153807],[102.66723446758935,15.31471118631773],[102.66609742309538,15.310287835069301],[102.66306518343119,15.306377172879493],[102.66193256112491,15.301958155802309],[102.65890042988727,15.2980431179757],[102.65776776046401,15.293624134104368],[102.63806750867751,15.273045348276115],[102.63750118644474,15.270833710446365]]]},"id":"000900000000000025f6","properties":{"HYBAS_ID":4121108070,"NEXT_DOWN":4121582000,"ORDER":4,"SUB_AREA":180.8,"UP_AREA":5919.1}},{"type":"Feature","geometry":{"type":"Polygon","coordinates":[[[102.5333321217226,15.229167809627919],[102.53575784677562,15.228815553446227],[102.53924045203784,15.225355254900439],[102.54166621449536,15.22499858867151],[102.54166621449536,15.22083373438838],[102.54409194068391,15.220481468461585],[102.54757453622089,15.217021207559165],[102.5524527286583,15.216307819936151],[102.57881493608754,15.189923274837968],[102.57951950304818,15.180907015685321],[102.58714453093975,15.173259608486587],[102.58750130557979,15.162499839060938],[102.59126922486229,15.163467431255444],[102.59526462345602,15.16862213861219],[102.59680296889783,15.174606300276302],[102.60195773584535,15.178597148058131],[102.6074825320831,15.180019633008202],[102.60890051633334,15.18554444238027],[102.61193274331927,15.18945508104099],[102.61306531597852,15.193878492760586],[102.61723455767188,15.199251733780107],[102.61609747686902,15.202212542533383],[102.61193274331927,15.207585788048178],[102.61306531597852,15.218876247478534],[102.61609747686902,15.222791314311984],[102.61723455767188,15.227210287206713],[102.6202667401177,15.231120900386331],[102.62139939427612,15.23554436289606],[102.6244315981042,15.239454990034497],[102.62561764290034,15.261496294413726],[102.63528945474148,15.270267373757465],[102.63750118644474,15.270833710446365],[102.63806750867751,15.273045348276115],[102.65776776046401,15.293624134104368],[102.65890042988727,15.2980431179757],[102.66193256112491,15.301958155802309],[102.66306518343119,15.306377172879493],[102.66609742309538,15.310287835069301],[102.66723446758935,15.31471118631773],[102.67443144971453,15.322791093153807],[102.67556857549,15.327210106514123],[102.67860070215056,15.331120748957895],[102.67973331110764,15.339708906805054],[102.69650848056618,15.35743831828918],[102.70331752538004,15.359186335937238],[102.7041647719385,15.3624993863442],[102.69673138971014,15.3631593795631],[102.69526438711841,15.368875887265462],[102.69070720697097,15.374342740715608],[102.68333182545953,15.374998287301084],[102.68297957668341,15.368380980393193],[102.67742349461699,15.362851715613385],[102.66445641798015,15.361933113544561],[102.6605458257958,15.358900922098131],[102.65612240382097,15.357763835343707],[102.65065557398567,15.353206623999986],[102.64943378710274,15.339454734369582],[102.64640154347121,15.33554416720532],[102.64526452726095,15.331120720011118],[102.64074741377729,15.325702926232392],[102.63112464486046,15.324432061180458],[102.62720956728363,15.32139987435289],[102.62168479333462,15.319981919831674],[102.6202667401177,15.314457091921652],[102.61627144136213,15.309302290871909],[102.61028733557724,15.307763952044564],[102.60513254765712,15.303768555609917],[102.60359864582092,15.297788940842539],[102.59101954440752,15.284237734483824],[102.58418371179923,15.282480851337418],[102.58248037760907,15.275850177164688],[102.57584968985051,15.274151193749134],[102.57443167359524,15.268621996058766],[102.57139946804959,15.264711365327948],[102.5702668661924,15.260287929882852],[102.56191493916336,15.25091935431236],[102.55612258394245,15.249434458601842],[102.5397086006779,15.233898898146768],[102.53418381567381,15.23248096345111],[102.5333321217226,15.229167809627919]]]},"id":"000900000000000025fa","properties":{"HYBAS_ID":4121108010,"NEXT_DOWN":4121108020,"ORDER":4,"SUB_AREA":119.7,"UP_AREA":1923.1}},{"type":"Feature","geometry":{"type":"Polygon","coordinates":[[[102.58333199777486,15.420833328612217],[102.58368876062612,15.410073525930082],[102.58714453093975,15.406591015737243],[102.58785352747717,15.401743943433885],[102.5913138013314,15.398256937100394],[102.59166612243833,15.395831159428274],[102.60637664080764,15.39640191636178],[102.61028733557724,15.399434117186301],[102.61471076320694,15.400566726686739],[102.6186213891491,15.403598899168278],[102.62415065995539,15.405016893112364],[102.62556867308778,15.410541729983539],[102.63276561765369,15.41862162752373],[102.63418364849596,15.424150950945819],[102.63750118644475,15.424998186415436],[102.63806750867751,15.431379107008864],[102.64682517838547,15.441033118658106],[102.66471063818238,15.44223260469871],[102.6686212825382,15.445264771707729],[102.67541248843627,15.447008303331629],[102.65890042988727,15.464456760776814],[102.65833409379803,15.470833253748049],[102.6477883730889,15.471399535899364],[102.6438777277559,15.474431772162022],[102.63945423882572,15.475568863229201],[102.63554361119134,15.478601051875225],[102.6258852689855,15.479876300009288],[102.62419078142047,15.48649366040759],[102.62008838970615,15.488067702163685],[102.61471076320694,15.483898472347974],[102.60954710680357,15.482765839444117],[102.6074825320831,15.490814501111227],[102.60416497756201,15.491666215249627],[102.60174367917014,15.491313889998985],[102.59619209485705,15.48578906579834],[102.59583538094314,15.483332166218648],[102.59636156281559,15.481084717470157],[102.59946948284886,15.4772498924294],[102.6005308156087,15.472750690950214],[102.60416497756201,15.46826486080975],[102.59808270574547,15.46302981499267],[102.58842433590762,15.461848183926124],[102.5870197388923,15.457335602065651],[102.59126922486229,15.452082716730027],[102.58697069784391,15.446771985701167],[102.58802744947681,15.443583738203728],[102.59544293560424,15.43542797418403],[102.59219675175692,15.431414825477173],[102.59113549555823,15.42692001383076],[102.58802744947681,15.423080798950386],[102.58750130557979,15.420833404843656],[102.58333199777486,15.420833328612217]]]},"id":"000900000000000025fb","properties":{"HYBAS_ID":4121107060,"NEXT_DOWN":4121106680,"ORDER":4,"SUB_AREA":55.2,"UP_AREA":1500.1}},{"type":"Feature","geometry":{"type":"Polygon","coordinates":[[[102.57916721902964,15.137502054126545],[102.58275236995753,15.136579080488726],[102.5910997643755,15.127210443271245],[102.59223239570183,15.122791528421725],[102.59526462345602,15.118876404955039],[102.5967227449686,15.113208873674761],[102.60637664080764,15.11193358679117],[102.61041661989559,15.108803354079768],[102.61591913287646,15.113066236669031],[102.61887550907144,15.111933626182903],[102.62425324128348,15.107764331066251],[102.6438777277559,15.1089014332013],[102.6477883730889,15.111933589109197],[102.66160263491926,15.113159866997384],[102.66306518343119,15.118876423149239],[102.66609742309538,15.12279152818026],[102.66723446758935,15.131375263123816],[102.68276554597294,15.147789270911982],[102.68418348482808,15.153314052236853],[102.68750113285013,15.154165778252418],[102.68992237769956,15.153813469845698],[102.6934093599398,15.150353217085607],[102.69583510994785,15.150000976942929],[102.69583510994785,15.154165734972498],[102.71145090706912,15.154852473851726],[102.71314087756912,15.16046644221313],[102.7209844761026,15.16962541222933],[102.72713358024366,15.171476006674165],[102.73120028126469,15.174356597989284],[102.73546765857282,15.175640760729824],[102.73958340265389,15.178561498221463],[102.74615607211368,15.174356534878275],[102.75290722326315,15.179141165484172],[102.75481125046026,15.185468592506469],[102.7586237822896,15.190846337971681],[102.7742306463075,15.192438240783265],[102.77500200471607,15.200000843474122],[102.77279030541573,15.200567128783266],[102.7688752212096,15.203599382499936],[102.76029145293747,15.204731984935476],[102.75221160458821,15.211933414712343],[102.74362335028485,15.213066006733696],[102.73554341845892,15.220267473228812],[102.73001859904772,15.221685479321172],[102.72860063115422,15.227210311911053],[102.7202487164422,15.23657885607217],[102.71445634846742,15.238068213909052],[102.71054574795777,15.241100363166955],[102.6936234101492,15.242233024838418],[102.68970833426758,15.245265180721958],[102.68112456924986,15.24640229113122],[102.67720947409437,15.249434454429295],[102.66666817860946,15.25000078850671],[102.66335059722674,15.25085246213973],[102.66193256112491,15.256377242198239],[102.657937230803,15.261531982239445],[102.65195763581002,15.263065916819578],[102.64804246926498,15.266098134190361],[102.63838851928841,15.267373381713963],[102.63750118644474,15.270833710446365],[102.63528945474148,15.270267373757465],[102.62561764290034,15.261496294413726],[102.6244315981042,15.239454990034497],[102.62139939427612,15.23554436289606],[102.6202667401177,15.231120900386331],[102.61723455767188,15.227210287206713],[102.61609747686902,15.222791314311984],[102.61306531597852,15.218876247478534],[102.61193274331927,15.207585788048178],[102.61609747686902,15.202212542533383],[102.61723455767188,15.199251733780107],[102.61306531597852,15.193878492760586],[102.61193274331927,15.18945508104099],[102.60890051633334,15.18554444238027],[102.6074825320831,15.180019633008202],[102.60195773584535,15.178597148058131],[102.59680296889783,15.174606300276302],[102.59526462345602,15.16862213861219],[102.59126922486229,15.163467431255444],[102.58750130557979,15.162499839060938],[102.58714453093975,15.160074060926048],[102.57951950304818,15.152422280185506],[102.57916721902964,15.137502054126545]]]},"id":"00090000000000002600","properties":{"HYBAS_ID":4121582420,"NEXT_DOWN":4121108070,"ORDER":4,"SUB_AREA":193.6,"UP_AREA":5738.3}},{"type":"Feature","geometry":{"type":"Polygon","coordinates":[[[102.4416664090336,15.41249930640457],[102.44201861951056,15.410073537331627],[102.44547894663057,15.406590974350397],[102.44618794056736,15.393378651991476],[102.45174397894142,15.387853868417432],[102.45416525855347,15.3875015946789],[102.4551328751398,15.391269563423245],[102.46028757110261,15.395264872367058],[102.46471099189107,15.396401944073059],[102.46862167152265,15.399434175544139],[102.47415089838033,15.400852136978475],[102.47588551878924,15.407625527765754],[102.48554395392546,15.408900801836912],[102.48958388497222,15.412031097258081],[102.49362387162562,15.408900778639861],[102.50221208559873,15.407768233370687],[102.50758524337068,15.403598911050073],[102.51471093020494,15.40473600598222],[102.52279081036407,15.411933022314544],[102.5563767413861,15.413065640184628],[102.56028740487945,15.416097778215033],[102.58333199777486,15.416668585977037],[102.58333199777486,15.420833328612217],[102.58750130557979,15.420833404843656],[102.58802744947681,15.423080798950386],[102.59113549555823,15.42692001383076],[102.59219675175692,15.431414825477173],[102.59544293560424,15.43542797418403],[102.58802744947681,15.443583738203728],[102.58697069784391,15.446771985701167],[102.59126922486229,15.452082716730027],[102.5870197388923,15.457335602065651],[102.58842433590762,15.461848183926124],[102.59808270574547,15.46302981499267],[102.60416497756201,15.46826486080975],[102.6005308156087,15.472750690950214],[102.59946948284886,15.4772498924294],[102.59636156281559,15.481084717470157],[102.59583538094314,15.483332166218648],[102.59340961541567,15.482979859350625],[102.58992256821068,15.47951963973372],[102.57674145360637,15.478815046441232],[102.56875076448057,15.470846617544662],[102.56492483069152,15.474645844810398],[102.55662205681978,15.475354790323363],[102.55242602681511,15.471185514283595],[102.53924045203784,15.470481021952152],[102.53575784677562,15.467020770452184],[102.5291673156339,15.466668495205711],[102.52584974156248,15.46751570772825],[102.52499810954535,15.470833284814498],[102.52083325630957,15.470833273547896],[102.52022681169902,15.455079301586489],[102.51666846706692,15.454165121511345],[102.51588368041672,15.446513325730887],[102.4916662920552,15.445835527064407],[102.48834875614865,15.444983822448705],[102.48693068445918,15.439454601104172],[102.48293538180167,15.434299865651878],[102.4769556826154,15.432765940816289],[102.46887580955175,15.425568902139897],[102.46445686316784,15.424431865141957],[102.46054177798227,15.421399690264051],[102.45612280564735,15.420267071986924],[102.45221220618375,15.417234875493223],[102.44778874726758,15.416097802355232],[102.44387808505716,15.413065578844318],[102.4416664090336,15.41249930640457]]]},"id":"00090000000000002603","properties":{"HYBAS_ID":4121107550,"NEXT_DOWN":4121107060,"ORDER":4,"SUB_AREA":80.0,"UP_AREA":1120.3}},{"type":"Feature","geometry":{"type":"Polygon","coordinates":[[[102.59113549555823,14.988438780442195],[102.5925801655795,14.984100078704023],[102.59583538094314,14.983333122052318],[102.60221190676567,14.982766804529655],[102.60758509864792,14.978597557916824],[102.61471076320694,14.979734617955867],[102.62279065562441,14.986931615252578],[102.65221174109602,14.988068711041777],[102.65612240382097,14.991100871906276],[102.66993222123646,14.992327176978055],[102.67139925615065,14.998043709405781],[102.67860070215056,15.006123570570374],[102.68013463049904,15.012103270252755],[102.6852894154632,15.016098595044824],[102.69494777783582,15.017373905010688],[102.69672253644858,15.024303326032461],[102.71862115391421,15.045265547549212],[102.72304457509526,15.0464026380515],[102.74778813776486,15.070267749840555],[102.75221160458823,15.071400376810843],[102.76040739704878,15.078704384174639],[102.76445621587771,15.075565154439317],[102.77083274708005,15.074998881918752],[102.77083274708005,15.079168156042204],[102.77500200471607,15.079168166992325],[102.77535426649754,15.085758642383016],[102.78087910719888,15.091310286563774],[102.79825625395452,15.092019218166058],[102.80174328963463,15.095479519251898],[102.81075955889123,15.096188523058155],[102.820475951925,15.105882605385395],[102.82118495904105,15.114925638161225],[102.82464520263804,15.118408189055328],[102.82535423463747,15.135758553370877],[102.82881442413758,15.139241141201342],[102.82916675818022,15.141666871894628],[102.82881442413758,15.144092674070876],[102.82118495904105,15.151740008631233],[102.8204804270804,15.156591454314192],[102.80868608263799,15.168408085155164],[102.80798153713589,15.173259604652253],[102.79618720749427,15.185076236020734],[102.79583497137631,15.191666778325526],[102.7936232332416,15.192233078469869],[102.7897126346576,15.195265280068606],[102.78005420229516,15.196540603548238],[102.77916684823857,15.20000088364464],[102.77500200471607,15.200000843474122],[102.7742306463075,15.192438240783265],[102.7586237822896,15.190846337971681],[102.75481125046026,15.185468592506469],[102.75290722326315,15.179141165484172],[102.74615607211368,15.174356534878275],[102.73958340265389,15.178561498221463],[102.73546765857282,15.175640760729824],[102.73120028126469,15.174356597989284],[102.72713358024366,15.171476006674165],[102.7209844761026,15.16962541222933],[102.71314087756912,15.16046644221313],[102.71145090706912,15.154852473851726],[102.69583510994785,15.154165734972498],[102.69640145277188,15.143624393676236],[102.70056622980758,15.138246778480854],[102.69943368189047,15.12279147004172],[102.69223217844609,15.114711589966],[102.69109962358306,15.09362452648861],[102.67139925615065,15.07304577569049],[102.6702666404742,15.064457532634602],[102.66723446758935,15.060542478590868],[102.66609742309538,15.05195420572259],[102.65890042988727,15.043878818521497],[102.65736651807522,15.037894711210273],[102.65221174109602,15.033899371291259],[102.64255332689814,15.032624032925815],[102.64069834996624,15.025395795197486],[102.63554361119134,15.021400490698634],[102.63112464486046,15.020267848319016],[102.62304478469004,15.013066427583404],[102.6186213891491,15.01193376413272],[102.60637664080764,15.00056754580105],[102.60195773584535,14.999434934819659],[102.59804259332964,14.996402769408668],[102.59583538094314,14.99583195204304],[102.5953047349074,14.993584556166601],[102.59113549555823,14.988438780442195]]]},"id":"0009000000000000260a","properties":{"HYBAS_ID":4121110690,"NEXT_DOWN":4121582420,"ORDER":4,"SUB_AREA":216.3,"UP_AREA":5401.6}},{"type":"Feature","geometry":{"type":"Polygon","coordinates":[[[102.5124991910324,15.470833245819298],[102.51666846706692,15.470833261764904],[102.51666846706692,15.454165121511345],[102.52022681169902,15.455079301586489],[102.52083325630957,15.470833273547896],[102.52499810954535,15.470833284814498],[102.52499810954535,15.479167284223593],[102.51666846706692,15.479167292869501],[102.51581681582775,15.475849740933896],[102.5124991910324,15.474998111411255],[102.5124991910324,15.470833245819298]]]},"id":"0009000000000000260b","properties":{"HYBAS_ID":4121106970,"NEXT_DOWN":4121107550,"ORDER":4,"SUB_AREA":1.8,"UP_AREA":828.1}},{"type":"Feature","geometry":{"type":"Polygon","coordinates":[[[102.47083334752433,15.466668459559259],[102.47168510051723,15.463350921049813],[102.47499812683522,15.46249923919899],[102.48161991904323,15.46214244851619],[102.49131401529999,15.452426064696327],[102.4916662920552,15.445835527064407],[102.51588368041672,15.446513325730887],[102.51666846706692,15.454165121511345],[102.51666846706692,15.470833261764904],[102.5124991910324,15.470833245819298],[102.5124991910324,15.474998111411255],[102.50174382774509,15.475354809885575],[102.49825685038724,15.478815062707785],[102.48507576446768,15.479519630677514],[102.4815931462309,15.48297982770712],[102.47916743305284,15.48333213234697],[102.4797337635583,15.476955639005434],[102.48359981219534,15.471970367606016],[102.47916743305284,15.47083326482859],[102.47826671700032,15.467328447973493],[102.47083334752433,15.466668459559259]]]},"id":"0009000000000000260c","properties":{"HYBAS_ID":4121107040,"NEXT_DOWN":4121106970,"ORDER":4,"SUB_AREA":12.4,"UP_AREA":412.7}},{"type":"Feature","geometry":{"type":"Polygon","coordinates":[[[102.45833450094356,15.166664595019757],[102.46210245972672,15.165697020362954],[102.46609781864393,15.160542227386255],[102.46737312281505,15.150919551317994],[102.47279091917217,15.14640243747979],[102.47720992674257,15.145265338333779],[102.4811249730035,15.14223322495273],[102.48970874607596,15.14110062322709],[102.49778860875195,15.133899119275503],[102.5037727256146,15.13236519672939],[102.50776814520698,15.127210492834472],[102.50890074290389,15.118622274106631],[102.51609766486787,15.110542398457605],[102.51723480858546,15.106123424719945],[102.52026698450719,15.10220828337758],[102.52175181289479,15.09641588933622],[102.53112483705168,15.088068502965262],[102.5366497372949,15.086650534719459],[102.53806772532084,15.081121208857178],[102.54526464141712,15.073045774110692],[102.54674068912755,15.067289115707267],[102.55833428907354,15.066664790080592],[102.55890057367414,15.068876541622817],[102.56193280023003,15.072791596188951],[102.56306540764928,15.085544616802794],[102.5660975688515,15.089455274598148],[102.56723468273043,15.09387869766727],[102.57036493409986,15.0979186118602],[102.5660975688515,15.10342115098452],[102.56723468273043,15.114711596796765],[102.5702668661924,15.118622247267883],[102.57139946804959,15.12304568374566],[102.57443167359524,15.126956352556885],[102.57570695925368,15.136614759875503],[102.57916721902964,15.137502054126545],[102.57951950304818,15.152422280185506],[102.58714453093975,15.160074060926048],[102.58750130557979,15.162499839060938],[102.58714453093975,15.173259608486587],[102.57951950304818,15.180907015685321],[102.57881493608754,15.189923274837968],[102.5524527286583,15.216307819936151],[102.54757453622089,15.217021207559165],[102.54409194068391,15.220481468461585],[102.54166621449536,15.22083373438838],[102.54166621449536,15.22499858867151],[102.53924045203784,15.225355254900439],[102.53575784677562,15.228815553446227],[102.5333321217226,15.229167809627919],[102.53091082451947,15.228815597907364],[102.52742383327421,15.225355287714438],[102.5225768133997,15.224646335256754],[102.51908972577355,15.221186025331432],[102.50590868601401,15.220481510836448],[102.50242613196966,15.21702124114096],[102.49340975425535,15.216312213089484],[102.4899227690006,15.212851987128358],[102.48750151591047,15.21249966512277],[102.48693068445918,15.210288030770828],[102.48389851840405,15.206377376560358],[102.4824136570429,15.200584972716321],[102.47304506651273,15.192233119028897],[102.4592307728923,15.191006854386254],[102.45833450094356,15.187501970707736],[102.45833450094356,15.166664595019757]]]},"id":"0009000000000000260f","properties":{"HYBAS_ID":4121582510,"NEXT_DOWN":4121108010,"ORDER":4,"SUB_AREA":141.5,"UP_AREA":1803.4}},{"type":"Feature","geometry":{"type":"Polygon","coordinates":[[[102.20416573167063,15.495835409740323],[102.20740749079555,15.49490792901552],[102.20895033383934,15.489508025737143],[102.21188447464836,15.485494772899752],[102.21311961791113,15.477004690871016],[102.22021408203454,15.468826683954026],[102.22163646879366,15.459070171784495],[102.23549537570662,15.457714564317603],[102.23950860063869,15.454784940184041],[102.24382501616327,15.453549791823152],[102.24783819375578,15.45061572163278],[102.25405421301288,15.44884102210288],[102.25771507983335,15.443828968465896],[102.25895029819162,15.43950804386896],[102.26604918457649,15.43132566997515],[102.2675919720382,15.425925681568257],[102.27470424865054,15.423892327778026],[102.28271726125858,15.414662011579507],[102.28395240823359,15.406171828727743],[102.28688207236824,15.402158619729663],[102.28811726556091,15.39367296960259],[102.29521609264438,15.38549498498693],[102.29669656774671,15.375332706487235],[102.30200736290827,15.371448787352527],[102.30833482264993,15.370833429327924],[102.31075607745012,15.371185744199876],[102.31840788825961,15.378815231674336],[102.33575827785225,15.379519777039244],[102.33958418674318,15.383318945954944],[102.34828393209192,15.374645956873422],[102.3524263684054,15.37535499474578],[102.3559089437582,15.378815246519205],[102.35833472372269,15.379167538742006],[102.35910609707736,15.382445010600792],[102.36349837661382,15.38381388438187],[102.3698926818948,15.378636925010365],[102.37308096780816,15.379698124709172],[102.3810850334941,15.386970943609072],[102.38557983947943,15.38802774722418],[102.39775320388306,15.399469853794495],[102.40224797513928,15.40053107166989],[102.40608725131403,15.40363904172734],[102.41474675795193,15.404695898037835],[102.41858610914251,15.407803897386842],[102.43141491356465,15.408860691220555],[102.43524975776984,15.411968686737394],[102.4416664090336,15.41249930640457],[102.44387808505716,15.413065578844318],[102.44778874726758,15.416097802355232],[102.45221220618375,15.417234875493223],[102.45612280564735,15.420267071986924],[102.46054177798227,15.421399690264051],[102.46445686316784,15.424431865141957],[102.46887580955175,15.425568902139897],[102.4769556826154,15.432765940816289],[102.48293538180167,15.434299865651878],[102.48693068445918,15.439454601104172],[102.48834875614865,15.444983822448705],[102.4916662920552,15.445835527064407],[102.49131401529999,15.452426064696327],[102.48161991904323,15.46214244851619],[102.47499812683522,15.46249923919899],[102.47168510051723,15.463350921049813],[102.47083334752433,15.466668459559259],[102.45617187815373,15.46728386257584],[102.45208283776888,15.47027142917433],[102.44799385717816,15.467283852275818],[102.43533896411049,15.466048618316071],[102.431325710314,15.463119056792497],[102.42700485895627,15.461883862273057],[102.42299163820026,15.45894978540424],[102.418675302352,15.457714633558012],[102.4146621147868,15.454784995295011],[102.40617197548947,15.453549763306818],[102.40215879489845,15.450615669506421],[102.39783792180222,15.449380565954288],[102.39382468791938,15.446450915987832],[102.38676148449983,15.445215708525584],[102.37610422392356,15.45446393421908],[102.37438301998267,15.460492627302195],[102.36728415157744,15.46867509086003],[102.36565651667006,15.474360426965655],[102.31203137196499,15.475617865453039],[102.30624793465151,15.471395145940559],[102.30215892143498,15.474382750241029],[102.2967590225833,15.475925526037324],[102.29521609264438,15.481325531604769],[102.2797831652903,15.497842042789046],[102.27854797726751,15.502158472853235],[102.27561835792528,15.506171654636686],[102.27438321616495,15.510492480588818],[102.26612943659107,15.5200037366995],[102.25485237052261,15.521644689028841],[102.25355031410166,15.54446643365294],[102.25833487027522,15.545835332120273],[102.25833487027522,15.554164909368232],[102.2517443822654,15.553812660286138],[102.2440925277104,15.546187579321524],[102.23507624309418,15.545478639176451],[102.23158923655492,15.542018379509589],[102.22745565724664,15.541313808028232],[102.22325964439183,15.54547865957573],[102.21912157574373,15.546187611347623],[102.21492553029847,15.542018349925746],[102.21249981883244,15.541666084575796],[102.21249981883244,15.533332050776298],[102.20895932371043,15.53242683005833],[102.20776420096212,15.511754469203538],[102.2120360846628,15.506243023693358],[102.20473207040887,15.49804272297912],[102.20416573167063,15.495835409740323]]]},"id":"00090000000000002612","properties":{"HYBAS_ID":4121107090,"NEXT_DOWN":4121107040,"ORDER":4,"SUB_AREA":245.1,"UP_AREA":245.1}},{"type":"Feature","geometry":{"type":"Polygon","coordinates":[[[102.30833482264993,15.237501900116014],[102.3315890213824,15.237145132116204],[102.33507601731556,15.233684941850639],[102.36666873814205,15.233332622458727],[102.3774241432151,15.233684893833818],[102.3809067065671,15.237145130951149],[102.389922972567,15.237854163268123],[102.39341003136234,15.241314384760031],[102.39825705349625,15.242018913072428],[102.40174402027307,15.245479223442011],[102.41075591917526,15.246188243480432],[102.41495189547256,15.250352988589755],[102.4399228652115,15.249648437006856],[102.44340989220096,15.246188195698139],[102.44825695819473,15.245479184154668],[102.45661773039953,15.237145151603135],[102.47325914562512,15.237854128897663],[102.47674168404122,15.241314454031953],[102.48333225469182,15.2416667086762],[102.48664981963474,15.24251841302236],[102.48750151591047,15.245831495501072],[102.48418392618076,15.246683153878465],[102.48333225469182,15.250000715209033],[102.48298000368464,15.256591269687588],[102.47118564844622,15.268407930943578],[102.47083334752433,15.270833678938313],[102.46751580590387,15.271685313571108],[102.46581691771941,15.278315995572349],[102.46249934745985,15.279167765018332],[102.46128646919914,15.274432151150133],[102.44778874726758,15.275569249674158],[102.44241552450775,15.279734055745879],[102.41445697779211,15.27860139129119],[102.40907930353727,15.274432190836315],[102.38528995938078,15.275569213430309],[102.37709416194066,15.282873279064374],[102.37157824211901,15.278601395390133],[102.36445708842011,15.27973405804454],[102.36054197033847,15.282766234555055],[102.35195820539674,15.28389881662442],[102.34791820673682,15.287029164860288],[102.3424112349831,15.282766212112415],[102.33767567241412,15.284581039937141],[102.33389884805003,15.289454844990017],[102.33333254946017,15.291666577535173],[102.3311208580498,15.291100315421192],[102.32596612307924,15.287104883803682],[102.32443213812996,15.281120785949993],[102.32139996517006,15.277210157503138],[102.3201737517442,15.263400314750802],[102.3133513232429,15.261647936073908],[102.31249963008058,15.258334778351339],[102.30833482264994,15.258334787591457],[102.30833482264993,15.237501900116014]]]},"id":"00090000000000002613","properties":{"HYBAS_ID":4121109630,"NEXT_DOWN":4121107960,"ORDER":4,"SUB_AREA":77.2,"UP_AREA":594.3}},{"type":"Feature","geometry":{"type":"MultiPolygon","coordinates":[[[[102.83333148709558,14.962500207647288],[102.83333148709558,14.958335369289797],[102.83750074986666,14.958335421564259],[102.83664912298345,14.961648555249877],[102.83333148709558,14.962500207647288]]],[[[102.83333148709558,14.962500207647288],[102.83449085885972,14.96655354772022],[102.8395074154175,14.970214453288778],[102.84547363853486,14.97192229119213],[102.85771393187483,14.985339723259479],[102.85949306873037,14.991551283539533],[102.86450514754213,14.99521666339142],[102.87716000450004,14.996451783772365],[102.88117321094747,14.999381403054835],[102.89087172684548,15.000794989947947],[102.89246811606219,15.011764361821562],[102.89999958099469,15.012500083637683],[102.8994332295706,15.031375459637434],[102.89223175569698,15.039455399945277],[102.8909564538214,15.049113789023872],[102.88528900970681,15.050567416443029],[102.8714702138904,15.063494395838777],[102.87026623894482,15.079912781797908],[102.87452914608829,15.08541530250709],[102.87139884412966,15.089455292545697],[102.87026623894482,15.098043526609768],[102.86723410176243,15.101954101120157],[102.86610144827513,15.110542360609672],[102.8630692412529,15.114457465779894],[102.8619322383331,15.117413867790125],[102.86620406520278,15.122925309551443],[102.85890004942331,15.131121145142892],[102.85833371698062,15.137502090510026],[102.85590796261903,15.137854353159122],[102.85242539379006,15.141314599374551],[102.84757391146307,15.142019137252811],[102.84409132281682,15.145479381454168],[102.83995333593802,15.146188398599932],[102.83575730837171,15.14201916215081],[102.82916675818022,15.141666871894628],[102.82881442413758,15.139241141201342],[102.82535423463747,15.135758553370877],[102.82464520263804,15.118408189055328],[102.82118495904105,15.114925638161225],[102.820475951925,15.105882605385395],[102.81075955889123,15.096188523058155],[102.80174328963463,15.095479519251898],[102.79825625395452,15.092019218166058],[102.78087910719888,15.091310286563774],[102.77535426649754,15.085758642383016],[102.77500200471607,15.079168166992325],[102.77535426649754,15.07257755759797],[102.77951912244008,15.0683815316947],[102.77881457508734,15.043410589315712],[102.770480498789,15.035049744161322],[102.77118499642232,15.030907321668307],[102.7749841986828,15.027081360487855],[102.76702025903236,15.019090639269104],[102.76631122544678,15.010074395959021],[102.75452140416093,14.998257764176838],[102.75381235805075,14.985076595564164],[102.74618729082412,14.977424851501485],[102.74583502849612,14.970834248983333],[102.74941566588545,14.969915697740511],[102.75776763574433,14.960542627349874],[102.75904291222989,14.950888680343796],[102.76471038993213,14.94943059743663],[102.76875041008233,14.946300305568718],[102.77279030541573,14.949430607610925],[102.77720927191761,14.950567654871284],[102.78112436927395,14.953599823867593],[102.79804218878735,14.954732430511324],[102.8019572737556,14.957764662505477],[102.80416451750877,14.95833543579746],[102.81475043586025,14.95886162556587],[102.8198918139701,14.963030810697562],[102.8242349663774,14.961586098540248],[102.82500191189607,14.958335382781746],[102.82831501545665,14.959182632106595],[102.82916675818022,14.962500218276924],[102.83333148709558,14.962500207647288]]]]},"id":"0009000000000000261c","properties":{"HYBAS_ID":4121111450,"NEXT_DOWN":4121110690,"ORDER":4,"SUB_AREA":201.2,"UP_AREA":5038.9}},{"type":"Feature","geometry":{"type":"Polygon","coordinates":[[[102.37499838823156,15.004166050713572],[102.40000056712938,15.004166072616767],[102.41054187058849,15.004732311469676],[102.41445697779211,15.007764566868472],[102.42407966764556,15.009035354806237],[102.42860119703367,15.014457675130211],[102.42987651715073,15.024111579447224],[102.43554405150314,15.025565279386578],[102.43945468868547,15.028597427635685],[102.45833450094356,15.0291682512346],[102.45797777862711,15.03992355987251],[102.45418310279125,15.043749500793218],[102.45797777862711,15.047575377500461],[102.4586867631432,15.052422396751474],[102.46702083369887,15.06078325290788],[102.46631179720397,15.06909059518408],[102.46214707344289,15.073286577968764],[102.46285153509002,15.098257580475128],[102.46702083369887,15.102453579935897],[102.46631179720397,15.110756367934416],[102.46285153509002,15.11424343795476],[102.46214707344289,15.127424485637892],[102.4586867631432,15.130907077369704],[102.45797777862711,15.135758598922626],[102.44964821992058,15.144119407691472],[102.4503571524375,15.156622730954648],[102.45590875879525,15.162147576073881],[102.45833450094356,15.16249977526478],[102.45833450094356,15.187501970707736],[102.43924067327126,15.187145264525208],[102.43159332027672,15.17952022228795],[102.42499823078863,15.179167898089101],[102.42464598577735,15.176742191190288],[102.41285165813258,15.164925601921917],[102.4121471574345,15.155909271964447],[102.40868688726239,15.15242220851541],[102.40797786585921,15.147575221194023],[102.40035282275423,15.139923367327306],[102.39964831260427,15.135076334995219],[102.39618798838887,15.131589354778958],[102.39547904550332,15.1267422918883],[102.39201876178686,15.123259674740888],[102.3913142162747,15.118408237919429],[102.38714499509517,15.114212187662808],[102.38785397298635,15.093410459691803],[102.39618798838887,15.085049693165937],[102.39547904550332,15.07257759092338],[102.38785397298635,15.06492578013047],[102.38714499509517,15.051740228549388],[102.38368470501787,15.048257655838265],[102.38298012420438,15.04341058067357],[102.37535511105459,15.035758787968334],[102.37499838823156,15.033333000987765],[102.37499838823156,15.004166050713572]]]},"id":"0009000000000000261e","properties":{"HYBAS_ID":4121110530,"NEXT_DOWN":4121582510,"ORDER":4,"SUB_AREA":133.3,"UP_AREA":1422.2}},{"type":"Feature","geometry":{"type":"Polygon","coordinates":[[[102.17499872985195,15.195831612286138],[102.17916803743249,15.19583162279994],[102.17952029327522,15.189241024574347],[102.18331944033949,15.185415085997692],[102.17952029327522,15.181589253261262],[102.17916803743249,15.174998651994517],[102.18162050146181,15.17464191572776],[102.19964865381777,15.156591473347614],[102.20035321047223,15.135076324053822],[102.20381348423265,15.131589338407407],[102.20416573167063,15.104165883835208],[102.20501746643716,15.100852732186143],[102.21054225068747,15.099434737831624],[102.21458223883016,15.096299996134102],[102.21862211298078,15.099434712918635],[102.22083383713118,15.100001079812776],[102.22140017412484,15.11054239342158],[102.22443232612744,15.114457441079102],[102.22585031521471,15.119982308936432],[102.23137518160169,15.121400280866164],[102.24484608606716,15.1338991790525],[102.26575935215803,15.132708512096958],[102.26758751838418,15.125582889347603],[102.27823138776414,15.116098399364574],[102.28137505231538,15.117235466495975],[102.28529019390159,15.120267675370307],[102.30637722290746,15.121400267563173],[102.31028791400705,15.124432501108286],[102.31595990874911,15.125886131307297],[102.31723517532231,15.13554455309846],[102.32026732266868,15.13945514081137],[102.32180125047584,15.145439297242683],[102.3269560556183,15.149434667016196],[102.33293567904984,15.150968597187019],[102.33693101024328,15.156123292470006],[102.3380681031565,15.164711504607576],[102.34526509507474,15.17279144318191],[102.34675444775537,15.17858377578803],[102.35739826296683,15.188068267882603],[102.36471125461405,15.186931177944372],[102.36876007374053,15.183796460049994],[102.37695587603604,15.191100480858601],[102.38267250525412,15.19256752173973],[102.38333241406006,15.200000833370654],[102.3791675967649,15.200000840741234],[102.37585003197321,15.200852543818472],[102.37464612446122,15.20659141324506],[102.3711858689932,15.210073975467505],[102.37048127903132,15.21492544726667],[102.36702106432504,15.218407983011794],[102.36631204287607,15.22325948820245],[102.36251292834297,15.227085388456064],[102.36631204287607,15.230906850996906],[102.36666873814205,15.233332622458727],[102.33507601731556,15.233684941850639],[102.3315890213824,15.237145132116204],[102.30833482264993,15.237501900116014],[102.30612310174111,15.2369311341393],[102.30221246925188,15.233898917965453],[102.29778905201346,15.232766303836073],[102.29387836242509,15.22973415331046],[102.28945501393643,15.228601481191667],[102.28541500347792,15.225466739282153],[102.28137505231538,15.228601515093047],[102.2727913419009,15.229734171126422],[102.26887620372158,15.232766302071335],[102.25506638353907,15.23399256993902],[102.25302860520007,15.241929745593472],[102.24804328749275,15.238068195064717],[102.24508688357338,15.236931081584515],[102.23970922641787,15.241100378810318],[102.22279141317824,15.24223295520449],[102.21887629577535,15.24526514199969],[102.19704899830882,15.246402279347205],[102.19498445055899,15.238349144551501],[102.18945521038142,15.236931155465486],[102.18554450532642,15.233898965876195],[102.18333279111874,15.233332646572062],[102.1838991099794,15.226956119935123],[102.18806840601857,15.221578478967452],[102.18685553374637,15.205070854956366],[102.18333279111874,15.204165640602044],[102.18333279111874,15.200000858561252],[102.17499872985195,15.20000086074196],[102.17499872985195,15.195831612286138]]]},"id":"00090000000000002623","properties":{"HYBAS_ID":4121110180,"NEXT_DOWN":4121109790,"ORDER":4,"SUB_AREA":220.3,"UP_AREA":3135.7}},{"type":"Feature","geometry":{"type":"Polygon","coordinates":[[[102.15352375884282,15.296156868410874],[102.15768849942486,15.289633241591343],[102.15897721073635,15.281196599597564],[102.17019187154997,15.268800335692873],[102.17147610542715,15.260363655003342],[102.17439232050114,15.256247983108535],[102.17019187154997,15.250321781292735],[102.17158752448294,15.234054964564653],[102.18333279111874,15.233332646572062],[102.18554450532642,15.233898965876195],[102.18945521038142,15.236931155465486],[102.19498445055899,15.238349144551501],[102.19704899830882,15.246402279347205],[102.21887629577535,15.24526514199969],[102.22279141317824,15.24223295520449],[102.23970922641787,15.241100378810318],[102.24508688357338,15.236931081584515],[102.24804328749275,15.238068195064717],[102.25302860520007,15.241929745593472],[102.25506638353907,15.23399256993902],[102.26887620372158,15.232766302071335],[102.2727913419009,15.229734171126422],[102.28137505231538,15.228601515093047],[102.28541500347792,15.225466739282153],[102.28945501393643,15.228601481191667],[102.29387836242509,15.22973415331046],[102.29778905201346,15.232766303836073],[102.30221246925188,15.233898917965453],[102.30612310174111,15.2369311341393],[102.30833482264993,15.237501900116014],[102.30833482264994,15.258334787591457],[102.30776402358734,15.260542094982885],[102.30056708673901,15.268621929556945],[102.29943448088235,15.277210204233208],[102.2954390929165,15.28236488509467],[102.28820644246308,15.284219921567466],[102.2868151686451,15.294779024792552],[102.28258800045275,15.296402187955794],[102.2772102726715,15.292232869964995],[102.26371701126688,15.291100240972735],[102.26193344302922,15.29804308837924],[102.25056713276793,15.310287752538141],[102.24943451232959,15.314711197322373],[102.24543917528423,15.319865971715759],[102.2382065499152,15.321720931374161],[102.23693122904061,15.331379334534589],[102.22973425288568,15.339454779560594],[102.22916796048015,15.345831288229757],[102.22703201578258,15.345189149868963],[102.21738699543621,15.336730220354136],[102.21594668252548,15.31327541265737],[102.20833500945213,15.312499501772484],[102.20833500945213,15.308334707730618],[102.20501746643716,15.307482983877474],[102.20359948311776,15.301958229953085],[102.19899768692068,15.296437840938506],[102.16989757915688,15.29526511359319],[102.16054240640983,15.303599181207536],[102.15833512143102,15.304165409573216],[102.15768849942488,15.302029532261788],[102.15352375884282,15.296156868410874]]]},"id":"0009000000000000262b","properties":{"HYBAS_ID":4121109460,"NEXT_DOWN":4121109630,"ORDER":4,"SUB_AREA":112.6,"UP_AREA":323.1}},{"type":"Feature","geometry":{"type":"Polygon","coordinates":[[[102.76666793441345,14.845832327690013],[102.7855433843181,14.845266013604407],[102.7937392100744,14.837961944295492],[102.79925508362967,14.84223375840786],[102.83241740708286,14.841061071660365],[102.83424566189088,14.833948781291909],[102.8615888485513,14.83271807237403],[102.86249850007192,14.829168655987662],[102.86249850007192,14.820834603082645],[102.86471020318095,14.820268252813289],[102.87008786031267,14.816099017933439],[102.87304430981797,14.817236043977632],[102.87695492749855,14.820268255908196],[102.9157490845192,14.82143208883527],[102.91763525751249,14.82877172928604],[102.92279002294013,14.832767141423735],[102.92500169721352,14.83333343089538],[102.92443092450472,14.835545146642788],[102.92026618367663,14.84091834380222],[102.92139873440692,14.87304169223888],[102.92443092450472,14.876956827660267],[102.92556799353854,14.881375775683438],[102.92973283005811,14.886753484415529],[102.92860020087963,14.910542741897991],[102.92546989269708,14.914582750592485],[102.92860020087963,14.918622650413264],[102.93001818473185,14.924147453561838],[102.93333129948807,14.924999139122352],[102.93297909776243,14.927424932285795],[102.9295187925396,14.930907503881814],[102.92881423676494,14.93992378424612],[102.92535396342622,14.943410766098221],[102.92464504079977,14.960756675610853],[102.92118471171229,14.964243719270161],[102.92048020473659,14.969090786450577],[102.9170199076647,14.972577819605396],[102.91631542509325,14.980880585284229],[102.92081910878629,14.98541554946783],[102.91285516009991,14.993410730435743],[102.91249845190124,14.995832018628859],[102.91007713200166,14.996188725668281],[102.9003562520546,15.005882776956053],[102.89999958099469,15.012500083637683],[102.89246811606219,15.011764361821562],[102.89087172684548,15.000794989947947],[102.88117321094747,14.999381403054835],[102.87716000450004,14.996451783772365],[102.86450514754213,14.99521666339142],[102.85949306873037,14.991551283539533],[102.85771393187483,14.985339723259479],[102.84547363853486,14.97192229119213],[102.8395074154175,14.970214453288778],[102.83449085885972,14.96655354772022],[102.83333148709558,14.962500207647288],[102.83664912298345,14.961648555249877],[102.83750074986666,14.958335421564259],[102.83333148709558,14.958335369289797],[102.83271613215146,14.943673904995693],[102.82978209475836,14.939660732133765],[102.82854694932746,14.935339824186274],[102.8256173146658,14.931326608528574],[102.82419925175822,14.921570120466743],[102.81666783130825,14.920834372175745],[102.81602580047046,14.90619956717166],[102.81314069697275,14.90213289009011],[102.81172269532405,14.888220475998391],[102.78834368812807,14.886784685449767],[102.78685878723861,14.877032618893736],[102.78397816601691,14.87297033526451],[102.78268954979009,14.868698525141541],[102.77980894244114,14.864636280005836],[102.77852475752533,14.860364515747827],[102.76731004835493,14.84796818099022],[102.76666793441345,14.845832327690013]]]},"id":"00090000000000002630","properties":{"HYBAS_ID":4121112650,"NEXT_DOWN":4121111450,"ORDER":4,"SUB_AREA":219.4,"UP_AREA":4457.5}},{"type":"Feature","geometry":{"type":"Polygon","coordinates":[[[102.35833472372269,14.958335404924833],[102.35869139365775,14.955878443182096],[102.3725770559847,14.942019567238145],[102.37745534944133,14.941310556782897],[102.38714499509517,14.931589677249752],[102.38750166898829,14.924999208443715],[102.38970896349691,14.924432831642902],[102.39778887457811,14.917235839754019],[102.42304515620191,14.916098808826812],[102.4284184224412,14.911934041335105],[102.43137923225596,14.913066648095183],[102.43528990061444,14.916098812765703],[102.43970884891345,14.917235883091537],[102.4450864916156,14.921400681496907],[102.47408852007848,14.920223505249933],[102.47556889850617,14.914457851673673],[102.47860110536307,14.910542799655863],[102.47987200007397,14.900920051041034],[102.48528977869623,14.896398467501013],[102.49387797792681,14.895265856991472],[102.49778860875195,14.89223372338328],[102.50221208559871,14.89110105447543],[102.50612265179889,14.888068890331098],[102.51164748331786,14.886650924894218],[102.51341776823749,14.879748184221711],[102.52279081036407,14.871400740126411],[102.5283156589555,14.869982754538864],[102.5291673156339,14.866665243393111],[102.54166621449536,14.86666519058184],[102.54498372089847,14.867516914382128],[102.54583541379934,14.870834494827287],[102.54583541379934,14.88333335843019],[102.54367279674658,14.883948654597],[102.538362021964,14.887832539285707],[102.53688153017583,14.897994835155753],[102.52978264808725,14.90617285987177],[102.52854752251561,14.910493740299545],[102.5256178834621,14.914506888113625],[102.52438271526309,14.918827803263449],[102.51636967512826,14.928058138192332],[102.50905231686693,14.930153845857769],[102.50771458731839,14.94382545103059],[102.50478495654083,14.947838671512619],[102.5035497507328,14.972992503664077],[102.50061567636023,14.977005661174788],[102.49938051563788,14.985495789131221],[102.49645092359752,14.989504485241275],[102.49521572042961,14.99799463724592],[102.49228606028358,15.002007873613389],[102.49105090219874,15.00632872572068],[102.48738558194637,15.011340744793939],[102.47993438154387,15.013472162234327],[102.47837371766998,15.024205247161909],[102.46867512357045,15.025618789725915],[102.46466200317734,15.028548445610367],[102.45833450094356,15.0291682512346],[102.43945468868547,15.028597427635685],[102.43554405150314,15.025565279386578],[102.42987651715073,15.024111579447224],[102.42860119703367,15.014457675130211],[102.42407966764556,15.009035354806237],[102.41445697779211,15.007764566868472],[102.41054187058849,15.004732311469676],[102.40000056712938,15.004166072616767],[102.37499838823156,15.004166050713572],[102.37464612446122,14.993410728531918],[102.3711858689932,14.989923703395691],[102.37048127903132,14.985076603449816],[102.36702106432504,14.98158965338446],[102.36631204287607,14.976742614142012],[102.36285178173104,14.97325556903993],[102.36214724401759,14.968408540482983],[102.35868693636904,14.964925952290942],[102.35833472372269,14.958335404924833]]]},"id":"00090000000000002634","properties":{"HYBAS_ID":4121583300,"NEXT_DOWN":4121110530,"ORDER":4,"SUB_AREA":176.3,"UP_AREA":1289.0}},{"type":"Feature","geometry":{"type":"Polygon","coordinates":[[[102.03334650655937,15.381249911746574],[102.04547969366827,15.369090000899563],[102.0458319537602,15.362499396909362],[102.05416608907214,15.36249941192449],[102.05637780256146,15.361933130601935],[102.0686224438281,15.350566827590065],[102.08243228161888,15.349340575757068],[102.08418469097221,15.342518198449909],[102.09100715994941,15.34076573591071],[102.09232254880973,15.325961571299189],[102.09914945177127,15.320267300273672],[102.11471170577404,15.32139984582174],[102.12008490858636,15.325569116270422],[102.12304580339831,15.324432054519542],[102.13112123632328,15.317235079818841],[102.149006668558,15.316035608732296],[102.15776431068508,15.306377128638687],[102.15833512143102,15.304165409573216],[102.16054240640983,15.303599181207536],[102.16989757915688,15.29526511359319],[102.19899768692068,15.296437840938506],[102.20359948311776,15.301958229953085],[102.20501746643716,15.307482983877474],[102.20833500945213,15.308334707730618],[102.20833500945213,15.312499501772484],[102.21594668252548,15.31327541265737],[102.21738699543621,15.336730220354136],[102.22703201578258,15.345189149868963],[102.22916796048015,15.345831288229757],[102.22831621397641,15.349148877368272],[102.22147149019439,15.350905764647802],[102.22026759033038,15.36887592139617],[102.21627217187326,15.374030617691117],[102.20918223783586,15.375849954949606],[102.20776420096212,15.3813792530737],[102.20056729255788,15.38945469517308],[102.19943466078963,15.398042945206358],[102.1838991099794,15.414456843857653],[102.18276656243387,15.41887582660947],[102.1797343348427,15.422790924962843],[102.17859729287129,15.43970875736174],[102.17460190217453,15.444863472489994],[102.16732907610002,15.446731814540993],[102.16666468998706,15.454165158929886],[102.16424344452089,15.453812909216557],[102.15242231872192,15.442018559647671],[102.13924122725044,15.441313986820235],[102.13158942600056,15.433684528777698],[102.11840831603358,15.432979970428875],[102.10208353243432,15.416681909228267],[102.0982576464245,15.420481102461853],[102.09341056623325,15.421185627115827],[102.08992361301962,15.424645910789549],[102.0850765553432,15.425354899582661],[102.08125065703337,15.429154081701167],[102.06909062642102,15.417020834689534],[102.0458319537602,15.416668605332529],[102.04547969366827,15.393409899367581],[102.03334650655937,15.381249911746574]]]},"id":"0009000000000000263a","properties":{"HYBAS_ID":4121582280,"NEXT_DOWN":4121109460,"ORDER":4,"SUB_AREA":210.6,"UP_AREA":210.6}},{"type":"Feature","geometry":{"type":"Polygon","coordinates":[[[102.15833512143102,15.179167920091118],[102.16909043854805,15.178811163320153],[102.17257747510591,15.175355373788816],[102.17916803743249,15.174998651994517],[102.17952029327522,15.181589253261262],[102.18331944033949,15.185415085997692],[102.17952029327522,15.189241024574347],[102.17916803743249,15.19583162279994],[102.17499872985195,15.195831612286138],[102.17499872985195,15.20000086074196],[102.17257747510591,15.199648614802356],[102.16909043854805,15.196188360988268],[102.16249987027825,15.195831552966006],[102.16214766902783,15.185076249084975],[102.15868739767949,15.181589254346395],[102.15833512143102,15.179167920091118]]]},"id":"0009000000000000263f","properties":{"HYBAS_ID":4121110260,"NEXT_DOWN":4121110180,"ORDER":4,"SUB_AREA":4.4,"UP_AREA":2772.0}},{"type":"Feature","geometry":{"type":"Polygon","coordinates":[[[102.30833482264994,14.879168544863308],[102.31054204465649,14.878597730467293],[102.31445716246083,14.875565584654128],[102.31887608573982,14.874432941117854],[102.3242538138541,14.870268185520656],[102.32721022417711,14.871400791571396],[102.33258782879714,14.875565559833351],[102.33970905702064,14.874432922087212],[102.34362414722804,14.87140080854922],[102.34804308629982,14.870268179171212],[102.35612297591726,14.863066709682862],[102.36887606110162,14.861934103667473],[102.37279111989892,14.858901935626793],[102.38244504784956,14.857626568377837],[102.38333241406006,14.854166353583118],[102.38750166898829,14.854166354342638],[102.38750166898829,14.850001543621365],[102.38693090388153,14.847789795156288],[102.38389870264396,14.843879244628823],[102.38241384023996,14.838082387557606],[102.37304530493705,14.82973493670135],[102.36609799129847,14.827951291589754],[102.36723511766078,14.814458067369944],[102.37026721951419,14.81054300619847],[102.37083352975672,14.808331276491835],[102.37409316871806,14.809240898526944],[102.37560484392702,14.81467204533657],[102.37995685819504,14.820058658584648],[102.39084597875988,14.821606036646223],[102.39227290281097,14.829708174597831],[102.38810364616411,14.835326635188515],[102.38689523662211,14.838042198935288],[102.39106007741205,14.843660712226278],[102.39166653219203,14.845832298104067],[102.39166653219203,14.850001578526994],[102.39409220908807,14.850353774503878],[102.40174402027307,14.857978892547148],[102.41075591917526,14.858687872812618],[102.4142429221946,14.862148116746807],[102.41908996425565,14.862852643217701],[102.42328598752258,14.867021912992564],[102.4274240113954,14.86631297779818],[102.43924067327126,14.854518654130516],[102.44828818398753,14.853809618663156],[102.45381301037496,14.848258011816409],[102.45452196889757,14.843411013674029],[102.45797777862711,14.839924008736903],[102.45833450094356,14.837498213223016],[102.46492505532166,14.837145990923647],[102.468750971282,14.833346791889465],[102.47674168404122,14.841315259946667],[102.4899227690006,14.842019778332263],[102.49340975425535,14.84548006387445],[102.5065909275995,14.846184588464238],[102.51458157834308,14.854152934938275],[102.51875084274427,14.850014900504279],[102.52881063439445,14.860047882123546],[102.5291673156339,14.866665243393111],[102.5283156589555,14.869982754538864],[102.52279081036407,14.871400740126411],[102.51341776823749,14.879748184221711],[102.51164748331786,14.886650924894218],[102.50612265179889,14.888068890331098],[102.50221208559871,14.89110105447543],[102.49778860875195,14.89223372338328],[102.49387797792681,14.895265856991472],[102.48528977869623,14.896398467501013],[102.47987200007397,14.900920051041034],[102.47860110536307,14.910542799655863],[102.47556889850617,14.914457851673673],[102.47408852007848,14.920223505249933],[102.4450864916156,14.921400681496907],[102.43970884891345,14.917235883091537],[102.43528990061444,14.916098812765703],[102.43137923225596,14.913066648095183],[102.4284184224412,14.911934041335105],[102.42304515620191,14.916098808826812],[102.39778887457811,14.917235839754019],[102.38970896349691,14.924432831642902],[102.38750166898829,14.924999208443715],[102.38714499509517,14.931589677249752],[102.37745534944133,14.941310556782897],[102.3725770559847,14.942019567238145],[102.35869139365775,14.955878443182096],[102.35833472372269,14.958335404924833],[102.35612297591726,14.95776460896373],[102.3522123432968,14.954732472413596],[102.34362414722804,14.95359981132281],[102.33970905702064,14.950567695662029],[102.3311208580498,14.949430559366299],[102.32561383852078,14.944837740047062],[102.32443213812996,14.920085275698304],[102.32943083791905,14.913637360672725],[102.32499847904373,14.912500341904197],[102.32464619753343,14.901713733448826],[102.31492534338425,14.892019616747511],[102.30833482264994,14.891667406003045],[102.30833482264994,14.879168544863308]]]},"id":"00090000000000002641","properties":{"HYBAS_ID":4121583640,"NEXT_DOWN":4121583300,"ORDER":4,"SUB_AREA":166.6,"UP_AREA":1112.7}},{"type":"Feature","geometry":{"type":"Polygon","coordinates":[[[102.7499998065532,14.833333472773743],[102.75221160458821,14.832767088902308],[102.76445621587771,14.821400899439798],[102.77109588144954,14.819697538285018],[102.76609721812609,14.813245176144768],[102.76723426802751,14.806123958194705],[102.77453825929672,14.797923689731947],[102.7713991006821,14.793879326702184],[102.77083274708005,14.791667627357436],[102.77118946971505,14.78921063737371],[102.77674104432815,14.78368579401743],[102.77916684823857,14.783333520532214],[102.77916684823857,14.77916868249572],[102.78660017936024,14.778504314484456],[102.7880671812744,14.772787716372049],[102.79109940548545,14.76887712180419],[102.79166568076191,14.758331333585355],[102.79498329246034,14.759183007799473],[102.79680254852188,14.766268521654718],[102.8019572737556,14.770263862224695],[102.80833380936369,14.770834657458272],[102.80868608263799,14.77745198015694],[102.81424213646787,14.78298129797999],[102.81908918836163,14.783685826531121],[102.82674098358432,14.791315318887843],[102.83161926020541,14.79202432934394],[102.84547811463084,14.805909975721315],[102.84619157137604,14.810788173121084],[102.85590796261903,14.820477828101678],[102.86249850007192,14.820834603082645],[102.86249850007192,14.829168655987662],[102.8615888485513,14.83271807237403],[102.83424566189088,14.833948781291909],[102.83241740708286,14.841061071660365],[102.79925508362967,14.84223375840786],[102.7937392100744,14.837961944295492],[102.7855433843181,14.845266013604407],[102.76666793441345,14.845832327690013],[102.76445621587771,14.845265983850977],[102.75637634509913,14.838069024499461],[102.7508515118167,14.83665100400354],[102.7499998065532,14.833333472773743]]]},"id":"00090000000000002644","properties":{"HYBAS_ID":4121114320,"NEXT_DOWN":4121112650,"ORDER":4,"SUB_AREA":60.0,"UP_AREA":2292.7}},{"type":"Feature","geometry":{"type":"Polygon","coordinates":[[[101.99110101313768,15.038246993707897],[101.99223356988831,15.035290595032302],[101.99526580059894,15.031375510823535],[101.99583209940725,15.029168201090016],[101.99825787115715,15.028811458319232],[102.00245386145242,15.024646699876675],[102.01075668411511,15.02535125110978],[102.0187474426282,15.033319613588377],[102.02257775558147,15.029520509688373],[102.0274248066824,15.028811498231807],[102.03090739750921,15.02535121941328],[102.04166721823745,15.024998979161833],[102.06471179031782,15.025565248247673],[102.07290764077354,15.032869322045181],[102.07841913439343,15.02859748662938],[102.08252146628895,15.030171516307224],[102.0843006416448,15.037105471108514],[102.09091796831964,15.042233387877335],[102.10637763435918,15.041100739934837],[102.11041762438046,15.037970464061942],[102.11445758967588,15.041100815343063],[102.11998235009182,15.042518793225344],[102.12168574056969,15.04914942451915],[102.12499884661683,15.050001143161413],[102.12464659157672,15.052422438133807],[102.120481800403,15.056618479835183],[102.12118637196134,15.06075651157891],[102.12881136712912,15.068408351559839],[102.12952488857105,15.073291067775939],[102.13507640321633,15.078811433062938],[102.1458317927175,15.079168090808235],[102.14804353639734,15.079734435639631],[102.15195412714961,15.082766586223475],[102.16471160132257,15.083899215710897],[102.17406233051686,15.092233320601515],[102.17721045090939,15.09110064381503],[102.18125043818529,15.087970356412757],[102.18529039938917,15.091100688282518],[102.19494430671611,15.092376001635412],[102.19679931661732,15.09960416621037],[102.2019539925023,15.103599502232774],[102.20416573167063,15.104165883835208],[102.20381348423265,15.131589338407407],[102.20035321047223,15.135076324053822],[102.19964865381777,15.156591473347614],[102.18162050146181,15.17464191572776],[102.17257747510591,15.175355373788816],[102.16909043854805,15.178811163320153],[102.15833512143102,15.179167920091118],[102.14778934279899,15.178597140842152],[102.1438787262925,15.175569406522001],[102.13945527744495,15.17443239966924],[102.13554460983057,15.171400173247186],[102.09778942538368,15.170267593623663],[102.0926346802698,15.16627221046872],[102.09076190494002,15.158977141481099],[102.07425428003755,15.157764201744891],[102.06875180184025,15.16203164231488],[102.06471179031782,15.158901312283806],[102.0517402810663,15.157978241714659],[102.0461887468182,15.15245348745234],[102.04547969366827,15.139241167718994],[102.04201946591787,15.135758536705334],[102.04131488455758,15.130907097734545],[102.03785461573392,15.127424545066031],[102.0371456172084,15.122577454060709],[102.03368539466702,15.119090502573698],[102.03333308699558,15.10000104044364],[102.0374979373056,15.10000104939542],[102.03871524998418,15.104732181339168],[102.0452656539547,15.098043533944267],[102.04640278835734,15.076956414416014],[102.04953301991932,15.072916510956976],[102.04526565395469,15.067413982318389],[102.04640278835734,15.064457568359362],[102.05056753180213,15.05907985546866],[102.04864571814944,15.054072304209594],[102.04387893785818,15.057764443809072],[102.03529070525308,15.05890152704278],[102.02991298251095,15.063066276753784],[101.99683987649247,15.06189803483805],[101.99110101313767,15.055017666695928],[101.99223356988831,15.051954202677596],[101.99639840119585,15.046581059944414],[101.99526580059894,15.043624602491745],[101.99110101313768,15.038246993707897]]]},"id":"00090000000000002645","properties":{"HYBAS_ID":4121110430,"NEXT_DOWN":4121110260,"ORDER":4,"SUB_AREA":226.6,"UP_AREA":2285.7}},{"type":"Feature","geometry":{"type":"Polygon","coordinates":[[[102.15833512143102,14.916665097727867],[102.1688764177172,14.917235915774366],[102.18648990324301,14.933899565473101],[102.19387858030848,14.932766937949514],[102.21028808708375,14.91723585371738],[102.22410236082573,14.916005141059351],[102.22585031521471,14.909182753210997],[102.22916796048015,14.908335528581679],[102.22916796048015,14.904166247211048],[102.23158923655492,14.903814003894704],[102.24374914567565,14.89168079626178],[102.2517443822654,14.899644755972435],[102.26492548781309,14.900353708139017],[102.26912150711027,14.904518500947551],[102.29409245058933,14.903813990832363],[102.30590907783204,14.892019695858053],[102.30833482264994,14.891667406003045],[102.31492534338425,14.892019616747511],[102.32464619753343,14.901713733448826],[102.32499847904373,14.912500341904197],[102.31862193612714,14.913066628038507],[102.31471130259914,14.916098780893408],[102.31028791400705,14.917235858322641],[102.30637722290746,14.920268065598643],[102.30070973334865,14.921721750418461],[102.29943448088235,14.93137572222833],[102.29640228801553,14.935290749708813],[102.29526518236437,14.940449964422166],[102.30221246925188,14.942233631372638],[102.30612310174111,14.945265813161983],[102.31153201528753,14.946652588798552],[102.31306591052197,14.950986802417155],[102.30056708673901,14.964457771394558],[102.29943448088235,14.98137560480942],[102.29108258870278,14.990748622151267],[102.28418429458873,14.992518842438677],[102.28276634546877,14.99804372118033],[102.27877094415379,15.003198405603733],[102.2727913419009,15.00473234979768],[102.26887620372158,15.00776453159661],[102.25833487027522,15.008335288061192],[102.25612318255075,15.007764556116241],[102.24387853588259,14.996402721615823],[102.22590382624016,14.995194366038145],[102.22443232612744,14.989455468269103],[102.21991529148877,14.984037622791735],[102.21028808708375,14.98276684349486],[102.20487031720003,14.978245255950588],[102.20345678684663,14.967552401468508],[102.19778923236093,14.966098671406415],[102.19387858030848,14.963066512413192],[102.18945521038142,14.961933886698498],[102.18554450532642,14.958901711948652],[102.1684082431512,14.95797868826279],[102.1628521599031,14.952453875452715],[102.16214766902783,14.922573417993616],[102.15868739767949,14.919090898907902],[102.15833512143102,14.916665097727867]]]},"id":"00090000000000002646","properties":{"HYBAS_ID":4121112280,"NEXT_DOWN":4121583030,"ORDER":4,"SUB_AREA":129.1,"UP_AREA":4820.8}},{"type":"Feature","geometry":{"type":"Polygon","coordinates":[[[102.34166662871719,14.73749841212024],[102.39387819210235,14.738069226612295],[102.40195805218283,14.745266172922275],[102.40637709744063,14.74639880980609],[102.41028768841848,14.749430983007898],[102.41608453060803,14.750920340421771],[102.42443199834285,14.760288883782076],[102.42570727148942,14.769947330295812],[102.43248063548099,14.771681882418713],[102.43333236316789,14.774999442176085],[102.43750162715915,14.774999449285259],[102.43750162715915,14.779168747838892],[102.43693078435521,14.781375965433046],[102.43306920932581,14.78636129075639],[102.44081470617361,14.788349999932015],[102.44223272763088,14.793879317578092],[102.44526491984725,14.797789971697126],[102.44640196909198,14.80491115608657],[102.44223272763088,14.810288750247175],[102.4411000932646,14.813436880815326],[102.44943418527335,14.82278765135926],[102.45056672790733,14.827211085927871],[102.45776818948043,14.835290972641126],[102.45833450094356,14.837498213223016],[102.45797777862711,14.839924008736903],[102.45452196889757,14.843411013674029],[102.45381301037496,14.848258011816409],[102.44828818398753,14.853809618663156],[102.43924067327126,14.854518654130516],[102.4274240113954,14.86631297779818],[102.42328598752258,14.867021912992564],[102.41908996425565,14.862852643217701],[102.4142429221946,14.862148116746807],[102.41075591917526,14.858687872812618],[102.40174402027307,14.857978892547148],[102.39409220908807,14.850353774503878],[102.39166653219203,14.850001578526994],[102.39166653219203,14.845832298104067],[102.39106007741205,14.843660712226278],[102.38689523662211,14.838042198935288],[102.38810364616411,14.835326635188515],[102.39227290281097,14.829708174597831],[102.39084597875988,14.821606036646223],[102.37995685819504,14.820058658584648],[102.37560484392702,14.81467204533657],[102.37409316871806,14.809240898526944],[102.37083352975672,14.808331276491835],[102.37048127903132,14.793379842789214],[102.36492521614737,14.787855017083707],[102.36004702942027,14.787141617193065],[102.3461880841775,14.77325598715328],[102.34547910692523,14.75591006565541],[102.34201887641149,14.752423049505246],[102.34166662871719,14.73749841212024]]]},"id":"0009000000000000264d","properties":{"HYBAS_ID":4121113990,"NEXT_DOWN":4121583640,"ORDER":4,"SUB_AREA":101.3,"UP_AREA":721.1}},{"type":"Feature","geometry":{"type":"Polygon","coordinates":[[[102.65000007987167,14.712500663946907],[102.65098546915937,14.709049333541055],[102.66466156426353,14.707716051158512],[102.66867473987442,14.70478200855168],[102.6823463379008,14.703448743754647],[102.68449121261304,14.695948481214012],[102.68950770177511,14.6922831701335],[102.70752690658948,14.690963257968132],[102.70912775246475,14.679962669445667],[102.71986076113922,14.678397540508541],[102.72083288749198,14.674999652063141],[102.72048061350156,14.672573944308196],[102.71702035370053,14.669091357732354],[102.7166680911619,14.666665617852981],[102.72820826426023,14.666010076864712],[102.73276541254079,14.66054328104921],[102.73390249129821,14.647790243099921],[102.73806728526188,14.642412521956333],[102.73693472588442,14.639456202628795],[102.72860063115422,14.630105402038478],[102.72973319787592,14.626957309022874],[102.74109945190652,14.614712641196144],[102.74251748292622,14.609183311959779],[102.74804227586375,14.607765384634428],[102.75195736979171,14.60473318811322],[102.7541646442488,14.6041668373667],[102.75748225494476,14.605018569423112],[102.75890022019965,14.610543381067531],[102.76193239722946,14.614454027502573],[102.76306949468493,14.618877439853769],[102.77026648390643,14.626957320454462],[102.7713991006821,14.63407851451373],[102.76723426802752,14.639456185248626],[102.76609721812609,14.643875175745544],[102.76306949468493,14.647790269547054],[102.76193239722946,14.663245439341692],[102.76609721812609,14.668623118696829],[102.76702025903236,14.685759498794484],[102.770480498789,14.68924200656182],[102.77118499642232,14.69408904486725],[102.77464527056152,14.697576083248274],[102.77535426649754,14.706592434604053],[102.77881457508734,14.710074980739714],[102.77951912244008,14.714926425358437],[102.78297937756594,14.718409055765187],[102.78368833579233,14.723256067624213],[102.78714862523431,14.726743053619359],[102.78785313453457,14.735759395828257],[102.79131345809866,14.739241974762402],[102.79166568076191,14.758331333585355],[102.79109940548545,14.76887712180419],[102.7880671812744,14.772787716372049],[102.78660017936024,14.778504314484456],[102.77916684823857,14.77916868249572],[102.77695515866246,14.778597920256471],[102.77304449742216,14.775565802102408],[102.75195736979171,14.774433197278048],[102.74804227586375,14.771401017944514],[102.74362335028485,14.7702639155202],[102.73554341845892,14.763066898253939],[102.72695524169224,14.761934302248402],[102.72304457509526,14.75890207334877],[102.71862115391421,14.757765065048876],[102.71458118965826,14.754634785306585],[102.71040749812121,14.757872038810337],[102.70221168718366,14.750568073380514],[102.69668238998378,14.74915009887625],[102.69498345331291,14.742519406505926],[102.68945414724494,14.741101416263588],[102.68554350577692,14.738069196936294],[102.67173367959639,14.736838477481747],[102.66998129737482,14.730016073053909],[102.66445641798015,14.72859803865891],[102.6605458257958,14.725565843789386],[102.65612240382097,14.724433239428398],[102.65065557398567,14.719871605923338],[102.65000007987167,14.712500663946907]]]},"id":"00090000000000002652","properties":{"HYBAS_ID":4121115020,"NEXT_DOWN":4121114320,"ORDER":4,"SUB_AREA":133.9,"UP_AREA":2090.4}},{"type":"Feature","geometry":{"type":"Polygon","coordinates":[[[102.09583189959488,14.854166377228653],[102.11054249759893,14.853600048322326],[102.11445758967588,14.850567867005578],[102.12721060513573,14.849430740782624],[102.13112123632328,14.846398593837076],[102.15742102306127,14.845221422667985],[102.15918231369665,14.83834994607732],[102.16471160132257,14.836931899084018],[102.17406233051686,14.828597906826936],[102.18137530495214,14.829734911850604],[102.18529039938917,14.832767119722737],[102.19081524157436,14.834185103915562],[102.19255429086188,14.840958453626328],[102.20327839494854,14.842376487952903],[102.20501746643716,14.849149897653803],[102.20833500945213,14.850001580202465],[102.20833500945213,14.854166318412128],[102.21075626527491,14.85451864524781],[102.21458223883016,14.858317741612455],[102.21840808314181,14.854518579258993],[102.22325964439183,14.85381404250882],[102.22674219811891,14.850353829893642],[102.23158923655492,14.849644805012366],[102.23578521630886,14.84548001388026],[102.2440925277104,14.846184547944182],[102.24757512601455,14.849644845927921],[102.25659138012612,14.850353794128333],[102.26041727974852,14.854152992192141],[102.26424322394791,14.850353839419318],[102.2774243287791,14.849644844659785],[102.28090683760955,14.846184526268752],[102.28992317725819,14.845479976452758],[102.2934101824794,14.842019738641637],[102.30000078237254,14.841667443284198],[102.30356357740727,14.842581612777883],[102.3047675074432,14.878249979037703],[102.30833482264994,14.879168544863308],[102.30833482264994,14.891667406003045],[102.30590907783204,14.892019695858053],[102.29409245058933,14.903813990832363],[102.26912150711027,14.904518500947551],[102.26492548781309,14.900353708139017],[102.2517443822654,14.899644755972435],[102.24374914567565,14.89168079626178],[102.23158923655492,14.903814003894704],[102.22916796048015,14.904166247211048],[102.22916796048015,14.908335528581679],[102.22585031521471,14.909182753210997],[102.22410236082573,14.916005141059351],[102.21028808708375,14.91723585371738],[102.19387858030848,14.932766937949514],[102.18648990324301,14.933899565473101],[102.1688764177172,14.917235915774366],[102.15833512143102,14.916665097727867],[102.15797839708154,14.9142438575048],[102.1545180828201,14.910756781971916],[102.15381355824938,14.897575733265775],[102.14618847752543,14.889923911782091],[102.14547502184159,14.885045621694175],[102.1357586527917,14.875351523020148],[102.11840831603358,14.874647000969016],[102.1149257951219,14.87118673751039],[102.1058826957367,14.870477768328625],[102.09618859547143,14.860756881479503],[102.09583189959488,14.854166377228653]]]},"id":"00090000000000002655","properties":{"HYBAS_ID":4121583700,"NEXT_DOWN":4121112280,"ORDER":4,"SUB_AREA":138.5,"UP_AREA":4691.6}},{"type":"Feature","geometry":{"type":"Polygon","coordinates":[[[101.9493816519147,15.11946499247044],[101.95200803765158,15.117284516712592],[101.96049375091921,15.116049341455026],[101.96450686963426,15.113115307425002],[101.9701297903732,15.111483259986096],[101.97155675126406,15.092429492684753],[101.98391292692018,15.09116759916692],[101.98958485869633,15.095247609513999],[101.99374967456039,15.092251154705934],[101.99960445200391,15.096465017163972],[102.00631539371027,15.0952030979522],[102.01210333409105,15.091038269858203],[102.0188142700162,15.092295726037854],[102.02701901856832,15.099367873062755],[102.03333308699558,15.10000104044364],[102.03368539466702,15.119090502573698],[102.0371456172084,15.122577454060709],[102.03785461573392,15.127424545066031],[102.04131488455758,15.130907097734545],[102.04201946591787,15.135758536705334],[102.04547969366827,15.139241167718994],[102.0461887468182,15.15245348745234],[102.0517402810663,15.157978241714659],[102.05416608907214,15.158335032171497],[102.05359974567696,15.160542295426907],[102.04102059138897,15.174097950247667],[102.03529070525308,15.17556939211441],[102.03013596699178,15.1795602980622],[102.0282810010789,15.18679300696343],[102.01862258791903,15.188068258028498],[102.0092540178929,15.196415739362982],[102.00776461476617,15.202212520993328],[102.00056766226116,15.210287999770912],[102.00000133853639,15.216664529936274],[101.98333319044238,15.216664532765767],[101.98298096025171,15.214243203741114],[101.97881168424219,15.210047167698626],[101.97952073455244,15.189241068131066],[101.98368550888758,15.185045062392751],[101.98298096025171,15.17257739001624],[101.97952073455244,15.169090342588309],[101.97916842976576,15.15833503168048],[101.98321726094204,15.157175671741038],[101.9881178519806,15.15046918895935],[101.98586154727128,15.145671153610385],[101.97716183870568,15.138117404005115],[101.97284098874499,15.136882305907756],[101.96882773233565,15.13395260958334],[101.95912919939009,15.132539115814925],[101.95756412285121,15.121806038380859],[101.9493816519147,15.11946499247044]]]},"id":"00090000000000002657","properties":{"HYBAS_ID":4121111260,"NEXT_DOWN":4121110430,"ORDER":4,"SUB_AREA":82.5,"UP_AREA":1821.2}},{"type":"Feature","geometry":{"type":"Polygon","coordinates":[[[102.42499823078863,14.629164567295655],[102.42852091609977,14.63006974505854],[102.4411000932646,14.643620963076465],[102.44223272763088,14.64804440839198],[102.44943418527335,14.656124315351443],[102.45056672790733,14.668877329708064],[102.4535989678759,14.67278790821901],[102.45473601313626,14.693875003790028],[102.45776818948043,14.697790101455608],[102.45890081522928,14.71054312494644],[102.46193301524269,14.714458225166686],[102.46335103804608,14.719983076266143],[102.46887580955175,14.721401114711561],[102.4894545615625,14.741101402371283],[102.4958355079368,14.741667700306442],[102.4958355079368,14.745832463459223],[102.50000032575653,14.74583247137333],[102.50000032575653,14.750001753852981],[102.49674520073592,14.750768720314198],[102.49530488632001,14.755107402925356],[102.49946968478139,14.760253180019834],[102.5005309691975,14.767748962463552],[102.4921968967521,14.776916881869798],[102.49113568982622,14.780185411154594],[102.49688345787524,14.78686510172957],[102.50641695385809,14.788028952464128],[102.52007968656768,14.800955857066048],[102.52136390891954,14.806413825067187],[102.52447190390383,14.81025310223188],[102.525528693929,14.8189126879965],[102.52863671439886,14.822751967212035],[102.5296979193257,14.827246727270364],[102.53697072854298,14.835250877803048],[102.53802754627198,14.843914916698159],[102.54127824312415,14.847928053029792],[102.53386274469317,14.856083798888967],[102.5333321217226,14.866665185846706],[102.5291673156339,14.866665243393111],[102.52881063439445,14.860047882123546],[102.51875084274427,14.850014900504279],[102.51458157834308,14.854152934938275],[102.5065909275995,14.846184588464238],[102.49340975425535,14.84548006387445],[102.4899227690006,14.842019778332263],[102.47674168404122,14.841315259946667],[102.468750971282,14.833346791889465],[102.46492505532166,14.837145990923647],[102.45833450094356,14.837498213223016],[102.45776818948043,14.835290972641126],[102.45056672790733,14.827211085927871],[102.44943418527335,14.82278765135926],[102.4411000932646,14.813436880815326],[102.44223272763088,14.810288750247175],[102.44640196909198,14.80491115608657],[102.44526491984725,14.797789971697126],[102.44223272763088,14.793879317578092],[102.44081470617361,14.788349999932015],[102.43306920932581,14.78636129075639],[102.43693078435521,14.781375965433046],[102.43750162715915,14.779168747838892],[102.43750162715915,14.774999449285259],[102.44223272763088,14.773786570053648],[102.4411000932646,14.760288852682724],[102.43806792495259,14.756378285177675],[102.43693078435521,14.75195486740404],[102.43389864012546,14.748044244792545],[102.43276600158579,14.726957103556211],[102.42860119703367,14.721579418404778],[102.4297337939223,14.685291246296343],[102.43389864012546,14.679913590078659],[102.43276600158579,14.639456200273203],[102.42556901345108,14.631376256168135],[102.42499823078863,14.629164567295655]]]},"id":"0009000000000000265a","properties":{"HYBAS_ID":4121114940,"NEXT_DOWN":4121113990,"ORDER":4,"SUB_AREA":119.9,"UP_AREA":494.2}},{"type":"Feature","geometry":{"type":"Polygon","coordinates":[[[102.09168050244267,14.826497612201674],[102.09778942538368,14.821400862535345],[102.1074478290961,14.820125611784936],[102.1089015423695,14.814458065518185],[102.1119337274705,14.810542990076419],[102.11346764132384,14.804563280509198],[102.1186223254255,14.800567921368424],[102.12304580339831,14.79943086583265],[102.12695637272856,14.79639866463311],[102.13554460983057,14.795266115487001],[102.13945527744495,14.792233922309043],[102.14387872629248,14.791101314215638],[102.15195412714961,14.783899835517492],[102.15637755741926,14.782767181877926],[102.1602881838218,14.779735013457126],[102.16471160132257,14.778597927612207],[102.16862226306941,14.77556581052163],[102.20416573167063,14.774999452503241],[102.21075626527491,14.775351728001015],[102.21495232680431,14.779521005466783],[102.22742440566756,14.778812015911072],[102.2309070033091,14.775351714547028],[102.2357585020529,14.774647193440433],[102.23924101286113,14.771186896745931],[102.2524265692757,14.770477956947833],[102.2559091674951,14.767022152460356],[102.2791677966232,14.766665449991184],[102.27952010917892,14.773255991843378],[102.28298032492984,14.77674300794583],[102.28368488796536,14.789924105124035],[102.28714514588356,14.793411136032738],[102.28785418974853,14.814926287358473],[102.29547918584471,14.822573659423352],[102.29618819541355,14.835759192061492],[102.29964849236762,14.839241751392702],[102.30000078237254,14.841667443284198],[102.2934101824794,14.842019738641637],[102.28992317725819,14.845479976452758],[102.28090683760955,14.846184526268752],[102.2774243287791,14.849644844659785],[102.26424322394791,14.850353839419318],[102.26041727974852,14.854152992192141],[102.25659138012612,14.850353794128333],[102.24757512601455,14.849644845927921],[102.2440925277104,14.846184547944182],[102.23578521630886,14.84548001388026],[102.23158923655492,14.849644805012366],[102.22674219811891,14.850353829893642],[102.22325964439183,14.85381404250882],[102.21840808314181,14.854518579258993],[102.21458223883016,14.858317741612455],[102.21075626527491,14.85451864524781],[102.20833500945213,14.854166318412128],[102.20833500945213,14.850001580202465],[102.20501746643716,14.849149897653803],[102.20327839494854,14.842376487952903],[102.19255429086188,14.840958453626328],[102.19081524157436,14.834185103915562],[102.18529039938917,14.832767119722737],[102.18137530495214,14.829734911850604],[102.17406233051686,14.828597906826936],[102.16471160132257,14.836931899084018],[102.15918231369665,14.83834994607732],[102.15742102306127,14.845221422667985],[102.13112123632328,14.846398593837076],[102.12721060513573,14.849430740782624],[102.11445758967588,14.850567867005578],[102.11054249759893,14.853600048322326],[102.09583189959488,14.854166377228653],[102.09526560042681,14.831121670635957],[102.09168050244267,14.826497612201674]]]},"id":"0009000000000000265e","properties":{"HYBAS_ID":4121583930,"NEXT_DOWN":4121583700,"ORDER":4,"SUB_AREA":148.4,"UP_AREA":4553.2}},{"type":"Feature","geometry":{"type":"Polygon","coordinates":[[[101.77499956947092,15.07083410936761],[101.77535632611492,15.068377099608535],[101.78090785568075,15.062852273785948],[101.78333359619323,15.062500011377812],[101.78554535216628,15.063066310217879],[101.79362077367124,15.070267770756885],[101.79804424345386,15.071400404540054],[101.80195479919902,15.07443253894261],[101.8074840817042,15.075850538137823],[101.8092320802237,15.08267302095875],[101.82304195744646,15.083899254750227],[101.83112182010542,15.091100690327966],[101.84078025098907,15.092375994919156],[101.84251923285058,15.099149357335756],[101.84804411717533,15.100567340537344],[101.85208405722022,15.103697685389708],[101.85612397747335,15.100567328068808],[101.89387921313373,15.099434773716025],[101.89778983166087,15.096402551100349],[101.90220878163485,15.095265509154466],[101.91028867414511,15.088068458971065],[101.91343678906779,15.086931384277545],[101.92278759012171,15.095265463058537],[101.92721097177855,15.096402568879716],[101.93112159471666,15.099434733592505],[101.93970986722519,15.100567318483096],[101.94374980733957,15.10369763735977],[101.9477897259048,15.10056739538529],[101.95074607925663,15.099434714773881],[101.95612376409571,15.103599556006564],[101.96054277756744,15.104732182923227],[101.96569749307632,15.108727486178058],[101.96666510207234,15.11249987266145],[101.96450686963426,15.113115307425002],[101.96049375091921,15.116049341455026],[101.95200803765158,15.117284516712592],[101.9493816519147,15.11946499247044],[101.95756412285121,15.121806038380859],[101.95912919939009,15.132539115814925],[101.96882773233565,15.13395260958334],[101.97284098874499,15.136882305907756],[101.97716183870568,15.138117404005115],[101.98586154727128,15.145671153610385],[101.9881178519806,15.15046918895935],[101.98321726094204,15.157175671741038],[101.97916842976576,15.15833503168048],[101.97916842976576,15.162499786763695],[101.97278742774,15.161933499561316],[101.96887684988262,15.158901276442538],[101.94508751989754,15.157764271853166],[101.93846572770732,15.162896656784119],[101.93665091194914,15.169982158291273],[101.93112159471666,15.17140019187182],[101.92721097177855,15.17443237095219],[101.9200853199875,15.175569413017453],[101.91471214676034,15.171400193691635],[101.91028867414511,15.17026758923578],[101.90624878182324,15.167137282146987],[101.90220878163485,15.170267593311838],[101.89778983166087,15.171400144146531],[101.89288485023069,15.175199296603601],[101.8871861100607,15.173923981921135],[101.89119925838949,15.168751436475475],[101.88710578946524,15.163467458622772],[101.88112168429238,15.161933478593461],[101.8772110699468,15.158901305915533],[101.86984462333562,15.157764221536937],[101.85637817946643,15.17026759616027],[101.85195469950101,15.171400185945126],[101.84804411717533,15.174432362396619],[101.83945585352063,15.175569396123947],[101.83554521149748,15.178597186298996],[101.8333335361339,15.179167945269329],[101.8327672301352,15.172791427710832],[101.82973500933036,15.168876284966522],[101.82831708046501,15.163351486757437],[101.82499946400091,15.162499826623186],[101.82083463146598,15.162499780145874],[101.82026387028093,15.160288083510194],[101.81723618299895,15.156377495839072],[101.81581372613401,15.150852598524143],[101.80872816463093,15.14903329235794],[101.80473283845978,15.143878645681976],[101.80360027580728,15.131121115582319],[101.80056802428993,15.127210456800444],[101.79943098510135,15.09778932542002],[101.79639876678092,15.093878740797853],[101.79493624872639,15.08817550623439],[101.7772113237404,15.071400398737985],[101.77499956947092,15.07083410936761]]]},"id":"00090000000000002662","properties":{"HYBAS_ID":4121110640,"NEXT_DOWN":4121111260,"ORDER":4,"SUB_AREA":144.8,"UP_AREA":1107.6}},{"type":"Feature","geometry":{"type":"Polygon","coordinates":[[[102.62499785654796,14.600002055697981],[102.6357576427181,14.599645303231972],[102.63924020048503,14.596185066797373],[102.65659058809358,14.595480539010241],[102.67674129461463,14.575352115052324],[102.6791670490766,14.574999856451615],[102.6791670490766,14.5708350549016],[102.68669844481059,14.570099333317119],[102.68811643141251,14.560338386530931],[102.69105053856505,14.556325157351278],[102.69243281561545,14.546804951218416],[102.69799338079012,14.545217497302492],[102.702006562579,14.542283475642716],[102.70632740424901,14.54104830108068],[102.71034060875346,14.538118605930096],[102.7229955643617,14.536883464012657],[102.72700872569347,14.53394938768547],[102.72916695698981,14.533334037167737],[102.73159265815534,14.533686335943242],[102.73714429589722,14.53921556212867],[102.73785324157643,14.560757461689906],[102.74131350150157,14.56424007934832],[102.74201808782414,14.581590394812077],[102.74547829490558,14.58507745273247],[102.74618729082412,14.589924464904945],[102.74964762051015,14.593407066769897],[102.75035208134594,14.598258522870394],[102.75381235805075,14.60174112572073],[102.7541646442488,14.6041668373667],[102.75195736979171,14.60473318811322],[102.74804227586375,14.607765384634428],[102.74251748292622,14.609183311959779],[102.74109945190652,14.614712641196144],[102.72973319787592,14.626957309022874],[102.72860063115422,14.630105402038478],[102.73693472588442,14.639456202628795],[102.73806728526188,14.642412521956333],[102.73390249129821,14.647790243099921],[102.73276541254079,14.66054328104921],[102.72820826426023,14.666010076864712],[102.7166680911619,14.666665617852981],[102.71578068883093,14.663209783236203],[102.70612227243267,14.6619345065655],[102.70221168718366,14.658902275275969],[102.69668238998378,14.657484323415659],[102.69493445431893,14.650661859699609],[102.68112456924987,14.649431181078244],[102.6605458257958,14.629735349859697],[102.65195763581002,14.628598229821216],[102.64804246926498,14.62556609706532],[102.6425176674648,14.624148036255022],[102.64109971007207,14.61862326648065],[102.63806750867751,14.61471262960213],[102.63664951800264,14.60918335978049],[102.63112464486046,14.60776536754092],[102.62720956728363,14.604733189371057],[102.62499785654796,14.604166804177739],[102.62499785654796,14.600002055697981]]]},"id":"00090000000000002663","properties":{"HYBAS_ID":4121116280,"NEXT_DOWN":4121115020,"ORDER":4,"SUB_AREA":104.5,"UP_AREA":1596.7}},{"type":"Feature","geometry":{"type":"Polygon","coordinates":[[[102.36666873814205,14.620835002369715],[102.36702106432504,14.610048380379995],[102.3725770559847,14.604519113605964],[102.3774241432151,14.603814580910136],[102.3809067065671,14.60035427925234],[102.38575817380705,14.599645319308117],[102.39757476314898,14.587855499736486],[102.40659113813476,14.587146476948263],[102.41007364071889,14.583686227249656],[102.41912118201006,14.582977178154488],[102.42535502427127,14.576716586273086],[102.42464598577735,14.572574097975457],[102.42118577027557,14.569091593644739],[102.42048121764253,14.535077504529816],[102.41702095465386,14.531590513620882],[102.41631196839924,14.52674350027676],[102.40797786585921,14.518382636305954],[102.40868688726239,14.514240143066424],[102.4121471574345,14.510757556588912],[102.41285611756517,14.493376006462434],[102.41840772293456,14.487851169119612],[102.42083344968746,14.487498892244533],[102.42149340677211,14.480065648441865],[102.42499823078863,14.479164853440517],[102.42561807273567,14.490660461013551],[102.43528990061444,14.499431447398752],[102.44097073751897,14.500889648178081],[102.4620400005535,14.522904158348165],[102.45880275535558,14.527082354158152],[102.46193301524269,14.531122304166768],[102.46306559501981,14.539710532972482],[102.46609781864392,14.543621146653338],[102.46723490147725,14.556378650026138],[102.49526480978754,14.58529146203751],[102.49640183372945,14.5897104546704],[102.49943406961954,14.593621091749133],[102.50056667220885,14.59804448351155],[102.52026698450719,14.618623248539913],[102.5216849448775,14.62414804232129],[102.52720974012585,14.625566055779617],[102.53112483705168,14.628598269846293],[102.54166621449536,14.629164582679257],[102.54201847122648,14.63159027715188],[102.54581764277593,14.635416234180383],[102.54201847122648,14.63924210169989],[102.5413139588454,14.677425433906318],[102.52118553654893,14.697576090961402],[102.52048097715425,14.702423128612203],[102.51702073448769,14.705910143673545],[102.51631173723868,14.710757234988208],[102.5128514456148,14.714244248799528],[102.51214693753498,14.735759381826695],[102.50245728511351,14.745475774282262],[102.4958355079368,14.745832463459223],[102.4958355079368,14.741667700306442],[102.4894545615625,14.741101402371283],[102.46887580955175,14.721401114711561],[102.46335103804608,14.719983076266143],[102.46193301524269,14.714458225166686],[102.45890081522928,14.71054312494644],[102.45776818948043,14.697790101455608],[102.45473601313626,14.693875003790028],[102.4535989678759,14.67278790821901],[102.45056672790733,14.668877329708064],[102.44943418527335,14.656124315351443],[102.44223272763088,14.64804440839198],[102.4411000932646,14.643620963076465],[102.42852091609977,14.63006974505854],[102.42499823078863,14.629164567295655],[102.3892407326514,14.628812330773991],[102.38575817380705,14.625352042265181],[102.3725770559847,14.624647457572255],[102.36909003056404,14.621187197127753],[102.36666873814205,14.620835002369715]]]},"id":"00090000000000002666","properties":{"HYBAS_ID":4121115440,"NEXT_DOWN":4121114940,"ORDER":4,"SUB_AREA":219.7,"UP_AREA":219.8}},{"type":"Feature","geometry":{"type":"Polygon","coordinates":[[[102.19166687312753,14.74583245708394],[102.19828868806914,14.745480202879417],[102.20381348423265,14.739924188307308],[102.20416573167063,14.737498414765835],[102.20833500945213,14.737498443904423],[102.20833500945213,14.733333592096205],[102.2147115076254,14.732767286218271],[102.21862211298078,14.72973510486407],[102.23650763858397,14.728535646692482],[102.24526525566763,14.718877236931448],[102.24675012937244,14.713093769774384],[102.27083375556731,14.712500692591233],[102.27160522350894,14.720063341871453],[102.28546854324811,14.721476884167682],[102.29087741549573,14.725311664994246],[102.29230883185403,14.742300857958483],[102.28397476712287,14.752030610585258],[102.28269053570126,14.75630248170244],[102.27980997748533,14.760364676500405],[102.2791677966232,14.766665449991184],[102.2559091674951,14.767022152460356],[102.2524265692757,14.770477956947833],[102.23924101286113,14.771186896745931],[102.2357585020529,14.774647193440433],[102.2309070033091,14.775351714547028],[102.22742440566756,14.778812015911072],[102.21495232680431,14.779521005466783],[102.21075626527491,14.775351728001015],[102.20416573167063,14.774999452503241],[102.20416573167063,14.770834648499433],[102.19973339586997,14.769697572755968],[102.20359948311776,14.764712289070186],[102.20473207040887,14.761510687827103],[102.19223323488363,14.748044217513474],[102.19166687312753,14.74583245708394]]]},"id":"00090000000000002669","properties":{"HYBAS_ID":4121115080,"NEXT_DOWN":4121583930,"ORDER":4,"SUB_AREA":50.3,"UP_AREA":4292.2}},{"type":"Feature","geometry":{"type":"Polygon","coordinates":[[[102.02499907559957,14.729168804756771],[102.02168596998021,14.728317140239096],[102.02083427151,14.724999570811935],[102.02047756214783,14.714212998463756],[102.00659190724188,14.700354141642334],[102.0017403913111,14.69964511735731],[101.99825787115715,14.696184820356066],[101.98504549505121,14.695480276302508],[101.97952073455244,14.689924248514126],[101.97881168424219,14.685077193258783],[101.97118661921324,14.67742544693783],[101.9704820654966,14.668409153028563],[101.96214804259128,14.660048298629683],[101.9628525415589,14.65591028361527],[101.96665169081788,14.652084306188346],[101.9628525415589,14.648258429777709],[101.96214804259128,14.639242115319353],[101.9586877920248,14.635759535993536],[101.95833546857145,14.624999811321898],[101.96492609437335,14.625352037339853],[101.96840857943216,14.628812264604681],[101.9874980254471,14.629164581173757],[101.98815800668957,14.63653993716585],[101.9936248488181,14.641101575792348],[102.00637785748003,14.64223417617928],[102.02278739379389,14.657765222375165],[102.02831663968605,14.659183206755715],[102.03001554311572,14.665813906330756],[102.03554481044968,14.667231885855767],[102.03945545669036,14.670264129454575],[102.04804367134984,14.671401185693615],[102.05612356128917,14.67859816975906],[102.06471179031782,14.679735239245115],[102.0686224438281,14.682767424191262],[102.07304589543355,14.68389999334482],[102.07695650052634,14.686932256576503],[102.10220839610466,14.688069281806547],[102.10612345048355,14.691101525325347],[102.13137539120106,14.692234067168583],[102.13675307711185,14.696398871900646],[102.15637755741926,14.695266313275388],[102.1602881838218,14.692234113297575],[102.16249987027825,14.691667829839973],[102.1691172238995,14.692020018664735],[102.18714533387012,14.710074980941272],[102.18785434823116,14.714926439274754],[102.19131457838647,14.718408989738961],[102.19202361960745,14.72329175290048],[102.19757515567308,14.728812136317371],[102.20242222258653,14.729521123510821],[102.20590926832845,14.732981333561346],[102.20833500945213,14.733333592096205],[102.20833500945213,14.737498443904423],[102.20416573167063,14.737498414765835],[102.20381348423265,14.739924188307308],[102.19828868806914,14.745480202879417],[102.19166687312753,14.74583245708394],[102.16424344452089,14.745480184437028],[102.16041747608703,14.74168110811362],[102.15242231872192,14.7496450105366],[102.1399547295273,14.750354044681576],[102.1354153469249,14.745845829683537],[102.13125049415227,14.749983889960134],[102.12742463177864,14.746184753936046],[102.10590946561527,14.745480209448331],[102.10208353243432,14.741681022328319],[102.0982576464245,14.745480210637645],[102.08924130134852,14.746184747463204],[102.08368976607088,14.751709575430658],[102.08298072926767,14.756592334955888],[102.07118644601711,14.768408958933824],[102.07048193649075,14.78992411986188],[102.06078785482995,14.799640500117969],[102.05590958769471,14.800353893543061],[102.05035801402283,14.805874247795098],[102.04964448875323,14.810757016148841],[102.03785461573392,14.822573631522433],[102.0371456172084,14.82742509226706],[102.02745600110772,14.837141490128158],[102.02499907559957,14.837498224151275],[102.01250017954894,14.83749824928188],[102.01285250635631,14.835076949247709],[102.0170217071948,14.830880945002225],[102.01631275830015,14.82674284153815],[102.01214794101585,14.822546866860202],[102.01285250635631,14.805909938718706],[102.01631275830015,14.80242297055144],[102.0170217071948,14.793411097908828],[102.02464679625729,14.785759267323597],[102.02535135609128,14.780907748210993],[102.03748904868155,14.768752280149213],[102.0295206041376,14.76075708769539],[102.02881157314776,14.739241909972925],[102.02535135609128,14.735759376069627],[102.02499907559957,14.729168804756771]],[[102.02617625284984,14.72458935981456],[102.02973461268509,14.727951462029422],[102.02499907559957,14.729168804756771],[102.02617625284984,14.72458935981456]]]},"id":"0009000000000000266d","properties":{"HYBAS_ID":4121115510,"NEXT_DOWN":4121115080,"ORDER":4,"SUB_AREA":203.4,"UP_AREA":1771.0}},{"type":"Feature","geometry":{"type":"Polygon","coordinates":[[[102.58750130557979,14.479164901360674],[102.59081444076898,14.478317599571302],[102.59251781038965,14.471682526480508],[102.59804259332964,14.470264465806215],[102.60195773584535,14.467232350238085],[102.60637664080764,14.466099724015308],[102.61175431814968,14.461934930847473],[102.61471076320694,14.463067477359367],[102.62008838970615,14.467232309068638],[102.64065822279332,14.466046200040768],[102.65359855238098,14.45220961790019],[102.65416486542647,14.445833110294403],[102.66575854654724,14.44645739462145],[102.66763583160913,14.453770316880203],[102.67279050254983,14.457765643098856],[102.69484075146988,14.458951732162575],[102.69953624189284,14.464579103367626],[102.69526438711841,14.470086105113147],[102.69645939327737,14.490758519877508],[102.69999995447873,14.491668202775092],[102.70753137746091,14.492403908853168],[102.7091500194638,14.503515993634894],[102.73333175845806,14.50416701085522],[102.73297944695962,14.523256462134869],[102.7295191693724,14.526743479239576],[102.72916695698981,14.533334037167737],[102.72700872569347,14.53394938768547],[102.7229955643617,14.536883464012657],[102.71034060875346,14.538118605930096],[102.70632740424901,14.54104830108068],[102.702006562579,14.542283475642716],[102.69799338079012,14.545217497302492],[102.69243281561545,14.546804951218416],[102.69105053856505,14.556325157351278],[102.68811643141251,14.560338386530931],[102.68669844481059,14.570099333317119],[102.6791670490766,14.5708350549016],[102.6791670490766,14.574999856451615],[102.67674129461463,14.575352115052324],[102.65659058809358,14.595480539010241],[102.63924020048503,14.596185066797373],[102.6357576427181,14.599645303231972],[102.62499785654796,14.600002055697981],[102.6246456091309,14.568409277997533],[102.62118530164389,14.564922275071712],[102.62048083105284,14.56007527411488],[102.61702056033182,14.556592718307908],[102.61631156009902,14.547576415825105],[102.61285123875034,14.54408938396658],[102.61214673125652,14.518409417258203],[102.6086864468085,14.514922404658693],[102.60798196466693,14.505910539826834],[102.60452171718272,14.502423497033115],[102.60380823904177,14.497545241701545],[102.59409185134754,14.487851221423401],[102.58750130557979,14.48749892508473],[102.58750130557979,14.479164901360674]]]},"id":"00090000000000002671","properties":{"HYBAS_ID":4121585030,"NEXT_DOWN":4121116280,"ORDER":4,"SUB_AREA":146.8,"UP_AREA":1492.2}},{"type":"Feature","geometry":{"type":"Polygon","coordinates":[[[101.7708348035744,14.762500615600453],[101.77329169207786,14.762143904021103],[101.77881207769532,14.75659230365046],[101.7795210976204,14.751740786604309],[101.78298133308196,14.748258256130024],[101.78333359619323,14.745832449153832],[101.78575939273392,14.746184754627963],[101.79340671709286,14.753814259663564],[101.80242303223551,14.754518822412846],[101.80591002090756,14.757979060095652],[101.8149263634863,14.758688065179623],[101.83090777430606,14.774647215248628],[101.83575926669492,14.775351774760813],[101.83958519595481,14.779150853205222],[101.84341108973607,14.775351779616464],[101.84583235427225,14.774999451958843],[101.84804411717533,14.775565750202357],[101.86028880864343,14.78693201468385],[101.8647122016575,14.788069089042654],[101.86862287737534,14.79110131119392],[101.87157921006923,14.792233925199362],[101.87708176857271,14.787966555068648],[101.88112168429238,14.7911012599032],[101.89804395939234,14.792233937324326],[101.9019546439585,14.795266089952499],[101.90762658418004,14.796719709027021],[101.9089018723378,14.806378143043382],[101.91289729959962,14.811532849957159],[101.91887692432879,14.81306681014647],[101.92695677449265,14.82026823871021],[101.94492696564544,14.821472212234083],[101.94583221964164,14.824999405393244],[101.94526592346789,14.82721109802834],[101.94223371270068,14.831121722431803],[101.94110107438908,14.835545109384674],[101.93806889464936,14.839455743373618],[101.93683818174887,14.853265641548058],[101.92980616917814,14.855071522637205],[101.92859775050587,14.873041688718926],[101.92556557739697,14.876956809881676],[101.92443294167822,14.89387910332135],[101.92140079983368,14.897789753239481],[101.920268121272,14.9132449829851],[101.92453104899272,14.918751931549279],[101.92140079983368,14.92278747759845],[101.91969743410901,14.929431469939475],[101.91471214676035,14.925565464770889],[101.90918283468025,14.92414749895635],[101.90748392902174,14.917516800870718],[101.9019546439585,14.916098826855587],[101.89679987068642,14.912103413436617],[101.89493154570144,14.904826189646037],[101.88112168429238,14.903599963260854],[101.8772110699468,14.900567794681686],[101.8644580666705,14.899430681642357],[101.85090235814667,14.886856044652218],[101.84943090722777,14.881121622861892],[101.84487367128425,14.875654748280528],[101.83749833990703,14.874999272521041],[101.83693201158246,14.868622771218323],[101.82973500933036,14.860542901293256],[101.82855338612451,14.834243113001428],[101.82154367369878,14.832446087115624],[101.82026387028093,14.822787697426618],[101.81723618299895,14.818877051452429],[101.81609913777757,14.81445804986879],[101.81306687424251,14.810542948913325],[101.8116489085637,14.80501814252235],[101.8045633663134,14.803198848839344],[101.80056802428993,14.798044140028303],[101.79934629673704,14.78429219588376],[101.79375458099011,14.779632488548431],[101.7882475811276,14.783899829010156],[101.78351198852555,14.782085001661267],[101.77973512591001,14.777211141929548],[101.77916884729935,14.774999487202011],[101.77674311608186,14.77464722809528],[101.77118702591858,14.769122336531163],[101.7708348035744,14.762500615600453]]]},"id":"00090000000000002673","properties":{"HYBAS_ID":4121113200,"NEXT_DOWN":4121583490,"ORDER":4,"SUB_AREA":158.9,"UP_AREA":158.9}},{"type":"Feature","geometry":{"type":"Polygon","coordinates":[[[101.7327674382254,15.134081920223297],[101.73390001807859,15.122791540015378],[101.73693225391852,15.118876390787804],[101.73806931073811,15.114457435794476],[101.74110149378002,15.110542375179774],[101.74223407707616,15.106123414399878],[101.74943108633427,15.098043471500066],[101.75063945725033,15.080073308131723],[101.75659243464638,15.07881144017917],[101.76007494645859,15.075351097160413],[101.76492647621652,15.074646581457875],[101.76840900427406,15.071186313440323],[101.77499956947092,15.07083410936761],[101.7772113237404,15.071400398737985],[101.79493624872639,15.08817550623439],[101.79639876678092,15.093878740797853],[101.79943098510135,15.09778932542002],[101.80056802428993,15.127210456800444],[101.80360027580728,15.131121115582319],[101.80473283845978,15.143878645681976],[101.80872816463093,15.14903329235794],[101.81581372613401,15.150852598524143],[101.81723618299895,15.156377495839072],[101.82026387028093,15.160288083510194],[101.82083463146598,15.162499780145874],[101.82499946400091,15.162499826623186],[101.82831708046501,15.163351486757437],[101.82973500933036,15.168876284966522],[101.8327672301352,15.172791427710832],[101.8333335361339,15.179167945269329],[101.83090777430606,15.179520210065963],[101.82118693432722,15.189214302091033],[101.820477981459,15.227424341136755],[101.81495314774538,15.23297592389238],[101.80591002090756,15.23368486002387],[101.80035847496507,15.239209735138816],[101.80000172037319,15.241666680074452],[101.79362077367124,15.242232966590432],[101.78958524582247,15.24536330536107],[101.78554535216628,15.24223296284089],[101.76757071838436,15.24102902519145],[101.76666550927358,15.237501898842606],[101.77043790291309,15.236534282710778],[101.77556591251596,15.229912501687283],[101.77435742795417,15.21340494609376],[101.76862300989596,15.211933411530627],[101.76054316660834,15.204731954090168],[101.75501835436744,15.203313956602342],[101.75416661741107,15.200000841843245],[101.75416661741107,15.195831580867068],[101.75890218889528,15.19461867321287],[101.75776516634498,15.160288067458202],[101.7547329348031,15.156377448923065],[101.75319903525461,15.150397801776142],[101.74804431018602,15.146402451552516],[101.73838588137686,15.145127122190482],[101.73693225391852,15.139455142164666],[101.7327674382254,15.134081920223297]]]},"id":"00090000000000002675","properties":{"HYBAS_ID":4121582680,"NEXT_DOWN":4121110640,"ORDER":4,"SUB_AREA":114.5,"UP_AREA":962.8}},{"type":"Feature","geometry":{"type":"Polygon","coordinates":[[[102.64166596223698,14.325000405687586],[102.64409177464094,14.324648090791278],[102.64757431939636,14.321187850802007],[102.66078663021504,14.320478818426661],[102.6788147252248,14.302423961430385],[102.6791670490766,14.299998173956343],[102.68575754157877,14.299645899729901],[102.68924010467057,14.296185624181453],[102.69583510994785,14.295833424147329],[102.69640145277188,14.29804507909643],[102.70370542591449,14.306240938317623],[102.70056622980758,14.31028977542438],[102.69943368189047,14.313246204346958],[102.70359847919813,14.318623823074853],[102.7047355381829,14.323042800782652],[102.71193246333266,14.331122712426268],[102.71306513214356,14.348045000546842],[102.71609726678156,14.351955646494142],[102.71723435940814,14.364708636121309],[102.7203646210777,14.368748610087192],[102.71712731266985,14.372926771052818],[102.72443135061448,14.3811226019743],[102.72556843635138,14.385546057542776],[102.72860063115422,14.389456713478964],[102.72973319787592,14.398044927940806],[102.73276541254079,14.401955527788365],[102.73418343071245,14.407480319722593],[102.73971274266556,14.40890277680805],[102.74520188850143,14.413477831707583],[102.74640134967694,14.431376638239483],[102.75359837342117,14.439456597903671],[102.7541646442488,14.441668312184511],[102.75381235805075,14.45242364641122],[102.75035208134594,14.455910660400319],[102.74964762051015,14.477425776372764],[102.73334508634038,14.493750582659391],[102.73714868021109,14.497576535081949],[102.73750100420915,14.499997809836236],[102.73418343071245,14.500849478347497],[102.73333175845806,14.50416701085522],[102.7091500194638,14.503515993634894],[102.70753137746091,14.492403908853168],[102.69999995447873,14.491668202775092],[102.69645939327737,14.490758519877508],[102.69526438711841,14.470086105113147],[102.69953624189284,14.464579103367626],[102.69484075146988,14.458951732162575],[102.67279050254983,14.457765643098856],[102.66763583160913,14.453770316880203],[102.66575854654724,14.44645739462145],[102.65416486542647,14.445833110294403],[102.65487830286634,14.429918553093763],[102.66454562721233,14.42149082920654],[102.68357705924832,14.419997040116789],[102.67982253202797,14.41462387137106],[102.6791670490766,14.412501262918124],[102.67500224603033,14.412501284701317],[102.67403014993889,14.408728865302514],[102.66887542419148,14.404733573127128],[102.6631053183347,14.403253105309178],[102.66193256112491,14.37278859297335],[102.65890042988727,14.3688779069371],[102.65776776046401,14.364454469038174],[102.65473565007821,14.36054382704541],[102.65359855238098,14.34362161384838],[102.64640154347121,14.33554165094278],[102.64526452726095,14.331122710886453],[102.642232304777,14.327212104705453],[102.64166596223698,14.325000405687586]]]},"id":"00090000000000002678","properties":{"HYBAS_ID":4121585310,"NEXT_DOWN":4121585030,"ORDER":4,"SUB_AREA":148.2,"UP_AREA":1345.5}},{"type":"Feature","geometry":{"type":"Polygon","coordinates":[[[101.6625009317052,14.945832121084607],[101.6633526139941,14.942518958616423],[101.6702508211298,14.940748710345531],[101.67859828532053,14.931375714099627],[101.6800162719952,14.92585081323461],[101.68554553676857,14.924432875090357],[101.6936209651447,14.917235841894197],[101.70220919520169,14.916098844828287],[101.71862312973711,14.900567794962326],[101.73575949509537,14.899644677779428],[101.73995545329022,14.895479882510772],[101.79825822252295,14.896184421293276],[101.80591002090756,14.903814003870377],[101.81250059006383,14.904166280636566],[101.81193430892844,14.914711992059123],[101.8035823635899,14.924080605067376],[101.79654144619606,14.925886552208805],[101.7952662068818,14.93554491589562],[101.79223402168711,14.93945553170602],[101.7911014197032,14.971578937223894],[101.7952662068818,14.97695659677179],[101.79639876678092,14.981375608253455],[101.79943098510135,14.98529067708876],[101.80056802428993,15.006377804632555],[101.80360027580728,15.010288354450388],[101.8050182200842,15.015817674975192],[101.8116489085637,15.017516578873945],[101.81250059006383,15.020834169173002],[101.81184065369611,15.028267450675909],[101.8061241029237,15.02973455422645],[101.79804424345386,15.03693155080098],[101.79251936940952,15.03834950055793],[101.79166767569849,15.041667044727772],[101.7874984233071,15.041667082821212],[101.78404264665032,15.040779754195926],[101.78276729817532,15.031121321859633],[101.77973512591001,15.027210689554234],[101.77859805128764,15.022791698352323],[101.77025066646027,15.013418649354769],[101.76320972329793,15.011612773878916],[101.76193436731896,15.00195437342458],[101.75890218889528,14.998043692456644],[101.75776516634498,14.993624705373115],[101.75056819218018,14.985544879823717],[101.74943108633427,14.981121414528936],[101.74543575733033,14.975966706145377],[101.74166782734476,14.974999022444477],[101.73507727460239,14.974646783561798],[101.72742543132752,14.967021705629007],[101.71840913955151,14.966312742262819],[101.7149265392657,14.962852516006862],[101.7017409759762,14.962147969922178],[101.69825841185764,14.958687710817415],[101.68924212600179,14.957978687452053],[101.68575954624238,14.954518419350515],[101.66840918754838,14.953813893761643],[101.66285765096355,14.948289035375186],[101.6625009317052,14.945832121084607]]]},"id":"0009000000000000267b","properties":{"HYBAS_ID":4121113460,"NEXT_DOWN":4121113100,"ORDER":4,"SUB_AREA":125.3,"UP_AREA":524.8}},{"type":"Feature","geometry":{"type":"Polygon","coordinates":[[[101.63333391478409,15.070834107084394],[101.63992444085774,15.071186376073609],[101.64412052510686,15.075351115575907],[101.65242333881119,15.074646642571231],[101.65591035630575,15.071186373478703],[101.68575954624238,15.0704817597065],[101.69411590118,15.062147774007949],[101.71075730259025,15.06285225151253],[101.71495329798108,15.067021494195794],[101.71909133797219,15.066312577951184],[101.72328740819263,15.062147728218894],[101.72742543132752,15.062852283819936],[101.73090801448221,15.066312535090058],[101.73665131545833,15.067516507253401],[101.73839926374177,15.07433895280416],[101.75326586966372,15.075663296452168],[101.75416661741107,15.079168137377742],[101.75063945725033,15.080073308131723],[101.74943108633427,15.098043471500066],[101.74223407707616,15.106123414399878],[101.74110149378002,15.110542375179774],[101.73806931073811,15.114457435794476],[101.73693225391852,15.118876390787804],[101.73390001807859,15.122791540015378],[101.7327674382254,15.134081920223297],[101.73693225391852,15.139455142164666],[101.73838588137686,15.145127122190482],[101.74804431018602,15.146402451552516],[101.75319903525461,15.150397801776142],[101.7547329348031,15.156377448923065],[101.75776516634498,15.160288067458202],[101.75890218889528,15.19461867321287],[101.75416661741107,15.195831580867068],[101.75416661741107,15.200000841843245],[101.75501835436744,15.203313956602342],[101.76054316660834,15.204731954090168],[101.76862300989596,15.211933411530627],[101.77435742795417,15.21340494609376],[101.77556591251596,15.229912501687283],[101.77043790291309,15.236534282710778],[101.76666550927358,15.237501898842606],[101.76028902197926,15.236931159244456],[101.75637836668176,15.233898901642181],[101.75342196163592,15.23276631301106],[101.74804431018602,15.236931127517485],[101.74362086308307,15.238068172733291],[101.73425228993413,15.246415630757305],[101.73276743822538,15.25221243372537],[101.71568464760887,15.270178212714978],[101.70195501878929,15.271399984846374],[101.6980443766493,15.27443212443335],[101.69508806039151,15.275569229738057],[101.6897103758129,15.27140000843296],[101.68418549254862,15.269981987833615],[101.68243306895656,15.263159558677943],[101.66862324852576,15.261933327100687],[101.66054333941312,15.254731866120531],[101.65195517050739,15.253599209490956],[101.64804450241088,15.250567050882948],[101.63333391478409,15.25000071767147],[101.63368619292352,15.24341022528656],[101.6371464476108,15.239923188792753],[101.6374987387533,15.237501861257298],[101.6409589475042,15.236614554140655],[101.64237702672959,15.225885955391814],[101.65056839062473,15.223785701367563],[101.64943124846343,15.201958419855956],[101.64630102469235,15.197918455796355],[101.64943124846343,15.19387850771236],[101.65000203200982,15.183332692248033],[101.65377002910428,15.182365079027637],[101.65776531339674,15.177210399707418],[101.65890237345624,15.151954045896504],[101.66306718502453,15.146580833889134],[101.66193459464607,15.13945517765666],[101.65890237345624,15.135544572120283],[101.65776531339674,15.126956288104296],[101.6547331274542,15.123045687698136],[101.65360054139299,15.11862222708358],[101.65056839062473,15.114711653495654],[101.64943124846343,15.097789349306037],[101.64639913306098,15.093878740833851],[101.64486518029688,15.08789462136618],[101.63971043922294,15.08389924612065],[101.63395817191483,15.082423272701707],[101.63333391478409,15.070834107084394]]]},"id":"0009000000000000267d","properties":{"HYBAS_ID":4121582570,"NEXT_DOWN":4121582680,"ORDER":4,"SUB_AREA":235.5,"UP_AREA":848.2}},{"type":"Feature","geometry":{"type":"Polygon","coordinates":[[[101.78333359619323,14.745832449153832],[101.78405151415815,14.734109527372654],[101.79949784896077,14.732535466614287],[101.8077293840943,14.722921633728099],[101.8048086618994,14.71880138915939],[101.80352445323801,14.710364779038706],[101.7997163523503,14.704996003856243],[101.80961112720823,14.704202344734805],[101.81452947026287,14.707689299899416],[101.81880128166692,14.708978040552282],[101.82370631238396,14.712451684502758],[101.82852216278474,14.70630254822223],[101.83004272406538,14.691418109752878],[101.83536690497982,14.695190473090651],[101.83963425392014,14.696474712083173],[101.84369648900756,14.69935529040352],[101.84903405828695,14.700965037354788],[101.85144640435868,14.708978044432797],[101.86463642221213,14.707689380241108],[101.86869865967003,14.704808763917601],[101.87297048467373,14.703524526272279],[101.87703269326066,14.700643951868017],[101.88130006784826,14.699355259166246],[101.88536677208808,14.696474668338167],[101.89168981690128,14.694570684825736],[101.89519019205153,14.689634438711167],[101.89583228520452,14.68333370781126],[101.90000154653875,14.683333701660125],[101.90000154653875,14.67916445226539],[101.91049382799429,14.678549072577214],[101.91450698479129,14.675619450856846],[101.92071851015439,14.673840326133018],[101.92438393158064,14.66882823784846],[101.92561911477593,14.660338166074165],[101.92978388282282,14.65463492085777],[101.92845062748927,14.638305680840954],[101.91740096272747,14.636695979897143],[101.91666516572116,14.629164531137578],[101.93671777532671,14.628482346650035],[101.93814472639015,14.614529788162091],[101.94102524055133,14.610467542230204],[101.94292928690443,14.604144530465753],[101.94786556453812,14.600644194716029],[101.95000143238939,14.60000205609982],[101.95350633324357,14.600898291932007],[101.95473253577399,14.614712637887408],[101.95776475231678,14.618623289091477],[101.9586877920248,14.635759535993536],[101.96214804259128,14.639242115319353],[101.9628525415589,14.648258429777709],[101.96665169081788,14.652084306188346],[101.9628525415589,14.65591028361527],[101.96214804259128,14.660048298629683],[101.9704820654966,14.668409153028563],[101.97118661921324,14.67742544693783],[101.97881168424219,14.685077193258783],[101.97952073455244,14.689924248514126],[101.98504549505121,14.695480276302508],[101.99825787115715,14.696184820356066],[102.0017403913111,14.69964511735731],[102.00659190724188,14.700354141642334],[102.02047756214783,14.714212998463756],[102.02083427151,14.724999570811935],[102.01028849261287,14.724433277569203],[102.00637785748003,14.721401073441086],[101.9992522556325,14.720264022443605],[101.99387903007069,14.724433258478037],[101.98422056479494,14.72570857337907],[101.98248153396362,14.732481978787918],[101.9769567311367,14.733899933678012],[101.95637794364528,14.753600236728936],[101.91175130699294,14.75473288115213],[101.9063780316342,14.750568090002464],[101.89925237987215,14.749431025641064],[101.89263508611042,14.75456339148046],[101.89074890730461,14.761903091948948],[101.851954699501,14.76306687727492],[101.84680000572574,14.767062263032173],[101.84583235427225,14.770834627812189],[101.84583235427225,14.774999451958843],[101.84341108973607,14.775351779616464],[101.83958519595481,14.779150853205222],[101.83575926669492,14.775351774760813],[101.83090777430606,14.774647215248628],[101.8149263634863,14.758688065179623],[101.80591002090756,14.757979060095652],[101.80242303223551,14.754518822412846],[101.79340671709286,14.753814259663564],[101.78575939273392,14.746184754627963],[101.78333359619323,14.745832449153832]]]},"id":"00090000000000002682","properties":{"HYBAS_ID":4121115700,"NEXT_DOWN":4121115510,"ORDER":4,"SUB_AREA":185.8,"UP_AREA":1425.5}},{"type":"Feature","geometry":{"type":"Polygon","coordinates":[[[102.56249910254603,14.375000237527903],[102.56286026619298,14.372543312724932],[102.56840744442182,14.367018499432927],[102.57325893812481,14.366313967773893],[102.57674145360637,14.362853691413282],[102.58162421013155,14.362140254844933],[102.58714453093975,14.356593085368347],[102.58785352747717,14.339211561421417],[102.59340961541567,14.333686700458037],[102.59829228896554,14.332973251897881],[102.60381270593027,14.327426092217774],[102.60416497756201,14.325000372047352],[102.64166596223698,14.325000405687586],[102.642232304777,14.327212104705453],[102.64526452726095,14.331122710886453],[102.64640154347121,14.33554165094278],[102.65359855238098,14.34362161384838],[102.65473565007821,14.36054382704541],[102.65776776046401,14.364454469038174],[102.65890042988727,14.3688779069371],[102.66193256112491,14.37278859297335],[102.6631053183347,14.403253105309178],[102.66887542419148,14.404733573127128],[102.67403014993889,14.408728865302514],[102.67500224603033,14.412501284701317],[102.6791670490766,14.412501262918124],[102.67982253202797,14.41462387137106],[102.68357705924832,14.419997040116789],[102.66454562721233,14.42149082920654],[102.65487830286634,14.429918553093763],[102.65359855238098,14.45220961790019],[102.64065822279332,14.466046200040768],[102.62008838970615,14.467232309068638],[102.61471076320694,14.463067477359367],[102.61175431814968,14.461934930847473],[102.60637664080764,14.466099724015308],[102.60195773584535,14.467232350238085],[102.59804259332964,14.470264465806215],[102.59251781038965,14.471682526480508],[102.59081444076898,14.478317599571302],[102.58750130557979,14.479164901360674],[102.58406776763262,14.478286466099618],[102.58276568061049,14.46989435771912],[102.5910997643755,14.46054365695704],[102.59223239570183,14.457395552804334],[102.58390278383811,14.448044759610035],[102.58276568061049,14.443621376544346],[102.57556869462933,14.435545960736903],[102.57415076939536,14.430016665026153],[102.56640078060941,14.42802791798379],[102.5702668661924,14.423042580700567],[102.57139946804959,14.414454358427715],[102.57443167359524,14.41054376369698],[102.57499794982303,14.40833204664056],[102.57464567962359,14.393407417580654],[102.57118546805133,14.38992487605222],[102.57048086448388,14.385073346774803],[102.56285133558731,14.377426029150636],[102.56249910254603,14.375000237527903]]]},"id":"00090000000000002683","properties":{"HYBAS_ID":4121585600,"NEXT_DOWN":4121585310,"ORDER":4,"SUB_AREA":134.1,"UP_AREA":1197.2}},{"type":"Feature","geometry":{"type":"Polygon","coordinates":[[[101.5916681100966,14.76250063209903],[101.60242345817922,14.762148377359546],[101.60591043588379,14.758688033225704],[101.6107887057597,14.757974620103376],[101.61631357676843,14.75242305309545],[101.61701810482484,14.73507715236634],[101.62047832144448,14.731590137489102],[101.62083506930718,14.720834772532404],[101.63137635362177,14.72140104806639],[101.63675404982247,14.725565866332431],[101.63971043922294,14.724433255824156],[101.64362105261841,14.721401068341564],[101.65327945324188,14.720125797892944],[101.65513445002101,14.712897588353234],[101.66028917815207,14.708902195412266],[101.66471264563883,14.707765100091244],[101.66862324852576,14.704732930981338],[101.67304220843522,14.703600381783383],[101.67695729411605,14.700568123397053],[101.67916453969598,14.700001851186471],[101.6800742008147,14.69645687496069],[101.69166791043588,14.6958326259574],[101.69227436539063,14.711586612517438],[101.69915025892124,14.713352390398299],[101.70056826545552,14.718877224087212],[101.70360040074604,14.722787871829677],[101.70513435345916,14.728771947106091],[101.71028913179637,14.732767347381628],[101.71471255666873,14.733899927934665],[101.71862312973711,14.736932081772975],[101.72304212958016,14.738069223998188],[101.74362086308307,14.757765070237253],[101.74804431018602,14.7589020796657],[101.75195491487116,14.761934272721923],[101.76666550927358,14.76250064612558],[101.76609921428943,14.76887714053994],[101.76306700225686,14.77278776570005],[101.76193436731896,14.781375951804666],[101.75890218889528,14.785291108860552],[101.75776516634497,14.789710024990459],[101.75324805294451,14.795127881130504],[101.74362086308307,14.796398692331984],[101.73816741885712,14.800951431276749],[101.73693225391852,14.813245199034895],[101.74110149378002,14.818622852469113],[101.74223407707616,14.831375878123099],[101.745266294027,14.835290930548402],[101.74639892243871,14.842412117824852],[101.74223407707616,14.84778987311506],[101.74105691371714,14.878254401180834],[101.73749856488939,14.879168532988027],[101.73665131545833,14.875850995988605],[101.73333372661664,14.874999272593335],[101.72695718568312,14.874432994686773],[101.72304212958016,14.871400762386157],[101.71028913179637,14.870268124057908],[101.70220919520169,14.863066754489044],[101.6936209651447,14.861934070407248],[101.68554553676859,14.854732672771531],[101.67695729411605,14.853600007758018],[101.66737023823539,14.84490482424165],[101.66609944127278,14.835290944546255],[101.66306718502453,14.831375923823472],[101.66184098694825,14.817566050130873],[101.6550185334556,14.815818081490455],[101.65360054139299,14.810288818830987],[101.64524866635466,14.80092022135842],[101.63945624231938,14.799430862022183],[101.62172685756238,14.782655731593273],[101.61994328876393,14.775695100731099],[101.60954906799354,14.774433147595873],[101.60833175006879,14.779168741374376],[101.60591043588379,14.778811998090271],[101.60242345817922,14.775351744825926],[101.5975763918153,14.774647210587423],[101.59202033257598,14.769122378911892],[101.5916681100966,14.76250063209903]]]},"id":"00090000000000002686","properties":{"HYBAS_ID":4121113700,"NEXT_DOWN":4121113540,"ORDER":4,"SUB_AREA":188.5,"UP_AREA":188.5}},{"type":"Feature","geometry":{"type":"Polygon","coordinates":[[[101.61666579679638,15.204165631155792],[101.61751753541637,15.200852535078248],[101.62083506930718,15.200000891031216],[101.62083506930718,15.195831571895678],[101.62440235539653,15.194917506193928],[101.62499990979711,15.1749986998774],[101.63159042480005,15.175355355029126],[101.63507743420452,15.178811233245654],[101.64583279727347,15.179167909257623],[101.6491503727147,15.18001959262436],[101.65000203200982,15.183332692248033],[101.64943124846343,15.19387850771236],[101.64630102469235,15.197918455796355],[101.64943124846343,15.201958419855956],[101.65056839062473,15.223785701367563],[101.64237702672959,15.225885955391814],[101.6409589475042,15.236614554140655],[101.6374987387533,15.237501861257298],[101.6371464476108,15.23507615975686],[101.63368619292352,15.231589114066134],[101.63297721051941,15.222546066459524],[101.62742557871152,15.217021216495242],[101.62254287574434,15.216307748943672],[101.61701810482484,15.210756232250768],[101.61666579679638,15.204165631155792]]]},"id":"00090000000000002688","properties":{"HYBAS_ID":4121110300,"NEXT_DOWN":4121582570,"ORDER":4,"SUB_AREA":15.9,"UP_AREA":465.7}},{"type":"Feature","geometry":{"type":"Polygon","coordinates":[[[101.6749997762311,14.954166137553461],[101.68575954624238,14.954518419350515],[101.68924212600179,14.957978687452053],[101.69825841185764,14.958687710817415],[101.7017409759762,14.962147969922178],[101.7149265392657,14.962852516006862],[101.71840913955151,14.966312742262819],[101.72742543132752,14.967021705629007],[101.73507727460239,14.974646783561798],[101.74166782734476,14.974999022444477],[101.74543575733033,14.975966706145377],[101.74943108633427,14.981121414528936],[101.75056819218018,14.985544879823717],[101.75776516634498,14.993624705373115],[101.75890218889528,14.998043692456644],[101.76193436731896,15.00195437342458],[101.76320972329793,15.011612773878916],[101.77025066646027,15.013418649354769],[101.77859805128764,15.022791698352323],[101.77973512591001,15.027210689554234],[101.78276729817532,15.031121321859633],[101.78404264665032,15.040779754195926],[101.7874984233071,15.041667082821212],[101.78714614622935,15.052422413017267],[101.78368586048605,15.05590947095558],[101.78333359619323,15.062500011377812],[101.78090785568075,15.062852273785948],[101.77535632611492,15.068377099608535],[101.77499956947092,15.07083410936761],[101.76840900427406,15.071186313440323],[101.76492647621652,15.074646581457875],[101.76007494645859,15.075351097160413],[101.75659243464638,15.07881144017917],[101.75416661741107,15.079168137377742],[101.75326586966372,15.075663296452168],[101.73839926374177,15.07433895280416],[101.73665131545833,15.067516507253401],[101.73333372661664,15.066664821635545],[101.73298145785945,15.055909457470579],[101.72535192453361,15.04825764410331],[101.72464735519216,15.03090732270799],[101.7204781641605,15.026711292012935],[101.72118713643316,15.01840837546582],[101.72464735519216,15.014925904029923],[101.72556601585191,15.001954317719843],[101.72915558635965,14.997330266391131],[101.72304212958016,14.992233504016705],[101.71028913179637,14.991100887185555],[101.6980443766493,14.979734676482087],[101.69251957154223,14.978316657320114],[101.69070029985987,14.97123109390123],[101.68554553676857,14.967235730180834],[101.6795614406932,14.965697379278856],[101.6755660978173,14.960542619630345],[101.6749997762311,14.954166137553461]]]},"id":"00090000000000002689","properties":{"HYBAS_ID":4121583350,"NEXT_DOWN":4121113460,"ORDER":4,"SUB_AREA":65.8,"UP_AREA":399.4}},{"type":"Feature","geometry":{"type":"Polygon","coordinates":[[[101.44113772742125,15.080108996609356],[101.44301054331088,15.074468264568806],[101.45641465777595,15.075529480644201],[101.46156043259687,15.07969433191024],[101.47308276103735,15.07863746095411],[101.47691758729269,15.075529544581016],[101.48974640825806,15.074468229337972],[101.49775046227536,15.067195473883606],[101.50224973031247,15.0661386213449],[101.51025381425019,15.058861380547066],[101.51250118516572,15.058335237792528],[101.51335292559801,15.061648338011748],[101.51666604941101,15.062500015769407],[101.51723228014788,15.068876494659765],[101.52122763464101,15.074031205988502],[101.52721181079008,15.075565160996709],[101.53529165999376,15.08276660515717],[101.54387547083167,15.083899202631843],[101.55612458587935,15.095265526504162],[101.57304239010854,15.096402549653218],[101.57819717905623,15.100397871632815],[101.58001646586985,15.10748342900245],[101.58664714026635,15.109182347201084],[101.58835047480969,15.115817491308261],[101.5938753561723,15.117235464091927],[101.61160472414358,15.13401060325353],[101.6130672723095,15.139709383714159],[101.61609953729011,15.14362445864352],[101.61723214621063,15.15637746994022],[101.62443360452404,15.164457320435062],[101.62499990979711,15.1749986998774],[101.62440235539653,15.194917506193928],[101.62083506930718,15.195831571895678],[101.61998339007887,15.19251847493945],[101.61424003378065,15.191314551789583],[101.61075746076821,15.187854238188],[101.60591043588379,15.187145259740442],[101.5940893494464,15.175355401884094],[101.58507754639271,15.174646422671207],[101.58159049427387,15.171186128213925],[101.56840943516761,15.17048163132215],[101.55659283899217,15.158687312780986],[101.51424022420528,15.157978238648953],[101.51075766704685,15.154517998929496],[101.50612467365735,15.153599425438417],[101.50220958836037,15.150567257365932],[101.49647075267909,15.149095790594496],[101.49519539386854,15.130073192826048],[101.48835072430845,15.128316310692362],[101.48658490817257,15.121440428554632],[101.47083539468807,15.120833945729874],[101.4675177839463,15.119982244595692],[101.4660997850503,15.114457441473474],[101.46306763418318,15.11054240160056],[101.46193057933112,15.106123399936013],[101.4589027996936,15.102208343880767],[101.45797533983563,15.097544114560032],[101.4524237576453,15.092019216092364],[101.44668487769367,15.090815274705491],[101.44530252412689,15.085250371082953],[101.44113772742125,15.080108996609356]]]},"id":"0009000000000000268d","properties":{"HYBAS_ID":4121110250,"NEXT_DOWN":4121110300,"ORDER":4,"SUB_AREA":129.9,"UP_AREA":129.9}},{"type":"Feature","geometry":{"type":"Polygon","coordinates":[[[102.42916753778803,14.445833112560479],[102.45659096347018,14.446185325163714],[102.46078697531507,14.45035458253569],[102.46908988082089,14.449645642576215],[102.48091096659611,14.43785125362012],[102.48578920512277,14.437142258458532],[102.49131401529999,14.431590701119758],[102.49201856989822,14.426743648365692],[102.49547884313498,14.423256659211416],[102.4958355079368,14.416666102432306],[102.50245728511351,14.416309357554901],[102.50798211447305,14.410757765863199],[102.50868668440464,14.401714710107699],[102.52674155499066,14.383686626979166],[102.53159304009519,14.382982079700632],[102.53924045203784,14.375352516321433],[102.56249910254603,14.375000237527903],[102.56285133558731,14.377426029150636],[102.57048086448388,14.385073346774803],[102.57118546805133,14.38992487605222],[102.57464567962359,14.393407417580654],[102.57499794982303,14.40833204664056],[102.57443167359524,14.41054376369698],[102.57139946804959,14.414454358427715],[102.5702668661924,14.423042580700567],[102.56640078060941,14.42802791798379],[102.57415076939536,14.430016665026153],[102.57556869462933,14.435545960736903],[102.58276568061049,14.443621376544346],[102.58390278383811,14.448044759610035],[102.59223239570183,14.457395552804334],[102.5910997643755,14.46054365695704],[102.58276568061049,14.46989435771912],[102.58406776763262,14.478286466099618],[102.58750130557979,14.479164901360674],[102.58750130557979,14.48749892508473],[102.58528956579393,14.48806521855452],[102.58137892899694,14.49109745527845],[102.57695555148965,14.492234531096365],[102.568875624312,14.499431454938106],[102.56445666686874,14.500568519332054],[102.5479134169115,14.516220034860405],[102.51471093020494,14.483900390153565],[102.51028749463214,14.482767807158842],[102.49804281183089,14.471401578522645],[102.49508639063583,14.470264525695567],[102.48970874607596,14.474433775401076],[102.48418392618076,14.475851755490845],[102.48276590629946,14.48137660932734],[102.47877057467005,14.486531303964234],[102.47279091917217,14.48806523765207],[102.468750971282,14.491199965036634],[102.46471099189107,14.488065210202713],[102.46028757110261,14.486932596109282],[102.45637700320937,14.483900449051514],[102.45195801794374,14.482767813571389],[102.44804292617123,14.479735634234817],[102.44362391548425,14.478598593432768],[102.43403690833456,14.469903354558703],[102.43276600158579,14.460289480955641],[102.4297337939223,14.456378894497057],[102.42916753778805,14.454167180338363],[102.42916753778803,14.445833112560479]]]},"id":"0009000000000000268e","properties":{"HYBAS_ID":4121585660,"NEXT_DOWN":4121585600,"ORDER":4,"SUB_AREA":137.5,"UP_AREA":1063.1}},{"type":"Feature","geometry":{"type":"Polygon","coordinates":[[[101.86188073209536,14.592136213827215],[101.86311588559484,14.581171268021452],[101.86604996574547,14.57716250256395],[101.8666653463748,14.566665814907036],[101.87017020421678,14.56756653619358],[101.87140084284974,14.581376423962658],[101.8744330393541,14.585291460120686],[101.87556566515416,14.589710443328018],[101.87859789364556,14.593621063924111],[101.87973491464376,14.602209277373214],[101.88276708817226,14.60612439211323],[101.88389971586123,14.610543347514298],[101.88693192125527,14.614453957913772],[101.88863528503468,14.62109807629321],[101.89374989147406,14.617133891913566],[101.89778983166087,14.620264164765983],[101.91054283170868,14.621401299270834],[101.91569757383745,14.625396670384378],[101.91666516572116,14.629164531137578],[101.91740096272747,14.636695979897143],[101.92845062748927,14.638305680840954],[101.92978388282282,14.65463492085777],[101.92561911477593,14.660338166074165],[101.92438393158064,14.66882823784846],[101.92071851015439,14.673840326133018],[101.91450698479129,14.675619450856846],[101.91049382799429,14.678549072577214],[101.90000154653875,14.67916445226539],[101.89778983166087,14.67859817313547],[101.89387921313373,14.675565994034057],[101.8852909778927,14.674433325015995],[101.87153466174047,14.661568864970965],[101.87026826150854,14.651955035106218],[101.86723609704772,14.648044386859418],[101.86581810050808,14.642519550305408],[101.86250052557166,14.641667847521665],[101.86335218200915,14.638350273385791],[101.86887702234543,14.636932363719508],[101.87278767763235,14.633900139995767],[101.88660193792735,14.632673880961237],[101.88749825578971,14.629164588764699],[101.88749825578971,14.624999772552131],[101.88634331246993,14.620946485664865],[101.8813268689157,14.617285485101412],[101.8716282828593,14.61587195412354],[101.87021475197251,14.606173423237559],[101.86728508082332,14.60216022168001],[101.86604996574547,14.597839397334369],[101.86188073209536,14.592136213827215]]]},"id":"00090000000000002691","properties":{"HYBAS_ID":4121116160,"NEXT_DOWN":4121115700,"ORDER":4,"SUB_AREA":38.8,"UP_AREA":1024.8}},{"type":"Feature","geometry":{"type":"Polygon","coordinates":[[[101.55833184813106,15.016664887026105],[101.56589450006655,15.015893508051034],[101.56741061968792,15.001031293582068],[101.57083515802108,15.000001283332914],[101.57083515802108,14.995831972018435],[101.57329217185035,14.995475287210551],[101.5788125122503,14.989923686036867],[101.579521468816,14.980907408538695],[101.58298172606273,14.97742486204107],[101.58368628621045,14.97257781411088],[101.58785109897,14.968381782663071],[101.58714659702584,14.9475756096983],[101.58334736788085,14.943749728813252],[101.58714659702584,14.93992378991405],[101.58785109897,14.935076712345762],[101.5913113765122,14.931589699148422],[101.5916681100966,14.924999157188928],[101.61075746076821,14.925351425471366],[101.61424003378065,14.92881169401925],[101.61909153010275,14.929520712401553],[101.62257412430856,14.932980992175743],[101.63159042480005,14.933685493507866],[101.63507743420452,14.93714580179791],[101.65242333881119,14.93785476017009],[101.6600751343897,14.945479816731266],[101.6625009317052,14.945832121084607],[101.66285765096355,14.948289035375186],[101.66840918754838,14.953813893761643],[101.6749997762311,14.954166137553461],[101.6755660978173,14.960542619630345],[101.6795614406932,14.965697379278856],[101.68554553676857,14.967235730180834],[101.69070029985987,14.97123109390123],[101.69251957154223,14.978316657320114],[101.6980443766493,14.979734676482087],[101.71028913179637,14.991100887185555],[101.72304212958016,14.992233504016705],[101.72915558635965,14.997330266391131],[101.72556601585191,15.001954317719843],[101.72464735519216,15.014925904029923],[101.72118713643316,15.01840837546582],[101.7204781641605,15.026711292012935],[101.72464735519216,15.03090732270799],[101.72535192453361,15.04825764410331],[101.73298145785945,15.055909457470579],[101.73333372661664,15.066664821635545],[101.73090801448221,15.066312535090058],[101.72742543132752,15.062852283819936],[101.72328740819263,15.062147728218894],[101.71909133797219,15.066312577951184],[101.71495329798108,15.067021494195794],[101.71075730259025,15.06285225151253],[101.69411590118,15.062147774007949],[101.68575954624238,15.0704817597065],[101.65591035630575,15.071186373478703],[101.65242333881119,15.074646642571231],[101.64412052510686,15.075351115575907],[101.63992444085774,15.071186376073609],[101.63333391478409,15.070834107084394],[101.62987370103183,15.069946689717746],[101.62859832987118,15.060288327636904],[101.61723214621063,15.048043598300893],[101.61609953729011,15.043624665126472],[101.61150664884183,15.038113197480609],[101.58675412932267,15.036931555282496],[101.58137644026405,15.041100784323891],[101.5784200763988,15.042233412370305],[101.5718027737085,15.037105396639213],[101.57026437922981,15.031121281093426],[101.55890264721252,15.018876609470396],[101.55833184813106,15.016664887026105]]]},"id":"00090000000000002692","properties":{"HYBAS_ID":4121583290,"NEXT_DOWN":4121583350,"ORDER":4,"SUB_AREA":193.1,"UP_AREA":333.6}},{"type":"Feature","geometry":{"type":"MultiPolygon","coordinates":[[[[101.76666550927358,14.516665932701589],[101.75923220761267,14.516005969145848],[101.75833141628605,14.51250113104483],[101.7625007267167,14.512501143880767],[101.76581385145285,14.513352765974604],[101.76666550927358,14.516665932701589]]],[[[101.76666550927358,14.516665932701589],[101.77109784018849,14.515528871651934],[101.76713367194958,14.510418678328753],[101.77026396597445,14.506378773205846],[101.77083480357442,14.504167032739659],[101.77304203675585,14.503600712790064],[101.77695713870708,14.500568585964055],[101.78248197693505,14.499150590484145],[101.78389989726467,14.493621275695318],[101.78693210283645,14.489710652151848],[101.78806918075361,14.485291710548124],[101.7952662068818,14.47721178922439],[101.79680011290532,14.471227632278818],[101.80195479919902,14.467232345235924],[101.80637827153645,14.466099725069757],[101.81445816182283,14.458902752920284],[101.8438793328347,14.457765668671653],[101.84925249030148,14.45360083427004],[101.86160424482168,14.454840442452834],[101.86335218200915,14.461649547572492],[101.86887702234543,14.463067545689386],[101.87278767763235,14.466099679293036],[101.87499939424876,14.466665988606247],[101.87499939424876,14.487498900566386],[101.86756602017942,14.48816336151982],[101.8666653463748,14.491668205125142],[101.86335218200915,14.49251543863426],[101.86193423742515,14.498044670580171],[101.85890205035737,14.501955355044943],[101.85776490470991,14.510543566022214],[101.85324784883981,14.515961407665442],[101.84362063761733,14.517232234294832],[101.8342521046628,14.525584104995588],[101.8327672301352,14.53137644071308],[101.82973500933036,14.53529155436102],[101.82859800333637,14.544620039467363],[101.83554521149748,14.546399171647256],[101.83945585352063,14.549431338807528],[101.85742605141357,14.550639801689599],[101.85890205035737,14.556378645722507],[101.86609903597706,14.564454049787578],[101.8666653463748,14.566665814907036],[101.86604996574547,14.57716250256395],[101.86311588559484,14.581171268021452],[101.86188073209536,14.592136213827215],[101.86604996574547,14.597839397334369],[101.86728508082332,14.60216022168001],[101.87021475197251,14.606173423237559],[101.8716282828593,14.61587195412354],[101.8813268689157,14.617285485101412],[101.88634331246993,14.620946485664865],[101.88749825578971,14.624999772552131],[101.88749825578971,14.629164588764699],[101.88660193792735,14.632673880961237],[101.87278767763235,14.633900139995767],[101.86887702234543,14.636932363719508],[101.86335218200915,14.638350273385791],[101.86250052557166,14.641667847521665],[101.8342521046628,14.641079258044114],[101.8327672301352,14.635291340478457],[101.82973500933036,14.631376288768022],[101.82859800333637,14.618623236179324],[101.82140096041194,14.610543343412827],[101.81998296959767,14.605018561864238],[101.81445816182283,14.603600508345643],[101.81054305467116,14.60056835029119],[101.80195479919901,14.599431297899502],[101.79680011290532,14.595435929963516],[101.7952662068818,14.589456298027326],[101.78806918075361,14.58137641779435],[101.78665120414693,14.575851524052721],[101.78112188679738,14.57443359463169],[101.77304203675585,14.567232124944395],[101.77083480357442,14.566665772151753],[101.74783921105656,14.566050447162054],[101.74236790572968,14.56167163587405],[101.74104796294658,14.542666920238604],[101.75216002206855,14.541048297853818],[101.7659297175368,14.528362133455447],[101.76666550927358,14.516665932701589]]]]},"id":"00090000000000002698","properties":{"HYBAS_ID":4121116610,"NEXT_DOWN":4121116160,"ORDER":4,"SUB_AREA":165.0,"UP_AREA":885.8}},{"type":"Feature","geometry":{"type":"Polygon","coordinates":[[[102.42916753778803,14.445833112560479],[102.42951979686964,14.439242527203046],[102.43298009222774,14.435759972059039],[102.43368463520352,14.430908445985827],[102.43714488286673,14.427425898334176],[102.43750162715915,14.391668380984317],[102.44825695819475,14.391311665023114],[102.45174397894142,14.38785139463018],[102.45659096347018,14.387146851591117],[102.46041694886192,14.383347731989565],[102.46495182421384,14.387851414874556],[102.46908988082089,14.387146859735381],[102.47257684094042,14.383686622560598],[102.48649372558904,14.382714531436237],[102.49526480978754,14.37304272958497],[102.49653562773325,14.363420008404201],[102.50195787323852,14.35889843754839],[102.50890074290389,14.357119300499896],[102.50776814520698,14.339456736483047],[102.50359884367373,14.334079132516871],[102.50531562220876,14.329602163580393],[102.52279081036407,14.313067820274863],[102.532444808659,14.311792477828938],[102.5333321217226,14.308332283168589],[102.5397086006779,14.307765947723187],[102.5436237741638,14.304733720149184],[102.55491413996052,14.30360114490134],[102.56028740487945,14.307765935418114],[102.568875624312,14.308898543082218],[102.57279074041661,14.311930716081333],[102.57720966736662,14.3130677807429],[102.5811248039304,14.316100028908023],[102.59387780924266,14.31723258354122],[102.5977884315774,14.320264836980806],[102.60331775821803,14.32168279008236],[102.60416497756201,14.325000372047352],[102.60381270593027,14.327426092217774],[102.59829228896554,14.332973251897881],[102.59340961541567,14.333686700458037],[102.58785352747717,14.339211561421417],[102.58714453093975,14.356593085368347],[102.58162421013155,14.362140254844933],[102.57674145360637,14.362853691413282],[102.57325893812481,14.366313967773893],[102.56840744442182,14.367018499432927],[102.56286026619298,14.372543312724932],[102.56249910254603,14.375000237527903],[102.53924045203784,14.375352516321433],[102.53159304009519,14.382982079700632],[102.52674155499066,14.383686626979166],[102.50868668440464,14.401714710107699],[102.50798211447305,14.410757765863199],[102.50245728511351,14.416309357554901],[102.4958355079368,14.416666102432306],[102.49547884313498,14.423256659211416],[102.49201856989822,14.426743648365692],[102.49131401529999,14.431590701119758],[102.48578920512277,14.437142258458532],[102.48091096659611,14.43785125362012],[102.46908988082089,14.449645642576215],[102.46078697531507,14.45035458253569],[102.45659096347018,14.446185325163714],[102.42916753778803,14.445833112560479]]]},"id":"00090000000000002699","properties":{"HYBAS_ID":4121585590,"NEXT_DOWN":4121585660,"ORDER":4,"SUB_AREA":115.2,"UP_AREA":925.5}},{"type":"Feature","geometry":{"type":"Polygon","coordinates":[[[102.32916775208497,14.33749918410501],[102.33653858348535,14.336843735704065],[102.34110029084843,14.331376848061078],[102.34223288206343,14.32695795142672],[102.34526509507474,14.323042846523776],[102.34679901591024,14.317063198140161],[102.35195820539674,14.313067819123612],[102.35637712324947,14.311930723449132],[102.36042599158044,14.308796029597687],[102.36862188548844,14.31610002299637],[102.39804302860685,14.317232599135167],[102.40195805218283,14.320264843829976],[102.40637709744063,14.321401869819827],[102.4157277663672,14.329735954407898],[102.42827124101015,14.328496321150183],[102.42916753778803,14.325000374490518],[102.43333236316789,14.325000380556116],[102.4333323631679,14.320831105987269],[102.44411887320615,14.320478804351739],[102.45381301037496,14.310758000500616],[102.45416525855347,14.308332248345904],[102.45793762775479,14.307364612526186],[102.46193301524269,14.302209892659372],[102.46346694753962,14.296230236292601],[102.46862167152267,14.292234933585593],[102.47720992674257,14.291097793223823],[102.48219518605654,14.287236252361426],[102.48418392618076,14.294981735414794],[102.48970874607596,14.296399696055014],[102.49508639063583,14.300568923914385],[102.50221208559871,14.299431883447676],[102.50612265179889,14.296399718349106],[102.51054163800701,14.29526711527449],[102.51445677756494,14.292234861933547],[102.51666846706692,14.291668555797743],[102.51751566110603,14.294981663163625],[102.52304498151129,14.296399711850222],[102.53241355981864,14.304751617660724],[102.5333321217226,14.308332283168589],[102.532444808659,14.311792477828938],[102.52279081036407,14.313067820274863],[102.50531562220876,14.329602163580393],[102.50359884367373,14.334079132516871],[102.50776814520698,14.339456736483047],[102.50890074290389,14.357119300499896],[102.50195787323852,14.35889843754839],[102.49653562773325,14.363420008404201],[102.49526480978754,14.37304272958497],[102.48649372558904,14.382714531436237],[102.47257684094042,14.383686622560598],[102.46908988082089,14.387146859735381],[102.46495182421384,14.387851414874556],[102.46041694886192,14.383347731989565],[102.45659096347018,14.387146851591117],[102.45174397894142,14.38785139463018],[102.44825695819475,14.391311665023114],[102.43750162715915,14.391668380984317],[102.43653398601829,14.388462271451177],[102.4311964531794,14.386856983986938],[102.42587674931518,14.383084587922443],[102.42499823078863,14.391668372256134],[102.36007377347912,14.392020676014754],[102.35659115630129,14.39548095970336],[102.35416541401729,14.39583318181291],[102.35381321555876,14.393407415659546],[102.3503529026466,14.389924917038154],[102.34964835599088,14.385073375314903],[102.33785401807872,14.37325675924315],[102.33714509355667,14.360075627898093],[102.33368477094342,14.356593080102158],[102.3329802417074,14.343407563014507],[102.32951996046076,14.339924968141098],[102.32916775208497,14.33749918410501]]]},"id":"0009000000000000269b","properties":{"HYBAS_ID":4121585750,"NEXT_DOWN":4121585590,"ORDER":4,"SUB_AREA":157.3,"UP_AREA":810.5}},{"type":"Feature","geometry":{"type":"Polygon","coordinates":[[[101.44113772742125,14.978227472334513],[101.44530252412689,14.97308162735782],[101.4463638316938,14.968586885510259],[101.44947182508064,14.964747635588953],[101.45052858364627,14.943584684916209],[101.45363661830207,14.939749842926462],[101.45416722774452,14.929168455861097],[101.45762305984094,14.928281025017093],[101.45904102677788,14.917552457325192],[101.46250127180636,14.916665089365626],[101.46285356876581,14.897548936795081],[101.46840962276198,14.892019660155016],[101.47083539468807,14.891667354804246],[101.4716826257592,14.888349795075147],[101.47500019938644,14.887498132144946],[101.47850502223999,14.888398824603218],[101.47982047802506,14.903194130033716],[101.4894566072127,14.911934019593822],[101.49498143407676,14.913352002079526],[101.49680071352076,14.92043748634709],[101.50195547196401,14.92443281739563],[101.50637888716511,14.925565452027914],[101.51028945063352,14.928597680926606],[101.5240993571393,14.929828350862188],[101.52621296393596,14.938068781588843],[101.52859857470135,14.935544916064773],[101.53013252698779,14.929560821512904],[101.53529165999376,14.925565470091104],[101.54387547083167,14.924432882347988],[101.54779050727528,14.92140068430893],[101.55744451344466,14.920125350339742],[101.55954918077447,14.911933979269513],[101.56887765767377,14.913066653726517],[101.57278827099611,14.916098773420483],[101.57831752100239,14.9175168391541],[101.58007442536547,14.92437487257241],[101.5916681100966,14.924999157188928],[101.5913113765122,14.931589699148422],[101.58785109897,14.935076712345762],[101.58714659702584,14.93992378991405],[101.58334736788085,14.943749728813252],[101.58714659702584,14.9475756096983],[101.58785109897,14.968381782663071],[101.58368628621045,14.97257781411088],[101.58298172606273,14.97742486204107],[101.579521468816,14.980907408538695],[101.5788125122503,14.989923686036867],[101.57329217185035,14.995475287210551],[101.57083515802108,14.995831972018435],[101.57083515802108,15.000001283332914],[101.56741061968792,15.001031293582068],[101.56589450006655,15.015893508051034],[101.55833184813106,15.016664887026105],[101.54340727591875,15.0163125937903],[101.53575990445508,15.008687568123515],[101.52674360552993,15.007978614786621],[101.51909175891953,15.000353537077553],[101.51495367581093,14.999644524165568],[101.51075766704685,15.003813804396259],[101.50591069088294,15.004518271762823],[101.50242365005458,15.007978574414848],[101.49757663721685,15.008687596520527],[101.49408962191674,15.01214779734285],[101.4916683224313,15.012500139029413],[101.48924257281028,15.012147865232834],[101.47742595556144,15.000353521186527],[101.47257441452852,14.999644536020938],[101.46909189775273,14.996188750914923],[101.46424032203,14.995479700938535],[101.4524237576453,14.983685367597525],[101.44583317651824,14.983333095005639],[101.4425780786727,14.982566186578762],[101.44113772742125,14.978227472334513]]]},"id":"000900000000000026a0","properties":{"HYBAS_ID":4121583310,"NEXT_DOWN":4121583290,"ORDER":4,"SUB_AREA":140.5,"UP_AREA":140.6}},{"type":"Feature","geometry":{"type":"Polygon","coordinates":[[[102.42499823078863,14.308332289019065],[102.4283158414236,14.307480545536697],[102.42916753778803,14.304167432827272],[102.43333236316789,14.30416743798751],[102.4333323631679,14.2999981704016],[102.43750162715915,14.29999817600606],[102.43785828511528,14.302455177952437],[102.44340989220096,14.307980001125419],[102.45416525855347,14.308332248345904],[102.45381301037496,14.310758000500616],[102.44411887320615,14.320478804351739],[102.4333323631679,14.320831105987269],[102.43091100357525,14.32047886683083],[102.42535502427127,14.31495399250701],[102.42499823078863,14.308332289019065]]]},"id":"000900000000000026a1","properties":{"HYBAS_ID":4121119750,"NEXT_DOWN":4121585750,"ORDER":4,"SUB_AREA":4.4,"UP_AREA":523.7}},{"type":"Feature","geometry":{"type":"Polygon","coordinates":[[[102.35771490206646,14.179638164518265],[102.35895009150165,14.160339161297903],[102.36188416879325,14.156325976995072],[102.36249946862155,14.154167771825309],[102.37721007048468,14.153601450394303],[102.38112069891339,14.150569237958067],[102.3855441726478,14.149432196207027],[102.38945474083229,14.146399969863028],[102.40093694526465,14.145267410859418],[102.41028768841848,14.153601398796647],[102.4199461383404,14.154876748756777],[102.42083344968746,14.158332572826147],[102.4173285798213,14.159335818314489],[102.4160488541333,14.187967741117687],[102.4209494031776,14.194674215424865],[102.42847640305747,14.196828006304731],[102.42978285501178,14.2146599475068],[102.432716939204,14.218673064669446],[102.43406804275531,14.232531970865203],[102.44609872569063,14.234279957860533],[102.44228616726154,14.239505991084902],[102.44105102727474,14.243826892549967],[102.438116902192,14.247840081337591],[102.43688180762838,14.272993878505291],[102.43395216328315,14.277007049927507],[102.43333236316789,14.30416743798751],[102.42916753778803,14.304167432827272],[102.4283158414236,14.307480545536697],[102.42499823078863,14.308332289019065],[102.41840772293456,14.307979956869675],[102.41075591917526,14.300354947947282],[102.40590888483672,14.299645919176205],[102.40242633583232,14.296185672424384],[102.39757476314898,14.295481085258256],[102.39409220908807,14.292020854139423],[102.38507595911112,14.291311883486925],[102.37535956900439,14.281622231640513],[102.37464612446122,14.276743987481876],[102.3711858689932,14.273256991992914],[102.37083352975672,14.262501639461208],[102.3711858689932,14.260075861384522],[102.37464612446122,14.256593259166268],[102.37573412483025,14.246636108944724],[102.3871672871804,14.244972894246901],[102.39228627867023,14.237967644275287],[102.39098428172186,14.217660847159355],[102.38533900116651,14.216051170654836],[102.38132586270902,14.213117030942962],[102.37592590488865,14.211574249926041],[102.37438301998267,14.20617424283683],[102.37144896599249,14.20216103337277],[102.37021372655029,14.197840177730502],[102.36311931668602,14.18966220075512],[102.36188416879325,14.185341356034838],[102.35771490206646,14.179638164518265]]]},"id":"000900000000000026a3","properties":{"HYBAS_ID":4121119870,"NEXT_DOWN":4121119750,"ORDER":4,"SUB_AREA":99.3,"UP_AREA":250.8}},{"type":"Feature","geometry":{"type":"Polygon","coordinates":[[[101.4666660808675,14.691667758630349],[101.47053663366474,14.692773616189513],[101.47854957548465,14.702008410429652],[101.48025301498349,14.707974702827261],[101.49367488467915,14.720214932536038],[101.50346257960967,14.721641849273563],[101.50485829754325,14.740673339497471],[101.5083319825072,14.741667665534388],[101.51075766704685,14.741315430046589],[101.51424022420528,14.73785518122257],[101.51666604941101,14.73749844470234],[101.51666604941101,14.741667681497232],[101.51732150729971,14.749038572413056],[101.52278835844166,14.753600237558851],[101.53554585948963,14.75473288828947],[101.53945650053484,14.757765077806821],[101.54512402999293,14.759218692808728],[101.54639931946117,14.768877140382518],[101.54943152431925,14.772787770527449],[101.55084946959495,14.778317052850465],[101.55416701959486,14.779168698166925],[101.55381475358735,14.781590035496585],[101.5482855245495,14.7871460379352],[101.51840949518878,14.787855067840447],[101.51492246003093,14.791315354056495],[101.49999790397953,14.791667559348998],[101.49999790397953,14.783333508243766],[101.49757663721685,14.78298124452284],[101.49202054726838,14.777451964293256],[101.49131159091506,14.760074864288635],[101.48785131683887,14.756592262789512],[101.48714672390996,14.74757599294132],[101.4774571598348,14.737859605671174],[101.47257441452852,14.737146124245642],[101.46701839230414,14.731621351560207],[101.4666660808675,14.691667758630349]]]},"id":"000900000000000026a6","properties":{"HYBAS_ID":4121114810,"NEXT_DOWN":4121583940,"ORDER":4,"SUB_AREA":41.0,"UP_AREA":419.2}},{"type":"Feature","geometry":{"type":"Polygon","coordinates":[[[101.75833141628605,14.504167056998831],[101.7625007267167,14.504167080757275],[101.7625007267167,14.495832971355343],[101.76666550927358,14.49583298061334],[101.76732994277624,14.503266323543935],[101.77083480357442,14.504167032739659],[101.77026396597445,14.506378773205846],[101.76713367194958,14.510418678328753],[101.77109784018849,14.515528871651934],[101.76666550927358,14.516665932701589],[101.76581385145285,14.513352765974604],[101.7625007267167,14.512501143880767],[101.75833141628605,14.51250113104483],[101.75833141628605,14.504167056998831]]]},"id":"000900000000000026ac","properties":{"HYBAS_ID":4121117920,"NEXT_DOWN":4121116610,"ORDER":4,"SUB_AREA":1.7,"UP_AREA":575.6}},{"type":"Feature","geometry":{"type":"Polygon","coordinates":[[[101.59583289924012,14.537498825430163],[101.59639922084823,14.52695748207622],[101.59943134207666,14.523042447740284],[101.60056845397072,14.51862347163453],[101.6036006112913,14.514708368057347],[101.60473325635564,14.510289398891118],[101.60776544957871,14.506378773938067],[101.60890247996637,14.50195534838987],[101.611934709163,14.498044742113207],[101.61320553456862,14.4884175060735],[101.61862333925289,14.483900447977543],[101.62304233309588,14.482767842722984],[101.63112217722737,14.475566381239565],[101.63971043922294,14.474433727435482],[101.6477903718385,14.46723232691663],[101.65354254053914,14.465756390492777],[101.65416683287448,14.45416715723042],[101.6574844150303,14.453315422532375],[101.65833162765958,14.449997913575888],[101.6625009317052,14.449997848063061],[101.6625009317052,14.454167144876708],[101.66887743022787,14.45473347132785],[101.67278801652469,14.457765644564512],[101.67721149624168,14.458902676723882],[101.68125145691606,14.462033004496782],[101.68529140109113,14.458902680738092],[101.69081616944868,14.457484712339868],[101.692586453944,14.45058203059019],[101.70195501878929,14.44223462007676],[101.70748432111624,14.440816584130495],[101.70921892333105,14.434043201798959],[101.71887734682564,14.432767946236215],[101.72425497408238,14.428598663211968],[101.72721142308352,14.429735695293544],[101.73258461384273,14.433900569424136],[101.73971022241848,14.43276795635169],[101.74362086308307,14.429735748699361],[101.7458325632472,14.42916494856929],[101.74618487532528,14.431590688237666],[101.75381436536698,14.43924249422023],[101.7545189575524,14.44338058685434],[101.75001519426718,14.447915496008862],[101.76631321519629,14.464240281690905],[101.76701780453485,14.489211251106848],[101.76285300797849,14.493407252337319],[101.7625007267167,14.504167080757275],[101.75833141628605,14.504167056998831],[101.75833141628605,14.51250113104483],[101.75195491487116,14.511934770996913],[101.74790604204229,14.50879555442819],[101.73971022241848,14.516099605357455],[101.71862312973711,14.517232201256919],[101.7105432416804,14.5244336660745],[101.70612425056284,14.525566234172821],[101.70220919520169,14.528598498250506],[101.6936209651447,14.529735561041466],[101.6897103758129,14.53276770413076],[101.67841989846241,14.53390031765282],[101.67304220843522,14.529735494321784],[101.66862324852576,14.528598463355289],[101.66471264563883,14.525566265313948],[101.66175180789365,14.524433616629803],[101.65513445002101,14.529561665858438],[101.65360054139299,14.535545771803113],[101.65056839062473,14.53945633206605],[101.6491503727147,14.544981183450348],[101.6425152414426,14.546684567250596],[101.64109724713816,14.552209441903734],[101.63806945642605,14.55612453357577],[101.63664700882613,14.561649277790448],[101.63001632621628,14.563352710571543],[101.62916465800038,14.5666658421376],[101.61007528081626,14.566313535258173],[101.6045192409398,14.560788727401684],[101.60381471158293,14.543407137234775],[101.59828981691399,14.537860036985325],[101.59583289924012,14.537498825430163]]]},"id":"000900000000000026ae","properties":{"HYBAS_ID":4121118010,"NEXT_DOWN":4121117920,"ORDER":4,"SUB_AREA":150.5,"UP_AREA":421.6}},{"type":"Feature","geometry":{"type":"Polygon","coordinates":[[[101.51666604941101,14.73749844470234],[101.5240993571393,14.736838440886585],[101.52585177541154,14.730016054579204],[101.53274996000744,14.72824581732981],[101.54109738382898,14.71887720943644],[101.54223445620737,14.714458265630123],[101.54526671104837,14.710543144272647],[101.54639931946117,14.70612419988074],[101.54943152431925,14.702209093026806],[101.55056851588682,14.689456055083074],[101.55360075756748,14.685545450433413],[101.55501876061189,14.680016120605211],[101.56306740809197,14.67795156660989],[101.56193478873361,14.660289064155625],[101.55890264721252,14.65637845033644],[101.55833184813106,14.645832659067699],[101.56049448212606,14.646452483653697],[101.56450766411788,14.649382173830872],[101.56882855363817,14.650617306771968],[101.57284180166836,14.6535513604834],[101.57715818362314,14.654782132811514],[101.58534063326094,14.661881034529348],[101.59136934238134,14.663606627008132],[101.59938231021245,14.672841480427516],[101.600804764461,14.682598009800259],[101.60833175006879,14.68333370069095],[101.60833175006879,14.687498533184577],[101.6149223281048,14.68785528895195],[101.62047832144448,14.693380083615375],[101.62083506930718,14.720834772532404],[101.62047832144448,14.731590137489102],[101.61701810482484,14.73507715236634],[101.61631357676843,14.75242305309545],[101.6107887057597,14.757974620103376],[101.60591043588379,14.758688033225704],[101.60242345817922,14.762148377359546],[101.5850775463927,14.762852909942708],[101.57952598061009,14.768377667275004],[101.5788125122503,14.773255959147887],[101.57328766033035,14.778811999377696],[101.55416701959486,14.779168698166925],[101.55084946959495,14.778317052850465],[101.54943152431925,14.772787770527449],[101.54639931946117,14.768877140382518],[101.54512402999293,14.759218692808728],[101.53945650053484,14.757765077806821],[101.53554585948963,14.75473288828947],[101.52278835844166,14.753600237558851],[101.51732150729971,14.749038572413056],[101.51666604941101,14.73749844470234]]]},"id":"000900000000000026af","properties":{"HYBAS_ID":4121115430,"NEXT_DOWN":4121114810,"ORDER":4,"SUB_AREA":94.2,"UP_AREA":264.8}},{"type":"Feature","geometry":{"type":"Polygon","coordinates":[[[102.21193352749148,14.16324651759339],[102.2130661130794,14.160290110973918],[102.21609829811997,14.156375004970739],[102.2175787650776,14.150609416348091],[102.24387853588259,14.149432181087455],[102.24778912498269,14.14640002850936],[102.25221256135396,14.145267363358798],[102.25624804668664,14.142137086595424],[102.26028795755921,14.145267390051504],[102.26471145578192,14.14640000911896],[102.26933554764027,14.149985137824242],[102.27443229669711,14.14387615690509],[102.27590821606142,14.138123916357104],[102.28750185080625,14.137499638795271],[102.28970918445087,14.136933350101868],[102.30318009059467,14.124434459114353],[102.32304539260709,14.125567075677472],[102.32803066220777,14.129433099694598],[102.33038060826637,14.120265200294188],[102.33554428456995,14.121402230547156],[102.34362414722804,14.128599299244838],[102.34960378670355,14.130133223551328],[102.35359910041083,14.135287888270774],[102.35473173048172,14.139711346800656],[102.35776393182749,14.143622003358823],[102.35904369482107,14.15328035382974],[102.36249946862155,14.154167771825309],[102.36188416879325,14.156325976995072],[102.35895009150165,14.160339161297903],[102.35771490206646,14.179638164518265],[102.36188416879325,14.185341356034838],[102.36311931668602,14.18966220075512],[102.37021372655029,14.197840177730502],[102.37144896599249,14.20216103337277],[102.37438301998267,14.20617424283683],[102.37592590488865,14.211574249926041],[102.38132586270902,14.213117030942962],[102.38533900116651,14.216051170654836],[102.39098428172186,14.217660847159355],[102.39228627867023,14.237967644275287],[102.3871672871804,14.244972894246901],[102.37573412483025,14.246636108944724],[102.37464612446122,14.256593259166268],[102.3711858689932,14.260075861384522],[102.37083352975672,14.262501639461208],[102.36028781357825,14.261930810990746],[102.35637712324947,14.258898670758699],[102.35195820539674,14.25776607078309],[102.34387826624054,14.250569022016808],[102.32590365190224,14.249360625593871],[102.32443213812996,14.243621781049592],[102.32043681641949,14.238467056357242],[102.31445716246081,14.236933119110875],[102.28970918445087,14.21306798531055],[102.2791677966232,14.21250168636456],[102.27852570680402,14.210365778503316],[102.26731104287879,14.197969537980347],[102.2658885933961,14.184025847801786],[102.23021578266967,14.182652520065291],[102.22812006092487,14.175687344171909],[102.21249981883244,14.175000675256168],[102.2130661130794,14.172788986025068],[102.2161964075736,14.168748971275027],[102.21193352749148,14.16324651759339]]]},"id":"000900000000000026b0","properties":{"HYBAS_ID":4121586180,"NEXT_DOWN":4121119870,"ORDER":4,"SUB_AREA":151.6,"UP_AREA":151.6}},{"type":"Feature","geometry":{"type":"Polygon","coordinates":[[[101.91666516572116,15.854168775869365],[101.92021911308738,15.853254710011596],[101.9214453690485,15.825996209738738],[101.92695677449265,15.821398839253153],[101.9326242988704,15.819945232229808],[101.93389962471353,15.810291254275883],[101.9369318603027,15.806376153901212],[101.93840774367146,15.800637333561989],[101.95734111458495,15.799366437699694],[101.96723586571605,15.7884595129687],[101.96609878283246,15.781124285573886],[101.95776475231678,15.771769106156952],[101.95890183387777,15.760291336751663],[101.96193399425471,15.756376264140428],[101.96306659172967,15.751957272988243],[101.96609878283246,15.748042174566425],[101.96723586571605,15.739454018026183],[101.97026808761377,15.73554333623737],[101.97083434177661,15.733331596312924],[101.97721087297235,15.7339023798856],[101.9825885785725,15.738067180448121],[101.98554493325568,15.73693462002423],[101.9905302097524,15.73306851672602],[101.99256806054991,15.74100575415121],[102.00000133853639,15.74166565505072],[102.00056766226116,15.743877396189502],[102.01290600019084,15.757170026456969],[102.01741412726643,15.758900085061665],[102.02278739379389,15.754735356013635],[102.03407778816442,15.753598246057],[102.03945545669036,15.75776754365363],[102.0532653273063,15.758993768007175],[102.05473234827079,15.764710361153114],[102.05931186147305,15.770199484694759],[102.07721070344881,15.771398950574778],[102.08529058644456,15.778600440546771],[102.09387876844013,15.779733080636296],[102.1041258387347,15.789030298009788],[102.10056747916317,15.793623145248274],[102.1000011553654,15.795834840075077],[102.04778953679202,15.796401152560712],[102.03970965881996,15.803598101125532],[102.03112140880386,15.804735175395376],[102.02721080271137,15.807767362524409],[102.00612373383383,15.808900047142593],[102.00220863278155,15.811932158840975],[101.99668377452316,15.813350221537956],[101.99494471633497,15.820123612935069],[101.9852907717029,15.821398848884897],[101.97721087297235,15.82860030592014],[101.97278742774,15.82973297913249],[101.96887684988262,15.83276515397535],[101.95612376409571,15.833902158064696],[101.9480438856696,15.841099164090918],[101.94508751989754,15.842231778221786],[101.9395850173016,15.837968904896838],[101.9355450604358,15.841099140457292],[101.93333330468228,15.841665479832681],[101.93333330468228,15.845834719776814],[101.93276698765301,15.848042002965444],[101.92973487026869,15.851957113181829],[101.92826781218895,15.85767367470377],[101.92083445904959,15.858333620865407],[101.9175169080163,15.85748195384489],[101.91666516572116,15.854168775869365]]]},"id":"000900000000000026b1","properties":{"HYBAS_ID":4121103430,"NEXT_DOWN":4121103740,"ORDER":4,"SUB_AREA":101.3,"UP_AREA":101.3}},{"type":"Feature","geometry":{"type":"Polygon","coordinates":[[[101.96666510207234,15.591666023453799],[101.96723586571605,15.560287305723563],[101.97026808761377,15.556376653230814],[101.97140068601777,15.543623641373234],[101.97443285143353,15.539708577206857],[101.97591769966274,15.53391616605492],[101.9852907717029,15.525568752136094],[101.99223356988831,15.523785074974871],[101.99110101313767,15.51445666682825],[101.98693168341687,15.509078940347955],[101.98806881273597,15.489454495001345],[101.99110101313767,15.48554380977067],[101.99223356988831,15.472790829179136],[101.99526580059894,15.468875735210192],[101.99671948979751,15.463208172900769],[102.00637785748003,15.461932897216546],[102.01028849261287,15.45890071857378],[102.01250017954894,15.458334425130536],[102.01581779502212,15.459186131537493],[102.01751667599733,15.465816780511016],[102.02304600042898,15.467234757664178],[102.03659722711775,15.479813902519739],[102.0374979373056,15.483332086774901],[102.03785461573392,15.489922644315476],[102.04165379764095,15.493748582559162],[102.0371456172084,15.49828792523954],[102.03785461573392,15.506590787233081],[102.04131488455758,15.510073379993035],[102.04201946591787,15.519089691146972],[102.0461887468182,15.52328571526294],[102.04547969366827,15.527423704981231],[102.04201946591787,15.530910746021624],[102.04131488455758,15.544091835529517],[102.0371456172084,15.548287861956155],[102.03785461573392,15.5690895605141],[102.04547969366827,15.576741371722779],[102.0461887468182,15.589922452485219],[102.04964448875324,15.593409460065365],[102.05035801402283,15.598287736900259],[102.06007434803233,15.607981825251347],[102.07325990283641,15.608686363811662],[102.07674248583854,15.612146634707758],[102.08333302399535,15.61249886809167],[102.08333302399535,15.625002193695256],[102.07674248583854,15.62535451409212],[102.07325990283641,15.628814746182643],[102.06078785482995,15.629519260405583],[102.05659177708047,15.625354477737947],[102.0517402810663,15.624645523862906],[102.04825771655688,15.621185244331574],[102.04341068988658,15.620480713399663],[102.03575891806976,15.612851169962752],[102.0274515572086,15.612146657571998],[102.02325555241892,15.616311421072032],[102.01840851427035,15.617020415645172],[102.01492597816913,15.620480683702855],[102.01007443550822,15.621185246706167],[102.00242267425831,15.628814767626592],[101.98995496704364,15.629519261757707],[101.9857589415817,15.625354466273857],[101.98090749406425,15.624645533089287],[101.97535586042841,15.61912068212575],[101.97464692471317,15.60174354128273],[101.9670218072221,15.594091731710245],[101.96666510207234,15.591666023453799]]]},"id":"000900000000000026b9","properties":{"HYBAS_ID":4121105550,"NEXT_DOWN":4121105150,"ORDER":4,"SUB_AREA":125.2,"UP_AREA":125.3}},{"type":"Feature","geometry":{"type":"Polygon","coordinates":[[[101.5500156317749,14.610418482301386],[101.55381475358735,14.606592626338731],[101.55416701959486,14.60000206760629],[101.55659283899217,14.60035430128805],[101.56494914889156,14.608688367328883],[101.60245461385708,14.607979368458077],[101.60797947174267,14.602423345422489],[101.60868845588412,14.593407041402633],[101.61285323957371,14.58921099614329],[101.61214873999057,14.585077433577398],[101.60797947174267,14.580881423105227],[101.60868845588412,14.576743341061704],[101.61214873999059,14.57325636507125],[101.61250103257653,14.570835058739588],[101.61581415201043,14.56998336038499],[101.6166657967964,14.566665788741192],[101.62499990979711,14.566665797409376],[101.62556613137455,14.585545601840247],[101.63430602479978,14.595177324732125],[101.64804450241088,14.59639905688012],[101.65195517050739,14.599431242791786],[101.6574844150303,14.600849315374088],[101.65833162765958,14.604166871906369],[101.66471264563883,14.604733183838906],[101.68112213613539,14.620264190736034],[101.68554553676857,14.621401239750357],[101.6936209651447,14.628598253589981],[101.7324196029471,14.629766522737155],[101.73390001807859,14.635545516806872],[101.73693225391852,14.639456128430313],[101.73749856488939,14.641667858385425],[101.73684301047179,14.647955183129403],[101.73398917211622,14.65204419210062],[101.73234826340419,14.657350553716212],[101.7257443097688,14.659392791038421],[101.72434420676935,14.675244942173046],[101.72943650465544,14.682531117578568],[101.71007507184862,14.683686016717909],[101.70659248950558,14.687146271305078],[101.69757617616652,14.687855269354646],[101.69202464310666,14.693375588753204],[101.69166791043588,14.6958326259574],[101.6800742008147,14.69645687496069],[101.67916453969598,14.700001851186471],[101.67695729411605,14.700568123397053],[101.67304220843522,14.703600381783383],[101.66862324852576,14.704732930981338],[101.66471264563883,14.707765100091244],[101.66028917815207,14.708902195412266],[101.65513445002101,14.712897588353234],[101.65327945324188,14.720125797892944],[101.64362105261841,14.721401068341564],[101.63971043922294,14.724433255824156],[101.63675404982247,14.725565866332431],[101.63137635362177,14.72140104806639],[101.62083506930718,14.720834772532404],[101.62047832144448,14.693380083615375],[101.6149223281048,14.68785528895195],[101.60833175006879,14.687498533184577],[101.60833175006879,14.68333370069095],[101.600804764461,14.682598009800259],[101.59938231021245,14.672841480427516],[101.59136934238134,14.663606627008132],[101.58534063326094,14.661881034529348],[101.57715818362314,14.654782132811514],[101.57284180166836,14.6535513604834],[101.56882855363817,14.650617306771968],[101.56450766411788,14.649382173830872],[101.56049448212606,14.646452483653697],[101.55517481414404,14.645021090808436],[101.55360075756748,14.640918719834719],[101.55776556306769,14.63554551186664],[101.55890264721252,14.622047877689537],[101.55416701959486,14.620834957027682],[101.55381475358735,14.614244433561186],[101.5500156317749,14.610418482301386]]]},"id":"000900000000000026ba","properties":{"HYBAS_ID":4121584510,"NEXT_DOWN":4121115430,"ORDER":4,"SUB_AREA":170.5,"UP_AREA":170.5}},{"type":"Feature","geometry":{"type":"Polygon","coordinates":[[[101.62916465800038,14.412501306572375],[101.62990043781342,14.404969841874586],[101.63966138820072,14.40354745525752],[101.6436746201242,14.400617827366567],[101.64988612119303,14.398843074418341],[101.65354705557449,14.393826632616358],[101.6549784185396,14.383989794099767],[101.67700636280722,14.363116752772031],[101.68321786480354,14.361342002225474],[101.6868832769244,14.356325563886253],[101.688118456663,14.352004677252914],[101.6910480827319,14.347991468031635],[101.69275591850784,14.34202524670328],[101.70617333302484,14.329784941808414],[101.71213958718157,14.328077109823631],[101.72438434847035,14.31465974713259],[101.72499968271181,14.312501538027096],[101.7315902077395,14.312144815570804],[101.739242008589,14.304519753747647],[101.74166782734476,14.304167460077531],[101.74223407707616,14.306379191451143],[101.74943108633427,14.314454604852873],[101.75056819218018,14.327952263211563],[101.74240353546502,14.330048090145697],[101.74110149378002,14.338248327568055],[101.74601097866284,14.344584766999473],[101.75074652876404,14.346399559844482],[101.75612423215921,14.342234755205725],[101.7676554680531,14.341097743408607],[101.78242842495443,14.3548139436063],[101.78333359619323,14.358332161693868],[101.79583248530687,14.358332185653037],[101.79548018029956,14.364922721070775],[101.79201996793208,14.368409751713429],[101.79131538464551,14.373256722965282],[101.78785513548041,14.376743755594916],[101.78714614622935,14.381590855628671],[101.7795210976204,14.389242666221518],[101.77881207769532,14.398258969142113],[101.76078844631179,14.416309344701428],[101.75591016515185,14.417018337874454],[101.74618930747788,14.426712495959185],[101.7458325632472,14.42916494856929],[101.74362086308307,14.429735748699361],[101.73971022241848,14.43276795635169],[101.73258461384273,14.433900569424136],[101.72721142308352,14.429735695293544],[101.72425497408238,14.428598663211968],[101.71887734682564,14.432767946236215],[101.70921892333105,14.434043201798959],[101.70748432111624,14.440816584130495],[101.70195501878929,14.44223462007676],[101.692586453944,14.45058203059019],[101.69081616944868,14.457484712339868],[101.68529140109113,14.458902680738092],[101.68125145691606,14.462033004496782],[101.67721149624168,14.458902676723882],[101.67278801652469,14.457765644564512],[101.66887743022787,14.45473347132785],[101.6625009317052,14.454167144876708],[101.6625009317052,14.449997848063061],[101.65833162765958,14.449997913575888],[101.65776531339674,14.439456595183357],[101.6547331274542,14.435545916137677],[101.65360054139299,14.431122499936622],[101.64639913306098,14.423042651148615],[101.64494540230227,14.417375079535068],[101.63529151305524,14.416099766402798],[101.63137635362177,14.413067607086779],[101.62916465800038,14.412501306572375]]]},"id":"000900000000000026bb","properties":{"HYBAS_ID":4121118690,"NEXT_DOWN":4121118010,"ORDER":4,"SUB_AREA":150.6,"UP_AREA":150.6}},{"type":"Feature","geometry":{"type":"Polygon","coordinates":[[[101.47889742084728,14.561551210387176],[101.4827144367295,14.55632514759078],[101.48368650498239,14.551741220439624],[101.48714672390996,14.548258646134665],[101.48749901976366,14.541668074790405],[101.48714672390996,14.501741267710763],[101.48298194094056,14.497545256852831],[101.48368650498239,14.485077638633076],[101.49131159091506,14.477425792528114],[101.4916683224313,14.47500008591365],[101.49825884809141,14.474647817477331],[101.51007545910787,14.462853478841382],[101.51250118516572,14.46250122140617],[101.52409042515572,14.463125465643412],[101.5259007720992,14.470170899512828],[101.54076745306715,14.471495218210363],[101.54223445620737,14.477211763985553],[101.54526671104837,14.481122406750854],[101.54673820236088,14.486852350196202],[101.56028940729169,14.499431449019928],[101.56595687602658,14.500889642324514],[101.56723225150972,14.510543572408995],[101.57443367954862,14.51862349171579],[101.57591851749093,14.524415802232031],[101.58529160811733,14.532767758485107],[101.58971055955922,14.53390032924916],[101.59362118550209,14.536932482223957],[101.59828981691399,14.537860036985325],[101.60381471158293,14.543407137234775],[101.6045192409398,14.560788727401684],[101.61007528081626,14.566313535258173],[101.6166657967964,14.566665788741192],[101.61581415201043,14.56998336038499],[101.61250103257653,14.570835058739588],[101.61214873999059,14.57325636507125],[101.60868845588412,14.576743341061704],[101.60797947174267,14.580881423105227],[101.61214873999057,14.585077433577398],[101.61285323957371,14.58921099614329],[101.60868845588412,14.593407041402633],[101.60797947174267,14.602423345422489],[101.60245461385708,14.607979368458077],[101.56494914889156,14.608688367328883],[101.55659283899217,14.60035430128805],[101.55200434576483,14.599382262181543],[101.54277402792955,14.591369186128615],[101.54074065274446,14.58426146229984],[101.53534074793991,14.582714077856226],[101.53125169882722,14.579726530458817],[101.52715830398651,14.582714079941098],[101.51202853862983,14.58394927453217],[101.50532648898577,14.579053223828366],[101.50354737295974,14.572841630376672],[101.4998864106967,14.567825138574452],[101.49367488467915,14.566050453412737],[101.48966171310191,14.56311637746489],[101.47889742084728,14.561551210387176]]]},"id":"000900000000000026c6","properties":{"HYBAS_ID":4121117340,"NEXT_DOWN":4121584630,"ORDER":4,"SUB_AREA":142.5,"UP_AREA":142.5}},{"type":"Feature","geometry":{"type":"Polygon","coordinates":[[[101.86188073209536,15.550998974751382],[101.87299275913723,15.549380292869321],[101.87843291479851,15.545032750621555],[101.87978399120493,15.531173790161406],[101.88271809725015,15.52716063563355],[101.88333340050717,15.516668338091277],[101.88575914496974,15.516311602910495],[101.88924174621627,15.512851337048545],[101.89412001640086,15.512142399475847],[101.90797891451714,15.498256722528218],[101.90868784359085,15.48924043305026],[101.91214812925719,15.485757855587021],[101.91285264691507,15.468407557606724],[101.92464700203081,15.456590870610585],[101.92499930156127,15.454165167002763],[101.92742503770214,15.454521890433242],[101.93090760843961,15.457982106272977],[101.93504559401471,15.4586866974227],[101.93924163723162,15.454521909573737],[101.96421261211864,15.45381286572185],[101.96840857943216,15.457982119694892],[101.9857589415817,15.458686694213824],[101.99131059011428,15.46421152919865],[101.99166729002225,15.46666847787748],[101.99583209940725,15.46666845340875],[101.99526580059894,15.468875735210192],[101.99223356988831,15.472790829179136],[101.99110101313767,15.48554380977067],[101.98806881273597,15.489454495001345],[101.98693168341687,15.509078940347955],[101.99110101313767,15.51445666682825],[101.99223356988831,15.523785074974871],[101.9852907717029,15.525568752136094],[101.97591769966274,15.53391616605492],[101.97443285143353,15.539708577206857],[101.97140068601777,15.543623641373234],[101.97026808761377,15.556376653230814],[101.96723586571605,15.560287305723563],[101.96666510207234,15.591666023453799],[101.95612376409571,15.592232310510562],[101.9480438856696,15.599433787161525],[101.94251911611383,15.600851701997195],[101.94110107438908,15.60637654882274],[101.93806889464936,15.610291651287366],[101.9369318603027,15.618875445510461],[101.93389962471353,15.622790486123572],[101.93333330468228,15.625002192023253],[101.93112159471666,15.625568574019699],[101.92596689076127,15.629563866543716],[101.92408961031346,15.636885771140074],[101.89778983166087,15.638067369065427],[101.89387921313373,15.64109958655051],[101.89166745149147,15.641665849629193],[101.89201972899875,15.639240158936298],[101.89547999506844,15.635757581914696],[101.89583228520452,15.625002226007162],[101.89259496725936,15.624074772054255],[101.891047661734,15.618674799501278],[101.88811802485273,15.61466160914921],[101.88688284139162,15.610340735048496],[101.8839487943469,15.606327538737416],[101.88271809725015,15.593672582649308],[101.87561917738888,15.5854946291665],[101.87438405227756,15.581173712576517],[101.87144991555729,15.577160549731278],[101.87021475197251,15.572839651559459],[101.86311588559484,15.564661634979737],[101.86188073209536,15.550998974751382]]]},"id":"000900000000000026ca","properties":{"HYBAS_ID":4121105220,"NEXT_DOWN":4121105040,"ORDER":4,"SUB_AREA":173.9,"UP_AREA":173.9}},{"type":"Feature","geometry":{"type":"Polygon","coordinates":[[[101.81250059006383,15.529167268736757],[101.81303122051126,15.52275060691984],[101.8161392276529,15.518915727259847],[101.81719600574273,15.514416535224177],[101.8246114907608,15.506260835418548],[101.82136086853612,15.502247624266174],[101.82030404870606,15.489418814220638],[101.8161392276529,15.48427300925825],[101.81719600574273,15.472750718133915],[101.82446886029363,15.464746614576178],[101.82553007037625,15.447752987493406],[101.8296949142882,15.442607174184495],[101.82825463393449,15.438268454346915],[101.82499946400091,15.437501453300955],[101.82585116636758,15.434183928836894],[101.8326245016719,15.43244489646465],[101.8340380525192,15.421751972445426],[101.83945585352063,15.417234897205478],[101.84498066478099,15.415816872349504],[101.84583235427225,15.412499319151173],[101.84804411717533,15.411933028833019],[101.85195469950101,15.408900774838676],[101.86576903040653,15.407670098094991],[101.8666653463748,15.40416524286884],[101.90000154653875,15.404165291796197],[101.90000154653875,15.40833452189548],[101.90345737233231,15.409221840431321],[101.90473261056802,15.418875789141612],[101.91193409398967,15.426955714669456],[101.91320490749034,15.436578493177791],[101.9186227468953,15.441099978798531],[101.92083445904959,15.441666303505624],[101.92118674599301,15.448256854167814],[101.92464700203081,15.451743871879964],[101.92499930156127,15.454165167002763],[101.92464700203081,15.456590870610585],[101.91285264691507,15.468407557606724],[101.91214812925719,15.485757855587021],[101.90868784359085,15.48924043305026],[101.90797891451714,15.498256722528218],[101.89412001640086,15.512142399475847],[101.88924174621627,15.512851337048545],[101.88575914496974,15.516311602910495],[101.8644580666705,15.517234715855457],[101.86054293363236,15.520266883154708],[101.85195469950101,15.521399513241894],[101.84804411717533,15.524431687865961],[101.83529105956697,15.525568741611371],[101.82721113874186,15.532765721328364],[101.81788276064584,15.5339027534737],[101.81666544129104,15.52916721974299],[101.81250059006383,15.529167268736757]]]},"id":"000900000000000026d5","properties":{"HYBAS_ID":4121106350,"NEXT_DOWN":4121105210,"ORDER":4,"SUB_AREA":117.0,"UP_AREA":117.0}},{"type":"Feature","geometry":{"type":"Polygon","coordinates":[[[101.6374987387533,15.374998251732782],[101.64387525976451,15.374431958469616],[101.64925291181001,15.370267196964278],[101.65637854249928,15.371399757410872],[101.66028917815207,15.374431987424742],[101.68137626160998,15.375569019582572],[101.68945614309013,15.38276601624232],[101.70220919520169,15.383898667199663],[101.71982262974862,15.400566750383973],[101.72828598697515,15.399269119365725],[101.7300161562718,15.392518064690009],[101.73554546976867,15.391100055544449],[101.73945604148797,15.38806789803394],[101.75742628699284,15.386863940925481],[101.75833141628605,15.383332307630457],[101.7772113237404,15.383898610995095],[101.78945596473338,15.39526491522323],[101.81054305467116,15.396401954058074],[101.81445816182283,15.399434141469886],[101.82721113874186,15.400566778714323],[101.83112182010542,15.40359895246085],[101.83554521149748,15.404736048318483],[101.83945585352063,15.407768201418083],[101.84498066478099,15.409186165930905],[101.84583235427225,15.412499319151173],[101.84498066478099,15.415816872349504],[101.83945585352063,15.417234897205478],[101.8340380525192,15.421751972445426],[101.8326245016719,15.43244489646465],[101.82585116636758,15.434183928836894],[101.82499946400091,15.437501453300955],[101.81868535729835,15.438130262982396],[101.78548293099432,15.470204540448556],[101.77999375125319,15.47181427563839],[101.77853563424526,15.4795642020886],[101.78382860958078,15.48691722076222],[101.78257560603173,15.499242231702395],[101.77499956947092,15.5000002045666],[101.77499956947092,15.495835415091467],[101.76862300989596,15.495264725180357],[101.76320520350558,15.490747590283952],[101.76193436731896,15.481124839086235],[101.75793908253986,15.475965721028327],[101.75195491487116,15.47443177675972],[101.74804431018602,15.471399569163799],[101.7311220303051,15.470266928213348],[101.72570416754455,15.465745462354775],[101.72429068452536,15.455052516118698],[101.72083490867466,15.454165129623117],[101.71007507184862,15.454521916297097],[101.70659248950558,15.457982132232525],[101.69828516628964,15.458686659906448],[101.69408914782056,15.454521853404374],[101.68924212600179,15.45381284375466],[101.67119166735628,15.435789163543998],[101.6704782595451,15.430910964748856],[101.66495787352243,15.425359312555257],[101.6600751343897,15.424645907663743],[101.6545236102546,15.419121082547667],[101.65381457177118,15.410073553251658],[101.64618503120134,15.40242622459689],[101.6454804777245,15.397574686281295],[101.63785545863293,15.389922899056058],[101.6374987387533,15.374998251732782]]]},"id":"000900000000000026db","properties":{"HYBAS_ID":4121106790,"NEXT_DOWN":4121106340,"ORDER":4,"SUB_AREA":155.1,"UP_AREA":155.2}},{"type":"Feature","geometry":{"type":"Polygon","coordinates":[[[101.47056783581922,15.605114601195565],[101.48259845488938,15.60336223293675],[101.48406999514204,15.58830381057871],[101.49367488467915,15.579782478476174],[101.4979957251699,15.57854730206159],[101.50200445716335,15.57561770507364],[101.50756499404865,15.5740302593174],[101.50910339872433,15.563471130989686],[101.5146593807539,15.561883621201217],[101.51867258414455,15.558949574187343],[101.53549234831836,15.557714422844407],[101.54367476604365,15.550615511519467],[101.54583301368679,15.55000012846859],[101.56470832300602,15.549433810153653],[101.57008600608675,15.545264587902604],[101.58137644026405,15.546401642298145],[101.58675412932267,15.550566489697262],[101.5938753561723,15.549433839615254],[101.60195525630124,15.54223240930666],[101.60637865575305,15.541099767844095],[101.61028930778045,15.53806762311327],[101.61470829151583,15.53693056462272],[101.62008590022103,15.532765686406249],[101.62721160297602,15.533902764149252],[101.63258482857044,15.538067594270965],[101.63554561289956,15.536930519729973],[101.63945624231938,15.533902764296453],[101.64387525976451,15.532765690437163],[101.6477903718385,15.529733503031823],[101.6522093113101,15.52860093663088],[101.65758696238271,15.524431703002044],[101.66054333941312,15.525568704548522],[101.66445395863845,15.52860095453822],[101.67721149624168,15.529733515874193],[101.68258471231329,15.533902765304937],[101.69488289165254,15.532663173613114],[101.69943118320889,15.527209647967826],[101.70056826545552,15.522790672517804],[101.70776526789892,15.51471085903838],[101.7089691603762,15.496740680194796],[101.71581392448454,15.494983773155456],[101.71666560941442,15.491666175866179],[101.72083490867466,15.49166614823937],[101.72438434847035,15.492575814345942],[101.72556601585191,15.51741300496546],[101.72140113231976,15.522790677285341],[101.72026408328443,15.527209685199075],[101.71306708601173,15.535289615323643],[101.71193447170431,15.543877777748673],[101.6907626644351,15.56593247606428],[101.68258471231327,15.567234592747813],[101.67721149624168,15.56306529369617],[101.6740098281643,15.561932674279884],[101.66054333941312,15.5744315469089],[101.65195517050739,15.575568604611968],[101.63815418752057,15.58847775529727],[101.63693245172952,15.60221177099437],[101.6339002688905,15.606122418262121],[101.63333391478409,15.616668156020394],[101.63112217722737,15.617234518989338],[101.62721160297602,15.62026666380464],[101.62168232872706,15.621684640587205],[101.61998339007887,15.628315362856673],[101.61445406939707,15.629733364564235],[101.60929937170648,15.63372870591893],[101.60833175006879,15.637501075980765],[101.60174115987792,15.63714882695619],[101.59825866249727,15.633688540181579],[101.59340710642542,15.632979524388317],[101.58992454416303,15.62951932756958],[101.58507754639271,15.628814750015346],[101.58159049427387,15.62535452631908],[101.56007539773951,15.624645507193431],[101.55659283899217,15.621185219246085],[101.5309083576302,15.62048067034215],[101.52742583828488,15.617020445841723],[101.52328776388323,15.616311483621816],[101.51909175891953,15.62048068203297],[101.51250118516572,15.620832941121684],[101.50924160743978,15.621742599762248],[101.50736878257757,15.628462475577118],[101.49366153405204,15.629773494776472],[101.4882571014749,15.633777750498968],[101.47988730876541,15.632538069834993],[101.47916500168193,15.625002183372747],[101.47585188577662,15.624150542800493],[101.47500019938644,15.620832980631418],[101.47924076003794,15.619620083684786],[101.4756155173838,15.614661565960924],[101.47438037797248,15.610340745754254],[101.47056783581922,15.605114601195565]]]},"id":"000900000000000026e0","properties":{"HYBAS_ID":4121106850,"NEXT_DOWN":4121106740,"ORDER":4,"SUB_AREA":175.8,"UP_AREA":175.8}},{"type":"Feature","geometry":{"type":"Polygon","coordinates":[[[101.48333422235048,15.720832769267384],[101.4839362415155,15.705167956924306],[101.4894566072127,15.700566181268824],[101.51159153112543,15.699375608041638],[101.5130674794721,15.693623314668487],[101.51609973510799,15.689712658538822],[101.51751773793846,15.684183433759472],[101.5241483529854,15.682484488779403],[101.52596771982375,15.675394541655876],[101.53258500797166,15.670266604966516],[101.53668738000201,15.671840624252454],[101.53839968468614,15.678507024489276],[101.55220949074695,15.679733276513975],[101.55758721168027,15.683902477908465],[101.56185454465388,15.682261563856537],[101.56250109684767,15.670832832527191],[101.5615290579609,15.667434991734421],[101.55200434576483,15.666048298145382],[101.54382637878575,15.658949366929283],[101.53403862443632,15.657526945959317],[101.53262958488881,15.638325990272136],[101.52715830398651,15.633951639408444],[101.52112955906237,15.632225933914684],[101.51311655672602,15.622995610720096],[101.51250118516572,15.620832941121684],[101.51909175891953,15.62048068203297],[101.52328776388323,15.616311483621816],[101.52742583828488,15.617020445841723],[101.5309083576302,15.62048067034215],[101.55659283899217,15.621185219246085],[101.56007539773951,15.624645507193431],[101.58159049427387,15.62535452631908],[101.58507754639271,15.628814750015346],[101.58992454416303,15.62951932756958],[101.59340710642542,15.632979524388317],[101.59825866249727,15.633688540181579],[101.60174115987792,15.63714882695619],[101.60833175006879,15.637501075980765],[101.60902294464951,15.649188374684798],[101.61882844373318,15.650619788957735],[101.62284164712626,15.65354936414966],[101.62716255789023,15.654784521766333],[101.63117122419466,15.657714221060123],[101.65216025435903,15.658949345163496],[101.65617345028969,15.661883418796359],[101.6625009317052,15.662498777601655],[101.66193459464607,15.677209370309],[101.65879096793653,15.681262747472665],[101.67986463238988,15.703277278806322],[101.68678964671254,15.705052019184745],[101.68820765838416,15.715780630946174],[101.69498095913222,15.717519690997326],[101.69639899569236,15.72304446266928],[101.70360040074604,15.731124404328748],[101.70473301128625,15.734272533985575],[101.69639899569236,15.743623244013552],[101.69492302200064,15.749375437648752],[101.6833338129,15.749999713517084],[101.68112213613539,15.74943346612055],[101.67292627183573,15.74212943852029],[101.66887743022785,15.745264202728677],[101.66592107591032,15.74640122401114],[101.66054333941312,15.742231952224307],[101.6550185334556,15.74081395712482],[101.65331513930141,15.734183285922354],[101.6477903718385,15.732765358706134],[101.62304233309588,15.708900184295553],[101.61028930778045,15.707767594859545],[101.60637865575306,15.70473539546512],[101.59779039279111,15.703598331054971],[101.5938753561723,15.700566137778152],[101.59091897967687,15.699433535436118],[101.58554575818643,15.70359832454481],[101.53945650053484,15.704735407196862],[101.53554585948963,15.707767622888882],[101.53112239287587,15.708900228521264],[101.52565552873732,15.713461851609146],[101.52500010400307,15.720832728385732],[101.52257434067472,15.72118506850623],[101.51909175891953,15.724645299921056],[101.48995151473211,15.725354302587888],[101.48576000428888,15.721185078789055],[101.48333422235048,15.720832769267384]]]},"id":"000900000000000026e2","properties":{"HYBAS_ID":4121103780,"NEXT_DOWN":4121103510,"ORDER":4,"SUB_AREA":145.5,"UP_AREA":293.9}},{"type":"Feature","geometry":{"type":"Polygon","coordinates":[[[101.43714682347718,15.397547987784952],[101.4378514153835,15.3892406582213],[101.44131162905481,15.385758073797293],[101.44166835795585,15.37499827429177],[101.44263604667654,15.371230323893867],[101.44779073948828,15.36723494466235],[101.45331555024485,15.365816936511152],[101.45473354351995,15.360287663352251],[101.4660997850503,15.348042980717187],[101.46666608086751,15.329167587141935],[101.47304263060653,15.328601308310464],[101.4769577192561,15.325569142120626],[101.48248255986458,15.324151108718645],[101.48418589197837,15.31751601279036],[101.49127145327968,15.315701130688085],[101.49526674279707,15.31054197659567],[101.49668480229913,15.305017132993298],[101.49999790397953,15.30416540613875],[101.50091196277033,15.307714869348832],[101.5257447632587,15.30890103062035],[101.53125169882722,15.304633624271794],[101.53529165999376,15.307763924932507],[101.5397106236615,15.308900985839678],[101.54362125061571,15.311933183226774],[101.56575621469388,15.313123798798987],[101.56723225150972,15.318876043966398],[101.57026437922981,15.322791139760685],[101.57083515802108,15.329167629597054],[101.57047841005954,15.331588945361915],[101.56701814070182,15.335075977547639],[101.56631360825472,15.355877621485035],[101.57047841005954,15.360073625550497],[101.57118739579606,15.364925173155632],[101.5788125122503,15.372577018041392],[101.579521468816,15.381593240606474],[101.58714659702584,15.38924062171592],[101.58785109897,15.410046792864293],[101.58368628621045,15.414242778697663],[101.58333400553235,15.41666854839392],[101.57674345602443,15.416311833210335],[101.57291754284557,15.41251269534396],[101.5690916856089,15.416311876492168],[101.54412067120893,15.417020868773955],[101.53992467735202,15.41285154321261],[101.51007545910787,15.412147009188539],[101.50624952605116,15.40834784959808],[101.50242365005458,15.41214706850743],[101.49757663721685,15.412851540742274],[101.48992481445761,15.420481124010601],[101.48749901976366,15.420833386144821],[101.48090849835141,15.420481087694068],[101.47742595556144,15.417020820293711],[101.46424032203,15.416311855595065],[101.46075783155119,15.412851547724467],[101.44583317651824,15.41249927657941],[101.44548093878579,15.405908748449177],[101.43714682347718,15.397547987784952]]]},"id":"000900000000000026ea","properties":{"HYBAS_ID":4121107670,"NEXT_DOWN":4121106870,"ORDER":4,"SUB_AREA":148.5,"UP_AREA":148.5}},{"type":"Feature","geometry":{"type":"Polygon","coordinates":[[[101.38333443141171,15.51666837266523],[101.38402115420259,15.505016768136501],[101.39783991454716,15.492285962237347],[101.4116987735868,15.49093047524249],[101.41728606068072,15.48394746700399],[101.41605085375645,15.47700464332077],[101.41311678905892,15.472991508542501],[101.41188163322734,15.460340971337256],[101.40771682951934,15.45463783515389],[101.40905007462123,15.438304157394919],[101.41882889947715,15.436881650134522],[101.42283761859719,15.433952006980803],[101.42877267617807,15.432253132450723],[101.44521786609141,15.414661967220235],[101.44583317651824,15.41249927657941],[101.46075783155119,15.412851547724467],[101.46424032203,15.416311855595065],[101.47742595556144,15.417020820293711],[101.48090849835141,15.420481087694068],[101.48749901976366,15.420833386144821],[101.488065348311,15.423045122824396],[101.50099224566667,15.436863838173204],[101.5174151568725,15.438067794573724],[101.52278835844166,15.433898502373165],[101.53824807999345,15.432765919981072],[101.54362125061571,15.436930719091192],[101.5563787504192,15.438067822037894],[101.56445422454944,15.445264799279617],[101.56998345902143,15.446682759380458],[101.57083515802108,15.450000321697454],[101.57026437922981,15.460541689944684],[101.56723225150972,15.464456714471131],[101.5658142528859,15.469981585329071],[101.56028940729169,15.47139958436964],[101.5563787504192,15.474431760775156],[101.54779050727528,15.475568827197765],[101.54387547083167,15.47860104572585],[101.53529165999376,15.479733654661644],[101.53137658199402,15.482765862858574],[101.52278835844166,15.483898438833934],[101.51887774891011,15.48693066395136],[101.51445431118859,15.488067732964307],[101.51054367453757,15.491099902757687],[101.50195547196401,15.49223245952346],[101.49804479515899,15.495264706445154],[101.49251555396312,15.496682692853692],[101.49076752358201,15.503505110468451],[101.4769577192561,15.504735848757331],[101.47290889151,15.507870586899768],[101.46470858629232,15.500566513991012],[101.43258520364739,15.49943397367526],[101.42721201165692,15.503598724446446],[101.41862376379471,15.50473577460022],[101.41346900051593,15.50873119065324],[101.41161405710601,15.51595934807184],[101.40195563273052,15.51723467727721],[101.3980450079051,15.52026683684663],[101.39288133826366,15.521399482882504],[101.39166851497617,15.516668375711925],[101.38333443141171,15.51666837266523]]]},"id":"000900000000000026ed","properties":{"HYBAS_ID":4121107180,"NEXT_DOWN":4121107620,"ORDER":4,"SUB_AREA":126.9,"UP_AREA":127.0}},{"type":"Feature","geometry":{"type":"Polygon","coordinates":[[[101.39166851497617,15.641665865595673],[101.39583326092576,15.64166590495191],[101.3980450079051,15.641099540988183],[101.40195563273052,15.638067412657897],[101.40637909794927,15.636934801083608],[101.42278858502421,15.621399243509792],[101.42721201165692,15.62026664709123],[101.43528737253784,15.613065229651967],[101.44657786224715,15.611932620970459],[101.45195555017821,15.616097412867514],[101.47409053410213,15.61729245098108],[101.47585188577662,15.624150542800493],[101.47916500168193,15.625002183372747],[101.47988730876541,15.632538069834993],[101.4882571014749,15.633777750498968],[101.49366153405204,15.629773494776472],[101.50736878257757,15.628462475577118],[101.50924160743978,15.621742599762248],[101.51250118516572,15.620832941121684],[101.51311655672602,15.622995610720096],[101.52112955906237,15.632225933914684],[101.52715830398651,15.633951639408444],[101.53262958488881,15.638325990272136],[101.53403862443632,15.657526945959317],[101.54382637878575,15.658949366929283],[101.55200434576483,15.666048298145382],[101.5615290579609,15.667434991734421],[101.56250109684767,15.670832832527191],[101.56185454465388,15.682261563856537],[101.55758721168027,15.683902477908465],[101.55220949074695,15.679733276513975],[101.53839968468614,15.678507024489276],[101.53668738000201,15.671840624252454],[101.53258500797166,15.670266604966516],[101.52596771982375,15.675394541655876],[101.5241483529854,15.682484488779403],[101.51751773793846,15.684183433759472],[101.51609973510799,15.689712658538822],[101.5130674794721,15.693623314668487],[101.51159153112543,15.699375608041638],[101.4894566072127,15.700566181268824],[101.4839362415155,15.705167956924306],[101.48333422235048,15.720832769267384],[101.47257441452852,15.721185046999956],[101.46702281245541,15.726709869162564],[101.4666660808675,15.729166815263001],[101.46445439037674,15.728600558306455],[101.46041446826882,15.725470210937504],[101.45637895363134,15.728600525905298],[101.42278858502421,15.729733131112525],[101.4188779311252,15.732765307535926],[101.41334859360785,15.734183295233098],[101.4125014181345,15.737500856081311],[101.40918381587822,15.736649217079885],[101.40833217121961,15.73333164003082],[101.40797989110092,15.726741087774718],[101.40451960782718,15.723258516422828],[101.40381507549675,15.697574071981592],[101.40035484874976,15.694091514519648],[101.39964584175429,15.66424234865703],[101.39618558514387,15.660759768315744],[101.39548102455002,15.651743413218036],[101.39202073799821,15.648256450460512],[101.39166851497617,15.641665865595673]]]},"id":"000900000000000026f0","properties":{"HYBAS_ID":4121580560,"NEXT_DOWN":4121103780,"ORDER":4,"SUB_AREA":148.5,"UP_AREA":148.5}},{"type":"Feature","geometry":{"type":"Polygon","coordinates":[[[101.32026493653547,15.794617533108205],[101.32164721476886,15.788325691992881],[101.33112280957616,15.779733027963188],[101.33664761840278,15.778315084505467],[101.33806561249067,15.772790211672323],[101.34119588271764,15.768750230265342],[101.33806561249067,15.764710288491793],[101.33749934726966,15.749999783064332],[101.34380002922303,15.750641856636395],[101.34912418074762,15.754418747199423],[101.34999817754014,15.745834940967065],[101.3565932210848,15.745478232428624],[101.36007574898062,15.742017932972733],[101.38992499887807,15.741313448079506],[101.39757679285307,15.733688316978919],[101.40833217121961,15.73333164003082],[101.40918381587822,15.736649217079885],[101.4125014181345,15.737500856081311],[101.41285371406396,15.739926680430946],[101.41631393709628,15.743409207203625],[101.41701847021157,15.74825621241677],[101.42047874956323,15.751743297244975],[101.42118772992579,15.777423191461464],[101.42464797905122,15.780910201200294],[101.42535257038338,15.81075946161677],[101.42881278905709,15.814242024791985],[101.42952182797715,15.823258293846488],[101.4329820162767,15.826740873481485],[101.43368657913608,15.839926479949318],[101.43714682347718,15.843409024124078],[101.4374991188162,15.845834744217022],[101.43507336588904,15.846187023078526],[101.42535698871416,15.855876615404963],[101.42464797905122,15.860759401603453],[101.41911867166532,15.866310927820958],[101.40833217121961,15.86666768428864],[101.40612487552467,15.867233947359813],[101.4022098446275,15.870266162124695],[101.39508860332785,15.871398744086342],[101.38957269659555,15.867126995808963],[101.38137690753328,15.874430944689658],[101.35507713639225,15.87561260008028],[101.35360115753399,15.881378278666174],[101.3505689285747,15.885288895175607],[101.34999817754014,15.887500555213837],[101.338408991328,15.886876304647705],[101.33693299869925,15.881124082106778],[101.33390084226427,15.87720896276277],[101.33276818912498,15.860291187003384],[101.32973607254446,15.856376063134798],[101.32916526733362,15.84583478385204],[101.32831802358332,15.842517150982621],[101.32500043547074,15.841665448046182],[101.32535277035048,15.830910176344483],[101.3288130055489,15.82742315917395],[101.32916526733362,15.816667799530952],[101.32856772129563,15.79674898897408],[101.32026493653547,15.794617533108205]]]},"id":"000900000000000026fb","properties":{"HYBAS_ID":4121579740,"NEXT_DOWN":4121579260,"ORDER":4,"SUB_AREA":149.0,"UP_AREA":149.0}},{"type":"Feature","geometry":{"type":"Polygon","coordinates":[[[102.82083264866411,14.054167949421217],[102.83137845696568,14.053597144185451],[102.8352891127642,14.050569434933731],[102.8480420676077,14.049432381526444],[102.85195722042953,14.046400183536806],[102.87720907905725,14.045267564298765],[102.88112413476411,14.042235365536877],[102.88554317896659,14.041098300502338],[102.88945824388544,14.03806609128826],[102.89878671415187,14.036933558276932],[102.89999958099469,14.041664620044662],[102.90416880002277,14.041664623619859],[102.90763794722415,14.042556430268208],[102.92860020087963,14.064455118722467],[102.92973283005811,14.077212616420134],[102.93693426810822,14.085288005814327],[102.93835226224122,14.090817326262766],[102.94166543050368,14.091664560290411],[102.94202213731968,14.094090293823685],[102.94547788255038,14.09757728404505],[102.94618692777155,14.102424375634051],[102.94964718445245,14.105906877061566],[102.95035168631671,14.127426497923487],[102.9538119745508,14.130909079221338],[102.95452098088514,14.139216406377177],[102.94618692777155,14.14757718154869],[102.94547788255038,14.160758332779778],[102.94202213731968,14.164240815762739],[102.94131311658289,14.169092358320892],[102.93162352596835,14.178808766034388],[102.92916651413685,14.179165479383332],[102.9225759977698,14.17881317204709],[102.91908894292503,14.175352944933001],[102.91007713200167,14.174648383544673],[102.90659008858971,14.171188142985047],[102.89412247606701,14.17047911017821],[102.88992647637731,14.174648400256272],[102.87916663479113,14.175000700281212],[102.87674089631122,14.174648405407638],[102.87118929994915,14.169123612939917],[102.87014140898825,14.154948085016592],[102.85967590816672,14.153645992669388],[102.85736160114548,14.161730425097533],[102.84784142903479,14.163117173923425],[102.84382828969967,14.166051219711274],[102.8395074154175,14.167281976661952],[102.83541838195777,14.170274000741099],[102.83132492569948,14.167281946924422],[102.82916675818022,14.166666571472517],[102.82951900551221,14.164240883772203],[102.8336882224163,14.160044823282592],[102.83297922847073,14.13924316855964],[102.82951900551221,14.135756128105834],[102.82881442413758,14.11841022182893],[102.82535423463747,14.114923202296856],[102.82464520263804,14.110076171821667],[102.82084607417114,14.106250273884227],[102.82464520263804,14.102424337740837],[102.82535423463747,14.085073942720781],[102.82915333173307,14.081248047413851],[102.82535423463747,14.077426656797575],[102.82500191189607,14.075000850812469],[102.82083264866411,14.075000841603845],[102.82083264866411,14.054167949421217]]]},"id":"0009000000000000283f","properties":{"HYBAS_ID":4121586970,"NEXT_DOWN":4121123210,"ORDER":5,"SUB_AREA":169.0,"UP_AREA":478.0}},{"type":"Feature","geometry":{"type":"Polygon","coordinates":[[[102.66666817860946,14.066666762316288],[102.66751542225806,14.06334923774842],[102.67083294693707,14.062502033818195],[102.67118971616281,14.064958950201602],[102.67674129461463,14.07047931938925],[102.68575754157877,14.071188363106025],[102.68995358144312,14.075353177011364],[102.71492459128837,14.074648631612343],[102.72257638752866,14.067019048332465],[102.72742344672679,14.066314542364731],[102.73091040545843,14.062854254704066],[102.73575745793809,14.06214523858022],[102.74340929648616,14.054520248219061],[102.74825633809056,14.053811243350761],[102.75245233448923,14.049646409303994],[102.76492448244367,14.050355451520742],[102.777450052845,14.062854244987482],[102.78159261423416,14.062145239730647],[102.78507512370894,14.058684985847108],[102.80659026947782,14.057980498888398],[102.81007728714499,14.054520205839557],[102.82083264866411,14.054167949421217],[102.82083264866411,14.075000841603845],[102.82500191189607,14.075000850812469],[102.82535423463747,14.077426656797575],[102.82915333173307,14.081248047413851],[102.82535423463747,14.085073942720781],[102.82464520263804,14.102424337740837],[102.82084607417114,14.106250273884227],[102.82464520263804,14.110076171821667],[102.82535423463747,14.114923202296856],[102.82881442413758,14.11841022182893],[102.82951900551221,14.135756128105834],[102.83297922847073,14.13924316855964],[102.8336882224163,14.160044823282592],[102.82951900551221,14.164240883772203],[102.82916675818022,14.166666571472517],[102.82695501278506,14.167232896466501],[102.81887508558472,14.174434386340176],[102.8034199037344,14.175566935465874],[102.79804218878735,14.171402143236449],[102.78423238209542,14.170171489550851],[102.7824442844671,14.163206329117962],[102.77279030541573,14.161931049380968],[102.7676356236487,14.157935714136425],[102.76609721812609,14.151955998054696],[102.75680441254006,14.141708985110483],[102.75221160458821,14.145267378004005],[102.74583502849612,14.145833657728893],[102.73091040545843,14.145481435258304],[102.72742344672679,14.142021119015583],[102.71007752263297,14.141312156104824],[102.70659048194625,14.137851876611503],[102.69583510994785,14.137499644438146],[102.69547844072372,14.135073890641506],[102.692018130784,14.131591286189579],[102.69131358191116,14.122575058606303],[102.68785339526302,14.11909243601392],[102.68750113285013,14.104167808174102],[102.68418348482808,14.103316140036085],[102.68276554597294,14.097791329386583],[102.67973331110763,14.093876274448126],[102.67860070215056,14.081123218336883],[102.66723446758935,14.06887855083176],[102.66666817860946,14.066666762316288]]]},"id":"00090000000000002842","properties":{"HYBAS_ID":4121586810,"NEXT_DOWN":4121586970,"ORDER":5,"SUB_AREA":158.5,"UP_AREA":308.9}},{"type":"Feature","geometry":{"type":"Polygon","coordinates":[[[102.5038128926431,14.110044923428745],[102.50452636293385,14.105875676868726],[102.51495169309234,14.095481497276355],[102.52742383327421,14.096186053145537],[102.53161982462325,14.100355353850203],[102.54825676333769,14.099646334991982],[102.55174377493957,14.096186094754508],[102.55659080139817,14.09548148582549],[102.56424259221865,14.087851985741628],[102.57325893812481,14.087147429983437],[102.58124958960123,14.07917906238494],[102.58507554000924,14.082978198704508],[102.6124990282638,14.083334909275502],[102.61363607373097,14.087762813249727],[102.6186213891491,14.083901246172816],[102.62304478469004,14.082764190547284],[102.62695542908888,14.07973197613665],[102.63137887979664,14.07859939246353],[102.63528945474148,14.075567168495574],[102.6397084043918,14.074434603627514],[102.6531793615818,14.061931262544446],[102.6605458257958,14.063068317390888],[102.66445641798015,14.066100502589375],[102.66666817860946,14.066666762316288],[102.66723446758935,14.06887855083176],[102.67860070215056,14.081123218336883],[102.67973331110763,14.093876274448126],[102.68276554597294,14.097791329386583],[102.68418348482808,14.103316140036085],[102.68750113285013,14.104167808174102],[102.68785339526302,14.11909243601392],[102.69131358191116,14.122575058606303],[102.692018130784,14.131591286189579],[102.69547844072372,14.135073890641506],[102.69583510994785,14.137499644438146],[102.69251757593857,14.13835134307721],[102.69109962358306,14.143876131264502],[102.68710425823166,14.149030829568739],[102.68112456924986,14.150569230181711],[102.67720947409437,14.153601420523227],[102.67279050254984,14.154734069195875],[102.66471063818238,14.1619310818475],[102.65342015076092,14.163068090681614],[102.64804246926498,14.158898854469717],[102.6425176674648,14.157480885812314],[102.64052890474959,14.149735378878262],[102.63554361119134,14.153601430584807],[102.63112464486046,14.154734088881264],[102.6259699808734,14.1587293706001],[102.6244315981042,14.164709075846133],[102.61986098456978,14.170193765587545],[102.60322850844899,14.171402146864615],[102.59387780924266,14.163068126937288],[102.59166612243833,14.162501787863107],[102.5907653105322,14.158992512639594],[102.57695555148965,14.15776625832344],[102.56471084272698,14.14640002214305],[102.55612258394247,14.145267371442172],[102.54677185432732,14.13693336205384],[102.53528971425857,14.138065889530688],[102.52991201712295,14.14223517641308],[102.51445677756494,14.141098109450411],[102.50637687342602,14.133901100661012],[102.50416512045867,14.133334798447219],[102.5045218999021,14.122575022506378],[102.50868668440464,14.11837901264303],[102.50798211447305,14.114240972515521],[102.5038128926431,14.110044923428745]]]},"id":"00090000000000002849","properties":{"HYBAS_ID":4121586670,"NEXT_DOWN":4121586810,"ORDER":5,"SUB_AREA":150.5,"UP_AREA":150.5}},{"type":"Feature","geometry":{"type":"Polygon","coordinates":[[[102.8035492259748,15.637969317276767],[102.80478437453692,15.62700437275335],[102.80771402151558,15.622995601989723],[102.80869055734883,15.618375966793675],[102.81424213646787,15.612851158448498],[102.81908918836163,15.612146653495564],[102.82674098358432,15.604521586438246],[102.83162373578044,15.603808103496169],[102.83785302187816,15.597547531998861],[102.83714847889789,15.589240234689495],[102.83368822241631,15.585757713638609],[102.83333148709558,15.58333193153477],[102.83710389659748,15.58236429935123],[102.84109925665469,15.577209607023901],[102.84228986039011,15.555074644922163],[102.8480420676077,15.553598624994327],[102.86445607820133,15.53806763046451],[102.86998085081811,15.536649581574668],[102.87083254019551,15.533332039033315],[102.87826589882593,15.532672060968546],[102.87973297819664,15.526955486805196],[102.88693440306474,15.518875591468174],[102.8875006954274,15.516668398883423],[102.89166552876887,15.516668337218391],[102.89166552876887,15.520833147179014],[102.89498302975151,15.521684871313997],[102.89640105588079,15.527209676657165],[102.90787433794998,15.539570268189156],[102.90463700215511,15.543748488422397],[102.90873051182191,15.549032552559286],[102.91471011249541,15.55056649235143],[102.91862077227938,15.55359860703677],[102.9324350754751,15.55482934139054],[102.93333129948807,15.558334170787433],[102.93276505447369,15.560545912751852],[102.92556799353854,15.56862139624223],[102.92443092450472,15.57720956790262],[102.92139873440692,15.581124700566882],[102.9199807643084,15.586649472487244],[102.91445596923961,15.588067475015533],[102.9083469451724,15.593164218689456],[102.91193212931736,15.597788329501935],[102.91306916796425,15.606376524043444],[102.92026618367663,15.614456437698424],[102.92083245770856,15.620832967482935],[102.92048020473659,15.635757558253399],[102.91495538671397,15.641309162569357],[102.91007713200167,15.642018167614745],[102.89825601742328,15.653812452391167],[102.88924419033881,15.65452150698649],[102.88369262838316,15.660041862246986],[102.88297912313956,15.664924523554054],[102.87951894203859,15.668407100931745],[102.87881432858119,15.68504848912913],[102.8871484524833,15.693409279531796],[102.8875006954274,15.695835030184831],[102.87279007932476,15.696401346061345],[102.8688750331299,15.699433546079197],[102.86314508279636,15.700905008568538],[102.8619322383331,15.717604399292053],[102.87037772572513,15.727084412727697],[102.8630692412529,15.735289183617024],[102.8619322383331,15.744617635042433],[102.8688750331299,15.746401272366882],[102.87403419861582,15.75039660498784],[102.87500179737857,15.754164563430034],[102.87443108698146,15.756376221357804],[102.8630692412529,15.768620915455559],[102.86186087427107,15.786595614787357],[102.85833371698062,15.78750082719891],[102.85748202897081,15.7908138692654],[102.85416442728145,15.791665630157022],[102.85381219480882,15.789244327335943],[102.84618709525324,15.781592498783517],[102.84547811463085,15.77257618704288],[102.84168341103202,15.76875025629077],[102.84618709525324,15.76421093322581],[102.84547811463084,15.760077281563525],[102.84201787931919,15.756590301636328],[102.84097884538149,15.742477243088485],[102.82976866824171,15.740845176417436],[102.81728319089721,15.727160220964945],[102.81604808766562,15.71450526307761],[102.811883262694,15.708802150571636],[102.81311841032358,15.702006410737953],[102.82145250502919,15.692401504913581],[102.82021727067959,15.685338306759087],[102.81728319089721,15.68132511715219],[102.81604808766562,15.677008741960838],[102.811883262694,15.671301111328635],[102.81311841032358,15.660340566913836],[102.81728319089721,15.654637403445472],[102.81550854567936,15.650860553244867],[102.80926130371338,15.649072422474564],[102.80771402151558,15.643672467729862],[102.8035492259748,15.637969317276767]]]},"id":"00090000000000002904","properties":{"HYBAS_ID":4121106490,"NEXT_DOWN":4121107370,"ORDER":5,"SUB_AREA":197.2,"UP_AREA":197.2}},{"type":"Feature","geometry":{"type":"Polygon","coordinates":[[[102.65833409379803,15.620832967012047],[102.65902083033315,15.609141230109504],[102.66882634851872,15.607714276448066],[102.68117365009694,15.596450582515523],[102.68549451074068,15.595215426550217],[102.702006562579,15.579782482400589],[102.70632740424901,15.578547300015089],[102.71203056324013,15.574382556256095],[102.71466149487658,15.575617647402565],[102.71992765593946,15.579465873530554],[102.72067682770418,15.573468361524213],[102.71722103335513,15.568741757791788],[102.72854714642781,15.556327584700131],[102.72978229910339,15.552006768657085],[102.73811630228525,15.542401854964792],[102.73688114967754,15.535338606096762],[102.73271639774923,15.529635440996115],[102.73502169338133,15.52472596265948],[102.73950755247593,15.521453026917358],[102.74382845996413,15.520217845356399],[102.74953168698843,15.516048551540663],[102.75215802142402,15.517283766852563],[102.75786568622158,15.521452955872379],[102.77299546586416,15.520217834298277],[102.77700866537768,15.517283704145974],[102.7854942598509,15.516048589555496],[102.78950744518744,15.513118922298611],[102.81982933761566,15.511839177396734],[102.82083264866411,15.50833434781147],[102.82500191189607,15.508334269016014],[102.82500191189607,15.512499111372552],[102.82556826134085,15.514710810106351],[102.83390226412224,15.524061594564158],[102.83266716365462,15.536538111003182],[102.82304436785613,15.545264570313286],[102.81610152430416,15.547048237757837],[102.81732337847313,15.56159826476172],[102.82429296974988,15.563386383574148],[102.82556826134085,15.573044820100028],[102.82860039158885,15.576955449037376],[102.83001841925064,15.582480237168019],[102.83333148709558,15.58333193153477],[102.83368822241631,15.585757713638609],[102.83714847889789,15.589240234689495],[102.83785302187816,15.597547531998861],[102.83162373578044,15.603808103496169],[102.82674098358432,15.604521586438246],[102.81908918836163,15.612146653495564],[102.81424213646787,15.612851158448498],[102.80869055734883,15.618375966793675],[102.80833380936369,15.620833000512425],[102.76007745654131,15.621185240996603],[102.74825633809056,15.632979603894809],[102.73924001657419,15.633688571714533],[102.73575745793809,15.637148797713936],[102.73091040545843,15.637853361615042],[102.72742344672679,15.641313653652405],[102.71495580169828,15.642018159157303],[102.71075974184386,15.637853397581043],[102.70590828701918,15.63714878692839],[102.70242566584028,15.633688586670099],[102.6934093599398,15.632979602328993],[102.68992237769956,15.629519263013503],[102.6809105419401,15.628814781715263],[102.67742349461699,15.625354491297182],[102.6684071905341,15.624645465292259],[102.66492463576299,15.621185221797006],[102.65833409379803,15.620832967012047]]]},"id":"0009000000000000290a","properties":{"HYBAS_ID":4121106580,"NEXT_DOWN":4121106590,"ORDER":5,"SUB_AREA":160.5,"UP_AREA":1149.9}},{"type":"Feature","geometry":{"type":"Polygon","coordinates":[[[102.77916684823857,15.20000088364464],[102.78005420229516,15.196540603548238],[102.7897126346576,15.195265280068606],[102.7936232332416,15.192233078469869],[102.79583497137631,15.191666778325526],[102.80637627699208,15.192233107494886],[102.81573141684817,15.200567123992505],[102.81887508558472,15.199434531810976],[102.82425277981555,15.19526528612074],[102.83137845696568,15.196402354219309],[102.84362309443138,15.20776413813635],[102.85327704569455,15.209043913084257],[102.85501617937898,15.215817301927142],[102.86054543070246,15.217235257896434],[102.8686208992894,15.224432252783693],[102.87304430981797,15.225569300636215],[102.87695492749855,15.228601533935137],[102.88137838297308,15.229734142620355],[102.89362305747828,15.241100366108657],[102.89960269568533,15.242634313419831],[102.90359803845365,15.247789005844677],[102.90487338697135,15.257447484234143],[102.90833359763707,15.258334802923565],[102.90833359763707,15.262499566022635],[102.8975737717702,15.262851875975546],[102.89409121844311,15.266312120019935],[102.88507496361225,15.26702114819678],[102.87118929994915,15.280879997560511],[102.87048025854088,15.285758239886086],[102.86702000019865,15.289240872257956],[102.86631546041053,15.294092371409025],[102.86079068179377,15.299643947915985],[102.85833371698062,15.30000066596327],[102.83091027859302,15.299648374703848],[102.82325839039878,15.292018860682045],[102.81840695647271,15.291314291847604],[102.81492434442083,15.287854077650456],[102.81007728714499,15.287145056428484],[102.80452572750177,15.281624732818994],[102.80381225766986,15.27674194279465],[102.79828748644569,15.271185905160518],[102.78333166313165,15.270833651503386],[102.78368833579233,15.268407917842424],[102.78785313453457,15.264211906911646],[102.78714862523431,15.247575026564123],[102.78297937756594,15.243379022325508],[102.78368833579233,15.235076122079834],[102.78785313453457,15.23088008482769],[102.78714862523431,15.226742068043714],[102.78368833579233,15.223259562279228],[102.78297937756594,15.218408055282504],[102.77951912244008,15.214925437691253],[102.77916684823857,15.20000088364464]]]},"id":"0009000000000000290b","properties":{"HYBAS_ID":4121109390,"NEXT_DOWN":4121108090,"ORDER":5,"SUB_AREA":103.9,"UP_AREA":104.0}},{"type":"Feature","geometry":{"type":"Polygon","coordinates":[[[102.59583538094314,15.65833404836733],[102.59644178649404,15.642580027693903],[102.60352279646645,15.640765143551118],[102.61609747686902,15.6272095154014],[102.61737725198365,15.617555495445577],[102.62325879315644,15.616311472471171],[102.6274548580377,15.612146603372295],[102.64409177464094,15.612851214976532],[102.65174357444297,15.620480659108129],[102.66492463576299,15.621185221797006],[102.6684071905341,15.624645465292259],[102.67742349461699,15.625354491297182],[102.6809105419401,15.628814781715263],[102.68992237769956,15.629519263013503],[102.6934093599398,15.632979602328993],[102.70242566584028,15.633688586670099],[102.70590828701918,15.63714878692839],[102.71075974184386,15.637853397581043],[102.71495580169828,15.642018159157303],[102.72742344672679,15.641313653652405],[102.73091040545843,15.637853361615042],[102.73575745793809,15.637148797713936],[102.73924001657419,15.633688571714533],[102.74825633809056,15.632979603894809],[102.76007745654131,15.621185240996603],[102.80833380936369,15.620833000512425],[102.80771402151558,15.622995601989723],[102.80478437453692,15.62700437275335],[102.8035492259748,15.637969317276767],[102.80771402151558,15.643672467729862],[102.80926130371338,15.649072422474564],[102.81550854567936,15.650860553244867],[102.81728319089721,15.654637403445472],[102.81311841032358,15.660340566913836],[102.811883262694,15.671301111328635],[102.81604808766562,15.677008741960838],[102.81728319089721,15.68132511715219],[102.82021727067959,15.685338306759087],[102.82145250502919,15.692401504913581],[102.81311841032358,15.702006410737953],[102.811883262694,15.708802150571636],[102.81604808766562,15.71450526307761],[102.81728319089721,15.727160220964945],[102.82976866824171,15.740845176417436],[102.84097884538149,15.742477243088485],[102.84166559498325,15.754164590689529],[102.83528911276422,15.75359822430133],[102.83137845696568,15.750566040321809],[102.82695501278506,15.74943345659745],[102.82304436785613,15.746401230237936],[102.81862097065873,15.745264186562128],[102.81471033689934,15.742232005837332],[102.79778803076954,15.741099342891873],[102.79387738231931,15.738067202321158],[102.77590722137325,15.736863251765683],[102.77443124812888,15.731124333267415],[102.7713991006821,15.727209312685511],[102.77026648390643,15.720088121985217],[102.77526514837784,15.713635815654332],[102.76862103818182,15.71193239053087],[102.76346636313492,15.70793702663137],[102.76193239722946,15.701957384153001],[102.75890022019964,15.698042323877244],[102.75748225494476,15.692517470224725],[102.75195736979171,15.691099505499635],[102.73971274266556,15.679733229134962],[102.73750100420915,15.679166902480347],[102.73333175845806,15.679166911190999],[102.73211883981506,15.67443135465081],[102.71445634846741,15.675568418631062],[102.70907865988339,15.679733218698678],[102.68945414724494,15.678600620412663],[102.68554350577692,15.675568446567077],[102.6686212825382,15.674431341419483],[102.66471063818238,15.6713992123967],[102.65505223785998,15.670123893613326],[102.65295197924462,15.6619324968952],[102.64259792310905,15.663189991586949],[102.63806750867751,15.66862118780412],[102.63750118644474,15.670832895647726],[102.63507542407795,15.67048061803504],[102.6315929036431,15.667020334766793],[102.6274548580377,15.66631132324985],[102.62325879315644,15.670480637940596],[102.61495593991145,15.67118514860237],[102.61075997732299,15.66702032273428],[102.60590848393677,15.666311305187861],[102.59825664315076,15.658686284531885],[102.59583538094314,15.65833404836733]]]},"id":"00090000000000002911","properties":{"HYBAS_ID":4121580790,"NEXT_DOWN":4121106580,"ORDER":5,"SUB_AREA":163.3,"UP_AREA":989.5}},{"type":"Feature","geometry":{"type":"Polygon","coordinates":[[[102.53693063741353,15.599255342391514],[102.54109983976146,15.593877663951295],[102.5425178827839,15.58835287104161],[102.55026337321391,15.586364089504679],[102.54640172435491,15.581378881868883],[102.54526464141712,15.565919102442162],[102.54943397138264,15.560545913614009],[102.55056654322648,15.543623666702183],[102.55512819724933,15.53815681169332],[102.568875624312,15.536930545509295],[102.57279074041661,15.53390283012294],[102.57720966736662,15.53276569824498],[102.58236443515455,15.528770373646822],[102.58418371179924,15.521684872213452],[102.59081444076898,15.519981485476587],[102.59251781038965,15.513350774561625],[102.59804259332964,15.51193279359569],[102.60356299836984,15.507330978666278],[102.60416497756201,15.491666215249627],[102.6074825320831,15.490814501111227],[102.60954710680357,15.482765839444117],[102.61471076320694,15.483898472347974],[102.62008838970615,15.488067702163685],[102.62419078142047,15.48649366040759],[102.6258852689855,15.479876300009288],[102.63554361119134,15.478601051875225],[102.63945423882572,15.475568863229201],[102.6438777277559,15.474431772162022],[102.6477883730889,15.471399535899364],[102.65833409379803,15.470833253748049],[102.66249891471644,15.470833278147815],[102.6631187258492,15.472991462821048],[102.67021765185189,15.48117391568313],[102.67145280239784,15.489659583399938],[102.68277886810236,15.502073700496988],[102.67978239136971,15.506171643998691],[102.67854724026454,15.510492526721958],[102.66728354259183,15.522839788763239],[102.66604834859241,15.527160634354047],[102.65779904323294,15.536667445759056],[102.64662900061899,15.538295046248594],[102.64521546154245,15.547993512089262],[102.6422858376073,15.552006777038804],[102.64105064611222,15.556327592809572],[102.63811657137718,15.560340761271117],[102.63657373462026,15.56574075703821],[102.62983157710188,15.567667060835115],[102.6285472842319,15.593828618316543],[102.62561764290034,15.597841832275082],[102.62438254119097,15.60215829041755],[102.62145291749597,15.606171410129923],[102.62083306581303,15.616668137097454],[102.61737725198365,15.617555495445577],[102.61609747686902,15.6272095154014],[102.60352279646645,15.640765143551118],[102.59644178649404,15.642580027693903],[102.59583538094314,15.65833404836733],[102.58008133830117,15.658940448217983],[102.57860092231773,15.664710524919203],[102.57403930105446,15.670177383600857],[102.56028740487945,15.671399162117206],[102.5563767413861,15.674431401288313],[102.55000021213633,15.675002114192472],[102.55000021213633,15.66666807437544],[102.54683873697562,15.66585652325849],[102.54526464141712,15.661754155637565],[102.54943397138264,15.656376432890992],[102.55056654322648,15.628177099815396],[102.53806772532084,15.614710624142242],[102.53693063741353,15.599255342391514]]]},"id":"00090000000000002915","properties":{"HYBAS_ID":4121106980,"NEXT_DOWN":4121106680,"ORDER":5,"SUB_AREA":169.7,"UP_AREA":169.7}},{"type":"Feature","geometry":{"type":"Polygon","coordinates":[[[102.63750118644474,15.670832895647726],[102.63806750867751,15.66862118780412],[102.64259792310905,15.663189991586949],[102.65295197924462,15.6619324968952],[102.65505223785998,15.670123893613326],[102.66471063818238,15.6713992123967],[102.6686212825382,15.674431341419483],[102.68554350577692,15.675568446567077],[102.68945414724494,15.678600620412663],[102.70907865988339,15.679733218698678],[102.71445634846741,15.675568418631062],[102.73211883981506,15.67443135465081],[102.73333175845806,15.679166911190999],[102.73276541254079,15.689712693435363],[102.72973319787592,15.693623374194402],[102.72860063115422,15.710545592652583],[102.72139917584748,15.718621067894643],[102.7199812244112,15.724150331955038],[102.7166680911619,15.725001995617802],[102.69583510994785,15.725002016456152],[102.6934093599398,15.724645341188772],[102.67118971616281,15.702452382216443],[102.6704807358934,15.697574128365194],[102.66078663021504,15.68785775088663],[102.65174357444297,15.68714875901952],[102.6378579410937,15.673289793202226],[102.63750118644474,15.670832895647726]]]},"id":"00090000000000002917","properties":{"HYBAS_ID":4121104730,"NEXT_DOWN":4121580790,"ORDER":5,"SUB_AREA":37.3,"UP_AREA":688.6}},{"type":"Feature","geometry":{"type":"Polygon","coordinates":[[[102.53750136834917,15.704164642718741],[102.53806772532084,15.701957431807083],[102.54109983976146,15.698042285058284],[102.54223250448501,15.693623357187512],[102.54526464141712,15.689712674923697],[102.54649539478862,15.675898430844642],[102.55000021213633,15.675002114192472],[102.5563767413861,15.674431401288313],[102.56028740487945,15.671399162117206],[102.57403930105446,15.670177383600857],[102.57860092231773,15.664710524919203],[102.58008133830117,15.658940448217983],[102.59583538094314,15.65833404836733],[102.59825664315076,15.658686284531885],[102.60590848393677,15.666311305187861],[102.61075997732299,15.66702032273428],[102.61495593991145,15.67118514860237],[102.62325879315644,15.670480637940596],[102.6274548580377,15.66631132324985],[102.6315929036431,15.667020334766793],[102.63507542407795,15.67048061803504],[102.63750118644474,15.670832895647726],[102.6378579410937,15.673289793202226],[102.65174357444297,15.68714875901952],[102.66078663021504,15.68785775088663],[102.6704807358934,15.697574128365194],[102.67118971616281,15.702452382216443],[102.6934093599398,15.724645341188772],[102.69583510994785,15.725002016456152],[102.69583510994785,15.729166795028002],[102.69526438711841,15.731378529271666],[102.69223217844609,15.735289171640973],[102.69109962358306,15.752211459487446],[102.68806743529714,15.756122125184786],[102.68693474549946,15.763247724284858],[102.69206274592776,15.769865076499178],[102.69914826751946,15.771684335054227],[102.70056622980758,15.777209208947795],[102.70787028754523,15.785409461099272],[102.7047355381829,15.789458294470098],[102.70359847919813,15.814710236259799],[102.68390257766056,15.835288990259306],[102.68276554597294,15.839712434335066],[102.67973331110764,15.843623074562995],[102.6791670490766,15.845834735898244],[102.6757067841336,15.844947353710108],[102.67443144971453,15.835288938998305],[102.67139925615065,15.831378319438123],[102.67017304505627,15.817564057177538],[102.66350666813038,15.81585620197622],[102.66193256112491,15.811753833073693],[102.66609742309538,15.806376149699709],[102.66723446758935,15.793623160875041],[102.6702666404742,15.78971253622628],[102.67139925615065,15.786751702586734],[102.66627128721505,15.780134357591725],[102.66249891471644,15.77916672406334],[102.65833409379803,15.779166707057831],[102.65776776046401,15.772790256242043],[102.65473565007821,15.76887515336003],[102.65295197924462,15.76193228008968],[102.64362355306802,15.763069395729417],[102.63824588673494,15.767234142282225],[102.63397846836588,15.76559767667601],[102.63267196479951,15.750900505297642],[102.62584952706999,15.749148069191078],[102.6241105385042,15.742374712080354],[102.61445656482816,15.741099371573274],[102.61054590435837,15.738067174777902],[102.60195773584535,15.736934557031077],[102.58137892899694,15.717234318867925],[102.57279074041661,15.716097236575667],[102.568875624312,15.713069436092246],[102.55612258394245,15.711932423750055],[102.55221197455874,15.708900220429218],[102.5436237741638,15.707767615722775],[102.5397086006779,15.704735433355376],[102.53750136834917,15.704164642718741]]]},"id":"0009000000000000291b","properties":{"HYBAS_ID":4121104040,"NEXT_DOWN":4121104730,"ORDER":5,"SUB_AREA":141.1,"UP_AREA":453.0}},{"type":"Feature","geometry":{"type":"Polygon","coordinates":[[[102.45001383786499,15.36875110320335],[102.45381301037496,15.364925119162189],[102.45452196889757,15.343410016951397],[102.45797777862711,15.33992296025745],[102.4586867631432,15.335075940569054],[102.46214707344289,15.331588953611348],[102.46249934745985,15.324998340982425],[102.46581691771941,15.324151142323009],[102.46723490147725,15.318621871912665],[102.4797337635583,15.305155388815818],[102.47843609831935,15.296732151139093],[102.47304506651273,15.292232886985389],[102.46706098777945,15.290698980773913],[102.46306559501981,15.285544234794113],[102.46249934745985,15.279167765018332],[102.46581691771941,15.278315995572349],[102.46751580590387,15.271685313571108],[102.47083334752433,15.270833678938313],[102.47173409225549,15.27433848146708],[102.48554395392546,15.275569207720634],[102.50195787323852,15.291100271568311],[102.50859750806718,15.292803698400565],[102.50390206524703,15.298863607552432],[102.51054163800701,15.300566980207092],[102.51570085311884,15.304562345345019],[102.51723480858546,15.31054194746138],[102.52026698450719,15.314457056277995],[102.52139961843633,15.327210065615748],[102.52443172962035,15.331120754835949],[102.52584974156248,15.336649988916239],[102.53137902668881,15.338067984325264],[102.5395748437287,15.345371961598318],[102.5436237741638,15.342232777094559],[102.5465801359571,15.341100197925877],[102.55195782632383,15.345265006579364],[102.5563767413861,15.346402040266403],[102.57429787624754,15.36343583421757],[102.57556869462933,15.373045151556747],[102.5910997643755,15.389454644796498],[102.59166612243833,15.395831159428274],[102.5913138013314,15.398256937100394],[102.58785352747717,15.401743943433885],[102.58714453093975,15.406591015737243],[102.58368876062612,15.410073525930082],[102.58333199777486,15.416668585977037],[102.56028740487945,15.416097778215033],[102.5563767413861,15.413065640184628],[102.52279081036407,15.411933022314544],[102.51471093020494,15.40473600598222],[102.50758524337068,15.403598911050073],[102.50221208559873,15.407768233370687],[102.49362387162562,15.408900778639861],[102.48958388497222,15.412031097258081],[102.48554395392546,15.408900801836912],[102.47588551878924,15.407625527765754],[102.47415089838033,15.400852136978475],[102.46862167152265,15.399434175544139],[102.46471099189107,15.396401944073059],[102.46028757110261,15.395264872367058],[102.4551328751398,15.391269563423245],[102.45416525855347,15.3875015946789],[102.45452196889757,15.385075855109243],[102.4586867631432,15.380879803868584],[102.45797777862711,15.376741750182225],[102.45001383786499,15.36875110320335]]]},"id":"0009000000000000291c","properties":{"HYBAS_ID":4121107680,"NEXT_DOWN":4121107060,"ORDER":5,"SUB_AREA":133.7,"UP_AREA":324.6}},{"type":"Feature","geometry":{"type":"Polygon","coordinates":[[[102.5124991910324,15.729166861665034],[102.51360505527275,15.72529630449131],[102.52283982404,15.717283321726763],[102.52840038669507,15.715695913943604],[102.52996996189401,15.70490041193318],[102.53750136834917,15.704164642718741],[102.5397086006779,15.704735433355376],[102.5436237741638,15.707767615722775],[102.55221197455874,15.708900220429218],[102.55612258394245,15.711932423750055],[102.568875624312,15.713069436092246],[102.57279074041661,15.716097236575667],[102.58137892899694,15.717234318867925],[102.60195773584535,15.736934557031077],[102.61054590435837,15.738067174777902],[102.61445656482816,15.741099371573274],[102.6241105385042,15.742374712080354],[102.62584952706999,15.749148069191078],[102.63267196479951,15.750900505297642],[102.63397846836588,15.76559767667601],[102.63824588673494,15.767234142282225],[102.64362355306802,15.763069395729417],[102.65295197924462,15.76193228008968],[102.65473565007821,15.76887515336003],[102.65776776046401,15.772790256242043],[102.65833409379803,15.779166707057831],[102.66249891471644,15.77916672406334],[102.66627128721505,15.780134357591725],[102.67139925615065,15.786751702586734],[102.6702666404742,15.78971253622628],[102.66723446758935,15.793623160875041],[102.66609742309538,15.806376149699709],[102.66193256112491,15.811753833073693],[102.66350666813038,15.81585620197622],[102.67017304505627,15.817564057177538],[102.67139925615065,15.831378319438123],[102.67443144971453,15.835288938998305],[102.6757067841336,15.844947353710108],[102.6791670490766,15.845834735898244],[102.6788147252248,15.860759351988781],[102.67501556727356,15.864585249475372],[102.6788147252248,15.868406764305906],[102.6791670490766,15.895834680677428],[102.67674129461463,15.896186916308613],[102.67325875381141,15.899647140734293],[102.6684071905341,15.900351706878713],[102.66075990335355,15.90798122241124],[102.65833409379803,15.908333545223691],[102.6559083347913,15.907981219460703],[102.65242580332462,15.90452095376192],[102.64828771641122,15.903811960757334],[102.64409177464094,15.90798122220692],[102.62083306581303,15.90833347858822],[102.62118530164389,15.905907751589808],[102.62535457275484,15.901711749063232],[102.6246456091309,15.897573687415617],[102.62118530164389,15.894091103297196],[102.62048083105284,15.872575966232311],[102.61285123875034,15.864924203073347],[102.61214673125652,15.860077080948516],[102.6086864468085,15.856590087321091],[102.60798196466693,15.822576065345569],[102.60035240802587,15.814924264489417],[102.59964788906892,15.805907990577206],[102.59618762826304,15.802425363269984],[102.59583538094314,15.799999649169093],[102.59166612243833,15.799999649780311],[102.5910507215937,15.797841445444918],[102.58811668750286,15.793828210632746],[102.58688146070398,15.777008501498225],[102.58395182358254,15.772995362852079],[102.58252941674878,15.763234377796756],[102.56747100279408,15.761762841886133],[102.55894969032703,15.752157978237591],[102.55752277693374,15.74235680668836],[102.53533873328074,15.74105032435093],[102.5313255452824,15.738116225060349],[102.52700466272233,15.736881037353172],[102.51882663622725,15.729782217476728],[102.5124991910324,15.729166861665034]]]},"id":"0009000000000000291e","properties":{"HYBAS_ID":4121580060,"NEXT_DOWN":4121104040,"ORDER":5,"SUB_AREA":155.6,"UP_AREA":311.9}},{"type":"Feature","geometry":{"type":"Polygon","coordinates":[[[102.43693078435521,15.700744510251353],[102.43806792495259,15.689454029977636],[102.44192949537538,15.684468832571763],[102.43750162715915,15.68333172188333],[102.43806792495259,15.672790407012767],[102.4411000932646,15.668875365383991],[102.4425181182907,15.663350518172644],[102.44914877721556,15.66164709007907],[102.450919053484,15.654748928213916],[102.46028757110261,15.64640143833812],[102.46581691771941,15.644983455898634],[102.46755596015919,15.638210071002291],[102.47828010301482,15.636792074883507],[102.4797337635583,15.631124537668779],[102.48276590629946,15.62720944305568],[102.48333225469182,15.608334140108155],[102.48389851840405,15.6061223994257],[102.48693068445918,15.602211771437153],[102.48834875614865,15.596682470375187],[102.4951889444251,15.59493004388147],[102.50776814520698,15.58137881160008],[102.50890074290389,15.556122484943248],[102.51193287295824,15.552211876573285],[102.51315915510177,15.538397609116323],[102.52139961843633,15.536283928609693],[102.52026698450719,15.518621417391067],[102.51723480858546,15.514710824353417],[102.51581681582775,15.5091859870889],[102.50776814520698,15.507116951423509],[102.51445677756494,15.500566552454199],[102.52043642814077,15.499032580340382],[102.52443172962035,15.493877873109007],[102.52499810954535,15.470833284814498],[102.52584974156248,15.46751570772825],[102.5291673156339,15.466668495205711],[102.53575784677562,15.467020770452184],[102.53924045203784,15.470481021952152],[102.55242602681511,15.471185514283595],[102.55662205681978,15.475354790323363],[102.56492483069152,15.474645844810398],[102.56875076448057,15.470846617544662],[102.57674145360637,15.478815046441232],[102.58992256821068,15.47951963973372],[102.59340961541567,15.482979859350625],[102.59583538094314,15.483332166218648],[102.59619209485705,15.48578906579834],[102.60174367917014,15.491313889998985],[102.60416497756201,15.491666215249627],[102.60356299836984,15.507330978666278],[102.59804259332964,15.51193279359569],[102.59251781038965,15.513350774561625],[102.59081444076898,15.519981485476587],[102.58418371179924,15.521684872213452],[102.58236443515455,15.528770373646822],[102.57720966736662,15.53276569824498],[102.57279074041661,15.53390283012294],[102.568875624312,15.536930545509295],[102.55512819724933,15.53815681169332],[102.55056654322648,15.543623666702183],[102.54943397138264,15.560545913614009],[102.54526464141712,15.565919102442162],[102.54640172435491,15.581378881868883],[102.55026337321391,15.586364089504679],[102.5425178827839,15.58835287104161],[102.54109983976146,15.593877663951295],[102.53693063741353,15.599255342391514],[102.53806772532084,15.614710624142242],[102.55056654322648,15.628177099815396],[102.54943397138264,15.656376432890992],[102.54526464141712,15.661754155637565],[102.54683873697562,15.66585652325849],[102.55000021213633,15.66666807437544],[102.55000021213633,15.675002114192472],[102.54649539478862,15.675898430844642],[102.54526464141712,15.689712674923697],[102.54223250448501,15.693623357187512],[102.54109983976146,15.698042285058284],[102.53806772532084,15.701957431807083],[102.53750136834917,15.704164642718741],[102.52996996189401,15.70490041193318],[102.52840038669507,15.715695913943604],[102.52283982404,15.717283321726763],[102.51360505527275,15.72529630449131],[102.5124991910324,15.729166861665034],[102.50590868601401,15.728814556169743],[102.50242613196966,15.725354296868947],[102.4958355079368,15.725002031535013],[102.49498383693873,15.728315122224139],[102.4916662920552,15.729166794002097],[102.48333225469182,15.72916679627601],[102.48248050207395,15.725849252064918],[102.4769556826154,15.724431306826142],[102.47304506651273,15.721399072518237],[102.44583116894667,15.72083276987174],[102.44526491984725,15.718621069112881],[102.44223272763088,15.714710412575373],[102.4411000932646,15.706122151127808],[102.43693078435521,15.700744510251353]]]},"id":"00090000000000002920","properties":{"HYBAS_ID":4121107050,"NEXT_DOWN":4121107550,"ORDER":5,"SUB_AREA":212.8,"UP_AREA":212.8}},{"type":"Feature","geometry":{"type":"Polygon","coordinates":[[[102.55833428907354,15.066664790080592],[102.55868659691413,15.060074246093638],[102.56214687058302,15.056591676958833],[102.56285133558731,15.051740222987902],[102.56631164695173,15.04825763546166],[102.56702060291367,15.043410628185017],[102.57048086448388,15.039923564033913],[102.57083320950932,15.012500135052036],[102.57168483118627,15.009182515222014],[102.57720966736662,15.007764541335058],[102.58945439042088,14.996402747639712],[102.59583538094314,14.99583195204304],[102.59804259332964,14.996402769408668],[102.60195773584535,14.999434934819659],[102.60637664080764,15.00056754580105],[102.6186213891491,15.01193376413272],[102.62304478469004,15.013066427583404],[102.63112464486046,15.020267848319016],[102.63554361119134,15.021400490698634],[102.64069834996624,15.025395795197486],[102.64255332689814,15.032624032925815],[102.65221174109602,15.033899371291259],[102.65736651807522,15.037894711210273],[102.65890042988727,15.043878818521497],[102.66609742309538,15.05195420572259],[102.66723446758935,15.060542478590868],[102.6702666404742,15.064457532634602],[102.67139925615065,15.07304577569049],[102.69109962358306,15.09362452648861],[102.69223217844609,15.114711589966],[102.69943368189047,15.12279147004172],[102.70056622980758,15.138246778480854],[102.69640145277188,15.143624393676236],[102.69583510994785,15.150000976942929],[102.6934093599398,15.150353217085607],[102.68992237769956,15.153813469845698],[102.68750113285013,15.154165778252418],[102.68418348482808,15.153314052236853],[102.68276554597294,15.147789270911982],[102.66723446758935,15.131375263123816],[102.66609742309538,15.12279152818026],[102.66306518343119,15.118876423149239],[102.66160263491926,15.113159866997384],[102.6477883730889,15.111933589109197],[102.6438777277559,15.1089014332013],[102.62425324128348,15.107764331066251],[102.61887550907144,15.111933626182903],[102.61591913287646,15.113066236669031],[102.61041661989559,15.108803354079768],[102.60637664080764,15.11193358679117],[102.5967227449686,15.113208873674761],[102.59526462345602,15.118876404955039],[102.59223239570183,15.122791528421725],[102.5910997643755,15.127210443271245],[102.58275236995753,15.136579080488726],[102.57916721902964,15.137502054126545],[102.57570695925368,15.136614759875503],[102.57443167359524,15.126956352556885],[102.57139946804959,15.12304568374566],[102.5702668661924,15.118622247267883],[102.56723468273043,15.114711596796765],[102.5660975688515,15.10342115098452],[102.57036493409986,15.0979186118602],[102.56723468273043,15.09387869766727],[102.5660975688515,15.089455274598148],[102.56306540764928,15.085544616802794],[102.56193280023003,15.072791596188951],[102.55890057367414,15.068876541622817],[102.55833428907354,15.066664790080592]]]},"id":"00090000000000002921","properties":{"HYBAS_ID":4121110680,"NEXT_DOWN":4121582420,"ORDER":5,"SUB_AREA":143.0,"UP_AREA":143.0}},{"type":"Feature","geometry":{"type":"Polygon","coordinates":[[[102.40416536736028,15.524997978922457],[102.40515974870891,15.521524288324803],[102.42299163820026,15.52021780840297],[102.42700485895625,15.517283698167127],[102.4491889249805,15.51597723304129],[102.45086106138864,15.504499509584916],[102.45617187815373,15.500615644336085],[102.46049270358853,15.49938039029889],[102.47700476411123,15.48395191400435],[102.4815931462309,15.48297982770712],[102.48507576446768,15.479519630677514],[102.49825685038724,15.478815062707785],[102.50174382774509,15.475354809885575],[102.5124991910324,15.474998111411255],[102.51581681582775,15.475849740933896],[102.51666846706692,15.479167292869501],[102.52499810954535,15.479167284223593],[102.52443172962035,15.493877873109007],[102.52043642814077,15.499032580340382],[102.51445677756494,15.500566552454199],[102.50776814520698,15.507116951423509],[102.51581681582775,15.5091859870889],[102.51723480858546,15.514710824353417],[102.52026698450719,15.518621417391067],[102.52139961843633,15.536283928609693],[102.51315915510177,15.538397609116323],[102.51193287295824,15.552211876573285],[102.50890074290389,15.556122484943248],[102.50776814520698,15.58137881160008],[102.4951889444251,15.59493004388147],[102.48834875614865,15.596682470375187],[102.48693068445918,15.602211771437153],[102.48389851840405,15.6061223994257],[102.48333225469182,15.608334140108155],[102.4769556826154,15.607767765955499],[102.47180101850344,15.603772450180617],[102.47026706129068,15.597788295658638],[102.46723490147725,15.593877737262803],[102.46581691771941,15.588352838079766],[102.45904348768552,15.586613854765131],[102.45776818948043,15.576955441225456],[102.44640196909198,15.564710680079118],[102.44583116894667,15.54583531666387],[102.4416664090336,15.545835320390383],[102.43945468868547,15.545264617925076],[102.42721001870856,15.533902806945822],[102.42279103336708,15.532765686899253],[102.4188758998861,15.529733497623969],[102.40506610704243,15.528507302814534],[102.40416536736028,15.524997978922457]]]},"id":"00090000000000002922","properties":{"HYBAS_ID":4121106930,"NEXT_DOWN":4121106970,"ORDER":5,"SUB_AREA":93.4,"UP_AREA":413.5}},{"type":"Feature","geometry":{"type":"Polygon","coordinates":[[[102.25355031410166,15.54446643365294],[102.25485237052261,15.521644689028841],[102.26612943659107,15.5200037366995],[102.27438321616495,15.510492480588818],[102.27561835792528,15.506171654636686],[102.27854797726751,15.502158472853235],[102.2797831652903,15.497842042789046],[102.29521609264438,15.481325531604769],[102.2967590225833,15.475925526037324],[102.30215892143498,15.474382750241029],[102.30624793465151,15.471395145940559],[102.31203137196499,15.475617865453039],[102.36565651667006,15.474360426965655],[102.36728415157744,15.46867509086003],[102.37438301998267,15.460492627302195],[102.37610422392356,15.45446393421908],[102.38676148449983,15.445215708525584],[102.39382468791938,15.446450915987832],[102.39783792180222,15.449380565954288],[102.40215879489845,15.450615669506421],[102.40617197548947,15.453549763306818],[102.4146621147868,15.454784995295011],[102.418675302352,15.457714633558012],[102.42299163820026,15.45894978540424],[102.42700485895627,15.461883862273057],[102.431325710314,15.463119056792497],[102.43533896411049,15.466048618316071],[102.44799385717816,15.467283852275818],[102.45208283776888,15.47027142917433],[102.45617187815373,15.46728386257584],[102.47083334752433,15.466668459559259],[102.47826671700032,15.467328447973493],[102.47916743305284,15.47083326482859],[102.48359981219534,15.471970367606016],[102.4797337635583,15.476955639005434],[102.47916743305284,15.48333213234697],[102.47700476411123,15.48395191400435],[102.46049270358853,15.49938039029889],[102.45617187815373,15.500615644336085],[102.45086106138864,15.504499509584916],[102.4491889249805,15.51597723304129],[102.42700485895625,15.517283698167127],[102.42299163820026,15.52021780840297],[102.40515974870891,15.521524288324803],[102.40416536736028,15.524997978922457],[102.38945474083229,15.525568770694646],[102.37721007048468,15.536930516160915],[102.36862188548844,15.53806758569916],[102.36471125461405,15.541099768916661],[102.35612297591726,15.542232365639746],[102.3522123432968,15.545264543599187],[102.33454981972599,15.546401668596117],[102.33243622898758,15.538170145267719],[102.31989723308348,15.536930506176793],[102.31054204465649,15.545264596580843],[102.30612310174111,15.546401675869859],[102.30221246925188,15.549433816637665],[102.28258800045275,15.55056648202992],[102.2772102726715,15.546401678764871],[102.27008464907841,15.545264587965837],[102.26471145578192,15.549433822558846],[102.25833487027522,15.550000157847768],[102.25833487027522,15.545835332120273],[102.25355031410166,15.54446643365294]]]},"id":"00090000000000002924","properties":{"HYBAS_ID":4121107030,"NEXT_DOWN":4121107040,"ORDER":5,"SUB_AREA":155.2,"UP_AREA":155.3}},{"type":"Feature","geometry":{"type":"Polygon","coordinates":[[[102.48333225469182,15.72916679627601],[102.4916662920552,15.729166794002097],[102.49498383693873,15.728315122224139],[102.4958355079368,15.725002031535013],[102.50242613196966,15.725354296868947],[102.50590868601401,15.728814556169743],[102.51882663622725,15.729782217476728],[102.52700466272233,15.736881037353172],[102.5313255452824,15.738116225060349],[102.53533873328074,15.74105032435093],[102.55752277693374,15.74235680668836],[102.55894969032703,15.752157978237591],[102.56747100279408,15.761762841886133],[102.58252941674878,15.763234377796756],[102.58395182358254,15.772995362852079],[102.58688146070398,15.777008501498225],[102.58811668750286,15.793828210632746],[102.5910507215937,15.797841445444918],[102.59166612243833,15.799999649780311],[102.59583538094314,15.799999649169093],[102.59618762826304,15.802425363269984],[102.59964788906892,15.805907990577206],[102.60035240802587,15.814924264489417],[102.60798196466693,15.822576065345569],[102.6086864468085,15.856590087321091],[102.61214673125652,15.860077080948516],[102.61285123875034,15.864924203073347],[102.62048083105284,15.872575966232311],[102.62118530164389,15.894091103297196],[102.6246456091309,15.897573687415617],[102.62535457275484,15.901711749063232],[102.62118530164389,15.905907751589808],[102.61995462707766,15.91176257678012],[102.61175431814968,15.913069080506073],[102.60513254765712,15.907936683612615],[102.60325530964816,15.900623694736394],[102.5811248039304,15.899433124658849],[102.57304484710947,15.892236154476318],[102.56732828257906,15.890769099256607],[102.5660975688515,15.876954776954522],[102.56306540764928,15.87304414693472],[102.56193280023003,15.86445595930832],[102.55741570223496,15.859038188824039],[102.54778849229358,15.85776730447751],[102.54387790395829,15.854735127640295],[102.53528971425857,15.853598082112352],[102.53013495585122,15.849602696823686],[102.52826655540785,15.842329873924392],[102.51445677756494,15.841099195341906],[102.51054163800701,15.838067036319044],[102.50833444265268,15.837500718367014],[102.50798211447305,15.830910149179486],[102.5038128926431,15.8267141660445],[102.5045218999021,15.818406817176205],[102.50798211447305,15.814924227309366],[102.50868668440464,15.810077184853286],[102.51248580100385,15.806251331131575],[102.50035262932268,15.794091343332056],[102.49964811078397,15.785075064001859],[102.49618779865118,15.781592511741247],[102.49547884313498,15.776740977219557],[102.49131401529999,15.772544929681166],[102.49201856989822,15.768406882253274],[102.49581774467323,15.764585506596767],[102.49201856989822,15.760759571628022],[102.4916662920552,15.758333801273844],[102.48924053951647,15.757981570803395],[102.4836889690046,15.75245226581302],[102.48333225469182,15.72916679627601]]]},"id":"00090000000000002925","properties":{"HYBAS_ID":4121579950,"NEXT_DOWN":4121580060,"ORDER":5,"SUB_AREA":156.1,"UP_AREA":156.1}},{"type":"Feature","geometry":{"type":"Polygon","coordinates":[[[102.29964849236762,15.343383255876502],[102.30035744110376,15.335044756610985],[102.30590907783204,15.329519925905196],[102.32745093779984,15.328810940458204],[102.3329802417074,15.323259305086092],[102.33368477094342,15.318407834387584],[102.33785401807872,15.314211826448187],[102.33714509355667,15.310073758633614],[102.33368477094342,15.306591180778684],[102.33333254946017,15.291666577535173],[102.33389884805003,15.289454844990017],[102.33767567241412,15.284581039937141],[102.3424112349831,15.282766212112415],[102.34791820673682,15.287029164860288],[102.35195820539674,15.28389881662442],[102.36054197033847,15.282766234555055],[102.36445708842011,15.27973405804454],[102.37157824211901,15.278601395390133],[102.37709416194066,15.282873279064374],[102.38528995938078,15.275569213430309],[102.40907930353727,15.274432190836315],[102.41445697779211,15.27860139129119],[102.44241552450775,15.279734055745879],[102.44778874726758,15.275569249674158],[102.46128646919914,15.274432151150133],[102.46249934745985,15.279167765018332],[102.46306559501981,15.285544234794113],[102.46706098777945,15.290698980773913],[102.47304506651273,15.292232886985389],[102.47843609831935,15.296732151139093],[102.4797337635583,15.305155388815818],[102.46723490147725,15.318621871912665],[102.46581691771941,15.324151142323009],[102.46249934745985,15.324998340982425],[102.46214707344289,15.331588953611348],[102.4586867631432,15.335075940569054],[102.45797777862711,15.33992296025745],[102.45452196889757,15.343410016951397],[102.45381301037496,15.364925119162189],[102.45001383786499,15.36875110320335],[102.45797777862711,15.376741750182225],[102.4586867631432,15.380879803868584],[102.45452196889757,15.385075855109243],[102.45416525855347,15.3875015946789],[102.45174397894142,15.387853868417432],[102.44618794056736,15.393378651991476],[102.44547894663057,15.406590974350397],[102.44201861951056,15.410073537331627],[102.4416664090336,15.41249930640457],[102.43524975776984,15.411968686737394],[102.43141491356465,15.408860691220555],[102.41858610914251,15.407803897386842],[102.41474675795193,15.404695898037835],[102.40608725131403,15.40363904172734],[102.40224797513928,15.40053107166989],[102.39775320388306,15.399469853794495],[102.38557983947943,15.38802774722418],[102.3810850334941,15.386970943609072],[102.37308096780816,15.379698124709172],[102.3698926818948,15.378636925010365],[102.36349837661382,15.38381388438187],[102.35910609707736,15.382445010600792],[102.35833472372269,15.379167538742006],[102.3559089437582,15.378815246519205],[102.3524263684054,15.37535499474578],[102.34828393209192,15.374645956873422],[102.33958418674318,15.383318945954944],[102.33575827785225,15.379519777039244],[102.31840788825961,15.378815231674336],[102.31075607745012,15.371185744199876],[102.30833482264993,15.370833429327924],[102.30797805105414,15.351744071053323],[102.29964849236762,15.343383255876502]]]},"id":"00090000000000002927","properties":{"HYBAS_ID":4121582250,"NEXT_DOWN":4121107680,"ORDER":5,"SUB_AREA":190.8,"UP_AREA":190.9}},{"type":"Feature","geometry":{"type":"Polygon","coordinates":[[[102.59166612243833,14.941667326538603],[102.59804259332964,14.941100948669472],[102.60195773584535,14.938068772069004],[102.60637664080764,14.936931752730171],[102.61028733557724,14.933899527304286],[102.61471076320694,14.932766918817464],[102.61969603728673,14.92890083537717],[102.62205043453054,14.938068831205687],[102.6397084043918,14.93693169253164],[102.64362355306802,14.933899519519047],[102.64804246926498,14.932766929351109],[102.65342015076092,14.928597691537139],[102.66471063818238,14.92973469422601],[102.6686212825382,14.932766934718263],[102.67720947409437,14.93389949961554],[102.6852894154632,14.941100998093711],[102.69387760623862,14.942233632555014],[102.70612227243267,14.95359988291279],[102.71471050212746,14.954732496075701],[102.71862115391421,14.957764677280748],[102.72827954780182,14.959039913929272],[102.73013451333154,14.966272631318414],[102.73528930736708,14.970267938606305],[102.74583502849612,14.970834248983333],[102.74618729082412,14.977424851501485],[102.75381235805075,14.985076595564164],[102.75452140416093,14.998257764176838],[102.76631122544678,15.010074395959021],[102.76702025903236,15.019090639269104],[102.7749841986828,15.027081360487855],[102.77118499642232,15.030907321668307],[102.770480498789,15.035049744161322],[102.77881457508734,15.043410589315712],[102.77951912244008,15.0683815316947],[102.77535426649754,15.07257755759797],[102.77500200471607,15.079168166992325],[102.77083274708005,15.079168156042204],[102.77083274708005,15.074998881918752],[102.76445621587771,15.075565154439317],[102.76040739704878,15.078704384174639],[102.75221160458823,15.071400376810843],[102.74778813776486,15.070267749840555],[102.72304457509526,15.0464026380515],[102.71862115391421,15.045265547549212],[102.69672253644858,15.024303326032461],[102.69494777783582,15.017373905010688],[102.6852894154632,15.016098595044824],[102.68013463049904,15.012103270252755],[102.67860070215056,15.006123570570374],[102.67139925615065,14.998043709405781],[102.66993222123646,14.992327176978055],[102.65612240382097,14.991100871906276],[102.65221174109602,14.988068711041777],[102.62279065562441,14.986931615252578],[102.61471076320694,14.979734617955867],[102.60758509864792,14.978597557916824],[102.60221190676567,14.982766804529655],[102.59583538094314,14.983333122052318],[102.59583538094314,14.950001351626772],[102.5923260158454,14.949100646428773],[102.59166612243833,14.941667326538603]]]},"id":"0009000000000000292b","properties":{"HYBAS_ID":4121111550,"NEXT_DOWN":4121110690,"ORDER":5,"SUB_AREA":146.6,"UP_AREA":146.6}},{"type":"Feature","geometry":{"type":"Polygon","coordinates":[[[102.25833487027522,15.550000157847768],[102.26471145578192,15.549433822558846],[102.27008464907841,15.545264587965837],[102.2772102726715,15.546401678764871],[102.28258800045275,15.55056648202992],[102.30221246925188,15.549433816637665],[102.30612310174111,15.546401675869859],[102.31054204465649,15.545264596580843],[102.31989723308348,15.536930506176793],[102.33243622898758,15.538170145267719],[102.33454981972599,15.546401668596117],[102.3522123432968,15.545264543599187],[102.35612297591726,15.542232365639746],[102.36471125461405,15.541099768916661],[102.36862188548844,15.53806758569916],[102.37721007048468,15.536930516160915],[102.38945474083229,15.525568770694646],[102.40416536736028,15.524997978922457],[102.40506610704243,15.528507302814534],[102.4188758998861,15.529733497623969],[102.42279103336708,15.532765686899253],[102.42721001870856,15.533902806945822],[102.43945468868547,15.545264617925076],[102.4416664090336,15.545835320390383],[102.44583116894667,15.54583531666387],[102.44640196909198,15.564710680079118],[102.45776818948043,15.576955441225456],[102.45904348768552,15.586613854765131],[102.46581691771941,15.588352838079766],[102.46723490147725,15.593877737262803],[102.47026706129068,15.597788295658638],[102.47180101850344,15.603772450180617],[102.4769556826154,15.607767765955499],[102.48333225469182,15.608334140108155],[102.48276590629946,15.62720944305568],[102.4797337635583,15.631124537668779],[102.47828010301482,15.636792074883507],[102.46755596015919,15.638210071002291],[102.46581691771941,15.644983455898634],[102.46028757110261,15.64640143833812],[102.450919053484,15.654748928213916],[102.44914877721556,15.66164709007907],[102.44583116894667,15.66249881968045],[102.44547448591295,15.660046288332689],[102.4357580599372,15.650352239722721],[102.42254574328503,15.649643209535613],[102.41702095465386,15.64409167172986],[102.41631196839924,15.63091055949146],[102.41285165813258,15.627423515705624],[102.41214269802988,15.62254526620253],[102.40659113813476,15.617020446392058],[102.39754355134943,15.616311399502404],[102.39201876178686,15.610759825808264],[102.3909307789124,15.600802654793343],[102.380139729171,15.599233043337806],[102.37779870591376,15.591050620130158],[102.36450612112459,15.592285768840428],[102.36049293936436,15.59521539209743],[102.33950842576795,15.596450585874672],[102.33541496257229,15.599438203939682],[102.33132593047422,15.596450601413425],[102.32700507192311,15.595215419207229],[102.32299183479897,15.592285789630562],[102.30913747555114,15.590930219337741],[102.29645129090883,15.577160544626926],[102.29482817979918,15.571479648354979],[102.27083375556731,15.57083302662714],[102.26986615335986,15.567060660163895],[102.26471145578192,15.563065298963894],[102.25899483127486,15.561598313112992],[102.25833487027522,15.550000157847768]]]},"id":"0009000000000000292c","properties":{"HYBAS_ID":4121581210,"NEXT_DOWN":4121106930,"ORDER":5,"SUB_AREA":160.4,"UP_AREA":319.8}},{"type":"Feature","geometry":{"type":"Polygon","coordinates":[[[102.44964821992058,15.144119407691472],[102.45797777862711,15.135758598922626],[102.4586867631432,15.130907077369704],[102.46214707344289,15.127424485637892],[102.46285153509002,15.11424343795476],[102.46631179720397,15.110756367934416],[102.46702083369887,15.102453579935897],[102.46285153509002,15.098257580475128],[102.46214707344289,15.073286577968764],[102.46631179720397,15.06909059518408],[102.46702083369887,15.06078325290788],[102.4586867631432,15.052422396751474],[102.45797777862711,15.047575377500461],[102.45418310279125,15.043749500793218],[102.45797777862711,15.03992355987251],[102.45833450094356,15.0291682512346],[102.46466200317734,15.028548445610367],[102.46867512357045,15.025618789725915],[102.47837371766998,15.024205247161909],[102.47993438154387,15.013472162234327],[102.48738558194637,15.011340744793939],[102.49105090219874,15.00632872572068],[102.49228606028358,15.002007873613389],[102.49521572042961,14.99799463724592],[102.49645092359752,14.989504485241275],[102.49938051563788,14.985495789131221],[102.50061567636023,14.977005661174788],[102.5035497507328,14.972992503664077],[102.50478495654083,14.947838671512619],[102.50771458731839,14.94382545103059],[102.50905231686693,14.930153845857769],[102.51636967512826,14.928058138192332],[102.52438271526309,14.918827803263449],[102.5256178834621,14.914506888113625],[102.52854752251561,14.910493740299545],[102.52978264808725,14.90617285987177],[102.53688153017583,14.897994835155753],[102.538362021964,14.887832539285707],[102.54367279674658,14.883948654597],[102.54583541379934,14.88333335843019],[102.54583541379934,14.879168501775228],[102.55242602681511,14.87952082946476],[102.55590852480213,14.882981018216745],[102.5607556392919,14.88368556299959],[102.56424259221865,14.887145856564015],[102.57325893812481,14.887854832209616],[102.57881047016602,14.89337972384644],[102.57951950304818,14.910756824735456],[102.58714453093975,14.91840858270451],[102.58785352747717,14.935758959020772],[102.5913138013314,14.93924153258663],[102.5923260158454,14.949100646428773],[102.59583538094314,14.950001351626772],[102.59583538094314,14.983333122052318],[102.5925801655795,14.984100078704023],[102.59113549555823,14.988438780442195],[102.5953047349074,14.993584556166601],[102.59583538094314,14.99583195204304],[102.58945439042088,14.996402747639712],[102.57720966736662,15.007764541335058],[102.57168483118627,15.009182515222014],[102.57083320950932,15.012500135052036],[102.57048086448388,15.039923564033913],[102.56702060291367,15.043410628185017],[102.56631164695173,15.04825763546166],[102.56285133558731,15.051740222987902],[102.56214687058302,15.056591676958833],[102.55868659691413,15.060074246093638],[102.55833428907354,15.066664790080592],[102.54674068912755,15.067289115707267],[102.54526464141712,15.073045774110692],[102.53806772532084,15.081121208857178],[102.5366497372949,15.086650534719459],[102.53112483705168,15.088068502965262],[102.52175181289479,15.09641588933622],[102.52026698450719,15.10220828337758],[102.51723480858546,15.106123424719945],[102.51609766486787,15.110542398457605],[102.50890074290389,15.118622274106631],[102.50776814520698,15.127210492834472],[102.5037727256146,15.13236519672939],[102.49778860875195,15.133899119275503],[102.48970874607596,15.14110062322709],[102.4811249730035,15.14223322495273],[102.47720992674257,15.145265338333779],[102.47279091917217,15.14640243747979],[102.46737312281505,15.150919551317994],[102.46609781864393,15.160542227386255],[102.46210245972672,15.165697020362954],[102.45833450094356,15.166664595019757],[102.45833450094356,15.16249977526478],[102.45590875879525,15.162147576073881],[102.4503571524375,15.156622730954648],[102.44964821992058,15.144119407691472]]]},"id":"0009000000000000292d","properties":{"HYBAS_ID":4121110570,"NEXT_DOWN":4121582510,"ORDER":5,"SUB_AREA":239.8,"UP_AREA":239.8}},{"type":"Feature","geometry":{"type":"Polygon","coordinates":[[[102.25359938542506,15.625746874992792],[102.2547899392227,15.605154759942948],[102.26028795755921,15.600566376850333],[102.26600456133777,15.599099271003547],[102.26666448061229,15.591665959719771],[102.26702120716718,15.576741358936612],[102.27048147053904,15.57325886497255],[102.27083375556731,15.57083302662714],[102.29482817979918,15.571479648354979],[102.29645129090883,15.577160544626926],[102.30913747555114,15.590930219337741],[102.32299183479897,15.592285789630562],[102.32700507192311,15.595215419207229],[102.33132593047422,15.596450601413425],[102.33541496257229,15.599438203939682],[102.33950842576795,15.596450585874672],[102.36049293936436,15.59521539209743],[102.36450612112459,15.592285768840428],[102.37779870591376,15.591050620130158],[102.380139729171,15.599233043337806],[102.3909307789124,15.600802654793343],[102.39201876178686,15.610759825808264],[102.39754355134943,15.616311399502404],[102.40659113813476,15.617020446392058],[102.41214269802988,15.62254526620253],[102.41285165813258,15.627423515705624],[102.41631196839924,15.63091055949146],[102.41702095465386,15.64409167172986],[102.42254574328503,15.649643209535613],[102.4357580599372,15.650352239722721],[102.44547448591295,15.660046288332689],[102.44583116894667,15.66249881968045],[102.4425181182907,15.663350518172644],[102.4411000932646,15.668875365383991],[102.43806792495259,15.672790407012767],[102.43750162715915,15.68333172188333],[102.41007364071889,15.683688445581303],[102.40659113813476,15.687148725430003],[102.40174402027306,15.687853276262999],[102.39825705349625,15.691313527217142],[102.36495204877038,15.692018078686207],[102.35659115630129,15.68368844606534],[102.34757485419752,15.682979427874],[102.34409236282966,15.679519212758287],[102.32745093779984,15.678814634411465],[102.31909013450418,15.687148740236017],[102.31666887374276,15.687500996899264],[102.31631216288227,15.685075205240043],[102.31285187330049,15.681592721011981],[102.31214730061033,15.676741186932485],[102.3086870527291,15.673258580798676],[102.30797805105414,15.668407087288474],[102.30451784507491,15.66492453526913],[102.30381323763984,15.65588147357317],[102.29409245058933,15.646187431200227],[102.28090683760955,15.64547840905069],[102.26909024377893,15.633688586953053],[102.25833487027522,15.633331797018274],[102.25776415299937,15.631124581857287],[102.25359938542506,15.625746874992792]]]},"id":"0009000000000000292f","properties":{"HYBAS_ID":4121580860,"NEXT_DOWN":4121581210,"ORDER":5,"SUB_AREA":159.6,"UP_AREA":159.6}},{"type":"Feature","geometry":{"type":"Polygon","coordinates":[[[102.16666468998706,15.454165158929886],[102.16732907610002,15.446731814540993],[102.17460190217453,15.444863472489994],[102.17859729287129,15.43970875736174],[102.1797343348427,15.422790924962843],[102.18276656243387,15.41887582660947],[102.1838991099794,15.414456843857653],[102.19943466078963,15.398042945206358],[102.20056729255788,15.38945469517308],[102.20776420096212,15.3813792530737],[102.20918223783586,15.375849954949606],[102.21627217187326,15.374030617691117],[102.22026759033038,15.36887592139617],[102.22147149019439,15.350905764647802],[102.22831621397641,15.349148877368272],[102.22916796048015,15.345831288229757],[102.22973425288568,15.339454779560594],[102.23693122904061,15.331379334534589],[102.2382065499152,15.321720931374161],[102.24543917528423,15.319865971715759],[102.24943451232959,15.314711197322373],[102.25056713276793,15.310287752538141],[102.26193344302922,15.29804308837924],[102.26371701126688,15.291100240972735],[102.2772102726715,15.292232869964995],[102.28258800045275,15.296402187955794],[102.2868151686451,15.294779024792552],[102.28820644246308,15.284219921567466],[102.2954390929165,15.28236488509467],[102.29943448088235,15.277210204233208],[102.30056708673901,15.268621929556945],[102.30776402358734,15.260542094982885],[102.30833482264994,15.258334787591457],[102.31249963008058,15.258334778351339],[102.3133513232429,15.261647936073908],[102.3201737517442,15.263400314750802],[102.32139996517006,15.277210157503138],[102.32443213812996,15.281120785949993],[102.32596612307924,15.287104883803682],[102.3311208580498,15.291100315421192],[102.33333254946017,15.291666577535173],[102.33368477094342,15.306591180778684],[102.33714509355667,15.310073758633614],[102.33785401807872,15.314211826448187],[102.33368477094342,15.318407834387584],[102.3329802417074,15.323259305086092],[102.32745093779984,15.328810940458204],[102.30590907783204,15.329519925905196],[102.30035744110376,15.335044756610985],[102.29964849236762,15.343383255876502],[102.30797805105414,15.351744071053323],[102.30833482264993,15.370833429327924],[102.30200736290827,15.371448787352527],[102.29669656774671,15.375332706487235],[102.29521609264438,15.38549498498693],[102.28811726556091,15.39367296960259],[102.28688207236824,15.402158619729663],[102.28395240823359,15.406171828727743],[102.28271726125858,15.414662011579507],[102.27470424865054,15.423892327778026],[102.2675919720382,15.425925681568257],[102.26604918457649,15.43132566997515],[102.25895029819162,15.43950804386896],[102.25771507983335,15.443828968465896],[102.25405421301288,15.44884102210288],[102.24783819375578,15.45061572163278],[102.24382501616327,15.453549791823152],[102.23950860063869,15.454784940184041],[102.23549537570662,15.457714564317603],[102.22163646879366,15.459070171784495],[102.22021408203454,15.468826683954026],[102.21311961791113,15.477004690871016],[102.21188447464836,15.485494772899752],[102.20895033383934,15.489508025737143],[102.20740749079555,15.49490792901552],[102.20416573167063,15.495835409740323],[102.18924114989639,15.495478708282961],[102.18575855861984,15.492018440608254],[102.18112112138964,15.491099894520122],[102.17625178285621,15.48732302568207],[102.17443245684395,15.482587445314412],[102.17859729287129,15.477209744272347],[102.1797343348427,15.46788132477588],[102.17279150314995,15.46609774637353],[102.16732462648825,15.461540517167634],[102.16666468998706,15.454165158929886]]]},"id":"00090000000000002931","properties":{"HYBAS_ID":4121109380,"NEXT_DOWN":4121109630,"ORDER":5,"SUB_AREA":193.8,"UP_AREA":193.9}},{"type":"Feature","geometry":{"type":"Polygon","coordinates":[[[102.80416451750877,14.95833543579746],[102.80452125294812,14.955909689610262],[102.80798153713589,14.952422627934302],[102.80833380936369,14.945832084348227],[102.81249859747416,14.94583208432003],[102.8128553579855,14.935076747925564],[102.81631114708075,14.931589711379944],[102.81666783130825,14.920834372175745],[102.82419925175822,14.921570120466743],[102.8256173146658,14.931326608528574],[102.82854694932746,14.935339824186274],[102.82978209475836,14.939660732133765],[102.83271613215146,14.943673904995693],[102.83333148709558,14.962500207647288],[102.82916675818022,14.962500218276924],[102.82831501545665,14.959182632106595],[102.82500191189607,14.958335382781746],[102.8242349663774,14.961586098540248],[102.8198918139701,14.963030810697562],[102.81475043586025,14.95886162556587],[102.80416451750877,14.95833543579746]]]},"id":"00090000000000002933","properties":{"HYBAS_ID":4121112670,"NEXT_DOWN":4121111450,"ORDER":5,"SUB_AREA":8.5,"UP_AREA":380.1}},{"type":"Feature","geometry":{"type":"Polygon","coordinates":[[[102.56713661748888,14.81875218475427],[102.5702668661924,14.814712217514908],[102.57139946804959,14.810288763120873],[102.57443167359524,14.806378139793532],[102.57588532874493,14.800706219476774],[102.58661392484426,14.799292647937696],[102.58750130557979,14.795832386477157],[102.59409185134754,14.795480113521263],[102.59757438262358,14.792019868188161],[102.60000014801062,14.79166761698705],[102.60035687478084,14.794124541234009],[102.60661742044876,14.80035394846218],[102.61075997732299,14.799644915168116],[102.6142424850275,14.796184696242506],[102.6357576427181,14.795480131810228],[102.64411849767309,14.787146085853246],[102.64825652381943,14.787855035013168],[102.65245252827233,14.792019825108616],[102.65659058809358,14.791315284163689],[102.66041648563645,14.78751616986847],[102.6642424212596,14.791315351682027],[102.66908942942032,14.792019869697706],[102.67674129461463,14.799644947807003],[102.68575754157877,14.800353955548951],[102.68924010467057,14.803814136690127],[102.6940916573053,14.804518700930348],[102.7017434951827,14.812148229892161],[102.71492459128837,14.81285281317399],[102.7184071456757,14.816313060981177],[102.72325859179419,14.817022016982374],[102.7392400165742,14.832981145828352],[102.7499998065532,14.833333472773743],[102.7508515118167,14.83665100400354],[102.75637634509913,14.838069024499461],[102.76445621587771,14.845265983850977],[102.76666793441345,14.845832327690013],[102.76731004835493,14.84796818099022],[102.77852475752533,14.860364515747827],[102.77980894244114,14.864636280005836],[102.78268954979009,14.868698525141541],[102.78397816601691,14.87297033526451],[102.78685878723861,14.877032618893736],[102.78834368812807,14.886784685449767],[102.81172269532405,14.888220475998391],[102.81314069697275,14.90213289009011],[102.81602580047046,14.90619956717166],[102.81666783130825,14.920834372175745],[102.81631114708075,14.931589711379944],[102.8128553579855,14.935076747925564],[102.81249859747416,14.941667253246298],[102.80833380936369,14.94166728735302],[102.80612210109737,14.94110096147356],[102.79804218878735,14.933899495399746],[102.7936232332416,14.932766961425088],[102.7897126346576,14.929734696004955],[102.78112436927395,14.928597671948125],[102.77720927191761,14.925565431802287],[102.76862103818182,14.924432843341847],[102.76471038993213,14.921400647988408],[102.76029145293747,14.920268095415144],[102.75221160458821,14.913066588105298],[102.74668231895471,14.911648652377178],[102.74526432542427,14.906123822395822],[102.7412689553022,14.900969091901272],[102.7352893073671,14.899430687183088],[102.73137862626321,14.896398460623153],[102.72695524169224,14.895265890447531],[102.72304457509526,14.892233726515926],[102.71445634846742,14.891101089651315],[102.71054574795777,14.888068870130844],[102.70612227243267,14.886931813793696],[102.69387760623862,14.875565554848627],[102.68112456924987,14.874432973279204],[102.67720947409437,14.871400736965045],[102.6686212825382,14.870268136935694],[102.66471063818238,14.86723595109178],[102.66029161468394,14.866098890922656],[102.6438777277559,14.850567857939678],[102.63945423882572,14.849430790072855],[102.63554361119134,14.846398575534677],[102.63112464486046,14.845266010676786],[102.62720956728363,14.842233759153137],[102.6186213891491,14.841101215470712],[102.61471076320694,14.838069017326216],[102.60739783371596,14.836931929485651],[102.59804259332964,14.845265945027856],[102.5784180827178,14.846398592652838],[102.5718007628988,14.841270646279588],[102.57083320950932,14.837498214915271],[102.5702668661924,14.82278761582392],[102.56713661748888,14.81875218475427]]]},"id":"00090000000000002936","properties":{"HYBAS_ID":4121113010,"NEXT_DOWN":4121112670,"ORDER":5,"SUB_AREA":181.2,"UP_AREA":181.2}},{"type":"Feature","geometry":{"type":"Polygon","coordinates":[[[102.0458319537602,15.362499396909362],[102.0461887468182,15.343409989156713],[102.04964448875324,15.339922949100519],[102.05000120722359,15.333332399528265],[102.05061659946044,15.331174266281698],[102.05355067666716,15.327161042657135],[102.05478586283789,15.31034129666634],[102.06194275912145,15.302091975285224],[102.05889270533703,15.297918228390287],[102.061880263231,15.293824775667384],[102.063218049238,15.280153145702627],[102.06990670375664,15.27824023249822],[102.07144952684204,15.272840272964217],[102.07438364476118,15.268827070459436],[102.07561880667849,15.256172173162055],[102.08271770769257,15.247994131757455],[102.08395287717879,15.24367331776537],[102.08688245053135,15.239660067924632],[102.08865716365568,15.233448592460514],[102.09367370085693,15.229783169564268],[102.09799458791221,15.228548033114734],[102.10200775978795,15.225618387439697],[102.11217004821043,15.224137929847965],[102.11604944406629,15.21882720101675],[102.11746298209417,15.209128601396074],[102.12716150291287,15.207715076920904],[102.13533955113563,15.20061620037681],[102.13966043108063,15.199381027835111],[102.14367356474926,15.19645136714378],[102.16249987027825,15.195831552966006],[102.16909043854805,15.196188360988268],[102.17257747510591,15.199648614802356],[102.17916803743249,15.200000820670654],[102.18333279111874,15.200000858561252],[102.18333279111874,15.204165640602044],[102.18685553374637,15.205070854956366],[102.18806840601857,15.221578478967452],[102.1838991099794,15.226956119935123],[102.18333279111874,15.233332646572062],[102.17158752448294,15.234054964564653],[102.17019187154997,15.250321781292735],[102.17439232050114,15.256247983108535],[102.17147610542715,15.260363655003342],[102.17019187154997,15.268800335692873],[102.15897721073635,15.281196599597564],[102.15768849942486,15.289633241591343],[102.15352375884282,15.296156868410874],[102.15768849942488,15.302029532261788],[102.15833512143102,15.304165409573216],[102.15776431068508,15.306377128638687],[102.149006668558,15.316035608732296],[102.13112123632328,15.317235079818841],[102.12304580339831,15.324432054519542],[102.12008490858636,15.325569116270422],[102.11471170577404,15.32139984582174],[102.09914945177127,15.320267300273672],[102.09232254880973,15.325961571299189],[102.09100715994941,15.34076573591071],[102.08418469097221,15.342518198449909],[102.08243228161888,15.349340575757068],[102.0686224438281,15.350566827590065],[102.05637780256146,15.361933130601935],[102.05416608907214,15.36249941192449],[102.0458319537602,15.362499396909362]]]},"id":"00090000000000002939","properties":{"HYBAS_ID":4121110140,"NEXT_DOWN":4121110180,"ORDER":5,"SUB_AREA":143.4,"UP_AREA":143.5}},{"type":"Feature","geometry":{"type":"Polygon","coordinates":[[[102.80833380936369,14.770834657458272],[102.81908918836163,14.771186965339234],[102.82257613456039,14.77464722513296],[102.83992656837293,14.775351768981285],[102.84411809131811,14.779520967578645],[102.84825613511899,14.778812023676485],[102.85174314627143,14.775351753772565],[102.85659023396354,14.7746471905048],[102.86424198161751,14.76702212465869],[102.87325833438857,14.766313175933748],[102.88161911157489,14.757979115228675],[102.88575713810202,14.758688055363855],[102.88924419033881,14.762148358064918],[102.89409121844311,14.762852888522625],[102.90174308210348,14.770477957086918],[102.91075936092557,14.7711869495432],[102.91424195890515,14.774647153013191],[102.91908894292503,14.775351717511978],[102.92674081856514,14.782981216278822],[102.93159225858594,14.783685827481683],[102.93507484494384,14.787146054606275],[102.94166543050368,14.787498352190413],[102.94166543050368,14.795832361975236],[102.93816051936828,14.79673309632634],[102.93693426810822,14.810542920317882],[102.93390211439713,14.814458093314693],[102.93276505447368,14.818877037400902],[102.92973283005811,14.82278761109256],[102.92845756905247,14.832446046374299],[102.92500169721352,14.83333343089538],[102.92279002294013,14.832767141423735],[102.91763525751249,14.82877172928604],[102.9157490845192,14.82143208883527],[102.87695492749855,14.820268255908196],[102.87304430981797,14.817236043977632],[102.87008786031267,14.816099017933439],[102.86471020318095,14.820268252813289],[102.86249850007192,14.820834603082645],[102.85590796261903,14.820477828101678],[102.84619157137604,14.810788173121084],[102.84547811463084,14.805909975721315],[102.83161926020541,14.79202432934394],[102.82674098358432,14.791315318887843],[102.81908918836163,14.783685826531121],[102.81424213646787,14.78298129797999],[102.80868608263799,14.77745198015694],[102.80833380936369,14.770834657458272]]]},"id":"0009000000000000293a","properties":{"HYBAS_ID":4121114370,"NEXT_DOWN":4121112650,"ORDER":5,"SUB_AREA":62.4,"UP_AREA":1945.7}},{"type":"Feature","geometry":{"type":"Polygon","coordinates":[[[102.00000133853639,15.216664529936274],[102.00056766226116,15.210287999770912],[102.00776461476617,15.202212520993328],[102.0092540178929,15.196415739362982],[102.01862258791903,15.188068258028498],[102.0282810010789,15.18679300696343],[102.03013596699178,15.1795602980622],[102.03529070525308,15.17556939211441],[102.04102059138897,15.174097950247667],[102.05359974567696,15.160542295426907],[102.05416608907214,15.158335032171497],[102.06471179031782,15.158901312283806],[102.06875180184025,15.16203164231488],[102.07425428003755,15.157764201744891],[102.09076190494002,15.158977141481099],[102.0926346802698,15.16627221046872],[102.09778942538368,15.170267593623663],[102.13554460983057,15.171400173247186],[102.13945527744495,15.17443239966924],[102.1438787262925,15.175569406522001],[102.14778934279899,15.178597140842152],[102.15833512143102,15.179167920091118],[102.15868739767949,15.181589254346395],[102.16214766902783,15.185076249084975],[102.16249987027825,15.195831552966006],[102.14367356474926,15.19645136714378],[102.13966043108063,15.199381027835111],[102.13533955113563,15.20061620037681],[102.12716150291287,15.207715076920904],[102.11746298209417,15.209128601396074],[102.11604944406629,15.21882720101675],[102.11217004821043,15.224137929847965],[102.10200775978795,15.225618387439697],[102.09799458791221,15.228548033114734],[102.09367370085693,15.229783169564268],[102.08865716365568,15.233448592460514],[102.08688245053135,15.239660067924632],[102.08395287717879,15.24367331776537],[102.08271770769257,15.247994131757455],[102.07561880667849,15.256172173162055],[102.07438364476118,15.268827070459436],[102.07144952684204,15.272840272964217],[102.06990670375664,15.27824023249822],[102.063218049238,15.280153145702627],[102.061880263231,15.293824775667384],[102.05889270533703,15.297918228390287],[102.06194275912145,15.302091975285224],[102.05478586283789,15.31034129666634],[102.05355067666716,15.327161042657135],[102.05061659946044,15.331174266281698],[102.05000120722359,15.333332399528265],[102.04362472593112,15.332766111226805],[102.03425172098096,15.324418681851052],[102.03276685263494,15.318621844495405],[102.02973461268509,15.314711249262265],[102.02859756642899,15.310287755507119],[102.02556535637731,15.306377176817113],[102.02443279779187,15.286752638429583],[102.02859756642899,15.281375008256392],[102.02973461268509,15.274062080024251],[102.02129353437182,15.264590961579243],[102.02453082228058,15.260417190891983],[102.02140053043972,15.256377304650567],[102.02017435140411,15.242567453804472],[102.01666501043753,15.241666693093334],[102.01250017954894,15.241666649429423],[102.01214794101585,15.239240923607994],[102.00451842152135,15.23158916333455],[102.00381391066873,15.226742099764872],[102.00035362447186,15.22325953798605],[102.00000133853639,15.216664529936274]]]},"id":"0009000000000000293b","properties":{"HYBAS_ID":4121110310,"NEXT_DOWN":4121110260,"ORDER":5,"SUB_AREA":145.1,"UP_AREA":482.0}},{"type":"Feature","geometry":{"type":"Polygon","coordinates":[[[102.76666793441345,14.67499970560057],[102.7688752212096,14.675565996965702],[102.77425292563595,14.679735262384655],[102.79909005901554,14.678549109515757],[102.80085147395633,14.67168208676944],[102.80637627699208,14.670264127821472],[102.81029137405027,14.667231902825769],[102.81249859747416,14.66666561337193],[102.82304436785613,14.66609928060688],[102.83112431529983,14.658902328919455],[102.83971251583127,14.657765240949777],[102.84362309443138,14.654733029369991],[102.8480420676077,14.65360040426202],[102.85195722042953,14.650568260929152],[102.85762475190079,14.649114588688716],[102.85890004942331,14.639456201996532],[102.8619322383331,14.6355454977807],[102.86249850007192,14.633333857481093],[102.86471020318095,14.633900093370661],[102.86986497518144,14.6378955218132],[102.87139884412966,14.643875100274714],[102.87860029406669,14.651955055312692],[102.88001830180835,14.657484310850604],[102.88664897516955,14.659183200553631],[102.88835233394462,14.66581392293564],[102.89498302975151,14.66751731768982],[102.89583472145209,14.670834877747096],[102.8952639995406,14.685545431242335],[102.89223175569698,14.689456079954468],[102.89109921671637,14.693875007137606],[102.88806699046786,14.697790131282973],[102.88693440306474,14.706378363715281],[102.8824128521641,14.711796185474336],[102.87279007932476,14.71306701148291],[102.8688750331299,14.716099188577589],[102.8509048464518,14.717303164866136],[102.84943338164992,14.723042015122452],[102.84640115943208,14.726957133082397],[102.84526405211052,14.731376112165647],[102.84223193600542,14.735291162778573],[102.84109925665469,14.760543041327871],[102.838067071076,14.764458162190259],[102.83714847889789,14.76909112188876],[102.83368822241631,14.772573687294864],[102.83333148709558,14.774999467427515],[102.82257613456039,14.77464722513296],[102.81908918836163,14.771186965339234],[102.8019572737556,14.770263862224695],[102.79680254852188,14.766268521654718],[102.79498329246034,14.759183007799473],[102.79166568076191,14.758331333585355],[102.79131345809866,14.739241974762402],[102.78785313453457,14.735759395828257],[102.78714862523431,14.726743053619359],[102.78368833579233,14.723256067624213],[102.78297937756594,14.718409055765187],[102.77951912244008,14.714926425358437],[102.77881457508734,14.710074980739714],[102.77535426649754,14.706592434604053],[102.77464527056152,14.697576083248274],[102.77118499642232,14.69408904486725],[102.770480498789,14.68924200656182],[102.76702025903236,14.685759498794484],[102.76666793441345,14.67499970560057]]]},"id":"0009000000000000293c","properties":{"HYBAS_ID":4121115100,"NEXT_DOWN":4121114370,"ORDER":5,"SUB_AREA":111.7,"UP_AREA":1305.1}},{"type":"Feature","geometry":{"type":"Polygon","coordinates":[[[102.25000082110206,14.624999779752446],[102.2524265692757,14.624647539170267],[102.2559091674951,14.621187261013727],[102.28992317725819,14.620478256212525],[102.2934101824794,14.617018013250053],[102.29825725035552,14.616313452786505],[102.30174425430089,14.612853214339975],[102.31075607745012,14.612148656880454],[102.31458200469095,14.60834502126743],[102.32257717766191,14.616313404189057],[102.3315890213824,14.61701801482493],[102.33507601731556,14.620478252130612],[102.34825710345305,14.621187269352172],[102.35174418118125,14.624647466227877],[102.36666873814205,14.624999736038939],[102.36631204287607,14.627425519552352],[102.3503529026466,14.643406914615753],[102.34964835599088,14.64825844078856],[102.3461880841775,14.651740999603659],[102.34547910692523,14.656592488725007],[102.34201887641149,14.660075041112561],[102.34131429474597,14.681590218949669],[102.33785401807872,14.685077262809868],[102.33714509355667,14.726711899802579],[102.34131429474597,14.730907917733678],[102.34201887641149,14.752423049505246],[102.34547910692523,14.75591006565541],[102.3461880841775,14.77325598715328],[102.36004702942027,14.787141617193065],[102.36492521614737,14.787855017083707],[102.37048127903132,14.793379842789214],[102.37083352975672,14.808331276491835],[102.37026721951419,14.81054300619847],[102.36723511766078,14.814458067369944],[102.36609799129847,14.827951291589754],[102.37304530493705,14.82973493670135],[102.38241384023996,14.838082387557606],[102.38389870264396,14.843879244628823],[102.38693090388153,14.847789795156288],[102.38750166898829,14.850001543621365],[102.38750166898829,14.854166354342638],[102.38333241406006,14.854166353583118],[102.38244504784956,14.857626568377837],[102.37279111989892,14.858901935626793],[102.36887606110162,14.861934103667473],[102.35612297591726,14.863066709682862],[102.34804308629982,14.870268179171212],[102.34362414722804,14.87140080854922],[102.33970905702064,14.874432922087212],[102.33258782879714,14.875565559833351],[102.32721022417711,14.871400791571396],[102.3242538138541,14.870268185520656],[102.31887608573982,14.874432941117854],[102.31445716246083,14.875565584654128],[102.31054204465649,14.878597730467293],[102.30833482264994,14.879168544863308],[102.3047675074432,14.878249979037703],[102.30356357740727,14.842581612777883],[102.30000078237254,14.841667443284198],[102.29964849236762,14.839241751392702],[102.29618819541355,14.835759192061492],[102.29547918584471,14.822573659423352],[102.28785418974853,14.814926287358473],[102.28714514588356,14.793411136032738],[102.28368488796536,14.789924105124035],[102.28298032492984,14.77674300794583],[102.27952010917892,14.773255991843378],[102.2791677966232,14.766665449991184],[102.27980997748533,14.760364676500405],[102.28269053570126,14.75630248170244],[102.28397476712287,14.752030610585258],[102.29230883185403,14.742300857958483],[102.29087741549573,14.725311664994246],[102.28546854324811,14.721476884167682],[102.27160522350894,14.720063341871453],[102.27048147053904,14.710074937210118],[102.26631220880591,14.705878920543068],[102.26702120716718,14.68924206759209],[102.27082039421592,14.685416139021857],[102.26702120716718,14.681590204588622],[102.26631220880591,14.655910243376521],[102.26285198800814,14.652423236851542],[102.26214746970464,14.643406965845783],[102.25035312843569,14.631590330296948],[102.25000082110206,14.624999779752446]]]},"id":"0009000000000000293d","properties":{"HYBAS_ID":4121113960,"NEXT_DOWN":4121583640,"ORDER":5,"SUB_AREA":224.9,"UP_AREA":225.0}},{"type":"Feature","geometry":{"type":"Polygon","coordinates":[[[102.58714453093975,14.760048074746027],[102.58785352747717,14.75174075451658],[102.5996478890689,14.73992417257554],[102.60035240802587,14.730907911001035],[102.60381270593027,14.727425343711253],[102.60452171718272,14.722573776060198],[102.60798196466693,14.719091295043716],[102.6086864468085,14.714244241710926],[102.61631156009902,14.706592430422209],[102.6166682495674,14.70416667480488],[102.6274235834377,14.704518919561343],[102.63091062187776,14.707979139153961],[102.6357576427181,14.708688202093711],[102.63958355567297,14.712487294617993],[102.6437484061286,14.708349317720906],[102.64757431939636,14.712148432397928],[102.65000007987167,14.712500663946907],[102.65065557398567,14.719871605923338],[102.65612240382097,14.724433239428398],[102.6605458257958,14.725565843789386],[102.66445641798015,14.72859803865891],[102.66998129737482,14.730016073053909],[102.67173367959639,14.736838477481747],[102.68554350577692,14.738069196936294],[102.68945414724494,14.741101416263588],[102.69498345331291,14.742519406505926],[102.69668238998378,14.74915009887625],[102.70221168718366,14.750568073380514],[102.71040749812121,14.757872038810337],[102.71458118965826,14.754634785306585],[102.71862115391421,14.757765065048876],[102.72304457509526,14.75890207334877],[102.72695524169224,14.761934302248402],[102.73554341845892,14.763066898253939],[102.74362335028485,14.7702639155202],[102.74804227586375,14.771401017944514],[102.75195736979171,14.774433197278048],[102.77304449742216,14.775565802102408],[102.77695515866246,14.778597920256471],[102.77916684823857,14.77916868249572],[102.77916684823857,14.783333520532214],[102.77674104432815,14.78368579401743],[102.77118946971505,14.78921063737371],[102.77083274708005,14.791667627357436],[102.7713991006821,14.793879326702184],[102.77453825929672,14.797923689731947],[102.76723426802751,14.806123958194705],[102.76609721812609,14.813245176144768],[102.77109588144954,14.819697538285018],[102.76445621587771,14.821400899439798],[102.75221160458821,14.832767088902308],[102.7499998065532,14.833333472773743],[102.7392400165742,14.832981145828352],[102.72325859179419,14.817022016982374],[102.7184071456757,14.816313060981177],[102.71492459128837,14.81285281317399],[102.7017434951827,14.812148229892161],[102.6940916573053,14.804518700930348],[102.68924010467057,14.803814136690127],[102.68575754157877,14.800353955548951],[102.67674129461463,14.799644947807003],[102.66908942942032,14.792019869697706],[102.6642424212596,14.791315351682027],[102.66041648563645,14.78751616986847],[102.65659058809358,14.791315284163689],[102.65245252827233,14.792019825108616],[102.64825652381943,14.787855035013168],[102.64411849767309,14.787146085853246],[102.6357576427181,14.795480131810228],[102.6142424850275,14.796184696242506],[102.61075997732299,14.799644915168116],[102.60661742044876,14.80035394846218],[102.60035687478084,14.794124541234009],[102.60000014801062,14.79166761698705],[102.59757438262358,14.792019868188161],[102.59409185134754,14.795480113521263],[102.59166612243833,14.795832426026566],[102.59201835704319,14.772573726394565],[102.59581751462336,14.768747837743337],[102.58714453093975,14.760048074746027]]]},"id":"0009000000000000293e","properties":{"HYBAS_ID":4121114950,"NEXT_DOWN":4121114320,"ORDER":5,"SUB_AREA":142.3,"UP_AREA":142.4}},{"type":"Feature","geometry":{"type":"Polygon","coordinates":[[[101.78333359619323,15.062500011377812],[101.78368586048605,15.05590947095558],[101.78714614622935,15.052422413017267],[101.7874984233071,15.041667082821212],[101.79166767569849,15.041667044727772],[101.79251936940952,15.03834950055793],[101.79804424345386,15.03693155080098],[101.8061241029237,15.02973455422645],[101.81184065369611,15.028267450675909],[101.81250059006383,15.020834169173002],[101.8188771152313,15.020267868281266],[101.82278774864577,15.017235712447544],[101.82831708046501,15.015817645918899],[101.83006498949648,15.00899522800562],[101.83749833990703,15.008335314882139],[101.8690910579519,15.007978535674706],[101.88090771143699,14.996188699153349],[101.89825805377417,14.995479678396743],[101.90590986084159,14.98785461613583],[101.91075686418192,14.987145647288845],[101.9142439393484,14.983685386077168],[101.91666516572116,14.983333131714152],[101.91887692432879,14.983899441330234],[101.93112159471666,14.995265651703265],[101.9355450604358,14.996402742312496],[101.93945564019849,14.999434928741925],[101.96887684988263,15.000567522515261],[101.97403153050395,15.004562919804112],[101.97588652016452,15.011791108135402],[101.98554493325568,15.013066438455786],[101.99069962994353,15.017061811110626],[101.99223356988831,15.023045902739916],[101.99526580059894,15.026956499258109],[101.99583209940725,15.029168201090016],[101.99526580059894,15.031375510823535],[101.99223356988831,15.035290595032302],[101.99110101313768,15.038246993707897],[101.99526580059894,15.043624602491745],[101.99639840119585,15.046581059944414],[101.99223356988831,15.051954202677596],[101.99110101313767,15.055017666695928],[101.99683987649247,15.06189803483805],[102.02991298251095,15.063066276753784],[102.03529070525308,15.05890152704278],[102.04387893785818,15.057764443809072],[102.04864571814944,15.054072304209594],[102.05056753180213,15.05907985546866],[102.04640278835734,15.064457568359362],[102.04526565395469,15.067413982318389],[102.04953301991932,15.072916510956976],[102.04640278835734,15.076956414416014],[102.0452656539547,15.098043533944267],[102.03871524998418,15.104732181339168],[102.0374979373056,15.10000104939542],[102.02701901856832,15.099367873062755],[102.0188142700162,15.092295726037854],[102.01210333409105,15.091038269858203],[102.00631539371027,15.0952030979522],[101.99960445200391,15.096465017163972],[101.99374967456039,15.092251154705934],[101.98958485869633,15.095247609513999],[101.98391292692018,15.09116759916692],[101.97155675126406,15.092429492684753],[101.9701297903732,15.111483259986096],[101.96666510207234,15.11249987266145],[101.96569749307632,15.108727486178058],[101.96054277756744,15.104732182923227],[101.95612376409571,15.103599556006564],[101.95074607925663,15.099434714773881],[101.9477897259048,15.10056739538529],[101.94374980733957,15.10369763735977],[101.93970986722519,15.100567318483096],[101.93112159471666,15.099434733592505],[101.92721097177855,15.096402568879716],[101.92278759012171,15.095265463058537],[101.91343678906779,15.086931384277545],[101.91028867414511,15.088068458971065],[101.90220878163485,15.095265509154466],[101.89778983166087,15.096402551100349],[101.89387921313373,15.099434773716025],[101.85612397747335,15.100567328068808],[101.85208405722022,15.103697685389708],[101.84804411717533,15.100567340537344],[101.84251923285058,15.099149357335756],[101.84078025098907,15.092375994919156],[101.83112182010542,15.091100690327966],[101.82304195744646,15.083899254750227],[101.8092320802237,15.08267302095875],[101.8074840817042,15.075850538137823],[101.80195479919902,15.07443253894261],[101.79804424345386,15.071400404540054],[101.79362077367124,15.070267770756885],[101.78554535216628,15.063066310217879],[101.78333359619323,15.062500011377812]]]},"id":"0009000000000000293f","properties":{"HYBAS_ID":4121111310,"NEXT_DOWN":4121110430,"ORDER":5,"SUB_AREA":237.7,"UP_AREA":237.8}},{"type":"Feature","geometry":{"type":"Polygon","coordinates":[[[102.72916695698981,14.533334037167737],[102.7295191693724,14.526743479239576],[102.73297944695962,14.523256462134869],[102.73333175845806,14.50416701085522],[102.73418343071245,14.500849478347497],[102.73750100420915,14.499997809836236],[102.7440915340395,14.500354494908613],[102.7475740763896,14.503814783311201],[102.75242558669817,14.504519274334786],[102.76840702667133,14.520478438116768],[102.77500200471607,14.520835194948582],[102.77500200471607,14.524999956832309],[102.79409143995687,14.525352273802955],[102.7975739664487,14.528812513859066],[102.80659026947784,14.529521494471398],[102.81007728714499,14.532981729159783],[102.82500191189607,14.53333403707967],[102.8243821247619,14.543826296337366],[102.82139450304356,14.547915327175035],[102.825113444088,14.553007557946762],[102.83132492569948,14.55478227405059],[102.83533808234036,14.55771642141457],[102.84504112558146,14.559125441742388],[102.84645022134602,14.568828456877513],[102.85354905246433,14.577006481272809],[102.8547842817193,14.585492150014012],[102.85771393187483,14.589505292488889],[102.85894902870382,14.602160276954136],[102.86188317004971,14.606173453388438],[102.86249850007192,14.633333857481093],[102.8619322383331,14.6355454977807],[102.85890004942331,14.639456201996532],[102.85762475190079,14.649114588688716],[102.85195722042953,14.650568260929152],[102.8480420676077,14.65360040426202],[102.84362309443138,14.654733029369991],[102.83971251583127,14.657765240949777],[102.83112431529983,14.658902328919455],[102.82304436785613,14.66609928060688],[102.81249859747416,14.66666561337193],[102.81029137405027,14.667231902825769],[102.80637627699208,14.670264127821472],[102.80085147395633,14.67168208676944],[102.79909005901554,14.678549109515757],[102.77425292563595,14.679735262384655],[102.7688752212096,14.675565996965702],[102.76666793441345,14.67499970560057],[102.76609721812609,14.668623118696829],[102.76193239722946,14.663245439341692],[102.76306949468493,14.647790269547054],[102.76609721812609,14.643875175745544],[102.76723426802752,14.639456185248626],[102.7713991006821,14.63407851451373],[102.77026648390643,14.626957320454462],[102.76306949468493,14.618877439853769],[102.76193239722946,14.614454027502573],[102.75890022019965,14.610543381067531],[102.75748225494476,14.605018569423112],[102.7541646442488,14.6041668373667],[102.75381235805075,14.60174112572073],[102.75035208134594,14.598258522870394],[102.74964762051015,14.593407066769897],[102.74618729082412,14.589924464904945],[102.74547829490558,14.58507745273247],[102.74201808782414,14.581590394812077],[102.74131350150157,14.56424007934832],[102.73785324157643,14.560757461689906],[102.73714429589722,14.53921556212867],[102.73159265815534,14.533686335943242],[102.72916695698981,14.533334037167737]]]},"id":"00090000000000002940","properties":{"HYBAS_ID":4121584650,"NEXT_DOWN":4121115100,"ORDER":5,"SUB_AREA":173.9,"UP_AREA":1193.4}},{"type":"Feature","geometry":{"type":"Polygon","coordinates":[[[102.33714509355667,14.726711899802579],[102.33785401807872,14.685077262809868],[102.34131429474597,14.681590218949669],[102.34201887641149,14.660075041112561],[102.34547910692523,14.656592488725007],[102.3461880841775,14.651740999603659],[102.34964835599088,14.64825844078856],[102.3503529026466,14.643406914615753],[102.36631204287607,14.627425519552352],[102.36666873814205,14.620835002369715],[102.36909003056404,14.621187197127753],[102.3725770559847,14.624647457572255],[102.38575817380705,14.625352042265181],[102.3892407326514,14.628812330773991],[102.42499823078863,14.629164567295655],[102.42556901345108,14.631376256168135],[102.43276600158579,14.639456200273203],[102.43389864012546,14.679913590078659],[102.4297337939223,14.685291246296343],[102.42860119703367,14.721579418404778],[102.43276600158579,14.726957103556211],[102.43389864012546,14.748044244792545],[102.43693078435521,14.75195486740404],[102.43806792495259,14.756378285177675],[102.4411000932646,14.760288852682724],[102.44223272763088,14.773786570053648],[102.43750162715915,14.774999449285259],[102.43333236316789,14.774999442176085],[102.43248063548099,14.771681882418713],[102.42570727148942,14.769947330295812],[102.42443199834285,14.760288883782076],[102.41608453060803,14.750920340421771],[102.41028768841848,14.749430983007898],[102.40637709744063,14.74639880980609],[102.40195805218283,14.745266172922275],[102.39387819210235,14.738069226612295],[102.34166662871719,14.73749841212024],[102.34131429474597,14.730907917733678],[102.33714509355667,14.726711899802579]]]},"id":"00090000000000002941","properties":{"HYBAS_ID":4121115090,"NEXT_DOWN":4121113990,"ORDER":5,"SUB_AREA":125.7,"UP_AREA":125.7}},{"type":"Feature","geometry":{"type":"Polygon","coordinates":[[[101.90000154653875,15.395831186366218],[101.90331463572429,15.394983957201804],[101.90501800074121,15.388348804506032],[101.91210356392816,15.386533997843857],[101.91609893712724,15.381379245082659],[101.9175169080163,15.375849941839274],[101.92414758657698,15.374151007191596],[101.92556557739697,15.368621780394509],[101.92859775050587,15.364711136275465],[101.92973487026869,15.360287728116608],[101.9369318603027,15.35221222746087],[101.93806889464936,15.347788818105952],[101.94526592346789,15.339708901858646],[101.9466838462682,15.334184142053399],[101.95220874378354,15.332766141648301],[101.96028858813723,15.325569100528043],[101.96581784501133,15.32415111973364],[101.96751680725184,15.317516011974176],[101.97304164679643,15.316098040170687],[101.98112149315412,15.308901028957848],[101.98554493325568,15.30776396584853],[101.9936248488181,15.300566929591707],[101.99941724681415,15.299082068463775],[102.00776461476617,15.28970904372361],[102.00890170284718,15.285290040572882],[102.01203642373844,15.281241240036726],[102.0035998664269,15.271770106326356],[102.00473246758858,15.264457140104208],[102.00890170284718,15.259079480273114],[102.00776461476617,15.25612310239491],[102.0035998664269,15.250745455791002],[102.00473246758858,15.247789038201109],[102.00776461476617,15.2438783615919],[102.00833542242259,15.241666694375706],[102.01666501043753,15.241666693093334],[102.02017435140411,15.242567453804472],[102.02140053043972,15.256377304650567],[102.02453082228058,15.260417190891983],[102.02129353437182,15.264590961579243],[102.02973461268509,15.274062080024251],[102.02859756642899,15.281375008256392],[102.02443279779187,15.286752638429583],[102.02556535637731,15.306377176817113],[102.02859756642899,15.310287755507119],[102.02973461268509,15.314711249262265],[102.03276685263494,15.318621844495405],[102.03425172098096,15.324418681851052],[102.04362472593112,15.332766111226805],[102.05000120722359,15.333332399528265],[102.04964448875324,15.339922949100519],[102.0461887468182,15.343409989156713],[102.04547969366827,15.369090000899563],[102.03334650655937,15.381249911746574],[102.04547969366827,15.393409899367581],[102.0458319537602,15.416668605332529],[102.04547969366827,15.419089845692627],[102.04201946591787,15.42257691424243],[102.04110085308281,15.435543939726502],[102.03710553139325,15.44069864986874],[102.03112140880386,15.442232602872727],[102.02721080271138,15.445264770146053],[102.02278739379389,15.446401839895639],[102.0188767410278,15.44943404629319],[102.0131601398292,15.450901049317583],[102.01250017954894,15.458334425130536],[102.01028849261287,15.45890071857378],[102.00637785748003,15.461932897216546],[101.99671948979751,15.463208172900769],[101.99583209940725,15.46666845340875],[101.99166729002225,15.46666847787748],[101.99131059011428,15.46421152919865],[101.9857589415817,15.458686694213824],[101.96840857943216,15.457982119694892],[101.96421261211864,15.45381286572185],[101.93924163723162,15.454521909573737],[101.93504559401471,15.4586866974227],[101.93090760843961,15.457982106272977],[101.92742503770214,15.454521890433242],[101.92499930156127,15.454165167002763],[101.92464700203081,15.451743871879964],[101.92118674599301,15.448256854167814],[101.92083445904959,15.441666303505624],[101.9186227468953,15.441099978798531],[101.91320490749034,15.436578493177791],[101.91193409398967,15.426955714669456],[101.90473261056802,15.418875789141612],[101.90345737233231,15.409221840431321],[101.90000154653875,15.40833452189548],[101.90000154653875,15.395831186366218]]]},"id":"00090000000000002942","properties":{"HYBAS_ID":4121109620,"NEXT_DOWN":4121110310,"ORDER":5,"SUB_AREA":216.8,"UP_AREA":216.8}},{"type":"Feature","geometry":{"type":"Polygon","coordinates":[[[101.80000172037319,15.241666680074452],[101.80035847496507,15.239209735138816],[101.80591002090756,15.23368486002387],[101.81495314774538,15.23297592389238],[101.820477981459,15.227424341136755],[101.82118693432722,15.189214302091033],[101.83090777430606,15.179520210065963],[101.83554521149748,15.178597186298996],[101.83945585352063,15.175569396123947],[101.84804411717533,15.174432362396619],[101.85195469950101,15.171400185945126],[101.85637817946643,15.17026759616027],[101.86984462333562,15.157764221536937],[101.8772110699468,15.158901305915533],[101.88112168429238,15.161933478593461],[101.88710578946524,15.163467458622772],[101.89119925838949,15.168751436475475],[101.8871861100607,15.173923981921135],[101.89288485023069,15.175199296603601],[101.89778983166087,15.171400144146531],[101.90220878163485,15.170267593311838],[101.90624878182324,15.167137282146987],[101.91028867414511,15.17026758923578],[101.91471214676034,15.171400193691635],[101.9200853199875,15.175569413017453],[101.92721097177855,15.17443237095219],[101.93112159471666,15.17140019187182],[101.93665091194914,15.169982158291273],[101.93846572770732,15.162896656784119],[101.94508751989754,15.157764271853166],[101.96887684988262,15.158901276442538],[101.97278742774,15.161933499561316],[101.97916842976576,15.162499786763695],[101.97952073455244,15.169090342588309],[101.98298096025171,15.17257739001624],[101.98368550888758,15.185045062392751],[101.97952073455244,15.189241068131066],[101.97881168424219,15.210047167698626],[101.98298096025171,15.214243203741114],[101.98333319044238,15.216664532765767],[101.9827669574579,15.223045449494021],[101.97767021104444,15.229154459167686],[101.97304164679643,15.225569301454222],[101.9573946678748,15.224432273641828],[101.9480438856696,15.232766333622708],[101.94362495269924,15.233898906766674],[101.9355450604358,15.2411003927759],[101.93112159471666,15.24223297288532],[101.921534507534,15.250928212137529],[101.920268121272,15.260542046350597],[101.91723601075077,15.26445718836235],[101.91609893712724,15.279912433091713],[101.920268121272,15.28529011911274],[101.92140079983368,15.300745291413886],[101.91723601075077,15.306123031629767],[101.91609893712724,15.31741345836823],[101.920268121272,15.322791137453224],[101.92140079983368,15.325939246305301],[101.9129597089386,15.335405883688233],[101.91619703677743,15.339584067414926],[101.91306668402723,15.34362406659307],[101.9116486852879,15.349148868509925],[101.90612388400676,15.350566875665997],[101.90220878163485,15.353599009808036],[101.89362500832478,15.354736081719942],[101.88554516277281,15.361933135507146],[101.88333340050717,15.362499370224798],[101.88389971586123,15.360287729757978],[101.8880690314633,15.354914438857644],[101.88634775051925,15.35043755783496],[101.86887702234543,15.333898713573063],[101.85926317995462,15.332632389861633],[101.85056796336575,15.323045244381131],[101.84943090722777,15.314457071083783],[101.8452660682883,15.309079385168895],[101.8463987302758,15.301958172758166],[101.84953790533372,15.297909317489715],[101.842233923741,15.28970905592947],[101.84102989298526,15.27173890337725],[101.83749833990703,15.270833705722055],[101.83749833990703,15.26666887536972],[101.8333335361339,15.266668895910007],[101.83368579373916,15.260073867060271],[101.8378550474178,15.255877864095897],[101.83714163360037,15.251708600772515],[101.82708189843162,15.24168002919938],[101.8225469335525,15.246188241314405],[101.81840889602152,15.245479256264126],[101.8149263634863,15.242018927489905],[101.80000172037319,15.241666680074452]]]},"id":"00090000000000002943","properties":{"HYBAS_ID":4121110560,"NEXT_DOWN":4121111260,"ORDER":5,"SUB_AREA":228.9,"UP_AREA":631.1}},{"type":"Feature","geometry":{"type":"Polygon","coordinates":[[[102.54166621449536,14.629164582679257],[102.5563767413861,14.62973536945579],[102.5617544523505,14.633900157304513],[102.56649000189384,14.632085305037455],[102.5702668661924,14.627211506288262],[102.572046023651,14.62026418766067],[102.58137892899694,14.62140124370742],[102.58675220271199,14.62556610728205],[102.59085455067476,14.623992012419825],[102.59166612243833,14.620834981405416],[102.60215839244208,14.62021518003745],[102.60617150991182,14.617285511545186],[102.6104923861791,14.616050358469817],[102.6145056175387,14.613116286161862],[102.62426655671445,14.611698292804403],[102.62499785654796,14.604166804177739],[102.62720956728363,14.604733189371057],[102.63112464486046,14.60776536754092],[102.63664951800264,14.60918335978049],[102.63806750867751,14.61471262960213],[102.64109971007207,14.61862326648065],[102.6425176674648,14.624148036255022],[102.64804246926498,14.62556609706532],[102.65195763581002,14.628598229821216],[102.6605458257958,14.629735349859697],[102.68112456924987,14.649431181078244],[102.69493445431893,14.650661859699609],[102.69668238998378,14.657484323415659],[102.70221168718366,14.658902275275969],[102.70612227243267,14.6619345065655],[102.71578068883093,14.663209783236203],[102.71702035370053,14.669091357732354],[102.72048061350156,14.672573944308196],[102.72083288749198,14.674999652063141],[102.71986076113922,14.678397540508541],[102.70912775246475,14.679962669445667],[102.70752690658948,14.690963257968132],[102.68950770177511,14.6922831701335],[102.68449121261304,14.695948481214012],[102.6823463379008,14.703448743754647],[102.66867473987442,14.70478200855168],[102.66466156426353,14.707716051158512],[102.65098546915937,14.709049333541055],[102.65000007987167,14.712500663946907],[102.64757431939636,14.712148432397928],[102.6437484061286,14.708349317720906],[102.63958355567297,14.712487294617993],[102.6357576427181,14.708688202093711],[102.63091062187776,14.707979139153961],[102.6274235834377,14.704518919561343],[102.6166682495674,14.70416667480488],[102.61335069450301,14.703314925609035],[102.61193274331927,14.69779008945429],[102.60323744218135,14.688203058972059],[102.59362365665288,14.686932226602956],[102.589708533834,14.683899997090878],[102.58418371179923,14.682482002634192],[102.58242687242864,14.675637335547899],[102.56445666686874,14.674433375707212],[102.56054603674075,14.67140116915342],[102.55195782632383,14.670264142443164],[102.54804271884902,14.667231874065537],[102.54166621449536,14.666665566470868],[102.54201847122648,14.63924210169989],[102.54581764277593,14.635416234180383],[102.54201847122648,14.63159027715188],[102.54166621449536,14.629164582679257]]]},"id":"00090000000000002944","properties":{"HYBAS_ID":4121116210,"NEXT_DOWN":4121115020,"ORDER":5,"SUB_AREA":128.3,"UP_AREA":359.6}},{"type":"Feature","geometry":{"type":"Polygon","coordinates":[[[102.49113568982622,14.780185411154594],[102.4921968967521,14.776916881869798],[102.5005309691975,14.767748962463552],[102.49946968478139,14.760253180019834],[102.49530488632001,14.755107402925356],[102.49674520073592,14.750768720314198],[102.50000032575653,14.750001753852981],[102.50000032575653,14.74583247137333],[102.50245728511351,14.745475774282262],[102.51214693753498,14.735759381826695],[102.5128514456148,14.714244248799528],[102.51631173723868,14.710757234988208],[102.51702073448769,14.705910143673545],[102.52048097715425,14.702423128612203],[102.52118553654893,14.697576090961402],[102.5413139588454,14.677425433906318],[102.54166621449536,14.666665566470868],[102.54804271884902,14.667231874065537],[102.55195782632383,14.670264142443164],[102.56054603674075,14.67140116915342],[102.56445666686874,14.674433375707212],[102.58242687242864,14.675637335547899],[102.58418371179923,14.682482002634192],[102.589708533834,14.683899997090878],[102.59362365665288,14.686932226602956],[102.60323744218135,14.688203058972059],[102.61193274331927,14.69779008945429],[102.61335069450301,14.703314925609035],[102.6166682495674,14.70416667480488],[102.61631156009902,14.706592430422209],[102.6086864468085,14.714244241710926],[102.60798196466693,14.719091295043716],[102.60452171718272,14.722573776060198],[102.60381270593027,14.727425343711253],[102.60035240802587,14.730907911001035],[102.5996478890689,14.73992417257554],[102.58785352747717,14.75174075451658],[102.58714453093975,14.760048074746027],[102.59581751462336,14.768747837743337],[102.59201835704319,14.772573726394565],[102.59166612243833,14.795832426026566],[102.58750130557979,14.795832386477157],[102.58661392484426,14.799292647937696],[102.57588532874493,14.800706219476774],[102.57443167359524,14.806378139793532],[102.57139946804959,14.810288763120873],[102.5702668661924,14.814712217514908],[102.56713661748888,14.81875218475427],[102.5702668661924,14.82278761582392],[102.57083320950932,14.837498214915271],[102.56007333798654,14.83785494899133],[102.5503569592514,14.847544588871965],[102.54964801846374,14.852422820429187],[102.54201847122648,14.860074659711756],[102.54166621449536,14.86666519058184],[102.5333321217226,14.866665185846706],[102.53386274469317,14.856083798888967],[102.54127824312415,14.847928053029792],[102.53802754627198,14.843914916698159],[102.53697072854298,14.835250877803048],[102.5296979193257,14.827246727270364],[102.52863671439886,14.822751967212035],[102.525528693929,14.8189126879965],[102.52447190390383,14.81025310223188],[102.52136390891954,14.806413825067187],[102.52007968656768,14.800955857066048],[102.50641695385809,14.788028952464128],[102.49688345787524,14.78686510172957],[102.49113568982622,14.780185411154594]]]},"id":"00090000000000002945","properties":{"HYBAS_ID":4121115370,"NEXT_DOWN":4121114940,"ORDER":5,"SUB_AREA":154.7,"UP_AREA":154.7}},{"type":"Feature","geometry":{"type":"Polygon","coordinates":[[[102.02499907559957,14.837498224151275],[102.02745600110772,14.837141490128158],[102.0371456172084,14.82742509226706],[102.03785461573392,14.822573631522433],[102.04964448875323,14.810757016148841],[102.05035801402283,14.805874247795098],[102.05590958769471,14.800353893543061],[102.06078785482995,14.799640500117969],[102.07048193649075,14.78992411986188],[102.07118644601711,14.768408958933824],[102.08298072926767,14.756592334955888],[102.08368976607088,14.751709575430658],[102.08924130134852,14.746184747463204],[102.0982576464245,14.745480210637645],[102.10208353243432,14.741681022328319],[102.10590946561527,14.745480209448331],[102.12742463177864,14.746184753936046],[102.13125049415227,14.749983889960134],[102.1354153469249,14.745845829683537],[102.1399547295273,14.750354044681576],[102.15242231872192,14.7496450105366],[102.16041747608703,14.74168110811362],[102.16424344452089,14.745480184437028],[102.19166687312753,14.74583245708394],[102.19223323488363,14.748044217513474],[102.20473207040887,14.761510687827103],[102.20359948311776,14.764712289070186],[102.19973339586997,14.769697572755968],[102.20416573167063,14.770834648499433],[102.20416573167063,14.774999452503241],[102.16862226306941,14.77556581052163],[102.16471160132257,14.778597927612207],[102.1602881838218,14.779735013457126],[102.15637755741926,14.782767181877926],[102.15195412714961,14.783899835517492],[102.14387872629248,14.791101314215638],[102.13945527744495,14.792233922309043],[102.13554460983057,14.795266115487001],[102.12695637272856,14.79639866463311],[102.12304580339831,14.79943086583265],[102.1186223254255,14.800567921368424],[102.11346764132384,14.804563280509198],[102.1119337274705,14.810542990076419],[102.1089015423695,14.814458065518185],[102.1074478290961,14.820125611784936],[102.09778942538368,14.821400862535345],[102.09168050244267,14.826497612201674],[102.09526560042681,14.831121670635957],[102.09583189959488,14.858331106973903],[102.0850765553432,14.85868784915351],[102.08158952061282,14.862148129861334],[102.07257769577998,14.862852640496806],[102.06909062642102,14.86631298061315],[102.05833531473291,14.866665168199525],[102.05590958769471,14.86631291475934],[102.05242253135324,14.862852663041414],[102.04362472593112,14.861934102576523],[102.03970965881996,14.858901917634881],[102.03418479689819,14.857483951525728],[102.03276685263494,14.851954620298903],[102.02556535637731,14.843879185275888],[102.02499907559957,14.837498224151275]]]},"id":"00090000000000002946","properties":{"HYBAS_ID":4121115070,"NEXT_DOWN":4121583930,"ORDER":5,"SUB_AREA":112.6,"UP_AREA":112.6}},{"type":"Feature","geometry":{"type":"Polygon","coordinates":[[[102.73334508634038,14.493750582659391],[102.74964762051015,14.477425776372764],[102.75035208134594,14.455910660400319],[102.75381235805075,14.45242364641122],[102.7541646442488,14.441668312184511],[102.75637634509913,14.442234578340772],[102.76041634281702,14.445364884785457],[102.76591882051694,14.44109749195194],[102.78137857921513,14.442234573318927],[102.78957437955009,14.449538619354659],[102.7936232332416,14.446399400303624],[102.7991480500951,14.444981436954812],[102.79999975896388,14.441668274735013],[102.79999975896388,14.437499012906947],[102.80221144071875,14.436932758510828],[102.80612210109737,14.43390056240198],[102.81054555888174,14.43276792332317],[102.83528911276422,14.408902830751014],[102.8410190409679,14.407431332082648],[102.85359811732042,14.393875611433257],[102.8548689831211,14.384252894563375],[102.8602912268104,14.379735876794623],[102.86595880299177,14.378277743166523],[102.86737674856877,14.367553542765847],[102.87441765543593,14.365747634925357],[102.88276508117528,14.356379067616766],[102.88425442786338,14.350582210822523],[102.89362305747828,14.342234764139832],[102.89999958099469,14.341668476759175],[102.90035186171013,14.34408980161154],[102.90381211762866,14.34757680522378],[102.90452109297999,14.360044441553928],[102.90035186171013,14.364240487978106],[102.89964730131388,14.369091938446548],[102.89618698993262,14.372574506178484],[102.89583472145209,14.383334332048667],[102.8952639995406,14.385546081386192],[102.89223175569698,14.389456711971311],[102.89109921671637,14.406378971948248],[102.88806699046786,14.410289580206364],[102.88693440306474,14.41470858168254],[102.87139884412966,14.431122548734448],[102.87026623894482,14.448044794153638],[102.86723410176243,14.451955412800231],[102.86603455858872,14.46985426176004],[102.86054543070246,14.474433762075007],[102.85501617937898,14.475851794080254],[102.85331724542979,14.48248242040711],[102.84778797813338,14.483900430746782],[102.8438772627886,14.486932647463435],[102.8382097707551,14.48838626258246],[102.83693451911243,14.49804474180452],[102.83380423841412,14.50208462213176],[102.838067071076,14.507587166445495],[102.83693451911243,14.510543569847108],[102.83306847775461,14.515528854271599],[102.83750074986666,14.516665874370641],[102.83714847889789,14.519091692668956],[102.83368822241631,14.522574231301679],[102.83297922847073,14.527425717905698],[102.82745889117054,14.532977305503978],[102.82500191189607,14.53333403707967],[102.81007728714499,14.532981729159783],[102.80659026947784,14.529521494471398],[102.7975739664487,14.528812513859066],[102.79409143995687,14.525352273802955],[102.77500200471607,14.524999956832309],[102.77500200471607,14.520835194948582],[102.76840702667133,14.520478438116768],[102.75242558669817,14.504519274334786],[102.7475740763896,14.503814783311201],[102.7440915340395,14.500354494908613],[102.73750100420915,14.499997809836236],[102.73714868021109,14.497576535081949],[102.73334508634038,14.493750582659391]]]},"id":"00090000000000002947","properties":{"HYBAS_ID":4121585210,"NEXT_DOWN":4121584650,"ORDER":5,"SUB_AREA":150.3,"UP_AREA":1019.3}},{"type":"Feature","geometry":{"type":"Polygon","coordinates":[[[102.16249987027825,14.691667829839973],[102.1628521599031,14.680908009068403],[102.17048171499206,14.673256126845688],[102.1708339429862,14.670834907109382],[102.17048171499206,14.668409082813328],[102.1670214425818,14.66492656234916],[102.16666468998704,14.66250077187328],[102.1708339429862,14.6625007824564],[102.17180155059789,14.65872837084521],[102.17841894125718,14.653600469788014],[102.18137530495214,14.654733031472249],[102.18675300001007,14.658902338655079],[102.19131911623576,14.657149888605135],[102.19943466078963,14.648044372049528],[102.20070998508808,14.638385979690684],[102.2063774279335,14.63693234723505],[102.21445733441894,14.629735339367706],[102.25000082110206,14.629164584945915],[102.25035312843569,14.631590330296948],[102.26214746970464,14.643406965845783],[102.26285198800814,14.652423236851542],[102.26631220880591,14.655910243376521],[102.26702120716718,14.681590204588622],[102.27082039421592,14.685416139021857],[102.26702120716718,14.68924206759209],[102.26631220880591,14.705878920543068],[102.27048147053904,14.710074937210118],[102.27083375556731,14.712500692591233],[102.24675012937244,14.713093769774384],[102.24526525566763,14.718877236931448],[102.23650763858397,14.728535646692482],[102.21862211298078,14.72973510486407],[102.2147115076254,14.732767286218271],[102.20833500945213,14.733333592096205],[102.20590926832845,14.732981333561346],[102.20242222258653,14.729521123510821],[102.19757515567308,14.728812136317371],[102.19202361960745,14.72329175290048],[102.19131457838647,14.718408989738961],[102.18785434823116,14.714926439274754],[102.18714533387012,14.710074980941272],[102.1691172238995,14.692020018664735],[102.16249987027825,14.691667829839973]]]},"id":"00090000000000002948","properties":{"HYBAS_ID":4121115580,"NEXT_DOWN":4121115080,"ORDER":5,"SUB_AREA":93.5,"UP_AREA":2471.0}},{"type":"Feature","geometry":{"type":"Polygon","coordinates":[[[102.42499823078863,14.458331941465481],[102.42584998964162,14.455018828306903],[102.42916753778805,14.454167180338363],[102.4297337939223,14.456378894497057],[102.43276600158579,14.460289480955641],[102.43403690833456,14.469903354558703],[102.44362391548425,14.478598593432768],[102.44804292617123,14.479735634234817],[102.45195801794374,14.482767813571389],[102.45637700320937,14.483900449051514],[102.46028757110261,14.486932596109282],[102.46471099189107,14.488065210202713],[102.468750971282,14.491199965036634],[102.47279091917217,14.48806523765207],[102.47877057467005,14.486531303964234],[102.48276590629946,14.48137660932734],[102.48418392618076,14.475851755490845],[102.48970874607596,14.474433775401076],[102.49508639063583,14.470264525695567],[102.49804281183089,14.471401578522645],[102.51028749463214,14.482767807158842],[102.51471093020494,14.483900390153565],[102.5479134169115,14.516220034860405],[102.56445666686874,14.500568519332054],[102.568875624312,14.499431454938106],[102.57695555148965,14.492234531096365],[102.58137892899694,14.49109745527845],[102.58528956579393,14.48806521855452],[102.58750130557979,14.48749892508473],[102.59409185134754,14.487851221423401],[102.60380823904177,14.497545241701545],[102.60452171718272,14.502423497033115],[102.60798196466693,14.505910539826834],[102.6086864468085,14.514922404658693],[102.61214673125652,14.518409417258203],[102.61285123875034,14.54408938396658],[102.61631156009902,14.547576415825105],[102.61702056033182,14.556592718307908],[102.62048083105284,14.56007527411488],[102.62118530164389,14.564922275071712],[102.6246456091309,14.568409277997533],[102.62499785654796,14.604166804177739],[102.62426655671445,14.611698292804403],[102.6145056175387,14.613116286161862],[102.6104923861791,14.616050358469817],[102.60617150991182,14.617285511545186],[102.60215839244208,14.62021518003745],[102.59166612243833,14.620834981405416],[102.59085455067476,14.623992012419825],[102.58675220271199,14.62556610728205],[102.58137892899694,14.62140124370742],[102.572046023651,14.62026418766067],[102.5702668661924,14.627211506288262],[102.56649000189384,14.632085305037455],[102.5617544523505,14.633900157304513],[102.5563767413861,14.62973536945579],[102.53112483705168,14.628598269846293],[102.52720974012585,14.625566055779617],[102.5216849448775,14.62414804232129],[102.52026698450719,14.618623248539913],[102.50056667220885,14.59804448351155],[102.49943406961954,14.593621091749133],[102.49640183372945,14.5897104546704],[102.49526480978754,14.58529146203751],[102.46723490147725,14.556378650026138],[102.46609781864392,14.543621146653338],[102.46306559501981,14.539710532972482],[102.46193301524269,14.531122304166768],[102.45880275535558,14.527082354158152],[102.4620400005535,14.522904158348165],[102.44097073751897,14.500889648178081],[102.43528990061444,14.499431447398752],[102.42561807273567,14.490660461013551],[102.42499823078863,14.479164853440517],[102.42499823078863,14.458331941465481]]]},"id":"00090000000000002949","properties":{"HYBAS_ID":4121584850,"NEXT_DOWN":4121116210,"ORDER":5,"SUB_AREA":231.0,"UP_AREA":231.3}},{"type":"Feature","geometry":{"type":"Polygon","coordinates":[[[102.21249981883244,14.59583279268309],[102.22328635562828,14.596189475900292],[102.23714529474378,14.610075133523402],[102.23785873367387,14.614953433379798],[102.24757512601455,14.62464751452223],[102.25000082110206,14.624999779752446],[102.25000082110206,14.629164584945915],[102.21445733441894,14.629735339367706],[102.2063774279335,14.63693234723505],[102.20070998508808,14.638385979690684],[102.19943466078963,14.648044372049528],[102.19131911623576,14.657149888605135],[102.18675300001007,14.658902338655079],[102.18137530495214,14.654733031472249],[102.17841894125718,14.653600469788014],[102.17180155059789,14.65872837084521],[102.1708339429862,14.6625007824564],[102.16249987027825,14.662500796501046],[102.1602881838218,14.661934524999392],[102.15513345506443,14.657939138159412],[102.15327845061232,14.650706467347744],[102.1436245423626,14.649431198676444],[102.13554460983057,14.642234187728278],[102.13112123632328,14.641101568913736],[102.12721060513573,14.638069430360801],[102.12279158068462,14.63693234311084],[102.11471170577404,14.629735301989117],[102.11028830401236,14.62859827948042],[102.10637763435918,14.625566046411231],[102.09778942538368,14.624433501240333],[102.0897095728001,14.61723199718152],[102.08529058644457,14.616099417708567],[102.08137549679873,14.613067208621837],[102.07567233155088,14.611604608286436],[102.07443263602424,14.59925293270743],[102.07870446274968,14.59374148176887],[102.07140044975442,14.585545685519286],[102.0702678473946,14.576957435274633],[102.06306638384952,14.568877502996695],[102.06164840989354,14.563352707620558],[102.05501770149579,14.561649315780956],[102.05359974567696,14.556124493877784],[102.05056753180213,14.552209425637392],[102.05000120722359,14.550002124495876],[102.05245817791587,14.549640955714345],[102.05797856881861,14.544089340264204],[102.05868761663915,14.535077552865998],[102.06248674509506,14.531251587206174],[102.05868761663915,14.527425718152854],[102.05797856881861,14.510075326712803],[102.05451829026671,14.506592818961437],[102.05416608907214,14.5041670424983],[102.07325990283641,14.503814813360904],[102.0809072612398,14.496185225100152],[102.08333302399535,14.495832951057297],[102.0843006416448,14.499605402339547],[102.08945534064665,14.503600751450882],[102.0949802286137,14.505018762773348],[102.09674155922123,14.511876806286189],[102.11887653843102,14.513067385221332],[102.13529044526106,14.528598448456833],[102.14804353639734,14.529735526441776],[102.15195412714961,14.532767679018313],[102.15775096301408,14.53425256934863],[102.1660983727077,14.543621148512774],[102.16737374672228,14.553279558280858],[102.1708339429862,14.55416692709141],[102.17499872985195,14.554166929061807],[102.17577022698899,14.561729549845886],[102.18963357989284,14.563143130609362],[102.19370020391872,14.566023731515717],[102.21146080562602,14.567383690078529],[102.2131419625141,14.572966554345205],[102.22019173600023,14.581198005161552],[102.22083383713118,14.583333892171819],[102.22048162377294,14.585759688818744],[102.21285209401194,14.593407033946782],[102.21249981883244,14.59583279268309]],[[102.21132708924719,14.600412324225717],[102.20776420096212,14.597050150577472],[102.21249981883244,14.59583279268309],[102.21132708924719,14.600412324225717]]]},"id":"0009000000000000294a","properties":{"HYBAS_ID":4121116320,"NEXT_DOWN":4121115580,"ORDER":5,"SUB_AREA":202.9,"UP_AREA":1894.6}},{"type":"Feature","geometry":{"type":"Polygon","coordinates":[[[101.62083506930718,15.27083365685918],[101.62118730478244,15.268407894340752],[101.62881239528863,15.260756059730962],[101.62952143590033,15.255909041182024],[101.63298163784638,15.252426481204347],[101.63333391478409,15.25000071767147],[101.64804450241088,15.250567050882948],[101.65195517050739,15.253599209490956],[101.66054333941312,15.254731866120531],[101.66862324852576,15.261933327100687],[101.68243306895656,15.263159558677943],[101.68418549254862,15.269981987833615],[101.6897103758129,15.27140000843296],[101.69508806039151,15.275569229738057],[101.6980443766493,15.27443212443335],[101.70195501878929,15.271399984846374],[101.71568464760887,15.270178212714978],[101.73276743822538,15.25221243372537],[101.73425228993413,15.246415630757305],[101.74362086308307,15.238068172733291],[101.74804431018602,15.236931127517485],[101.75342196163592,15.23276631301106],[101.75637836668176,15.233898901642181],[101.76028902197926,15.236931159244456],[101.76666550927358,15.237501898842606],[101.76757071838436,15.24102902519145],[101.78554535216628,15.24223296284089],[101.78958524582247,15.24536330536107],[101.79362077367124,15.242232966590432],[101.80000172037319,15.241666680074452],[101.8149263634863,15.242018927489905],[101.81840889602152,15.245479256264126],[101.8225469335525,15.246188241314405],[101.82708189843162,15.24168002919938],[101.83714163360037,15.251708600772515],[101.8378550474178,15.255877864095897],[101.83368579373916,15.260073867060271],[101.8333335361339,15.266668895910007],[101.83237035676869,15.269870515420315],[101.82703284629608,15.271475814339428],[101.82209661341227,15.274976174108033],[101.82019255796232,15.281303669266673],[101.81730749331825,15.28536583662926],[101.81602330621128,15.29796726443559],[101.81314270368173,15.302029556939168],[101.8118584803588,15.310466115854974],[101.80804599110776,15.315848289866064],[101.79243912071826,15.317440222112554],[101.7909230144849,15.332302376578108],[101.78457774123237,15.334210841591473],[101.78269149062818,15.337822718430779],[101.78689645795959,15.343753309717249],[101.77901723745592,15.352956898799995],[101.77286366221696,15.354807481724315],[101.76463659671876,15.361857284248902],[101.76036481333627,15.363141479063087],[101.75630257820967,15.3660220898374],[101.75416661741107,15.366668694272958],[101.75381436536698,15.360073671457313],[101.7503541365357,15.356591141611858],[101.75000181041551,15.304165416575486],[101.7458325632472,15.304165423492172],[101.74491850404618,15.295189232402421],[101.72286375339567,15.29647799024467],[101.71698663292955,15.30064276799621],[101.6802168951811,15.299322830084744],[101.67790705966513,15.291644272469313],[101.67296639370043,15.288143856783591],[101.66762884567515,15.286534130769308],[101.66562226685512,15.279872227601087],[101.64369684587219,15.278525661712502],[101.63963464889221,15.275640575961182],[101.62703321786425,15.274356314094119],[101.62296655500006,15.27147577766066],[101.62083506930718,15.27083365685918]]]},"id":"0009000000000000294b","properties":{"HYBAS_ID":4121109300,"NEXT_DOWN":4121110560,"ORDER":5,"SUB_AREA":132.0,"UP_AREA":283.0}},{"type":"Feature","geometry":{"type":"Polygon","coordinates":[[[102.69526438711841,14.267415493471233],[102.6964014527719,14.260289864355657],[102.69943368189047,14.25637924329893],[102.70070893863547,14.246720865212001],[102.70637649567713,14.245267151209383],[102.7102915156638,14.242235001016544],[102.7166680911619,14.241668701149242],[102.71990538689295,14.242591690221488],[102.72145265731665,14.247991682389758],[102.72854714642781,14.256174159474856],[102.7301389850649,14.261730195916757],[102.74087207396376,14.263295330553492],[102.7422856300462,14.272993871483479],[102.74521521772935,14.277007033460558],[102.74698994775972,14.28321861143543],[102.75200648029949,14.286883947778524],[102.78242200359388,14.2881236402587],[102.78429922575134,14.295436487595566],[102.78958332752806,14.299529951021432],[102.7936232332416,14.296399719459874],[102.79999975896388,14.29583334616109],[102.80056607681038,14.31054394635137],[102.8047353298217,14.315921660037677],[102.80359827019922,14.335541643819507],[102.80056607681038,14.339456786558648],[102.7990990077128,14.345173381141075],[102.78528916542083,14.3463996070201],[102.78137857921513,14.349431744939508],[102.77564416399579,14.350903262274118],[102.76193239722946,14.365680715385302],[102.76306949468493,14.38554601872533],[102.76619974863416,14.389581501300288],[102.76193239722946,14.39508848587076],[102.76355556005103,14.3993157101001],[102.77406565660839,14.400702528596074],[102.79526420194892,14.422788478540223],[102.79654391891228,14.432446890238959],[102.79999975896388,14.433334227575772],[102.79999975896388,14.441668274735013],[102.7991480500951,14.444981436954812],[102.7936232332416,14.446399400303624],[102.78957437955009,14.449538619354659],[102.78137857921513,14.442234573318927],[102.76591882051694,14.44109749195194],[102.76041634281702,14.445364884785457],[102.75637634509913,14.442234578340772],[102.7541646442488,14.441668312184511],[102.75359837342117,14.439456597903671],[102.74640134967694,14.431376638239483],[102.74520188850143,14.413477831707583],[102.73971274266556,14.40890277680805],[102.73418343071245,14.407480319722593],[102.73276541254079,14.401955527788365],[102.72973319787592,14.398044927940806],[102.72860063115422,14.389456713478964],[102.72556843635138,14.385546057542776],[102.72443135061448,14.3811226019743],[102.71712731266985,14.372926771052818],[102.7203646210777,14.368748610087192],[102.71723435940814,14.364708636121309],[102.71609726678156,14.351955646494142],[102.71306513214356,14.348045000546842],[102.71193246333266,14.331122712426268],[102.7047355381829,14.323042800782652],[102.70359847919813,14.318623823074853],[102.69943368189047,14.313246204346958],[102.70056622980758,14.31028977542438],[102.70370542591449,14.306240938317623],[102.69640145277188,14.29804507909643],[102.69583510994785,14.295833424147329],[102.69960312508812,14.294865777511042],[102.70369657212525,14.289581747186384],[102.70056622980758,14.285541796707985],[102.69943368189047,14.272788713361372],[102.69526438711841,14.267415493471233]]]},"id":"0009000000000000294c","properties":{"HYBAS_ID":4121118820,"NEXT_DOWN":4121585210,"ORDER":5,"SUB_AREA":139.1,"UP_AREA":590.5}},{"type":"Feature","geometry":{"type":"Polygon","coordinates":[[[102.17499872985195,14.554166929061807],[102.17535550952168,14.551741198992278],[102.17881133264149,14.54825860765903],[102.17952029327522,14.539242355181457],[102.18298052306133,14.53575975961631],[102.18368959783916,14.530881549543881],[102.20590926832845,14.508688534379832],[102.20833500945213,14.508331827061298],[102.20868727133374,14.514922401886519],[102.21631232348172,14.52257419970443],[102.21666461082894,14.529164800619913],[102.22083383713118,14.529164783787838],[102.22083383713118,14.533334033956736],[102.21747620275642,14.53419459883787],[102.21609829811997,14.540450789005519],[102.223045605567,14.542234393020633],[102.22856151490001,14.546836171760884],[102.22973425288568,14.575744563285737],[102.22460630029299,14.582366325060152],[102.22083383713118,14.583333892171819],[102.22019173600023,14.581198005161552],[102.2131419625141,14.572966554345205],[102.21146080562602,14.567383690078529],[102.19370020391872,14.566023731515717],[102.18963357989284,14.563143130609362],[102.17577022698899,14.561729549845886],[102.17499872985195,14.554166929061807]]]},"id":"0009000000000000294e","properties":{"HYBAS_ID":4121117420,"NEXT_DOWN":4121116320,"ORDER":5,"SUB_AREA":26.8,"UP_AREA":1140.2}},{"type":"Feature","geometry":{"type":"Polygon","coordinates":[[[101.60000210940802,15.316668802770513],[101.60035444721575,15.305908968028549],[101.60381471158293,15.302426381035842],[101.6045192409398,15.297574867991237],[101.60797947174267,15.294092334576437],[101.60868845588412,15.28924080506571],[101.61631357676843,15.281588974952154],[101.61701810482484,15.276741935522953],[101.62047832144448,15.273259431635744],[101.62083506930718,15.27083365685918],[101.62296655500006,15.27147577766066],[101.62703321786425,15.274356314094119],[101.63963464889221,15.275640575961182],[101.64369684587219,15.278525661712502],[101.66562226685512,15.279872227601087],[101.66762884567515,15.286534130769308],[101.67296639370043,15.288143856783591],[101.67790705966513,15.291644272469313],[101.6802168951811,15.299322830084744],[101.71698663292955,15.30064276799621],[101.72286375339567,15.29647799024467],[101.74491850404618,15.295189232402421],[101.7458325632472,15.304165423492172],[101.75000181041551,15.304165416575486],[101.7503541365357,15.356591141611858],[101.75381436536698,15.360073671457313],[101.75416661741107,15.366668694272958],[101.75477308817834,15.382418190024806],[101.75833141628605,15.383332307630457],[101.75742628699284,15.386863940925481],[101.73945604148797,15.38806789803394],[101.73554546976867,15.391100055544449],[101.7300161562718,15.392518064690009],[101.72828598697515,15.399269119365725],[101.71982262974862,15.400566750383973],[101.70220919520169,15.383898667199663],[101.68945614309013,15.38276601624232],[101.68137626160998,15.375569019582572],[101.66028917815207,15.374431987424742],[101.65637854249928,15.371399757410872],[101.64925291181001,15.370267196964278],[101.64387525976451,15.374431958469616],[101.6374987387533,15.374998251732782],[101.6371464476108,15.36007362426769],[101.63368619292352,15.356591104259179],[101.63297721051941,15.351708390458649],[101.62742557871152,15.346188035239368],[101.61840929497856,15.345479035757496],[101.6149223281048,15.342018781223421],[101.61004403604116,15.34130978265849],[101.6045192409398,15.335758146435843],[101.60381471158293,15.330906666566129],[101.60035444721575,15.327424134841818],[101.60000210940802,15.316668802770513]]]},"id":"0009000000000000294f","properties":{"HYBAS_ID":4121582300,"NEXT_DOWN":4121109300,"ORDER":5,"SUB_AREA":151.0,"UP_AREA":151.0}},{"type":"Feature","geometry":{"type":"MultiPolygon","coordinates":[[[[102.02499907559957,14.729168804756771],[102.02617625284984,14.72458935981456],[102.02973461268509,14.727951462029422],[102.02499907559957,14.729168804756771]]],[[[102.02499907559957,14.729168804756771],[102.02535135609128,14.735759376069627],[102.02881157314776,14.739241909972925],[102.0295206041376,14.76075708769539],[102.03748904868155,14.768752280149213],[102.02535135609128,14.780907748210993],[102.02464679625729,14.785759267323597],[102.0170217071948,14.793411097908828],[102.01631275830015,14.80242297055144],[102.01285250635631,14.805909938718706],[102.01214794101585,14.822546866860202],[102.01631275830015,14.82674284153815],[102.0170217071948,14.830880945002225],[102.01285250635631,14.835076949247709],[102.01250017954894,14.83749824928188],[101.9934108248364,14.83714591747629],[101.98992378347171,14.833685703632545],[101.96007454351424,14.83298112198646],[101.95659198088347,14.829520903396642],[101.95174045908554,14.828811933147543],[101.94825790624803,14.825351636651806],[101.94583221964164,14.824999405393244],[101.94492696564544,14.821472212234083],[101.92695677449265,14.82026823871021],[101.91887692432879,14.81306681014647],[101.91289729959962,14.811532849957159],[101.9089018723378,14.806378143043382],[101.90762658418004,14.796719709027021],[101.9019546439585,14.795266089952499],[101.89804395939234,14.792233937324326],[101.88112168429238,14.7911012599032],[101.87708176857271,14.787966555068648],[101.87157921006923,14.792233925199362],[101.86862287737534,14.79110131119392],[101.8647122016575,14.788069089042654],[101.86028880864343,14.78693201468385],[101.84804411717533,14.775565750202357],[101.84583235427225,14.774999451958843],[101.84583235427225,14.770834627812189],[101.84680000572574,14.767062263032173],[101.851954699501,14.76306687727492],[101.89074890730461,14.761903091948948],[101.89263508611042,14.75456339148046],[101.89925237987215,14.749431025641064],[101.9063780316342,14.750568090002464],[101.91175130699294,14.75473288115213],[101.95637794364528,14.753600236728936],[101.9769567311367,14.733899933678012],[101.98248153396362,14.732481978787918],[101.98422056479494,14.72570857337907],[101.99387903007069,14.724433258478037],[101.9992522556325,14.720264022443605],[102.00637785748003,14.721401073441086],[102.01028849261287,14.724433277569203],[102.02083427151,14.724999570811935],[102.02168596998021,14.728317140239096],[102.02499907559957,14.729168804756771]]]]},"id":"00090000000000002950","properties":{"HYBAS_ID":4121115610,"NEXT_DOWN":4121115510,"ORDER":5,"SUB_AREA":142.0,"UP_AREA":142.0}},{"type":"Feature","geometry":{"type":"Polygon","coordinates":[[[102.20359948311776,14.500746950226606],[102.20473207040887,14.493621310955344],[102.20776420096212,14.489710664068845],[102.20890128232256,14.472788341995859],[102.21193352749148,14.46887773069192],[102.2130661130794,14.451955463469021],[102.21609829811997,14.448044811689389],[102.2173736405305,14.438386386332951],[102.22083383713118,14.437499027894694],[102.22296974932934,14.43814111862702],[102.23119683188976,14.445190962767965],[102.24924722768768,14.446573300070106],[102.25064292061093,14.462822304788759],[102.24647815860105,14.468699397389848],[102.24518947150243,14.479490392617587],[102.24935872531283,14.485363038168956],[102.25064292061093,14.49379968158457],[102.25352350824555,14.497866297087052],[102.25416562815663,14.499997756500754],[102.25416562815663,14.504167068994],[102.25833487027522,14.504167077418476],[102.25833487027522,14.508331832243334],[102.2538000367207,14.509495685049531],[102.26193344302922,14.518623467044721],[102.26306601645462,14.523042404334019],[102.2660981741019,14.526957495937761],[102.26666448061229,14.529164799793687],[102.2517443822654,14.528812477469723],[102.24791843259703,14.525013380116246],[102.2440925277104,14.52881251997489],[102.21666461082894,14.529164800619913],[102.21631232348172,14.52257419970443],[102.20868727133374,14.514922401886519],[102.20833500945213,14.508331827061298],[102.20776420096212,14.506124597543488],[102.20359948311776,14.500746950226606]]]},"id":"00090000000000002951","properties":{"HYBAS_ID":4121117750,"NEXT_DOWN":4121117420,"ORDER":5,"SUB_AREA":43.1,"UP_AREA":878.2}},{"type":"Feature","geometry":{"type":"Polygon","coordinates":[[[101.49118667016245,15.03233420217496],[101.49636368469066,15.02593981764707],[101.495302460627,15.018586769643989],[101.49219444952081,15.014747494356934],[101.4916683224313,15.012500139029413],[101.49408962191674,15.01214779734285],[101.49757663721685,15.008687596520527],[101.50242365005458,15.007978574414848],[101.50591069088294,15.004518271762823],[101.51075766704685,15.003813804396259],[101.51495367581093,14.999644524165568],[101.51909175891953,15.000353537077553],[101.52674360552993,15.007978614786621],[101.53575990445508,15.008687568123515],[101.54340727591875,15.0163125937903],[101.55833184813106,15.016664887026105],[101.55890264721252,15.018876609470396],[101.57026437922981,15.031121281093426],[101.5718027737085,15.037105396639213],[101.5784200763988,15.042233412370305],[101.58137644026405,15.041100784323891],[101.58675412932267,15.036931555282496],[101.61150664884183,15.038113197480609],[101.61609953729011,15.043624665126472],[101.61723214621063,15.048043598300893],[101.62859832987118,15.060288327636904],[101.62987370103183,15.069946689717746],[101.63333391478409,15.070834107084394],[101.63395817191483,15.082423272701707],[101.63971043922294,15.08389924612065],[101.64486518029688,15.08789462136618],[101.64639913306098,15.093878740833851],[101.64943124846343,15.097789349306037],[101.65056839062473,15.114711653495654],[101.65360054139299,15.11862222708358],[101.6547331274542,15.123045687698136],[101.65776531339674,15.126956288104296],[101.65890237345624,15.135544572120283],[101.66193459464607,15.13945517765666],[101.66306718502453,15.146580833889134],[101.65890237345624,15.151954045896504],[101.65776531339674,15.177210399707418],[101.65377002910428,15.182365079027637],[101.65000203200982,15.183332692248033],[101.6491503727147,15.18001959262436],[101.64583279727347,15.179167909257623],[101.63507743420452,15.178811233245654],[101.63159042480005,15.175355355029126],[101.62499990979711,15.1749986998774],[101.62443360452404,15.164457320435062],[101.61723214621063,15.15637746994022],[101.61609953729011,15.14362445864352],[101.6130672723095,15.139709383714159],[101.61160472414358,15.13401060325353],[101.5938753561723,15.117235464091927],[101.58835047480969,15.115817491308261],[101.58664714026635,15.109182347201084],[101.58001646586985,15.10748342900245],[101.57819717905623,15.100397871632815],[101.57304239010854,15.096402549653218],[101.55612458587935,15.095265526504162],[101.54387547083167,15.083899202631843],[101.53529165999376,15.08276660515717],[101.52721181079008,15.075565160996709],[101.52122763464101,15.074031205988502],[101.51723228014788,15.068876494659765],[101.51666604941101,15.062500015769407],[101.51335292559801,15.061648338011748],[101.51250118516572,15.058335237792528],[101.5119705309782,15.05191853899458],[101.50886261774022,15.04807923870753],[101.50757392458416,15.042612410414243],[101.50224973031247,15.038028427579533],[101.49259132227586,15.036846792731447],[101.49118667016245,15.03233420217496]]]},"id":"00090000000000002954","properties":{"HYBAS_ID":4121110360,"NEXT_DOWN":4121582570,"ORDER":5,"SUB_AREA":147.0,"UP_AREA":147.0}},{"type":"Feature","geometry":{"type":"Polygon","coordinates":[[[102.12030345617592,14.349057236997483],[102.12447268841797,14.343915869460409],[102.12499884661683,14.341668495782546],[102.12499884661683,14.337499190831707],[102.13665939970481,14.338185967490967],[102.14104714716252,14.343675120396073],[102.14259446672092,14.349075076264242],[102.14799442482224,14.350617922585508],[102.15759489134734,14.358951946494255],[102.18966028298547,14.357716807753258],[102.19488635997745,14.353899843088609],[102.1966967736189,14.36633624526827],[102.20200757921822,14.370215692190566],[102.20740749079555,14.371758540910989],[102.20895033383934,14.37715850047807],[102.21188447464834,14.381171693263378],[102.21319092863257,14.399008054316115],[102.21882723984704,14.400617831521807],[102.22284047086707,14.40354746107401],[102.23966016124595,14.404782604025375],[102.24783819375578,14.411881449320715],[102.25215903760945,14.413116705803237],[102.25617225501257,14.416050780357526],[102.25833487027522,14.416666151013816],[102.26249972829747,14.416666078659306],[102.26471145578192,14.416099775653556],[102.27008464907841,14.411930546047946],[102.27304547434721,14.413067653248687],[102.27709438036902,14.416206806924789],[102.28529019390159,14.408902853273533],[102.29081496395601,14.407480363194573],[102.29223301558851,14.401955523069267],[102.29943448088235,14.393875601685309],[102.30056708673901,14.38528740633106],[102.30776402358734,14.377212002055144],[102.30890108196598,14.372788578888139],[102.31609811943977,14.364708667514885],[102.31737338759066,14.355054722524509],[102.32304539260709,14.353601021477612],[102.3311208580498,14.346399626881563],[102.33333254946017,14.345833316153255],[102.33368477094342,14.356593080102158],[102.33714509355667,14.360075627898093],[102.33785401807872,14.37325675924315],[102.34964835599088,14.385073375314903],[102.3503529026466,14.389924917038154],[102.35381321555876,14.393407415659546],[102.35416541401729,14.39583318181291],[102.35355007246916,14.397995850939294],[102.34228636169401,14.410338662054958],[102.34093085318112,14.424197551682681],[102.33117433237392,14.425615554962695],[102.32654575241892,14.4289999834513],[102.3243831229528,14.434069987273553],[102.3327751662518,14.443741786937652],[102.32978304712302,14.447839644833143],[102.32824027242044,14.453239626235398],[102.32284024799341,14.45478253538595],[102.3104930355725,14.466050620109147],[102.30617210890621,14.467285809065965],[102.29382490595867,14.478549533710462],[102.28842488687094,14.480092338253334],[102.28688207236824,14.485492303487517],[102.28395240823359,14.489505534388124],[102.28240511413674,14.494905472326362],[102.27700512503829,14.496452844652243],[102.26882721297085,14.503547226581016],[102.25416562815663,14.504167068994],[102.25416562815663,14.499997756500754],[102.25352350824555,14.497866297087052],[102.25064292061093,14.49379968158457],[102.24935872531283,14.485363038168956],[102.24518947150243,14.479490392617587],[102.24647815860105,14.468699397389848],[102.25064292061093,14.462822304788759],[102.24924722768768,14.446573300070106],[102.23119683188976,14.445190962767965],[102.22296974932934,14.43814111862702],[102.22083383713118,14.437499027894694],[102.22047717201278,14.435046529587769],[102.2100472780832,14.42464789039207],[102.19337914459896,14.4253569151517],[102.18785434823116,14.43090849038186],[102.18714088345594,14.435791155353646],[102.18125043818529,14.441654921598536],[102.17325969640346,14.433686482908868],[102.1708339429862,14.433334218925593],[102.17048171499206,14.418409629173775],[102.1670214425818,14.414922603866708],[102.16631247536887,14.405879542752798],[102.16075641098757,14.400354722657498],[102.15174013975405,14.399645729367624],[102.1357586527917,14.383686614787047],[102.13007775969032,14.382567372831966],[102.12863745734079,14.378224229101901],[102.13293609303177,14.372917872438455],[102.12969426447103,14.368913609116337],[102.12863745734079,14.360253979869153],[102.12136471763071,14.352249926777732],[102.12030345617592,14.349057236997483]]]},"id":"00090000000000002955","properties":{"HYBAS_ID":4121118030,"NEXT_DOWN":4121117750,"ORDER":5,"SUB_AREA":170.7,"UP_AREA":683.1}},{"type":"Feature","geometry":{"type":"Polygon","coordinates":[[[102.7166680911619,14.241668701149242],[102.71728345540598,14.239505989346524],[102.72021750462348,14.235492815080542],[102.72176039542445,14.230092828489473],[102.72716032228185,14.228550009543824],[102.73117353830645,14.225615962346854],[102.73965916519262,14.22438076146738],[102.74367236962416,14.221451089250975],[102.75753128005447,14.22010001656651],[102.75894924589922,14.210339025121845],[102.76311852211838,14.204635846804234],[102.76134381217899,14.20085902088796],[102.75833392661141,14.199998383156027],[102.7541646442488,14.199998386826266],[102.75381235805075,14.19757711288588],[102.75035208134594,14.19409008522333],[102.74964762051015,14.189242996863976],[102.73297944695962,14.172548158011098],[102.73368845519782,14.168410080073928],[102.74547829490558,14.15658903778911],[102.74583502849612,14.145833657728893],[102.75221160458821,14.145267378004005],[102.75680441254006,14.141708985110483],[102.76609721812609,14.151955998054696],[102.7676356236487,14.157935714136425],[102.77279030541573,14.161931049380968],[102.7824442844671,14.163206329117962],[102.78423238209542,14.170171489550851],[102.79804218878735,14.171402143236449],[102.8034199037344,14.175566935465874],[102.81887508558472,14.174434386340176],[102.82695501278506,14.167232896466501],[102.82916675818022,14.166666571472517],[102.83132492569948,14.167281946924422],[102.83541838195777,14.170274000741099],[102.8395074154175,14.167281976661952],[102.84382828969967,14.166051219711274],[102.84784142903479,14.163117173923425],[102.85736160114548,14.161730425097533],[102.85967590816672,14.153645992669388],[102.87014140898825,14.154948085016592],[102.87083254019551,14.166666606669782],[102.86869665657458,14.167308691761525],[102.85905163948387,14.175767617389479],[102.85762914067747,14.19895939779853],[102.85124372916819,14.200881297668515],[102.84935754882336,14.204488720596327],[102.85352236961727,14.210365824682674],[102.85481105262218,14.228117436336893],[102.84369892360826,14.229807482772564],[102.83546743934632,14.236857289857255],[102.81743929074975,14.238239605270412],[102.81602580047046,14.252134153437705],[102.81310507343318,14.256249970835029],[102.81602580047046,14.260365676383936],[102.81730995336439,14.266987496718967],[102.81314069697275,14.272864535526118],[102.81185650145058,14.279486353004772],[102.81602580047046,14.285363413130492],[102.81730995336439,14.289635261748554],[102.82019059530506,14.293697512831722],[102.82083264866411,14.295833367500506],[102.81969561024835,14.30026573882141],[102.81471033689934,14.296399699261409],[102.79999975896388,14.29583334616109],[102.7936232332416,14.296399719459874],[102.78958332752806,14.299529951021432],[102.78429922575134,14.295436487595566],[102.78242200359388,14.2881236402587],[102.75200648029949,14.286883947778524],[102.74698994775972,14.28321861143543],[102.74521521772935,14.277007033460558],[102.7422856300462,14.272993871483479],[102.74087207396376,14.263295330553492],[102.7301389850649,14.261730195916757],[102.72854714642781,14.256174159474856],[102.72145265731665,14.247991682389758],[102.71990538689295,14.242591690221488],[102.7166680911619,14.241668701149242]]]},"id":"00090000000000002956","properties":{"HYBAS_ID":4121586090,"NEXT_DOWN":4121118820,"ORDER":5,"SUB_AREA":152.2,"UP_AREA":451.4}},{"type":"Feature","geometry":{"type":"Polygon","coordinates":[[[101.49999790397953,15.30416540613875],[101.51492246003093,15.303813225191044],[101.52257434067472,15.296188148278135],[101.52742583828488,15.29547915499845],[101.53924244782496,15.283684792238562],[101.5482855245495,15.282975773223916],[101.55831848904172,15.272916070451982],[101.55418046488633,15.268751241825315],[101.56248773721457,15.2604171984255],[101.55797956779324,15.255877880410807],[101.55868855381034,15.251744219463262],[101.56248331292088,15.247918324777999],[101.55868855381033,15.244092449204874],[101.55776556306769,15.222791305543868],[101.55056851588682,15.214711414234927],[101.5492932611774,15.205053031754879],[101.54224789993052,15.203247095826104],[101.53390046884049,15.193878483321196],[101.53242890218954,15.188144076474705],[101.51887774891011,15.175569441841196],[101.51335292559801,15.17414695108657],[101.5119348940068,15.168622112010896],[101.50890267561024,15.164711481221337],[101.5083319825072,15.154165712034423],[101.51075766704685,15.154517998929496],[101.51424022420528,15.157978238648953],[101.55659283899217,15.158687312780986],[101.56840943516761,15.17048163132215],[101.58159049427387,15.171186128213925],[101.58507754639271,15.174646422671207],[101.5940893494464,15.175355401884094],[101.60591043588379,15.187145259740442],[101.61075746076821,15.187854238188],[101.61424003378065,15.191314551789583],[101.61998339007887,15.19251847493945],[101.62083506930718,15.195831571895678],[101.62083506930718,15.200000891031216],[101.61751753541637,15.200852535078248],[101.61666579679638,15.204165631155792],[101.61701810482484,15.210756232250768],[101.62254287574434,15.216307748943672],[101.62742557871152,15.217021216495242],[101.63297721051941,15.222546066459524],[101.63368619292352,15.231589114066134],[101.6371464476108,15.23507615975686],[101.6374987387533,15.237501861257298],[101.6371464476108,15.239923188792753],[101.63368619292352,15.24341022528656],[101.63298163784638,15.252426481204347],[101.62952143590033,15.255909041182024],[101.62881239528863,15.260756059730962],[101.62118730478244,15.268407894340752],[101.62047832144448,15.273259431635744],[101.61701810482484,15.276741935522953],[101.61631357676843,15.281588974952154],[101.60868845588412,15.28924080506571],[101.60797947174267,15.294092334576437],[101.6045192409398,15.297574867991237],[101.60381471158293,15.302426381035842],[101.60035444721575,15.305908968028549],[101.60000210940802,15.316668802770513],[101.58924232878489,15.317021042390735],[101.58575982088682,15.320481313216519],[101.58090824747957,15.321185834870022],[101.57325642673574,15.328815344781606],[101.57083515802108,15.329167629597054],[101.57026437922981,15.322791139760685],[101.56723225150972,15.318876043966398],[101.56575621469388,15.313123798798987],[101.54362125061571,15.311933183226774],[101.5397106236615,15.308900985839678],[101.53529165999376,15.307763924932507],[101.53125169882722,15.304633624271794],[101.5257447632587,15.30890103062035],[101.50091196277033,15.307714869348832],[101.49999790397953,15.30416540613875]]]},"id":"00090000000000002958","properties":{"HYBAS_ID":4121110170,"NEXT_DOWN":4121110300,"ORDER":5,"SUB_AREA":136.8,"UP_AREA":319.8}},{"type":"Feature","geometry":{"type":"Polygon","coordinates":[[[101.69166791043588,14.6958326259574],[101.69202464310666,14.693375588753204],[101.69757617616652,14.687855269354646],[101.70659248950558,14.687146271305078],[101.71007507184862,14.683686016717909],[101.72943650465544,14.682531117578568],[101.72434420676935,14.675244942173046],[101.7257443097688,14.659392791038421],[101.73234826340419,14.657350553716212],[101.73398917211622,14.65204419210062],[101.73684301047179,14.647955183129403],[101.73749856488939,14.641667858385425],[101.75335512712714,14.640999041916789],[101.75478204012339,14.631171144170754],[101.75776959898803,14.62708216968598],[101.75355128522796,14.62130320769306],[101.75506294038063,14.612978068811188],[101.76450725943839,14.604782230037133],[101.76990731357373,14.603239359166063],[101.77145015034195,14.59783934295842],[101.77561937406645,14.592136235451296],[101.77438420188231,14.57284168192933],[101.77145015034195,14.568828441050956],[101.77083480357442,14.566665772151753],[101.77304203675585,14.567232124944395],[101.78112188679738,14.57443359463169],[101.78665120414693,14.575851524052721],[101.78806918075361,14.58137641779435],[101.7952662068818,14.589456298027326],[101.79680011290532,14.595435929963516],[101.80195479919901,14.599431297899502],[101.81054305467116,14.60056835029119],[101.81445816182283,14.603600508345643],[101.81998296959767,14.605018561864238],[101.82140096041194,14.610543343412827],[101.82859800333637,14.618623236179324],[101.82973500933036,14.631376288768022],[101.8327672301352,14.635291340478457],[101.8342521046628,14.641079258044114],[101.86250052557166,14.641667847521665],[101.86581810050808,14.642519550305408],[101.86723609704772,14.648044386859418],[101.87026826150854,14.651955035106218],[101.87153466174047,14.661568864970965],[101.8852909778927,14.674433325015995],[101.89387921313373,14.675565994034057],[101.89778983166087,14.67859817313547],[101.90000154653875,14.67916445226539],[101.90000154653875,14.683333701660125],[101.89583228520452,14.68333370781126],[101.89519019205153,14.689634438711167],[101.89168981690128,14.694570684825736],[101.88536677208808,14.696474668338167],[101.88130006784826,14.699355259166246],[101.87703269326066,14.700643951868017],[101.87297048467373,14.703524526272279],[101.86869865967003,14.704808763917601],[101.86463642221213,14.707689380241108],[101.85144640435868,14.708978044432797],[101.84903405828695,14.700965037354788],[101.84369648900756,14.69935529040352],[101.83963425392014,14.696474712083173],[101.83536690497982,14.695190473090651],[101.83004272406538,14.691418109752878],[101.82852216278474,14.70630254822223],[101.82370631238396,14.712451684502758],[101.81880128166692,14.708978040552282],[101.81452947026287,14.707689299899416],[101.80961112720823,14.704202344734805],[101.7997163523503,14.704996003856243],[101.80352445323801,14.710364779038706],[101.8048086618994,14.71880138915939],[101.8077293840943,14.722921633728099],[101.79949784896077,14.732535466614287],[101.78405151415815,14.734109527372654],[101.78298133308196,14.748258256130024],[101.7795210976204,14.751740786604309],[101.77881207769532,14.75659230365046],[101.77329169207786,14.762143904021103],[101.76666550927358,14.76250064612558],[101.75195491487116,14.761934272721923],[101.74804431018602,14.7589020796657],[101.74362086308307,14.757765070237253],[101.72304212958016,14.738069223998188],[101.71862312973711,14.736932081772975],[101.71471255666873,14.733899927934665],[101.71028913179637,14.732767347381628],[101.70513435345916,14.728771947106091],[101.70360040074604,14.722787871829677],[101.70056826545552,14.718877224087212],[101.69915025892124,14.713352390398299],[101.69227436539063,14.711586612517438],[101.69166791043588,14.6958326259574]]]},"id":"0009000000000000295a","properties":{"HYBAS_ID":4121116100,"NEXT_DOWN":4121115700,"ORDER":5,"SUB_AREA":215.0,"UP_AREA":215.0}},{"type":"Feature","geometry":{"type":"Polygon","coordinates":[[[102.11250002607078,14.312501544663318],[102.11371286025123,14.307765965552214],[102.13554460983057,14.308898519349968],[102.14091787775497,14.313067834027368],[102.1438787262925,14.311930760061795],[102.15195412714961,14.304733756499013],[102.17400884466088,14.303547599378447],[102.17859729287129,14.298045099845336],[102.17916803743249,14.295833416313787],[102.17916803743249,14.28749931144798],[102.18333279111874,14.287499363221063],[102.1845501621217,14.292234925082482],[102.20742538300787,14.291044270567186],[102.20890128232256,14.285287648690431],[102.21193352749148,14.281376975106282],[102.21341393859117,14.275597943682316],[102.23333276973496,14.275000458171144],[102.23423344301796,14.278505292961357],[102.24166678736891,14.27916524063777],[102.2420190682014,14.281591020816622],[102.2454793374835,14.285073568362455],[102.24640237360616,14.298045108316352],[102.25091944190149,14.303462921579596],[102.26054214871712,14.304733761811741],[102.2644572550765,14.307765901945446],[102.26887620372158,14.308898549251737],[102.2727913419009,14.311930767905304],[102.2813750523154,14.313067799561386],[102.28945501393645,14.32026477222297],[102.29387836242509,14.321401858762737],[102.30195827021929,14.328598857268862],[102.31887608573982,14.3297359089959],[102.32279123351408,14.332768127891203],[102.32831602577026,14.334186136268514],[102.32951996046076,14.339924968141098],[102.3329802417074,14.343407563014507],[102.33333254946017,14.345833316153255],[102.3311208580498,14.346399626881563],[102.32304539260709,14.353601021477612],[102.31737338759066,14.355054722524509],[102.31609811943977,14.364708667514885],[102.30890108196598,14.372788578888139],[102.30776402358734,14.377212002055144],[102.30056708673901,14.38528740633106],[102.29943448088235,14.393875601685309],[102.29223301558851,14.401955523069267],[102.29081496395601,14.407480363194573],[102.28529019390159,14.408902853273533],[102.27709438036902,14.416206806924789],[102.27304547434721,14.413067653248687],[102.27008464907841,14.411930546047946],[102.26471145578192,14.416099775653556],[102.26249972829747,14.416666078659306],[102.25833487027522,14.416666151013816],[102.25617225501257,14.416050780357526],[102.25215903760945,14.413116705803237],[102.24783819375578,14.411881449320715],[102.23966016124595,14.404782604025375],[102.22284047086707,14.40354746107401],[102.21882723984704,14.400617831521807],[102.21319092863257,14.399008054316115],[102.21188447464834,14.381171693263378],[102.20895033383934,14.37715850047807],[102.20740749079555,14.371758540910989],[102.20200757921822,14.370215692190566],[102.1966967736189,14.36633624526827],[102.19488635997745,14.353899843088609],[102.18966028298547,14.357716807753258],[102.15759489134734,14.358951946494255],[102.14799442482224,14.350617922585508],[102.14259446672092,14.349075076264242],[102.14104714716252,14.343675120396073],[102.13665939970481,14.338185967490967],[102.12257756311965,14.337146977235507],[102.11702598593456,14.331622103964742],[102.11631254615465,14.326743860591355],[102.1128522419127,14.323256838605726],[102.11250002607078,14.312501544663318]]]},"id":"0009000000000000295d","properties":{"HYBAS_ID":4121585580,"NEXT_DOWN":4121118030,"ORDER":5,"SUB_AREA":189.5,"UP_AREA":512.4}},{"type":"Feature","geometry":{"type":"Polygon","coordinates":[[[101.43276801451218,15.213436114728864],[101.43390066948814,15.206123154284423],[101.44109760964791,15.198043306392409],[101.44232835739793,15.184233448296801],[101.44960561989686,15.182365070279776],[101.45473354351995,15.175747763586985],[101.45360091513714,15.17279141230503],[101.45047061111904,15.168751500364536],[101.45360091513714,15.16471149582632],[101.45501891240944,15.159182241414586],[101.46164961088333,15.157483285549322],[101.46334851989658,15.150852605898315],[101.46998366374171,15.149149222517005],[101.47140163028095,15.143624393275536],[101.47556645822641,15.138246754677704],[101.47443385703066,15.131121138922051],[101.47140163028095,15.12721052169562],[101.47083539468807,15.124998740538715],[101.47083539468807,15.120833945729874],[101.48658490817257,15.121440428554632],[101.48835072430845,15.128316310692362],[101.49519539386854,15.130073192826048],[101.49647075267909,15.149095790594496],[101.50220958836037,15.150567257365932],[101.50612467365735,15.153599425438417],[101.5083319825072,15.154165712034423],[101.50890267561024,15.164711481221337],[101.5119348940068,15.168622112010896],[101.51335292559801,15.17414695108657],[101.51887774891011,15.175569441841196],[101.53242890218954,15.188144076474705],[101.53390046884049,15.193878483321196],[101.54224789993052,15.203247095826104],[101.5492932611774,15.205053031754879],[101.55056851588682,15.214711414234927],[101.55776556306769,15.222791305543868],[101.55868855381033,15.244092449204874],[101.56248331292088,15.247918324777999],[101.55868855381034,15.251744219463262],[101.55797956779324,15.255877880410807],[101.56248773721457,15.2604171984255],[101.55418046488633,15.268751241825315],[101.55831848904172,15.272916070451982],[101.5482855245495,15.282975773223916],[101.53924244782496,15.283684792238562],[101.52742583828488,15.29547915499845],[101.52257434067472,15.296188148278135],[101.51492246003093,15.303813225191044],[101.49999790397953,15.30416540613875],[101.49668480229913,15.305017132993298],[101.49526674279707,15.31054197659567],[101.49127145327968,15.315701130688085],[101.48418589197837,15.31751601279036],[101.48248255986458,15.324151108718645],[101.4769577192561,15.325569142120626],[101.47304263060653,15.328601308310464],[101.46666608086751,15.329167587141935],[101.4660997850503,15.326955882665194],[101.4589027996936,15.318875995790396],[101.45776570492609,15.314457082051522],[101.45473354351995,15.310542005436348],[101.45360091513714,15.27695599411752],[101.45047061111904,15.272916053710706],[101.45473354351995,15.267413494850723],[101.45360091513714,15.247789003733422],[101.4505687918162,15.243878376105085],[101.44943170400117,15.235290209249664],[101.44223469041681,15.22721025440627],[101.44109760964791,15.222791302904572],[101.43276801451218,15.213436114728864]]]},"id":"0009000000000000295e","properties":{"HYBAS_ID":4121582460,"NEXT_DOWN":4121110170,"ORDER":5,"SUB_AREA":183.0,"UP_AREA":183.1}},{"type":"Feature","geometry":{"type":"Polygon","coordinates":[[[101.82859800333637,14.544620039467363],[101.82973500933036,14.53529155436102],[101.8327672301352,14.53137644071308],[101.8342521046628,14.525584104995588],[101.84362063761733,14.517232234294832],[101.85324784883981,14.515961407665442],[101.85776490470991,14.510543566022214],[101.85890205035737,14.501955355044943],[101.86193423742515,14.498044670580171],[101.86335218200915,14.49251543863426],[101.8666653463748,14.491668205125142],[101.86756602017942,14.48816336151982],[101.87499939424876,14.487498900566386],[101.87573507715078,14.49503480460857],[101.88117519932769,14.499382424397306],[101.89093174526383,14.50080040423573],[101.89238540960228,14.515680445460418],[101.89583228520452,14.516665903653443],[101.89618457650727,14.52325642636102],[101.910043482303,14.537142058897984],[101.91492618760624,14.537855562601244],[101.92674279656158,14.549645425933052],[101.93575905600166,14.550354409378409],[101.94547993848992,14.56004853460048],[101.9461844148839,14.573256397764451],[101.94964469682814,14.576743338784409],[101.9503537284258,14.580881463301347],[101.9461844148839,14.585077475843846],[101.94547993848992,14.593380291399681],[101.94964469682814,14.597576253881293],[101.95000143238939,14.60000205609982],[101.94786556453812,14.600644194716029],[101.94292928690443,14.604144530465753],[101.94102524055133,14.610467542230204],[101.93814472639015,14.614529788162091],[101.93671777532671,14.628482346650035],[101.91666516572116,14.629164531137578],[101.91569757383745,14.625396670384378],[101.91054283170868,14.621401299270834],[101.89778983166087,14.620264164765983],[101.89374989147406,14.617133891913566],[101.88863528503468,14.62109807629321],[101.88693192125527,14.614453957913772],[101.88389971586123,14.610543347514298],[101.88276708817226,14.60612439211323],[101.87973491464376,14.602209277373214],[101.87859789364556,14.593621063924111],[101.87556566515416,14.589710443328018],[101.8744330393541,14.585291460120686],[101.87140084284974,14.581376423962658],[101.87017020421678,14.56756653619358],[101.8666653463748,14.566665814907036],[101.86609903597706,14.564454049787578],[101.85890205035737,14.556378645722507],[101.85742605141357,14.550639801689599],[101.83945585352063,14.549431338807528],[101.83554521149748,14.546399171647256],[101.82859800333637,14.544620039467363]]]},"id":"0009000000000000295f","properties":{"HYBAS_ID":4121116750,"NEXT_DOWN":4121116160,"ORDER":5,"SUB_AREA":100.1,"UP_AREA":100.1}},{"type":"Feature","geometry":{"type":"Polygon","coordinates":[[[102.59166612243833,14.162501787863107],[102.59387780924266,14.163068126937288],[102.60322850844899,14.171402146864615],[102.61986098456978,14.170193765587545],[102.6244315981042,14.164709075846133],[102.6259699808734,14.1587293706001],[102.63112464486046,14.154734088881264],[102.63554361119134,14.153601430584807],[102.64052890474959,14.149735378878262],[102.6425176674648,14.157480885812314],[102.64804246926498,14.158898854469717],[102.65342015076092,14.163068090681614],[102.66471063818238,14.1619310818475],[102.67279050254984,14.154734069195875],[102.67720947409437,14.153601420523227],[102.68112456924986,14.150569230181711],[102.68710425823166,14.149030829568739],[102.69109962358306,14.143876131264502],[102.69251757593857,14.13835134307721],[102.69583510994785,14.137499644438146],[102.70659048194625,14.137851876611503],[102.71007752263297,14.141312156104824],[102.72742344672679,14.142021119015583],[102.73091040545843,14.145481435258304],[102.74583502849612,14.145833657728893],[102.74547829490558,14.15658903778911],[102.73368845519782,14.168410080073928],[102.73297944695962,14.172548158011098],[102.74964762051015,14.189242996863976],[102.75035208134594,14.19409008522333],[102.75381235805075,14.19757711288588],[102.7541646442488,14.199998386826266],[102.75833392661141,14.199998383156027],[102.76134381217899,14.20085902088796],[102.76311852211838,14.204635846804234],[102.75894924589922,14.210339025121845],[102.75753128005447,14.22010001656651],[102.74367236962416,14.221451089250975],[102.73965916519262,14.22438076146738],[102.73117353830645,14.225615962346854],[102.72716032228185,14.228550009543824],[102.72176039542445,14.230092828489473],[102.72021750462348,14.235492815080542],[102.71728345540598,14.239505989346524],[102.7166680911619,14.241668701149242],[102.7102915156638,14.242235001016544],[102.70637649567713,14.245267151209383],[102.70070893863547,14.246720865212001],[102.69943368189047,14.25637924329893],[102.6964014527719,14.260289864355657],[102.69526438711841,14.267415493471233],[102.69943368189047,14.272788713361372],[102.70056622980758,14.285541796707985],[102.70369657212525,14.289581747186384],[102.69960312508812,14.294865777511042],[102.69583510994785,14.295833424147329],[102.68924010467057,14.296185624181453],[102.68575754157877,14.299645899729901],[102.6791670490766,14.299998173956343],[102.67860070215056,14.293621658693342],[102.67556857549,14.289711034637248],[102.67443144971453,14.26862393809576],[102.67139925615065,14.264708889619197],[102.6702666404742,14.260289900813369],[102.66306518343119,14.252210005404457],[102.66178989969207,14.242556060307914],[102.65833409379803,14.241668730046813],[102.65798183291359,14.239242947568059],[102.65035231659172,14.23159114565796],[102.64964775659784,14.214240799076574],[102.64618749233227,14.21075817520608],[102.64583526822972,14.208332439626918],[102.64166596223698,14.208332428518702],[102.64045311883557,14.20360137891782],[102.63112464486046,14.204733966111112],[102.62707579643744,14.20787319810749],[102.61887550907144,14.200569169677609],[102.61445656482816,14.199432053017272],[102.61054590435837,14.196399869282214],[102.60456183184677,14.194865995863278],[102.60056646212489,14.189711281528272],[102.59943383667101,14.181123041721069],[102.59223239570183,14.173043087121405],[102.59166612243833,14.162501787863107]]]},"id":"00090000000000002960","properties":{"HYBAS_ID":4121586360,"NEXT_DOWN":4121586090,"ORDER":5,"SUB_AREA":147.9,"UP_AREA":299.3}},{"type":"Feature","geometry":{"type":"Polygon","coordinates":[[[102.23333276973496,14.275000458171144],[102.23368947633442,14.268378677223732],[102.23924101286113,14.262853847689497],[102.25221256135396,14.261930826194519],[102.25624804668664,14.258800529147086],[102.26175504412062,14.263067938960766],[102.27410226983477,14.261828243452937],[102.2755693642023,14.256120623238651],[102.2786015137333,14.252210016625526],[102.27973416973236,14.24779102099975],[102.28286442661556,14.243751124782698],[102.27973416973236,14.239711146499108],[102.2791677966232,14.21250168636456],[102.28970918445087,14.21306798531055],[102.31445716246081,14.236933119110875],[102.32043681641949,14.238467056357242],[102.32443213812996,14.243621781049592],[102.32590365190224,14.249360625593871],[102.34387826624054,14.250569022016808],[102.35195820539674,14.25776607078309],[102.35637712324947,14.258898670758699],[102.36028781357825,14.261930810990746],[102.37083352975672,14.262501639461208],[102.3711858689932,14.273256991992914],[102.37464612446122,14.276743987481876],[102.37535956900439,14.281622231640513],[102.38507595911112,14.291311883486925],[102.39409220908807,14.292020854139423],[102.39757476314898,14.295481085258256],[102.40242633583232,14.296185672424384],[102.40590888483672,14.299645919176205],[102.41075591917526,14.300354947947282],[102.41840772293456,14.307979956869675],[102.42499823078863,14.308332289019065],[102.42535502427127,14.31495399250701],[102.43091100357525,14.32047886683083],[102.4333323631679,14.320831105987269],[102.43333236316789,14.325000380556116],[102.42916753778803,14.325000374490518],[102.42827124101015,14.328496321150183],[102.4157277663672,14.329735954407898],[102.40637709744063,14.321401869819827],[102.40195805218283,14.320264843829976],[102.39804302860685,14.317232599135167],[102.36862188548844,14.31610002299637],[102.36042599158044,14.308796029597687],[102.35637712324947,14.311930723449132],[102.35195820539674,14.313067819123612],[102.34679901591024,14.317063198140161],[102.34526509507474,14.323042846523776],[102.34223288206343,14.32695795142672],[102.34110029084843,14.331376848061078],[102.33653858348535,14.336843735704065],[102.32916775208497,14.33749918410501],[102.32831602577026,14.334186136268514],[102.32279123351408,14.332768127891203],[102.31887608573982,14.3297359089959],[102.30195827021929,14.328598857268862],[102.29387836242509,14.321401858762737],[102.28945501393645,14.32026477222297],[102.2813750523154,14.313067799561386],[102.2727913419009,14.311930767905304],[102.26887620372158,14.308898549251737],[102.2644572550765,14.307765901945446],[102.26054214871712,14.304733761811741],[102.25091944190149,14.303462921579596],[102.24640237360616,14.298045108316352],[102.2454793374835,14.285073568362455],[102.2420190682014,14.281591020816622],[102.24166678736891,14.27916524063777],[102.23423344301796,14.278505292961357],[102.23333276973496,14.275000458171144]]]},"id":"00090000000000002965","properties":{"HYBAS_ID":4121119690,"NEXT_DOWN":4121585750,"ORDER":5,"SUB_AREA":129.7,"UP_AREA":129.8}},{"type":"Feature","geometry":{"type":"Polygon","coordinates":[[[102.42916753778803,14.14999844866064],[102.43001924055908,14.146685402207403],[102.4333323631679,14.145833645715102],[102.43423753309486,14.142306577847958],[102.45221220618375,14.141098130241973],[102.45612280564735,14.138065968278626],[102.46210245972672,14.136531985285291],[102.46609781864392,14.131377293663064],[102.46666854567383,14.129165609169432],[102.46908988082089,14.129517807754471],[102.47257684094042,14.132978113672173],[102.48243596788005,14.133994810617443],[102.48454956766004,14.142235168958216],[102.48970874607596,14.141098106822952],[102.49362387162562,14.13806591341727],[102.50327777097165,14.136790619439832],[102.50416512045867,14.133334798447219],[102.50637687342602,14.133901100661012],[102.51445677756494,14.141098109450411],[102.52991201712295,14.14223517641308],[102.53528971425857,14.138065889530688],[102.54677185432732,14.13693336205384],[102.55612258394247,14.145267371442172],[102.56471084272698,14.14640002214305],[102.57695555148965,14.15776625832344],[102.5907653105322,14.158992512639594],[102.59166612243833,14.162501787863107],[102.59223239570183,14.173043087121405],[102.59943383667101,14.181123041721069],[102.60056646212489,14.189711281528272],[102.60456183184677,14.194865995863278],[102.61054590435837,14.196399869282214],[102.61445656482816,14.199432053017272],[102.61887550907144,14.200569169677609],[102.62707579643744,14.20787319810749],[102.63112464486046,14.204733966111112],[102.64045311883557,14.20360137891782],[102.64166596223698,14.208332428518702],[102.64583526822972,14.208332439626918],[102.64618749233227,14.21075817520608],[102.64964775659784,14.214240799076574],[102.65035231659172,14.23159114565796],[102.65798183291359,14.239242947568059],[102.65833409379803,14.241668730046813],[102.65769196331365,14.243800158375377],[102.6538794741506,14.249177770223524],[102.63827260842235,14.25076975132724],[102.63750118644475,14.258332330745151],[102.63112464486046,14.257766068597725],[102.62720956728363,14.25473381990745],[102.62425324128348,14.25360126831826],[102.61875068277311,14.257864145420383],[102.61471076320694,14.254733867976828],[102.61028733557724,14.253601270794897],[102.60513254765712,14.249605921553417],[102.60331775821803,14.242515929663316],[102.5977884315774,14.241097880357534],[102.59387780924266,14.238065702348297],[102.58945439042088,14.236933135134835],[102.58554370003586,14.233900951368593],[102.58001890229698,14.232482952332434],[102.57860092231773,14.226958143169508],[102.57460557535397,14.221798963042023],[102.56862143925792,14.220265004573903],[102.56471084272698,14.217232768425559],[102.56028740487945,14.216100190547303],[102.5563767413861,14.213068036372112],[102.5436237741638,14.211930948645993],[102.53554382559531,14.204733941211295],[102.53112483705168,14.203601336332431],[102.52720974012585,14.200569193005325],[102.52204615516816,14.199432097064678],[102.52083325630957,14.204167680668377],[102.51445677756494,14.203601368190224],[102.49804281183089,14.188065858101064],[102.49092157712568,14.186933209129666],[102.48429985688891,14.19206122405902],[102.48251619943643,14.199021868730014],[102.47823102096936,14.200569143600408],[102.46887580955175,14.192235133340231],[102.45090567069013,14.191026711342586],[102.44943418527335,14.185287771377284],[102.44640196909198,14.181377158606113],[102.44512663794326,14.171718792000016],[102.43821057122128,14.169944051901368],[102.43693078435521,14.160290131748274],[102.43389864012546,14.156374978232794],[102.43248063548099,14.150850202451108],[102.42916753778803,14.14999844866064]]]},"id":"00090000000000002966","properties":{"HYBAS_ID":4121586310,"NEXT_DOWN":4121586360,"ORDER":5,"SUB_AREA":151.2,"UP_AREA":151.3}},{"type":"Feature","geometry":{"type":"Polygon","coordinates":[[[102.4160488541333,14.187967741117687],[102.4173285798213,14.159335818314489],[102.42329044736668,14.157975849590649],[102.42881527980235,14.15242420248089],[102.42916753778803,14.14999844866064],[102.43248063548099,14.150850202451108],[102.43389864012546,14.156374978232794],[102.43693078435521,14.160290131748274],[102.43821057122128,14.169944051901368],[102.44512663794326,14.171718792000016],[102.44640196909198,14.181377158606113],[102.44943418527335,14.185287771377284],[102.45090567069013,14.191026711342586],[102.46887580955175,14.192235133340231],[102.47823102096936,14.200569143600408],[102.48251619943643,14.199021868730014],[102.48429985688891,14.19206122405902],[102.49092157712568,14.186933209129666],[102.49804281183089,14.188065858101064],[102.51445677756494,14.203601368190224],[102.52325897935057,14.204519946930445],[102.52880617041541,14.210040245651845],[102.52951962150624,14.214214019258387],[102.520846647315,14.222918195166946],[102.52881509837364,14.230908851309069],[102.52951962150624,14.243380970378583],[102.52501587734291,14.247915861079964],[102.52881509837364,14.251741795660308],[102.52951962150624,14.26837872337218],[102.52535477891553,14.272574687248168],[102.52464581757677,14.281591015146269],[102.51702073448769,14.289242814892305],[102.51666846706692,14.291668555797743],[102.51445677756494,14.292234861933547],[102.51054163800701,14.29526711527449],[102.50612265179889,14.296399718349106],[102.50221208559871,14.299431883447676],[102.49508639063583,14.300568923914385],[102.48970874607596,14.296399696055014],[102.48418392618076,14.294981735414794],[102.48219518605654,14.287236252361426],[102.47720992674257,14.291097793223823],[102.46862167152267,14.292234933585593],[102.46346694753962,14.296230236292601],[102.46193301524269,14.302209892659372],[102.45793762775479,14.307364612526186],[102.45416525855347,14.308332248345904],[102.44340989220096,14.307980001125419],[102.43785828511528,14.302455177952437],[102.43750162715915,14.29999817600606],[102.4333323631679,14.2999981704016],[102.43395216328315,14.277007049927507],[102.43688180762838,14.272993878505291],[102.438116902192,14.247840081337591],[102.44105102727474,14.243826892549967],[102.44228616726154,14.239505991084902],[102.44609872569063,14.234279957860533],[102.43406804275531,14.232531970865203],[102.432716939204,14.218673064669446],[102.42978285501178,14.2146599475068],[102.42847640305747,14.196828006304731],[102.4209494031776,14.194674215424865],[102.4160488541333,14.187967741117687]]]},"id":"00090000000000002967","properties":{"HYBAS_ID":4121119880,"NEXT_DOWN":4121119750,"ORDER":5,"SUB_AREA":125.5,"UP_AREA":268.6}},{"type":"Feature","geometry":{"type":"Polygon","coordinates":[[[102.00000133853639,14.220831275339968],[102.00066130937239,14.213397952173102],[102.00637785748003,14.211930967899447],[102.01028849261287,14.208898782304319],[102.01471191185679,14.20776610558266],[102.01862258791903,14.20473398309924],[102.03137559133603,14.203601332133294],[102.04778953679202,14.188065870285362],[102.05637780256144,14.186933177992808],[102.07695650052634,14.167232914799516],[102.0897095728001,14.166100298570944],[102.0936246137334,14.163068078270888],[102.1000011553654,14.162501843875033],[102.10035341801276,14.15588007147634],[102.10590946561527,14.150355253884483],[102.12325982188096,14.149646224657381],[102.13090720244053,14.14202116295563],[102.16004739701343,14.141312157208878],[102.16631247536887,14.14754595435367],[102.1670214425818,14.160758269034867],[102.17082059372531,14.164584215579927],[102.1670214425818,14.168410130158975],[102.16666468998704,14.18333476951687],[102.16193357449283,14.184547572826297],[102.16313308508032,14.203262405867704],[102.16666468998706,14.20416768639407],[102.1674361285787,14.211730266324363],[102.1813039275656,14.213143792061695],[102.19080625318342,14.221281679956572],[102.19230898271692,14.23228228080538],[102.18119694883099,14.233976724037143],[102.16368158919988,14.250243537075502],[102.16153670679616,14.257369162964196],[102.15541436046959,14.259210748619546],[102.15352375884282,14.262822682865863],[102.15768849942488,14.268699744247568],[102.15929825679885,14.274037261187411],[102.1646357852607,14.275642570374051],[102.1686980818849,14.278523115103651],[102.17296984562992,14.27980738483565],[102.17790613835086,14.28330777066549],[102.17916803743249,14.28749931144798],[102.17916803743249,14.295833416313787],[102.17859729287129,14.298045099845336],[102.17400884466088,14.303547599378447],[102.15195412714961,14.304733756499013],[102.1438787262925,14.311930760061795],[102.14091787775497,14.313067834027368],[102.13554460983057,14.308898519349968],[102.11371286025123,14.307765965552214],[102.11250002607078,14.312501544663318],[102.10506669718615,14.311837138231528],[102.10359960680421,14.306125016402344],[102.10056747916317,14.302209885325462],[102.09914945177127,14.296685064485422],[102.09251880789982,14.294981706103998],[102.0911007981614,14.289456869661317],[102.08710546506201,14.284302132399441],[102.07980585641255,14.282429325315116],[102.07859749721943,14.264454688064275],[102.07556528183247,14.26054408555369],[102.07428993377685,14.250885631961062],[102.0686224438281,14.249432019880084],[102.06471179031782,14.246399830236236],[102.06175544588397,14.245267178766426],[102.05637780256144,14.249431975663873],[102.05342133679042,14.250569080638678],[102.04679958553879,14.245436620431937],[102.04493570594211,14.238159365570558],[102.03112140880386,14.236933145394907],[102.0188767410278,14.22556684773715],[102.00612373383383,14.224434277333813],[102.00220863278155,14.221402055279873],[102.00000133853639,14.220831275339968]]]},"id":"0009000000000000296a","properties":{"HYBAS_ID":4121120030,"NEXT_DOWN":4121585580,"ORDER":5,"SUB_AREA":210.2,"UP_AREA":210.2}},{"type":"Feature","geometry":{"type":"Polygon","coordinates":[[[101.62499990979711,14.566665797409376],[101.62916465800038,14.5666658421376],[101.63001632621628,14.563352710571543],[101.63664700882613,14.561649277790448],[101.63806945642605,14.55612453357577],[101.64109724713816,14.552209441903734],[101.6425152414426,14.546684567250596],[101.6491503727147,14.544981183450348],[101.65056839062473,14.53945633206605],[101.65360054139299,14.535545771803113],[101.65513445002101,14.529561665858438],[101.66175180789365,14.524433616629803],[101.66471264563883,14.525566265313948],[101.66862324852576,14.528598463355289],[101.67304220843522,14.529735494321784],[101.67841989846241,14.53390031765282],[101.6897103758129,14.53276770413076],[101.6936209651447,14.529735561041466],[101.70220919520169,14.528598498250506],[101.70612425056284,14.525566234172821],[101.7105432416804,14.5244336660745],[101.71862312973711,14.517232201256919],[101.73971022241848,14.516099605357455],[101.74790604204229,14.50879555442819],[101.75195491487116,14.511934770996913],[101.75833141628605,14.51250113104483],[101.75923220761267,14.516005969145848],[101.76666550927358,14.516665932701589],[101.7659297175368,14.528362133455447],[101.75216002206855,14.541048297853818],[101.74104796294658,14.542666920238604],[101.74236790572968,14.56167163587405],[101.74783921105656,14.566050447162054],[101.77083480357442,14.566665772151753],[101.77145015034195,14.568828441050956],[101.77438420188231,14.57284168192933],[101.77561937406645,14.592136235451296],[101.77145015034195,14.59783934295842],[101.76990731357373,14.603239359166063],[101.76450725943839,14.604782230037133],[101.75506294038063,14.612978068811188],[101.75355128522796,14.62130320769306],[101.75776959898803,14.62708216968598],[101.75478204012339,14.631171144170754],[101.75335512712714,14.640999041916789],[101.73749856488939,14.641667858385425],[101.73693225391852,14.639456128430313],[101.73390001807859,14.635545516806872],[101.7324196029471,14.629766522737155],[101.6936209651447,14.628598253589981],[101.68554553676857,14.621401239750357],[101.68112213613539,14.620264190736034],[101.66471264563883,14.604733183838906],[101.65833162765958,14.604166871906369],[101.6574844150303,14.600849315374088],[101.65195517050739,14.599431242791786],[101.64804450241088,14.59639905688012],[101.63430602479978,14.595177324732125],[101.62556613137455,14.585545601840247],[101.62499990979711,14.566665797409376]]]},"id":"0009000000000000296b","properties":{"HYBAS_ID":4121117840,"NEXT_DOWN":4121116610,"ORDER":5,"SUB_AREA":145.1,"UP_AREA":145.1}},{"type":"Feature","geometry":{"type":"Polygon","coordinates":[[[101.7458325632472,14.42916494856929],[101.74618930747788,14.426712495959185],[101.75591016515185,14.417018337874454],[101.76078844631179,14.416309344701428],[101.77881207769532,14.398258969142113],[101.7795210976204,14.389242666221518],[101.78714614622935,14.381590855628671],[101.78785513548041,14.376743755594916],[101.79131538464551,14.373256722965282],[101.79201996793208,14.368409751713429],[101.79548018029956,14.364922721070775],[101.79583248530687,14.362501436232023],[101.79915005301724,14.361649755628498],[101.80084896015987,14.355019021083038],[101.80416651213399,14.354167306347616],[101.8050182200842,14.350849775237357],[101.80833138171144,14.34999811826519],[101.81471235054364,14.350568839855518],[101.81862291646847,14.35360101837687],[101.8241477685085,14.355019029892793],[101.82588682443341,14.36179244250779],[101.83554521149748,14.363067726064296],[101.83945585352063,14.3660999161502],[101.84804411717533,14.36723252677554],[101.851954699501,14.37026469471439],[101.85637817946643,14.371401803678214],[101.86041808954418,14.374532032701739],[101.86517149063768,14.370844368070372],[101.87026826150854,14.37695780830941],[101.87149455085888,14.390767682905404],[101.8772110699468,14.392234658819245],[101.8852909778927,14.399431682826943],[101.88749825578971,14.399997968518669],[101.8880690314633,14.402209690637308],[101.89954228098529,14.414570357265902],[101.89639858011871,14.418623628035053],[101.89526599330493,14.425744857521071],[101.89943079385313,14.43112255412086],[101.90056786364225,14.435545936808248],[101.903600022097,14.439456533824101],[101.90473261056802,14.44266270092085],[101.89073550558174,14.45763182995767],[101.88005600106695,14.459040920732779],[101.87831692507694,14.46581432610999],[101.87499939424876,14.466665988606247],[101.87278767763235,14.466099679293036],[101.86887702234543,14.463067545689386],[101.86335218200915,14.461649547572492],[101.86160424482168,14.454840442452834],[101.84925249030148,14.45360083427004],[101.8438793328347,14.457765668671653],[101.81445816182283,14.458902752920284],[101.80637827153645,14.466099725069757],[101.80195479919902,14.467232345235924],[101.79680011290532,14.471227632278818],[101.7952662068818,14.47721178922439],[101.78806918075361,14.485291710548124],[101.78693210283645,14.489710652151848],[101.78389989726467,14.493621275695318],[101.78248197693505,14.499150590484145],[101.77695713870708,14.500568585964055],[101.77304203675585,14.503600712790064],[101.77083480357442,14.504167032739659],[101.76732994277624,14.503266323543935],[101.76666550927358,14.49583298061334],[101.7625007267167,14.495832971355343],[101.76285300797849,14.493407252337319],[101.76701780453485,14.489211251106848],[101.76631321519629,14.464240281690905],[101.75001519426718,14.447915496008862],[101.7545189575524,14.44338058685434],[101.75381436536698,14.43924249422023],[101.74618487532528,14.431590688237666],[101.7458325632472,14.42916494856929]]]},"id":"0009000000000000296c","properties":{"HYBAS_ID":4121118020,"NEXT_DOWN":4121117920,"ORDER":5,"SUB_AREA":152.2,"UP_AREA":152.4}},{"type":"Feature","geometry":{"type":"Polygon","coordinates":[[[101.44583317651824,14.666665585372137],[101.44639953230524,14.660289091958145],[101.4660997850503,14.639710318720704],[101.46723237984821,14.635291389479752],[101.4755843136767,14.625918305816615],[101.48137666619859,14.624433478500553],[101.486361951145,14.620567446858626],[101.48749901976366,14.624999766476675],[101.48992481445761,14.624647480054477],[101.49757663721685,14.617017950949123],[101.52083524617689,14.616665744352174],[101.52199463921393,14.612135280535703],[101.53112239287589,14.620264211581528],[101.55416701959486,14.620834957027682],[101.55890264721252,14.622047877689537],[101.55776556306769,14.63554551186664],[101.55360075756748,14.640918719834719],[101.55517481414404,14.645021090808436],[101.55833184813106,14.645832659067699],[101.55890264721252,14.65637845033644],[101.56193478873361,14.660289064155625],[101.56306740809197,14.67795156660989],[101.55501876061189,14.680016120605211],[101.55360075756748,14.685545450433413],[101.55056851588682,14.689456055083074],[101.54943152431925,14.702209093026806],[101.54639931946117,14.70612419988074],[101.54526671104837,14.710543144272647],[101.54223445620737,14.714458265630123],[101.54109738382898,14.71887720943644],[101.53274996000744,14.72824581732981],[101.52585177541154,14.730016054579204],[101.5240993571393,14.736838440886585],[101.51424022420528,14.73785518122257],[101.51075766704685,14.741315430046589],[101.5083319825072,14.741667665534388],[101.50485829754325,14.740673339497471],[101.50346257960967,14.721641849273563],[101.49367488467915,14.720214932536038],[101.48025301498349,14.707974702827261],[101.47854957548465,14.702008410429652],[101.47053663366474,14.692773616189513],[101.4666660808675,14.691667758630349],[101.46631385732431,14.689242010367735],[101.44618541547743,14.66909133283558],[101.44583317651824,14.666665585372137]]]},"id":"0009000000000000296d","properties":{"HYBAS_ID":4121115480,"NEXT_DOWN":4121114810,"ORDER":5,"SUB_AREA":113.3,"UP_AREA":113.4}},{"type":"Feature","geometry":{"type":"Polygon","coordinates":[[[102.51666846706692,14.291668555797743],[102.51702073448769,14.289242814892305],[102.52464581757677,14.281591015146269],[102.52535477891553,14.272574687248168],[102.52951962150624,14.26837872337218],[102.52881509837364,14.251741795660308],[102.52501587734291,14.247915861079964],[102.52951962150624,14.243380970378583],[102.52881509837364,14.230908851309069],[102.520846647315,14.222918195166946],[102.52951962150624,14.214214019258387],[102.52880617041541,14.210040245651845],[102.52325897935057,14.204519946930445],[102.52083325630957,14.204167680668377],[102.52204615516816,14.199432097064678],[102.52720974012585,14.200569193005325],[102.53112483705168,14.203601336332431],[102.53554382559531,14.204733941211295],[102.5436237741638,14.211930948645993],[102.5563767413861,14.213068036372112],[102.56028740487945,14.216100190547303],[102.56471084272698,14.217232768425559],[102.56862143925792,14.220265004573903],[102.57460557535397,14.221798963042023],[102.57860092231773,14.226958143169508],[102.58001890229698,14.232482952332434],[102.58554370003586,14.233900951368593],[102.58945439042088,14.236933135134835],[102.59387780924266,14.238065702348297],[102.5977884315774,14.241097880357534],[102.60331775821803,14.242515929663316],[102.60513254765712,14.249605921553417],[102.61028733557724,14.253601270794897],[102.61471076320694,14.254733867976828],[102.61875068277311,14.257864145420383],[102.62425324128348,14.25360126831826],[102.62720956728363,14.25473381990745],[102.63112464486046,14.257766068597725],[102.63750118644475,14.258332330745151],[102.63827260842235,14.25076975132724],[102.6538794741506,14.249177770223524],[102.65769196331365,14.243800158375377],[102.65833409379803,14.241668730046813],[102.66178989969207,14.242556060307914],[102.66306518343119,14.252210005404457],[102.6702666404742,14.260289900813369],[102.67139925615065,14.264708889619197],[102.67443144971453,14.26862393809576],[102.67556857549,14.289711034637248],[102.67860070215056,14.293621658693342],[102.6791670490766,14.299998173956343],[102.6788147252248,14.302423961430385],[102.66078663021504,14.320478818426661],[102.64757431939636,14.321187850802007],[102.64409177464094,14.324648090791278],[102.64166596223698,14.325000405687586],[102.60416497756201,14.325000372047352],[102.60331775821803,14.32168279008236],[102.5977884315774,14.320264836980806],[102.59387780924266,14.31723258354122],[102.5811248039304,14.316100028908023],[102.57720966736662,14.3130677807429],[102.57279074041661,14.311930716081333],[102.568875624312,14.308898543082218],[102.56028740487945,14.307765935418114],[102.55491413996052,14.30360114490134],[102.5436237741638,14.304733720149184],[102.5397086006779,14.307765947723187],[102.5333321217226,14.308332283168589],[102.53241355981864,14.304751617660724],[102.52304498151129,14.296399711850222],[102.51751566110603,14.294981663163625],[102.51666846706692,14.291668555797743]]]},"id":"0009000000000000296e","properties":{"HYBAS_ID":4121586110,"NEXT_DOWN":4121119880,"ORDER":5,"SUB_AREA":142.8,"UP_AREA":142.9}},{"type":"Feature","geometry":{"type":"Polygon","coordinates":[[[101.48333422235048,14.462501195126439],[101.48579121112348,14.462139976679207],[101.49131159091506,14.456592918388711],[101.49202054726838,14.451741374667009],[101.4996456515128,14.444089609369914],[101.50035457926796,14.439242531884892],[101.50381484528859,14.435759954582501],[101.5041671121866,14.433334222816905],[101.50637888716511,14.432767934961184],[101.51028945063352,14.429735698805262],[101.51887774891011,14.428598680932616],[101.52278835844166,14.425566459599825],[101.53554585948963,14.424433861070911],[101.54091906149738,14.420264603209928],[101.54565459635847,14.4220839134796],[101.54943152431925,14.426957738626333],[101.55121508355643,14.433900535158882],[101.5938753561723,14.43276796084744],[101.59779039279111,14.429735741561322],[101.60000210940802,14.429164944864766],[101.60113922761032,14.433597325169591],[101.60612445419189,14.429735721455216],[101.61054343283125,14.428598653327514],[101.62278817722792,14.417232441065197],[101.62831742393857,14.415814438938222],[101.62916465800038,14.412501306572375],[101.63137635362177,14.413067607086779],[101.63529151305524,14.416099766402798],[101.64494540230227,14.417375079535068],[101.64639913306098,14.423042651148615],[101.65360054139299,14.431122499936622],[101.6547331274542,14.435545916137677],[101.65776531339674,14.439456595183357],[101.65833162765958,14.449997913575888],[101.6574844150303,14.453315422532375],[101.65416683287448,14.45416715723042],[101.65354254053914,14.465756390492777],[101.6477903718385,14.46723232691663],[101.63971043922294,14.474433727435482],[101.63112217722737,14.475566381239565],[101.62304233309588,14.482767842722984],[101.61862333925289,14.483900447977543],[101.61320553456862,14.4884175060735],[101.611934709163,14.498044742113207],[101.60890247996637,14.50195534838987],[101.60776544957871,14.506378773938067],[101.60473325635564,14.510289398891118],[101.6036006112913,14.514708368057347],[101.60056845397072,14.51862347163453],[101.59943134207666,14.523042447740284],[101.59639922084823,14.52695748207622],[101.59583289924012,14.537498825430163],[101.59362118550209,14.536932482223957],[101.58971055955922,14.53390032924916],[101.58529160811733,14.532767758485107],[101.57591851749093,14.524415802232031],[101.57443367954862,14.51862349171579],[101.56723225150972,14.510543572408995],[101.56595687602658,14.500889642324514],[101.56028940729169,14.499431449019928],[101.54673820236088,14.486852350196202],[101.54526671104837,14.481122406750854],[101.54223445620737,14.477211763985553],[101.54076745306715,14.471495218210363],[101.5259007720992,14.470170899512828],[101.52409042515572,14.463125465643412],[101.51250118516572,14.46250122140617],[101.51007545910787,14.462853478841382],[101.49825884809141,14.474647817477331],[101.48749901976366,14.475000096416416],[101.48418589197837,14.474148384402662],[101.48333422235048,14.47083526115824],[101.48333422235048,14.462501195126439]]]},"id":"00090000000000002970","properties":{"HYBAS_ID":4121118680,"NEXT_DOWN":4121118010,"ORDER":5,"SUB_AREA":120.5,"UP_AREA":120.6}},{"type":"Feature","geometry":{"type":"Polygon","coordinates":[[[102.7166680911619,15.725001995617802],[102.7199812244112,15.724150331955038],[102.72139917584748,15.718621067894643],[102.72860063115422,15.710545592652583],[102.72973319787592,15.693623374194402],[102.73276541254079,15.689712693435363],[102.73333175845806,15.679166911190999],[102.73750100420915,15.679166902480347],[102.73971274266556,15.679733229134962],[102.75195736979171,15.691099505499635],[102.75748225494476,15.692517470224725],[102.75890022019964,15.698042323877244],[102.76193239722946,15.701957384153001],[102.76346636313492,15.70793702663137],[102.76862103818182,15.71193239053087],[102.77526514837784,15.713635815654332],[102.77026648390643,15.720088121985217],[102.7713991006821,15.727209312685511],[102.77443124812888,15.731124333267415],[102.77590722137325,15.736863251765683],[102.79387738231931,15.738067202321158],[102.79778803076954,15.741099342891873],[102.81471033689934,15.742232005837332],[102.81862097065873,15.745264186562128],[102.82304436785613,15.746401230237936],[102.82695501278506,15.74943345659745],[102.83137845696568,15.750566040321809],[102.83528911276422,15.75359822430133],[102.84166559498325,15.754164590689529],[102.84201787931919,15.756590301636328],[102.84547811463084,15.760077281563525],[102.84618709525324,15.76421093322581],[102.84168341103202,15.76875025629077],[102.84547811463085,15.77257618704288],[102.84618709525324,15.781592498783517],[102.85381219480882,15.789244327335943],[102.85416442728145,15.791665630157022],[102.85359811732042,15.798042135608918],[102.84960277691127,15.803196796809292],[102.84251725775452,15.805016150979034],[102.84081393830331,15.811651319180214],[102.83418317799106,15.813350217830552],[102.8327651884257,15.818874991052251],[102.82556826134085,15.826954915529852],[102.82443117759722,15.83554312710281],[102.82043585103017,15.840697886845335],[102.81666783130825,15.841665532724306],[102.81604361267728,15.853259167591707],[102.81249859747416,15.854168809725978],[102.81153097992383,15.850396425041644],[102.80637627699208,15.846401030789725],[102.79778803076954,15.84526394120541],[102.79387738231931,15.842231787915777],[102.7878977860561,15.840697870209938],[102.78390237499369,15.83554318257162],[102.7824843725055,15.830018294872],[102.77539443984514,15.828198962633774],[102.7713991006821,15.823044297638978],[102.76998107285952,15.817519445855188],[102.76319429980158,15.815775915515388],[102.74223213909112,15.793877301255867],[102.74109945190652,15.789458377547904],[102.73806728526189,15.78554328367013],[102.73693472588442,15.781124276358538],[102.73390249129821,15.77720918169298],[102.73276541254079,15.756122111008377],[102.72556843635138,15.748042168329764],[102.72443135061448,15.743623208532547],[102.72139917584748,15.739712564999735],[102.72026660187016,15.735289136103022],[102.71723435940814,15.73137858117879],[102.7166680911619,15.725001995617802]]]},"id":"000900000000000029e0","properties":{"HYBAS_ID":4121104740,"NEXT_DOWN":4121580790,"ORDER":6,"SUB_AREA":137.3,"UP_AREA":137.4}},{"type":"Feature","geometry":{"type":"Polygon","coordinates":[[[102.67501556727356,15.864585249475372],[102.6788147252248,15.860759351988781],[102.6791670490766,15.845834735898244],[102.67973331110764,15.843623074562995],[102.68276554597294,15.839712434335066],[102.68390257766056,15.835288990259306],[102.70359847919813,15.814710236259799],[102.7047355381829,15.789458294470098],[102.70787028754523,15.785409461099272],[102.70056622980758,15.777209208947795],[102.69914826751946,15.771684335054227],[102.69206274592776,15.769865076499178],[102.68693474549946,15.763247724284858],[102.68806743529714,15.756122125184786],[102.69109962358306,15.752211459487446],[102.69223217844609,15.735289171640973],[102.69526438711841,15.731378529271666],[102.69583510994785,15.729166795028002],[102.69583510994785,15.725002016456152],[102.7166680911619,15.725001995617802],[102.71723435940814,15.73137858117879],[102.72026660187016,15.735289136103022],[102.72139917584748,15.739712564999735],[102.72443135061448,15.743623208532547],[102.72556843635138,15.748042168329764],[102.73276541254079,15.756122111008377],[102.73390249129821,15.77720918169298],[102.73693472588442,15.781124276358538],[102.73806728526189,15.78554328367013],[102.74109945190652,15.789458377547904],[102.74223213909112,15.793877301255867],[102.76319429980158,15.815775915515388],[102.76998107285952,15.817519445855188],[102.7713991006821,15.823044297638978],[102.77539443984514,15.828198962633774],[102.7824843725055,15.830018294872],[102.78390237499369,15.83554318257162],[102.7878977860561,15.840697870209938],[102.79387738231931,15.842231787915777],[102.79778803076954,15.84526394120541],[102.80637627699208,15.846401030789725],[102.81153097992383,15.850396425041644],[102.81306936216161,15.85637602944662],[102.81610152430416,15.860291139596125],[102.81723414101404,15.864710144891978],[102.82026632179512,15.8686207635953],[102.82154165790952,15.878279161956156],[102.82500191189607,15.879166519444233],[102.82464520263804,15.881592312521496],[102.82118495904105,15.885074827174433],[102.8204804270804,15.894091171855],[102.8166812563444,15.897917017709593],[102.82464520263804,15.905907798670754],[102.82535423463747,15.910759217837498],[102.82881442413758,15.914241804210596],[102.82951900551221,15.923258159719346],[102.83297922847073,15.926740647622534],[102.83333148709558,15.929166395405147],[102.83664912298346,15.930018115743069],[102.83750074986666,15.933331255213766],[102.82674098358432,15.93368794927667],[102.82325839039878,15.937148227629804],[102.81424213646787,15.937852726944687],[102.81041622900987,15.941651930922703],[102.80659026947784,15.937852758157414],[102.79166568076191,15.937500460990439],[102.79069805787935,15.933728088657574],[102.78541846785583,15.929634657311167],[102.77991148485752,15.93390200268744],[102.77695515866246,15.932764948528769],[102.77304449742216,15.929732732385547],[102.76445621587771,15.928600139251971],[102.76054561801432,15.925567930642966],[102.75481125046026,15.924096392539733],[102.74223213909112,15.91054518183526],[102.74045292102173,15.903597900847338],[102.71445634846742,15.904734974183961],[102.70907865988339,15.908899819247068],[102.70612227243267,15.907767210290645],[102.70221168718366,15.90473500596559],[102.68945414724494,15.903597913538679],[102.68137873814547,15.896400996182386],[102.6791670490766,15.895834680677428],[102.6788147252248,15.868406764305906],[102.67501556727356,15.864585249475372]]]},"id":"000900000000000029e1","properties":{"HYBAS_ID":4121104050,"NEXT_DOWN":4121104730,"ORDER":6,"SUB_AREA":198.4,"UP_AREA":198.4}},{"type":"Feature","geometry":{"type":"Polygon","coordinates":[[[102.54166621449536,14.86666519058184],[102.54201847122648,14.860074659711756],[102.54964801846374,14.852422820429187],[102.5503569592514,14.847544588871965],[102.56007333798654,14.83785494899133],[102.57083320950932,14.837498214915271],[102.5718007628988,14.841270646279588],[102.5784180827178,14.846398592652838],[102.59804259332964,14.845265945027856],[102.60739783371596,14.836931929485651],[102.61471076320694,14.838069017326216],[102.6186213891491,14.841101215470712],[102.62720956728363,14.842233759153137],[102.63112464486046,14.845266010676786],[102.63554361119134,14.846398575534677],[102.63945423882572,14.849430790072855],[102.6438777277559,14.850567857939678],[102.66029161468394,14.866098890922656],[102.66471063818238,14.86723595109178],[102.6686212825382,14.870268136935694],[102.67720947409437,14.871400736965045],[102.68112456924987,14.874432973279204],[102.69387760623862,14.875565554848627],[102.70612227243267,14.886931813793696],[102.71054574795777,14.888068870130844],[102.71445634846742,14.891101089651315],[102.72304457509526,14.892233726515926],[102.72695524169224,14.895265890447531],[102.73137862626321,14.896398460623153],[102.7352893073671,14.899430687183088],[102.7412689553022,14.900969091901272],[102.74526432542427,14.906123822395822],[102.74668231895471,14.911648652377178],[102.75221160458821,14.913066588105298],[102.76029145293747,14.920268095415144],[102.76471038993213,14.921400647988408],[102.76862103818182,14.924432843341847],[102.77720927191761,14.925565431802287],[102.78112436927395,14.928597671948125],[102.7897126346576,14.929734696004955],[102.7936232332416,14.932766961425088],[102.79804218878735,14.933899495399746],[102.80612210109737,14.94110096147356],[102.80833380936369,14.94166728735302],[102.81249859747416,14.941667253246298],[102.81249859747416,14.94583208432003],[102.80833380936369,14.945832084348227],[102.80798153713589,14.952422627934302],[102.80452125294812,14.955909689610262],[102.80416451750877,14.95833543579746],[102.8019572737556,14.957764662505477],[102.79804218878735,14.954732430511324],[102.78112436927395,14.953599823867593],[102.77720927191761,14.950567654871284],[102.77279030541573,14.949430607610925],[102.76875041008233,14.946300305568718],[102.76471038993213,14.94943059743663],[102.75904291222989,14.950888680343796],[102.75776763574433,14.960542627349874],[102.74941566588545,14.969915697740511],[102.74583502849612,14.970834248983333],[102.73528930736708,14.970267938606305],[102.73013451333154,14.966272631318414],[102.72827954780182,14.959039913929272],[102.71862115391421,14.957764677280748],[102.71471050212746,14.954732496075701],[102.70612227243267,14.95359988291279],[102.69387760623862,14.942233632555014],[102.6852894154632,14.941100998093711],[102.67720947409437,14.93389949961554],[102.6686212825382,14.932766934718263],[102.66471063818238,14.92973469422601],[102.65342015076092,14.928597691537139],[102.64804246926498,14.932766929351109],[102.64362355306802,14.933899519519047],[102.6397084043918,14.93693169253164],[102.62205043453054,14.938068831205687],[102.61969603728673,14.92890083537717],[102.61471076320694,14.932766918817464],[102.61028733557724,14.933899527304286],[102.60637664080764,14.936931752730171],[102.60195773584535,14.938068772069004],[102.59804259332964,14.941100948669472],[102.59166612243833,14.941667326538603],[102.5913138013314,14.93924153258663],[102.58785352747717,14.935758959020772],[102.58714453093975,14.91840858270451],[102.57951950304818,14.910756824735456],[102.57881047016602,14.89337972384644],[102.57325893812481,14.887854832209616],[102.56424259221865,14.887145856564015],[102.5607556392919,14.88368556299959],[102.55590852480213,14.882981018216745],[102.55242602681511,14.87952082946476],[102.54583541379934,14.879168501775228],[102.54583541379934,14.870834494827287],[102.54498372089847,14.867516914382128],[102.54166621449536,14.86666519058184]]]},"id":"000900000000000029e5","properties":{"HYBAS_ID":4121112920,"NEXT_DOWN":4121112670,"ORDER":6,"SUB_AREA":190.4,"UP_AREA":190.4}},{"type":"Feature","geometry":{"type":"Polygon","coordinates":[[[102.83333148709558,14.774999467427515],[102.83368822241631,14.772573687294864],[102.83714847889789,14.76909112188876],[102.838067071076,14.764458162190259],[102.84109925665469,14.760543041327871],[102.84223193600542,14.735291162778573],[102.84526405211052,14.731376112165647],[102.84640115943208,14.726957133082397],[102.84943338164992,14.723042015122452],[102.8509048464518,14.717303164866136],[102.8688750331299,14.716099188577589],[102.87279007932476,14.71306701148291],[102.8824128521641,14.711796185474336],[102.88693440306474,14.706378363715281],[102.88806699046786,14.697790131282973],[102.89109921671637,14.693875007137606],[102.89223175569698,14.689456079954468],[102.8952639995406,14.685545431242335],[102.89583472145209,14.670834877747096],[102.90320561949738,14.67149037041738],[102.90776729469218,14.67695720605997],[102.90918529630275,14.682482056771182],[102.915816001967,14.684185415379845],[102.91756842687133,14.691003415714125],[102.92500169721352,14.691667749591922],[102.92500169721352,14.69583254981127],[102.93554307959957,14.696398896403256],[102.93958300754117,14.699529173044967],[102.94469760383141,14.695569531088518],[102.94668190915894,14.703314922106943],[102.94999943487058,14.704166649560632],[102.95035168631671,14.706592400033536],[102.9538119745508,14.710074936248906],[102.95452098088514,14.71492650009684],[102.95798121288888,14.718409031532017],[102.95833348761747,14.741667676031112],[102.95487324552309,14.742555073743148],[102.95359798212978,14.75220901436195],[102.9464009948943,14.760288926148425],[102.94583468848245,14.770834670447845],[102.94227625094503,14.77174880585359],[102.94166543050368,14.787498352190413],[102.93507484494384,14.787146054606275],[102.93159225858594,14.783685827481683],[102.92674081856514,14.782981216278822],[102.91908894292503,14.775351717511978],[102.91424195890515,14.774647153013191],[102.91075936092557,14.7711869495432],[102.90174308210348,14.770477957086918],[102.89409121844311,14.762852888522625],[102.88924419033881,14.762148358064918],[102.88575713810202,14.758688055363855],[102.88161911157489,14.757979115228675],[102.87325833438857,14.766313175933748],[102.86424198161751,14.76702212465869],[102.85659023396354,14.7746471905048],[102.85174314627143,14.775351753772565],[102.84825613511899,14.778812023676485],[102.84411809131811,14.779520967578645],[102.83992656837293,14.775351768981285],[102.83333148709558,14.774999467427515]]]},"id":"000900000000000029e6","properties":{"HYBAS_ID":4121115110,"NEXT_DOWN":4121114370,"ORDER":6,"SUB_AREA":96.0,"UP_AREA":578.2}},{"type":"Feature","geometry":{"type":"Polygon","coordinates":[[[101.8829811517915,15.39338315023258],[101.88368573740931,15.385075846816642],[101.8878549575933,15.380879789535408],[101.88714599326599,15.37257697662009],[101.88368573740931,15.369089923952531],[101.88333340050717,15.362499370224798],[101.88554516277281,15.361933135507146],[101.89362500832478,15.354736081719942],[101.90220878163485,15.353599009808036],[101.90612388400676,15.350566875665997],[101.9116486852879,15.349148868509925],[101.91306668402723,15.34362406659307],[101.91619703677743,15.339584067414926],[101.9129597089386,15.335405883688233],[101.92140079983368,15.325939246305301],[101.920268121272,15.322791137453224],[101.91609893712724,15.31741345836823],[101.91723601075077,15.306123031629767],[101.92140079983368,15.300745291413886],[101.920268121272,15.28529011911274],[101.91609893712724,15.279912433091713],[101.91723601075077,15.26445718836235],[101.920268121272,15.260542046350597],[101.921534507534,15.250928212137529],[101.93112159471666,15.24223297288532],[101.9355450604358,15.2411003927759],[101.94362495269924,15.233898906766674],[101.9480438856696,15.232766333622708],[101.9573946678748,15.224432273641828],[101.97304164679643,15.225569301454222],[101.97767021104444,15.229154459167686],[101.9827669574579,15.223045449494021],[101.98333319044238,15.216664532765767],[102.00000133853639,15.216664529936274],[102.00035362447186,15.22325953798605],[102.00381391066873,15.226742099764872],[102.00451842152135,15.23158916333455],[102.01214794101585,15.239240923607994],[102.01250017954894,15.241666649429423],[102.00833542242259,15.241666694375706],[102.00776461476617,15.2438783615919],[102.00473246758858,15.247789038201109],[102.0035998664269,15.250745455791002],[102.00776461476617,15.25612310239491],[102.00890170284718,15.259079480273114],[102.00473246758858,15.264457140104208],[102.0035998664269,15.271770106326356],[102.01203642373844,15.281241240036726],[102.00890170284718,15.285290040572882],[102.00776461476617,15.28970904372361],[101.99941724681415,15.299082068463775],[101.9936248488181,15.300566929591707],[101.98554493325568,15.30776396584853],[101.98112149315412,15.308901028957848],[101.97304164679643,15.316098040170687],[101.96751680725184,15.317516011974176],[101.96581784501133,15.32415111973364],[101.96028858813723,15.325569100528043],[101.95220874378354,15.332766141648301],[101.9466838462682,15.334184142053399],[101.94526592346789,15.339708901858646],[101.93806889464936,15.347788818105952],[101.9369318603027,15.35221222746087],[101.92973487026869,15.360287728116608],[101.92859775050587,15.364711136275465],[101.92556557739697,15.368621780394509],[101.92414758657698,15.374151007191596],[101.9175169080163,15.375849941839274],[101.91609893712724,15.381379245082659],[101.91210356392816,15.386533997843857],[101.90501800074121,15.388348804506032],[101.90331463572429,15.394983957201804],[101.90000154653875,15.395831186366218],[101.90000154653875,15.404165291796197],[101.89166745149147,15.404165256850911],[101.89131517515133,15.40174399521684],[101.8829811517915,15.39338315023258]]]},"id":"000900000000000029e7","properties":{"HYBAS_ID":4121109660,"NEXT_DOWN":4121110310,"ORDER":6,"SUB_AREA":120.3,"UP_AREA":120.3}},{"type":"Feature","geometry":{"type":"Polygon","coordinates":[[[102.82139450304356,14.547915327175035],[102.8243821247619,14.543826296337366],[102.82500191189607,14.53333403707967],[102.82745889117054,14.532977305503978],[102.83297922847073,14.527425717905698],[102.83368822241631,14.522574231301679],[102.83714847889789,14.519091692668956],[102.83750074986666,14.516665874370641],[102.83992656837293,14.516313606961148],[102.84828290455602,14.507979567306085],[102.85659023396354,14.508688580867249],[102.86495098600082,14.517018215688921],[102.8690890502342,14.516313620961956],[102.87291938917312,14.512514445346042],[102.8857839159444,14.525352255026474],[102.89409121844311,14.52464768500216],[102.8975737717702,14.521187480059135],[102.90242526366347,14.520478400849353],[102.90662134947084,14.516313614058761],[102.91075936092557,14.517018208940147],[102.91424195890515,14.520478428064392],[102.92325820981681,14.521187443756796],[102.92674081856514,14.524647728784336],[102.93137821776203,14.525566271862928],[102.93945810546833,14.532767704910503],[102.94517026784506,14.534234761061665],[102.94583468848245,14.541668070546926],[102.9452639049053,14.543875362119756],[102.94223619705079,14.547790420045148],[102.94109905849054,14.550746846336406],[102.94603531542279,14.557114409465719],[102.94498738591632,14.561787564320104],[102.93421865917473,14.563210027514431],[102.93276505447369,14.568877524664408],[102.92973283005811,14.572788142975643],[102.92860020087963,14.57574452673787],[102.93276505447369,14.581122234799189],[102.93390211439713,14.58848865318889],[102.92043559136972,14.602994070585],[102.92720902081504,14.604733159714607],[102.93112403928846,14.607765366538555],[102.93554307959957,14.60890239356402],[102.93945810546833,14.611934578904632],[102.94387710004331,14.613067198079182],[102.95351321101695,14.621807027029964],[102.9547349749417,14.635545534901079],[102.95776721308142,14.639456178569203],[102.95889985265704,14.664712483231463],[102.96193201961616,14.668623169147182],[102.96249831366707,14.691667748738162],[102.9600770430219,14.692020050512097],[102.95452098088514,14.697544884163653],[102.95416871727467,14.70416664013324],[102.94999943487058,14.704166649560632],[102.94668190915894,14.703314922106943],[102.94469760383141,14.695569531088518],[102.93958300754117,14.699529173044967],[102.93554307959957,14.696398896403256],[102.92500169721352,14.69583254981127],[102.92500169721352,14.691667749591922],[102.91756842687133,14.691003415714125],[102.915816001967,14.684185415379845],[102.90918529630275,14.682482056771182],[102.90776729469218,14.67695720605997],[102.90320561949738,14.67149037041738],[102.89583472145209,14.670834877747096],[102.89498302975151,14.66751731768982],[102.88835233394462,14.66581392293564],[102.88664897516955,14.659183200553631],[102.88001830180835,14.657484310850604],[102.87860029406669,14.651955055312692],[102.87139884412966,14.643875100274714],[102.86986497518144,14.6378955218132],[102.86471020318095,14.633900093370661],[102.86249850007192,14.633333857481093],[102.86188317004971,14.606173453388438],[102.85894902870382,14.602160276954136],[102.85771393187483,14.589505292488889],[102.8547842817193,14.585492150014012],[102.85354905246433,14.577006481272809],[102.84645022134602,14.568828456877513],[102.84504112558146,14.559125441742388],[102.83533808234036,14.55771642141457],[102.83132492569948,14.55478227405059],[102.825113444088,14.553007557946762],[102.82139450304356,14.547915327175035]]]},"id":"000900000000000029e8","properties":{"HYBAS_ID":4121584460,"NEXT_DOWN":4121115110,"ORDER":6,"SUB_AREA":177.7,"UP_AREA":482.2}},{"type":"Feature","geometry":{"type":"Polygon","coordinates":[[[102.83306847775461,14.515528854271599],[102.83693451911243,14.510543569847108],[102.838067071076,14.507587166445495],[102.83380423841412,14.50208462213176],[102.83693451911243,14.49804474180452],[102.8382097707551,14.48838626258246],[102.8438772627886,14.486932647463435],[102.84778797813338,14.483900430746782],[102.85331724542979,14.48248242040711],[102.85501617937898,14.475851794080254],[102.86054543070246,14.474433762075007],[102.86603455858872,14.46985426176004],[102.86723410176243,14.451955412800231],[102.87026623894482,14.448044794153638],[102.87139884412966,14.431122548734448],[102.88693440306474,14.41470858168254],[102.88806699046786,14.410289580206364],[102.89109921671637,14.406378971948248],[102.89223175569698,14.389456711971311],[102.8952639995406,14.385546081386192],[102.89583472145209,14.383334332048667],[102.90217114640816,14.383936280676807],[102.91171364490334,14.392270353574363],[102.92110444232223,14.390678455836113],[102.91654726632137,14.384529333613743],[102.92083245770856,14.383334346477865],[102.92083245770856,14.379165046827682],[102.92325820981681,14.378812795040842],[102.93090999929683,14.371187748783179],[102.93575703999174,14.370478729743608],[102.93924413850506,14.367018489754464],[102.95416871727467,14.366666217648385],[102.95748179274588,14.367517912631564],[102.95889985265704,14.373042730056861],[102.96289514277308,14.378197450775023],[102.97017244813141,14.38006583007891],[102.97149673583426,14.39493243129033],[102.97942949873631,14.396970276632803],[102.97556791522392,14.401955552191497],[102.97443090223346,14.411283955385686],[102.98137817343492,14.413067632086532],[102.98690295691632,14.417678326917777],[102.98750047387438,14.437499002453109],[102.98507474905149,14.437851271026394],[102.97952316233658,14.443380575057166],[102.97916643268908,14.449997871539022],[102.96350159012421,14.45065787823738],[102.96188291046806,14.456325311272565],[102.95894887274339,14.460338564126042],[102.9577137131888,14.464659374983208],[102.95478408118468,14.468672600934456],[102.95336158946515,14.478460293543558],[102.93432572597895,14.479860496853078],[102.93271595719519,14.485492365319876],[102.92978631754009,14.48950555464649],[102.92916651413684,14.524999991071557],[102.92674081856514,14.524647728784336],[102.92325820981681,14.521187443756796],[102.91424195890515,14.520478428064392],[102.91075936092557,14.517018208940147],[102.90662134947084,14.516313614058761],[102.90242526366347,14.520478400849353],[102.8975737717702,14.521187480059135],[102.89409121844311,14.52464768500216],[102.8857839159444,14.525352255026474],[102.87291938917312,14.512514445346042],[102.8690890502342,14.516313620961956],[102.86495098600082,14.517018215688921],[102.85659023396354,14.508688580867249],[102.84828290455602,14.507979567306085],[102.83992656837293,14.516313606961148],[102.83750074986666,14.516665874370641],[102.83306847775461,14.515528854271599]]]},"id":"000900000000000029e9","properties":{"HYBAS_ID":4121585240,"NEXT_DOWN":4121584460,"ORDER":6,"SUB_AREA":157.8,"UP_AREA":304.6}},{"type":"Feature","geometry":{"type":"Polygon","coordinates":[[[101.9874980254471,14.629164581173757],[101.98838534708173,14.625708729424543],[101.99804383796035,14.624433471757131],[102.00195443185713,14.621401233004658],[102.00793850517886,14.619867332589116],[102.01193388021873,14.614712654755895],[102.01250017954894,14.600002069336643],[102.0158177950221,14.599150357856859],[102.01723577809155,14.593621037792408],[102.02026792842206,14.589710439526195],[102.02145855929615,14.56757548165334],[102.02721080271138,14.566099473179445],[102.03529070525308,14.558902470762401],[102.03970965881996,14.557765472078739],[102.04778953679202,14.550568436366307],[102.05000120722359,14.550002124495876],[102.05056753180213,14.552209425637392],[102.05359974567696,14.556124493877784],[102.05501770149579,14.561649315780956],[102.06164840989354,14.563352707620558],[102.06306638384952,14.568877502996695],[102.0702678473946,14.576957435274633],[102.07140044975442,14.585545685519286],[102.07870446274968,14.59374148176887],[102.07443263602424,14.59925293270743],[102.07567233155088,14.611604608286436],[102.08137549679873,14.613067208621837],[102.08529058644457,14.616099417708567],[102.0897095728001,14.61723199718152],[102.09778942538368,14.624433501240333],[102.10637763435918,14.625566046411231],[102.11028830401236,14.62859827948042],[102.11471170577404,14.629735301989117],[102.12279158068462,14.63693234311084],[102.12721060513573,14.638069430360801],[102.13112123632328,14.641101568913736],[102.13554460983057,14.642234187728278],[102.1436245423626,14.649431198676444],[102.15327845061232,14.650706467347744],[102.15513345506443,14.657939138159412],[102.1602881838218,14.661934524999392],[102.16249987027825,14.662500796501046],[102.16666468998704,14.66250077187328],[102.1670214425818,14.66492656234916],[102.17048171499206,14.668409082813328],[102.1708339429862,14.670834907109382],[102.17048171499206,14.673256126845688],[102.1628521599031,14.680908009068403],[102.16249987027825,14.691667829839973],[102.1602881838218,14.692234113297575],[102.15637755741926,14.695266313275388],[102.13675307711185,14.696398871900646],[102.13137539120106,14.692234067168583],[102.10612345048355,14.691101525325347],[102.10220839610466,14.688069281806547],[102.07695650052634,14.686932256576503],[102.07304589543355,14.68389999334482],[102.0686224438281,14.682767424191262],[102.06471179031782,14.679735239245115],[102.05612356128917,14.67859816975906],[102.04804367134984,14.671401185693615],[102.03945545669036,14.670264129454575],[102.03554481044968,14.667231885855767],[102.03001554311572,14.665813906330756],[102.02831663968605,14.659183206755715],[102.02278739379389,14.657765222375165],[102.00637785748003,14.64223417617928],[101.9936248488181,14.641101575792348],[101.98815800668957,14.63653993716585],[101.9874980254471,14.629164581173757]]]},"id":"000900000000000029ea","properties":{"HYBAS_ID":4121116250,"NEXT_DOWN":4121115580,"ORDER":6,"SUB_AREA":143.1,"UP_AREA":482.7}},{"type":"Feature","geometry":{"type":"Polygon","coordinates":[[[101.75416661741107,15.366668694272958],[101.75630257820967,15.3660220898374],[101.76036481333627,15.363141479063087],[101.76463659671876,15.361857284248902],[101.77286366221696,15.354807481724315],[101.77901723745592,15.352956898799995],[101.78689645795959,15.343753309717249],[101.78269149062818,15.337822718430779],[101.78457774123237,15.334210841591473],[101.7909230144849,15.332302376578108],[101.79243912071826,15.317440222112554],[101.80804599110776,15.315848289866064],[101.8118584803588,15.310466115854974],[101.81314270368173,15.302029556939168],[101.81602330621128,15.29796726443559],[101.81730749331825,15.28536583662926],[101.82019255796232,15.281303669266673],[101.82209661341227,15.274976174108033],[101.82703284629608,15.271475814339428],[101.83237035676869,15.269870515420315],[101.8333335361339,15.266668895910007],[101.83749833990703,15.26666887536972],[101.83749833990703,15.270833705722055],[101.84102989298526,15.27173890337725],[101.842233923741,15.28970905592947],[101.84953790533372,15.297909317489715],[101.8463987302758,15.301958172758166],[101.8452660682883,15.309079385168895],[101.84943090722777,15.314457071083783],[101.85056796336575,15.323045244381131],[101.85926317995462,15.332632389861633],[101.86887702234543,15.333898713573063],[101.88634775051925,15.35043755783496],[101.8880690314633,15.354914438857644],[101.88389971586123,15.360287729757978],[101.88333340050717,15.362499370224798],[101.88368573740931,15.369089923952531],[101.88714599326599,15.37257697662009],[101.8878549575933,15.380879789535408],[101.88368573740931,15.385075846816642],[101.8829811517915,15.39338315023258],[101.89131517515133,15.40174399521684],[101.89166745149147,15.404165256850911],[101.8666653463748,15.40416524286884],[101.86576903040653,15.407670098094991],[101.85195469950101,15.408900774838676],[101.84804411717533,15.411933028833019],[101.84583235427225,15.412499319151173],[101.84498066478099,15.409186165930905],[101.83945585352063,15.407768201418083],[101.83554521149748,15.404736048318483],[101.83112182010542,15.40359895246085],[101.82721113874186,15.400566778714323],[101.81445816182283,15.399434141469886],[101.81054305467116,15.396401954058074],[101.78945596473338,15.39526491522323],[101.7772113237404,15.383898610995095],[101.75833141628605,15.383332307630457],[101.75477308817834,15.382418190024806],[101.75416661741107,15.366668694272958]]]},"id":"000900000000000029eb","properties":{"HYBAS_ID":4121109230,"NEXT_DOWN":4121110560,"ORDER":6,"SUB_AREA":119.2,"UP_AREA":119.2}},{"type":"Feature","geometry":{"type":"Polygon","coordinates":[[[102.76193239722946,14.365680715385302],[102.77564416399579,14.350903262274118],[102.78137857921513,14.349431744939508],[102.78528916542083,14.3463996070201],[102.7990990077128,14.345173381141075],[102.80056607681038,14.339456786558648],[102.80359827019922,14.335541643819507],[102.8047353298217,14.315921660037677],[102.80056607681038,14.31054394635137],[102.79999975896388,14.29583334616109],[102.81471033689934,14.296399699261409],[102.81969561024835,14.30026573882141],[102.82083264866411,14.295833367500506],[102.83137845696568,14.29639970758712],[102.83945835636364,14.303601108072353],[102.8438772627886,14.304733747232346],[102.8492549463837,14.308898596830225],[102.86054543070246,14.307765973094117],[102.86445607820133,14.304733779342687],[102.87043575156297,14.303199853988325],[102.87443108698146,14.298045127016252],[102.87584904529437,14.292515820973103],[102.87916663479113,14.29166862130266],[102.88575713810202,14.292020851171888],[102.89547806384066,14.301714963393527],[102.89618698993262,14.31492277478768],[102.89964730131388,14.31840982724877],[102.90035186171013,14.32325681714922],[102.90381211762866,14.32674387816389],[102.90452109297999,14.335046729503398],[102.90035186171013,14.33924275259867],[102.89999958099469,14.341668476759175],[102.89362305747828,14.342234764139832],[102.88425442786338,14.350582210822523],[102.88276508117528,14.356379067616766],[102.87441765543593,14.365747634925357],[102.86737674856877,14.367553542765847],[102.86595880299177,14.378277743166523],[102.8602912268104,14.379735876794623],[102.8548689831211,14.384252894563375],[102.85359811732042,14.393875611433257],[102.8410190409679,14.407431332082648],[102.83528911276422,14.408902830751014],[102.81054555888174,14.43276792332317],[102.80612210109737,14.43390056240198],[102.80221144071875,14.436932758510828],[102.79999975896388,14.437499012906947],[102.79999975896388,14.433334227575772],[102.79654391891228,14.432446890238959],[102.79526420194892,14.422788478540223],[102.77406565660839,14.400702528596074],[102.76355556005103,14.3993157101001],[102.76193239722946,14.39508848587076],[102.76619974863416,14.389581501300288],[102.76306949468493,14.38554601872533],[102.76193239722946,14.365680715385302]]]},"id":"000900000000000029ec","properties":{"HYBAS_ID":4121118890,"NEXT_DOWN":4121585210,"ORDER":6,"SUB_AREA":135.2,"UP_AREA":278.5}},{"type":"Feature","geometry":{"type":"Polygon","coordinates":[[[102.08333302399535,14.495832951057297],[102.08417579851972,14.48773974853333],[102.08954453107727,14.483989585953267],[102.09925199067193,14.482478005174146],[102.10075921901922,14.463192398539915],[102.12499884661683,14.462501223285502],[102.12499884661683,14.458331968215527],[102.13137539120106,14.45776560313107],[102.13529044526106,14.45473343105628],[102.14910026930009,14.453507186123035],[102.15056736016186,14.4477906184255],[102.15359956722284,14.443875550698012],[102.15501751636641,14.438350692579276],[102.16054240640983,14.43693269289325],[102.16445745631825,14.433900500612088],[102.1708339429862,14.433334218925593],[102.17325969640346,14.433686482908868],[102.18125043818529,14.441654921598536],[102.18714088345594,14.435791155353646],[102.18785434823116,14.43090849038186],[102.19337914459896,14.4253569151517],[102.2100472780832,14.42464789039207],[102.22047717201278,14.435046529587769],[102.22083383713118,14.437499027894694],[102.2173736405305,14.438386386332951],[102.21609829811997,14.448044811689389],[102.2130661130794,14.451955463469021],[102.21193352749148,14.46887773069192],[102.20890128232256,14.472788341995859],[102.20776420096212,14.489710664068845],[102.20473207040887,14.493621310955344],[102.20359948311776,14.500746950226606],[102.20776420096212,14.506124597543488],[102.20833500945213,14.508331827061298],[102.20590926832845,14.508688534379832],[102.18368959783916,14.530881549543881],[102.18298052306133,14.53575975961631],[102.17952029327522,14.539242355181457],[102.17881133264149,14.54825860765903],[102.17535550952168,14.551741198992278],[102.17499872985195,14.554166929061807],[102.1708339429862,14.55416692709141],[102.16737374672228,14.553279558280858],[102.1660983727077,14.543621148512774],[102.15775096301408,14.53425256934863],[102.15195412714961,14.532767679018313],[102.14804353639734,14.529735526441776],[102.13529044526106,14.528598448456833],[102.11887653843102,14.513067385221332],[102.09674155922123,14.511876806286189],[102.0949802286137,14.505018762773348],[102.08945534064665,14.503600751450882],[102.0843006416448,14.499605402339547],[102.08333302399535,14.495832951057297]]]},"id":"000900000000000029ed","properties":{"HYBAS_ID":4121117480,"NEXT_DOWN":4121116320,"ORDER":6,"SUB_AREA":112.7,"UP_AREA":551.8}},{"type":"Feature","geometry":{"type":"Polygon","coordinates":[[[102.89583472145209,14.308332259746285],[102.89988806662689,14.307172859234031],[102.90354895308548,14.302160873652099],[102.90478417184484,14.297839990301625],[102.9077138170052,14.293826765397313],[102.90912733950545,14.28412821282472],[102.91882583272985,14.282714754076308],[102.92283902834662,14.279785053287373],[102.92978631754009,14.277800788770508],[102.92855119312685,14.243670799693897],[102.92555464409077,14.239577389270515],[102.93271595719519,14.231327997135699],[102.93395112432769,14.227007204373423],[102.93688077745193,14.222993947004268],[102.93750062055265,14.195833586737447],[102.93971230152506,14.196399856439987],[102.94362289520619,14.199432083295148],[102.95328138648487,14.200707399560095],[102.95501590860144,14.207480776575489],[102.95833348761747,14.208332458498303],[102.95924764972132,14.211890785788224],[102.9774229536168,14.21285394120254],[102.98090993685322,14.216314275227369],[102.9940910175746,14.217018737428068],[103.00174289783202,14.2246482684925],[103.00658987699441,14.225352842740794],[103.0142417532815,14.232977898076413],[103.01909318577583,14.2336868797343],[103.03090985776649,14.245481244058691],[103.03333113494789,14.24583346908443],[103.03297881832944,14.252424019736079],[103.02951855712587,14.25591108130447],[103.02916633942264,14.258332321437502],[103.02695460779076,14.258898615637278],[103.01470994262793,14.270264912981066],[103.01029091162988,14.27140196239696],[103.00221103905379,14.278598968515498],[102.9977876291098,14.279736061820516],[102.98841907406916,14.288083444261435],[102.9866488373612,14.294981686136817],[102.9811239775957,14.296399668391048],[102.97596926815908,14.300395062033214],[102.97443090223346,14.306379154873479],[102.97139868550826,14.310289757912606],[102.97026610457095,14.314708741520844],[102.96723390433962,14.318623823392853],[102.9661012745341,14.335541710771201],[102.95889985265704,14.343621586205627],[102.95776721308142,14.348044978310108],[102.9547349749417,14.35195562981338],[102.95416871727467,14.366666217648385],[102.93924413850506,14.367018489754464],[102.93575703999174,14.370478729743608],[102.93090999929683,14.371187748783179],[102.92325820981681,14.378812795040842],[102.92083245770856,14.379165046827682],[102.92083245770856,14.383334346477865],[102.91654726632137,14.384529333613743],[102.92110444232223,14.390678455836113],[102.91171364490334,14.392270353574363],[102.90217114640816,14.383936280676807],[102.89583472145209,14.383334332048667],[102.89618698993262,14.372574506178484],[102.89964730131388,14.369091938446548],[102.90035186171013,14.364240487978106],[102.90452109297999,14.360044441553928],[102.90381211762866,14.34757680522378],[102.90035186171013,14.34408980161154],[102.89999958099469,14.341668476759175],[102.90035186171013,14.33924275259867],[102.90452109297999,14.335046729503398],[102.90381211762866,14.32674387816389],[102.90035186171013,14.32325681714922],[102.89964730131388,14.31840982724877],[102.89618698993262,14.31492277478768],[102.89583472145209,14.308332259746285]]]},"id":"000900000000000029ee","properties":{"HYBAS_ID":4121585770,"NEXT_DOWN":4121585240,"ORDER":6,"SUB_AREA":147.1,"UP_AREA":147.1}},{"type":"Feature","geometry":{"type":"MultiPolygon","coordinates":[[[[102.21249981883244,14.59583279268309],[102.21132708924719,14.600412324225717],[102.20776420096212,14.597050150577472],[102.21249981883244,14.59583279268309]]],[[[102.21249981883244,14.59583279268309],[102.21285209401194,14.593407033946782],[102.22048162377294,14.585759688818744],[102.22083383713118,14.583333892171819],[102.22460630029299,14.582366325060152],[102.22973425288568,14.575744563285737],[102.22856151490001,14.546836171760884],[102.223045605567,14.542234393020633],[102.21609829811997,14.540450789005519],[102.21747620275642,14.53419459883787],[102.22083383713118,14.533334033956736],[102.22083383713118,14.529164783787838],[102.2440925277104,14.52881251997489],[102.24791843259703,14.525013380116246],[102.2517443822654,14.528812477469723],[102.26666448061229,14.529164799793687],[102.31882707299881,14.528549392224368],[102.32700507192311,14.521450517547388],[102.34484144195093,14.520139533372772],[102.34675890457005,14.513428633982219],[102.35215885893163,14.51188132127783],[102.360341301817,14.50478244525829],[102.37003987459336,14.503373297452317],[102.37144896599249,14.493674809408859],[102.37438301998267,14.489661583980796],[102.37561821780668,14.481171499512971],[102.37854783505121,14.477158262451754],[102.38032697117603,14.4709467117537],[102.38533900116651,14.46728581976094],[102.40632804650537,14.466050679381958],[102.41034120040675,14.463116532606028],[102.41908996425565,14.46214446884324],[102.42257696199322,14.458688711100416],[102.42499823078863,14.458331941465481],[102.42499823078863,14.479164853440517],[102.42149340677211,14.480065648441865],[102.42083344968746,14.487498892244533],[102.41840772293456,14.487851169119612],[102.41285611756517,14.493376006462434],[102.4121471574345,14.510757556588912],[102.40868688726239,14.514240143066424],[102.40797786585921,14.518382636305954],[102.41631196839924,14.52674350027676],[102.41702095465386,14.531590513620882],[102.42048121764253,14.535077504529816],[102.42118577027557,14.569091593644739],[102.42464598577735,14.572574097975457],[102.42535502427127,14.576716586273086],[102.41912118201006,14.582977178154488],[102.41007364071889,14.583686227249656],[102.40659113813476,14.587146476948263],[102.39757476314898,14.587855499736486],[102.38575817380705,14.599645319308117],[102.3809067065671,14.60035427925234],[102.3774241432151,14.603814580910136],[102.3725770559847,14.604519113605964],[102.36702106432504,14.610048380379995],[102.36666873814205,14.624999736038939],[102.35174418118125,14.624647466227877],[102.34825710345305,14.621187269352172],[102.33507601731556,14.620478252130612],[102.3315890213824,14.61701801482493],[102.32257717766191,14.616313404189057],[102.31458200469095,14.60834502126743],[102.31075607745012,14.612148656880454],[102.30174425430089,14.612853214339975],[102.29825725035552,14.616313452786505],[102.2934101824794,14.617018013250053],[102.28992317725819,14.620478256212525],[102.2559091674951,14.621187261013727],[102.2524265692757,14.624647539170267],[102.25000082110206,14.624999779752446],[102.24757512601455,14.62464751452223],[102.23785873367387,14.614953433379798],[102.23714529474378,14.610075133523402],[102.22328635562828,14.596189475900292],[102.21249981883244,14.59583279268309]]]]},"id":"000900000000000029ef","properties":{"HYBAS_ID":4121117690,"NEXT_DOWN":4121117420,"ORDER":6,"SUB_AREA":235.4,"UP_AREA":235.4}},{"type":"Feature","geometry":{"type":"Polygon","coordinates":[[[101.89583228520452,14.516665903653443],[101.90242279736096,14.51701820570244],[101.90590986084159,14.520478431908408],[101.91492618760624,14.521187440795105],[101.91912213648851,14.525352274947545],[101.92325574798983,14.524647724408469],[101.92745176332744,14.520478477426614],[101.93992387112931,14.521187455494731],[101.9482847241538,14.529521469175002],[101.95659198088347,14.528812518523857],[101.96078799822632,14.524647667149944],[101.96492609437335,14.525352226499807],[101.96875196595093,14.529151396060529],[101.97257344526,14.525352243022251],[101.97499912757175,14.5250000032136],[101.97499912757175,14.52083516999254],[101.97828109714472,14.520059243960867],[101.97964998584429,14.51566703586817],[101.97446855931463,14.509272695408086],[101.9755297855445,14.501919670259856],[101.98280258101101,14.49391557166176],[101.98386388959402,14.489416331419228],[101.98697183768279,14.485581530105934],[101.98802865806033,14.476917501881994],[101.99113663945276,14.473082692765662],[101.99219794320987,14.468583446583057],[101.99530587086734,14.464748574120739],[101.99659013087232,14.459277253111447],[102.00191880196057,14.454697773842861],[102.0041661219608,14.454167157358638],[102.00637785748003,14.45473344174691],[102.01028849261287,14.457765601749422],[102.03554481044968,14.458902731133408],[102.03945545669036,14.46193494064788],[102.04640278835734,14.463714097653332],[102.04526565395469,14.473042507417125],[102.04110085308281,14.478420170294568],[102.04223349921016,14.489710668485577],[102.0452656539547,14.49362123704051],[102.04679958553879,14.499605388241761],[102.05195433358074,14.503600744647079],[102.05416608907214,14.5041670424983],[102.05451829026671,14.506592818961437],[102.05797856881861,14.510075326712803],[102.05868761663915,14.527425718152854],[102.06248674509506,14.531251587206174],[102.05868761663915,14.535077552865998],[102.05797856881861,14.544089340264204],[102.05245817791587,14.549640955714345],[102.04778953679202,14.550568436366307],[102.03970965881996,14.557765472078739],[102.03529070525308,14.558902470762401],[102.02721080271138,14.566099473179445],[102.02145855929615,14.56757548165334],[102.02026792842206,14.589710439526195],[102.01723577809155,14.593621037792408],[102.0158177950221,14.599150357856859],[102.01250017954894,14.600002069336643],[102.01193388021873,14.614712654755895],[102.00793850517886,14.619867332589116],[102.00195443185713,14.621401233004658],[101.99804383796035,14.624433471757131],[101.98838534708173,14.625708729424543],[101.9874980254471,14.629164581173757],[101.96840857943216,14.628812264604681],[101.96492609437335,14.625352037339853],[101.95833546857145,14.624999811321898],[101.95776475231678,14.618623289091477],[101.95473253577399,14.614712637887408],[101.95350633324357,14.600898291932007],[101.95000143238939,14.60000205609982],[101.94964469682814,14.597576253881293],[101.94547993848992,14.593380291399681],[101.9461844148839,14.585077475843846],[101.9503537284258,14.580881463301347],[101.94964469682814,14.576743338784409],[101.9461844148839,14.573256397764451],[101.94547993848992,14.56004853460048],[101.93575905600166,14.550354409378409],[101.92674279656158,14.549645425933052],[101.91492618760624,14.537855562601244],[101.910043482303,14.537142058897984],[101.89618457650727,14.52325642636102],[101.89583228520452,14.516665903653443]]]},"id":"000900000000000029f0","properties":{"HYBAS_ID":4121584950,"NEXT_DOWN":4121116250,"ORDER":6,"SUB_AREA":161.8,"UP_AREA":339.6}},{"type":"Feature","geometry":{"type":"Polygon","coordinates":[[[102.2538000367207,14.509495685049531],[102.25833487027522,14.508331832243334],[102.25833487027522,14.504167077418476],[102.26882721297085,14.503547226581016],[102.27700512503829,14.496452844652243],[102.28240511413674,14.494905472326362],[102.28395240823359,14.489505534388124],[102.28688207236824,14.485492303487517],[102.28842488687094,14.480092338253334],[102.29382490595867,14.478549533710462],[102.30617210890621,14.467285809065965],[102.3104930355725,14.466050620109147],[102.32284024799341,14.45478253538595],[102.32824027242044,14.453239626235398],[102.32978304712302,14.447839644833143],[102.3327751662518,14.443741786937652],[102.3243831229528,14.434069987273553],[102.32654575241892,14.4289999834513],[102.33117433237392,14.425615554962695],[102.34093085318112,14.424197551682681],[102.34228636169401,14.410338662054958],[102.35355007246916,14.397995850939294],[102.35416541401729,14.39583318181291],[102.35659115630129,14.39548095970336],[102.36007377347912,14.392020676014754],[102.42499823078863,14.391668372256134],[102.42587674931518,14.383084587922443],[102.4311964531794,14.386856983986938],[102.43653398601829,14.388462271451177],[102.43750162715915,14.391668380984317],[102.43714488286673,14.427425898334176],[102.43368463520352,14.430908445985827],[102.43298009222774,14.435759972059039],[102.42951979686964,14.439242527203046],[102.42916753778805,14.454167180338363],[102.42584998964162,14.455018828306903],[102.42499823078863,14.458331941465481],[102.42257696199322,14.458688711100416],[102.41908996425565,14.46214446884324],[102.41034120040675,14.463116532606028],[102.40632804650537,14.466050679381958],[102.38533900116651,14.46728581976094],[102.38032697117603,14.4709467117537],[102.37854783505121,14.477158262451754],[102.37561821780668,14.481171499512971],[102.37438301998267,14.489661583980796],[102.37144896599249,14.493674809408859],[102.37003987459336,14.503373297452317],[102.360341301817,14.50478244525829],[102.35215885893163,14.51188132127783],[102.34675890457005,14.513428633982219],[102.34484144195093,14.520139533372772],[102.32700507192311,14.521450517547388],[102.31882707299881,14.528549392224368],[102.26666448061229,14.529164799793687],[102.2660981741019,14.526957495937761],[102.26306601645462,14.523042404334019],[102.26193344302922,14.518623467044721],[102.2538000367207,14.509495685049531]]]},"id":"000900000000000029f1","properties":{"HYBAS_ID":4121117950,"NEXT_DOWN":4121117750,"ORDER":6,"SUB_AREA":151.6,"UP_AREA":151.9}},{"type":"Feature","geometry":{"type":"Polygon","coordinates":[[[102.81185650145058,14.279486353004772],[102.81314069697275,14.272864535526118],[102.81730995336439,14.266987496718967],[102.81602580047046,14.260365676383936],[102.81310507343318,14.256249970835029],[102.81602580047046,14.252134153437705],[102.81743929074975,14.238239605270412],[102.83546743934632,14.236857289857255],[102.84369892360826,14.229807482772564],[102.85481105262218,14.228117436336893],[102.85352236961727,14.210365824682674],[102.84935754882336,14.204488720596327],[102.85124372916819,14.200881297668515],[102.85762914067747,14.19895939779853],[102.85905163948387,14.175767617389479],[102.86869665657458,14.167308691761525],[102.87083254019551,14.166666606669782],[102.87118929994915,14.169123612939917],[102.87674089631122,14.174648405407638],[102.87916663479113,14.175000700281212],[102.88992647637731,14.174648400256272],[102.89412247606701,14.17047911017821],[102.90659008858971,14.171188142985047],[102.91007713200167,14.174648383544673],[102.91908894292503,14.175352944933001],[102.9225759977698,14.17881317204709],[102.92916651413685,14.179165479383332],[102.9295187925396,14.181591196500179],[102.93714831880449,14.189243060319745],[102.93750062055265,14.199998343233213],[102.93688077745193,14.222993947004268],[102.93395112432769,14.227007204373423],[102.93271595719519,14.231327997135699],[102.92555464409077,14.239577389270515],[102.92855119312685,14.243670799693897],[102.92978631754009,14.277800788770508],[102.92283902834662,14.279785053287373],[102.91882583272985,14.282714754076308],[102.90912733950545,14.28412821282472],[102.9077138170052,14.293826765397313],[102.90478417184484,14.297839990301625],[102.90354895308548,14.302160873652099],[102.89988806662689,14.307172859234031],[102.89583472145209,14.308332259746285],[102.89547806384066,14.301714963393527],[102.88575713810202,14.292020851171888],[102.87916663479113,14.29166862130266],[102.87584904529437,14.292515820973103],[102.87443108698146,14.298045127016252],[102.87043575156297,14.303199853988325],[102.86445607820133,14.304733779342687],[102.86054543070246,14.307765973094117],[102.8492549463837,14.308898596830225],[102.8438772627886,14.304733747232346],[102.83945835636364,14.303601108072353],[102.83137845696568,14.29639970758712],[102.82083264866411,14.295833367500506],[102.82019059530506,14.293697512831722],[102.81730995336439,14.289635261748554],[102.81602580047046,14.285363413130492],[102.81185650145058,14.279486353004772]]]},"id":"000900000000000029f2","properties":{"HYBAS_ID":4121586080,"NEXT_DOWN":4121118890,"ORDER":6,"SUB_AREA":143.2,"UP_AREA":143.2}},{"type":"Feature","geometry":{"type":"Polygon","coordinates":[[[101.96250029149633,14.375000265000498],[101.9628525415589,14.364213728031668],[101.97674265325115,14.350354826622457],[101.97916842976576,14.349998084562484],[101.99583209940725,14.349998106726487],[101.99618881430742,14.356593101982252],[101.99964461100046,14.360075648770538],[102.00035806725437,14.364953948443667],[102.01007443550822,14.374647987060877],[102.01492597816913,14.37535253748024],[102.01840851427035,14.378812820702095],[102.0274248066824,14.379521800024026],[102.03090739750921,14.38298207855132],[102.03579011490125,14.383691084953549],[102.04547969366827,14.393407467774667],[102.0461887468182,14.398258952229458],[102.0538138018661,14.405910773171083],[102.05452273527797,14.410789051900482],[102.06840844556842,14.424647853034562],[102.07742471905912,14.425352398805313],[102.08125065703337,14.429151556714105],[102.0850765553432,14.42535239213072],[102.10732295942212,14.424402638533763],[102.1119337274705,14.418877802105188],[102.11335165959072,14.41334854609279],[102.11887653843102,14.411930503864454],[102.12279158068462,14.40890281714202],[102.1287712474944,14.407364454057133],[102.13276662488869,14.402209694101623],[102.13333294431747,14.38333436139155],[102.1357586527917,14.383686614787047],[102.15174013975405,14.399645729367624],[102.16075641098757,14.400354722657498],[102.16631247536887,14.405879542752798],[102.1670214425818,14.414922603866708],[102.17048171499206,14.418409629173775],[102.1708339429862,14.433334218925593],[102.16445745631825,14.433900500612088],[102.16054240640983,14.43693269289325],[102.15501751636641,14.438350692579276],[102.15359956722284,14.443875550698012],[102.15056736016186,14.4477906184255],[102.14910026930009,14.453507186123035],[102.13529044526106,14.45473343105628],[102.13137539120106,14.45776560313107],[102.12499884661683,14.458331968215527],[102.12499884661683,14.462501223285502],[102.10075921901922,14.463192398539915],[102.09925199067193,14.482478005174146],[102.08954453107727,14.483989585953267],[102.08417579851972,14.48773974853333],[102.08333302399535,14.495832951057297],[102.0809072612398,14.496185225100152],[102.07325990283641,14.503814813360904],[102.05416608907214,14.5041670424983],[102.05195433358074,14.503600744647079],[102.04679958553879,14.499605388241761],[102.0452656539547,14.49362123704051],[102.04223349921016,14.489710668485577],[102.04110085308281,14.478420170294568],[102.04526565395469,14.473042507417125],[102.04640278835734,14.463714097653332],[102.03945545669036,14.46193494064788],[102.03554481044968,14.458902731133408],[102.01028849261287,14.457765601749422],[102.00637785748003,14.45473344174691],[102.0041661219608,14.454167157358638],[102.00381391066874,14.451741423618525],[101.98298096025171,14.43088173949337],[101.98368550888758,14.422574382384244],[101.98785479981125,14.418378385467712],[101.9871457816066,14.410075521332798],[101.98368550888758,14.406593032553749],[101.98298096025171,14.385046582024122],[101.97742495179142,14.379521807803538],[101.96840857943216,14.378812779743189],[101.96492609437335,14.3753525131595],[101.96250029149633,14.375000265000498]]]},"id":"000900000000000029f3","properties":{"HYBAS_ID":4121585440,"NEXT_DOWN":4121117480,"ORDER":6,"SUB_AREA":156.9,"UP_AREA":439.0}},{"type":"Feature","geometry":{"type":"Polygon","coordinates":[[[101.99583209940725,14.349998106726487],[101.99825787115715,14.349645803079259],[102.0107834305091,14.337146918267079],[102.01909072847701,14.337851532221976],[102.0392414288951,14.357979864647904],[102.05659177708047,14.35868885565359],[102.06007434803233,14.362144682626369],[102.07304589543355,14.363067752992526],[102.08124167764235,14.370371721568729],[102.08529058644456,14.367232484507081],[102.10326076187229,14.366028533411471],[102.10473229475781,14.36028967576123],[102.1077644510964,14.356379025507183],[102.10930284075596,14.35039495985317],[102.11445758967588,14.34639954723522],[102.11887653843102,14.345267019129476],[102.12279158068462,14.3422347966449],[102.12499884661683,14.341668495782546],[102.12447268841797,14.343915869460409],[102.12030345617592,14.349057236997483],[102.12136471763071,14.352249926777732],[102.12863745734079,14.360253979869153],[102.12969426447103,14.368913609116337],[102.13293609303177,14.372917872438455],[102.12863745734079,14.378224229101901],[102.13007775969032,14.382567372831966],[102.13333294431747,14.38333436139155],[102.13276662488869,14.402209694101623],[102.1287712474944,14.407364454057133],[102.12279158068462,14.40890281714202],[102.11887653843102,14.411930503864454],[102.11335165959072,14.41334854609279],[102.1119337274705,14.418877802105188],[102.10732295942212,14.424402638533763],[102.0850765553432,14.42535239213072],[102.08125065703337,14.429151556714105],[102.07742471905912,14.425352398805313],[102.06840844556842,14.424647853034562],[102.05452273527797,14.410789051900482],[102.0538138018661,14.405910773171083],[102.0461887468182,14.398258952229458],[102.04547969366827,14.393407467774667],[102.03579011490125,14.383691084953549],[102.03090739750921,14.38298207855132],[102.0274248066824,14.379521800024026],[102.01840851427035,14.378812820702095],[102.01492597816913,14.37535253748024],[102.01007443550822,14.374647987060877],[102.00035806725437,14.364953948443667],[101.99964461100046,14.360075648770538],[101.99618881430742,14.356593101982252],[101.99583209940725,14.349998106726487]]]},"id":"000900000000000029f5","properties":{"HYBAS_ID":4121585530,"NEXT_DOWN":4121585440,"ORDER":6,"SUB_AREA":77.8,"UP_AREA":282.2}},{"type":"Feature","geometry":{"type":"Polygon","coordinates":[[[101.87499939424876,14.466665988606247],[101.87831692507694,14.46581432610999],[101.88005600106695,14.459040920732779],[101.89073550558174,14.45763182995767],[101.90473261056802,14.44266270092085],[101.903600022097,14.439456533824101],[101.90056786364225,14.435545936808248],[101.89943079385313,14.43112255412086],[101.89526599330493,14.425744857521071],[101.89639858011871,14.418623628035053],[101.89954228098529,14.414570357265902],[101.8880690314633,14.402209690637308],[101.88749825578971,14.399997968518669],[101.8880690314633,14.393621468006561],[101.89110118176852,14.389710836397844],[101.89237644597416,14.380052387169664],[101.89914985724181,14.378317803256017],[101.90056786364225,14.372788594441046],[101.91193409398967,14.360543839952692],[101.91336097487792,14.354974478564218],[101.9196171760311,14.353601004551457],[101.92173071692368,14.361837039218134],[101.9355450604358,14.363067698164741],[101.94069979123614,14.367063089696758],[101.94166734851244,14.370835492993828],[101.954166279587,14.370835454918785],[101.95748383633872,14.371682693399306],[101.95833546857145,14.37500025519445],[101.96492609437335,14.3753525131595],[101.96840857943216,14.378812779743189],[101.97742495179142,14.379521807803538],[101.98298096025171,14.385046582024122],[101.98368550888758,14.406593032553749],[101.9871457816066,14.410075521332798],[101.98785479981125,14.418378385467712],[101.98368550888758,14.422574382384244],[101.98298096025171,14.43088173949337],[102.00381391066874,14.451741423618525],[102.0041661219608,14.454167157358638],[102.00191880196057,14.454697773842861],[101.99659013087232,14.459277253111447],[101.99530587086734,14.464748574120739],[101.99219794320987,14.468583446583057],[101.99113663945276,14.473082692765662],[101.98802865806033,14.476917501881994],[101.98697183768279,14.485581530105934],[101.98386388959402,14.489416331419228],[101.98280258101101,14.49391557166176],[101.9755297855445,14.501919670259856],[101.97446855931463,14.509272695408086],[101.97964998584429,14.51566703586817],[101.97828109714472,14.520059243960867],[101.97499912757175,14.52083516999254],[101.97499912757175,14.5250000032136],[101.97257344526,14.525352243022251],[101.96875196595093,14.529151396060529],[101.96492609437335,14.525352226499807],[101.96078799822632,14.524647667149944],[101.95659198088347,14.528812518523857],[101.9482847241538,14.529521469175002],[101.93992387112931,14.521187455494731],[101.92745176332744,14.520478477426614],[101.92325574798983,14.524647724408469],[101.91912213648851,14.525352274947545],[101.91492618760624,14.521187440795105],[101.90590986084159,14.520478431908408],[101.90242279736096,14.51701820570244],[101.89583228520452,14.516665903653443],[101.89238540960228,14.515680445460418],[101.89093174526383,14.50080040423573],[101.88117519932769,14.499382424397306],[101.87573507715078,14.49503480460857],[101.87499939424876,14.487498900566386],[101.87499939424876,14.466665988606247]]]},"id":"000900000000000029f6","properties":{"HYBAS_ID":4121585230,"NEXT_DOWN":4121584950,"ORDER":6,"SUB_AREA":177.6,"UP_AREA":177.7}},{"type":"Feature","geometry":{"type":"Polygon","coordinates":[[[101.93749811234291,14.287499294074008],[101.93811791102675,14.281171880535318],[101.94104752925122,14.277158651475494],[101.94228273098746,14.272837814398692],[101.94521681674534,14.26882910974623],[101.94652337669024,14.246640610851202],[101.95632891890274,14.245213672448001],[101.96033761469161,14.242284002638627],[101.96589813776667,14.240696627682318],[101.96743651328461,14.230137448817052],[101.97083434177661,14.229165401786426],[101.97916842976576,14.229165365203594],[101.97916842976576,14.225000594372904],[101.98992378347171,14.224648322971603],[101.9934108248364,14.22118805039628],[102.00000133853639,14.220831275339968],[102.00220863278155,14.221402055279873],[102.00612373383383,14.224434277333813],[102.0188767410278,14.22556684773715],[102.03112140880386,14.236933145394907],[102.04493570594211,14.238159365570558],[102.04679958553879,14.245436620431937],[102.05342133679042,14.250569080638678],[102.05637780256144,14.249431975663873],[102.06175544588397,14.245267178766426],[102.06471179031782,14.246399830236236],[102.0686224438281,14.249432019880084],[102.07428993377685,14.250885631961062],[102.07556528183247,14.26054408555369],[102.07859749721943,14.264454688064275],[102.07980585641255,14.282429325315116],[102.08710546506201,14.284302132399441],[102.0911007981614,14.289456869661317],[102.09251880789982,14.294981706103998],[102.09914945177127,14.296685064485422],[102.10056747916317,14.302209885325462],[102.10359960680421,14.306125016402344],[102.10506669718615,14.311837138231528],[102.11250002607078,14.312501544663318],[102.1128522419127,14.323256838605726],[102.11631254615465,14.326743860591355],[102.11702598593456,14.331622103964742],[102.12257756311965,14.337146977235507],[102.12499884661683,14.337499190831707],[102.12499884661683,14.341668495782546],[102.12279158068462,14.3422347966449],[102.11887653843102,14.345267019129476],[102.11445758967588,14.34639954723522],[102.10930284075596,14.35039495985317],[102.1077644510964,14.356379025507183],[102.10473229475781,14.36028967576123],[102.10326076187229,14.366028533411471],[102.08529058644456,14.367232484507081],[102.08124167764235,14.370371721568729],[102.07304589543355,14.363067752992526],[102.06007434803233,14.362144682626369],[102.05659177708047,14.35868885565359],[102.0392414288951,14.357979864647904],[102.01909072847701,14.337851532221976],[102.0107834305091,14.337146918267079],[101.99825787115715,14.349645803079259],[101.99583209940725,14.349998106726487],[101.97916842976576,14.349998084562484],[101.97859768975432,14.347790867413194],[101.97556549379048,14.343875742119673],[101.97414745008884,14.338350930790979],[101.96751680725184,14.336647519568846],[101.96609878283246,14.33112269235444],[101.96306659172967,14.327212106137631],[101.96193399425471,14.31862381515141],[101.95473253577399,14.310543957828873],[101.95319860929055,14.3045642958566],[101.9480438856696,14.300568952999662],[101.94251911611383,14.299150985459237],[101.94110107438908,14.293621680303794],[101.93806889464936,14.289711006491672],[101.93749811234291,14.287499294074008]]]},"id":"000900000000000029f9","properties":{"HYBAS_ID":4121585810,"NEXT_DOWN":4121585530,"ORDER":6,"SUB_AREA":204.3,"UP_AREA":204.3}},{"type":"Feature","geometry":{"type":"Polygon","coordinates":[[[102.15352375884282,14.262822682865863],[102.15541436046959,14.259210748619546],[102.16153670679616,14.257369162964196],[102.16368158919988,14.250243537075502],[102.18119694883099,14.233976724037143],[102.19230898271692,14.23228228080538],[102.19080625318342,14.221281679956572],[102.1813039275656,14.213143792061695],[102.1674361285787,14.211730266324363],[102.16666468998706,14.20416768639407],[102.1670214425818,14.201741876126153],[102.17048171499206,14.198259358404579],[102.1708339429862,14.195833562272298],[102.18333279111874,14.195833600604672],[102.19484176544479,14.195213727679933],[102.19943466078963,14.189711234700061],[102.20085267780307,14.184181976259245],[102.20793814886332,14.182367140871941],[102.21193352749148,14.177212405683292],[102.21249981883244,14.175000675256168],[102.22812006092487,14.175687344171909],[102.23021578266967,14.182652520065291],[102.2658885933961,14.184025847801786],[102.26731104287879,14.197969537980347],[102.27852570680402,14.210365778503316],[102.2791677966232,14.21250168636456],[102.27973416973236,14.239711146499108],[102.28286442661556,14.243751124782698],[102.27973416973236,14.24779102099975],[102.2786015137333,14.252210016625526],[102.2755693642023,14.256120623238651],[102.27410226983477,14.261828243452937],[102.26175504412062,14.263067938960766],[102.25624804668664,14.258800529147086],[102.25221256135396,14.261930826194519],[102.23924101286113,14.262853847689497],[102.23368947633442,14.268378677223732],[102.23333276973496,14.275000458171144],[102.21341393859117,14.275597943682316],[102.21193352749148,14.281376975106282],[102.20890128232256,14.285287648690431],[102.20742538300787,14.291044270567186],[102.1845501621217,14.292234925082482],[102.18333279111874,14.287499363221063],[102.17916803743249,14.28749931144798],[102.17790613835086,14.28330777066549],[102.17296984562992,14.27980738483565],[102.1686980818849,14.278523115103651],[102.1646357852607,14.275642570374051],[102.15929825679885,14.274037261187411],[102.15768849942488,14.268699744247568],[102.15352375884282,14.262822682865863]]]},"id":"000900000000000029fe","properties":{"HYBAS_ID":4121120110,"NEXT_DOWN":4121585580,"ORDER":6,"SUB_AREA":112.8,"UP_AREA":112.8}},{"type":"Feature","geometry":{"type":"Polygon","coordinates":[[[101.30833237601847,14.037499856366585],[101.3086846520107,14.035074041517339],[101.31214491474508,14.031591472864235],[101.31285390830807,14.010076370293524],[101.3163141427093,14.00658933691364],[101.3170231659229,13.997541842959532],[101.32257471585235,13.992021489241687],[101.32742621404448,13.991312463751553],[101.33162221965165,13.987147671947609],[101.33992508315453,13.987852169407914],[101.34412109426265,13.99202146934023],[101.35242395684243,13.991312450793108],[101.35591092818841,13.98785223513758],[101.36075798366659,13.987147646884562],[101.36840980621749,13.979518169454364],[101.37325685999231,13.97881358141639],[101.37708278543745,13.975014454681736],[101.3809086835214,13.978813579342932],[101.3874992650654,13.979165837955504],[101.38714697128574,13.994090507112345],[101.38368671182317,13.997577499566015],[101.38298215223574,14.010049595286597],[101.39131178974561,14.018410399439716],[101.39202073799821,14.03159154672207],[101.39964584175429,14.039243295933495],[101.40035484874976,14.043381371559347],[101.39618558514387,14.047577403868951],[101.39583326092576,14.05416795928524],[101.39166851497617,14.054167937422516],[101.39063844076315,14.057588038742132],[101.37569601781577,14.059113098023742],[101.37435827930841,14.089635610816188],[101.36730845221417,14.097867115777765],[101.3660241605794,14.10031966507594],[101.37018896872316,14.10619670919543],[101.37147764307227,14.118802627934736],[101.37435827930841,14.122864870378091],[101.37564250446947,14.127136686465825],[101.37852308707153,14.131198924336758],[101.37981169525504,14.139635537164974],[101.38269231088049,14.143697768170878],[101.38333443141171,14.14999851861977],[101.3809086835214,14.14964624611767],[101.37742612486971,14.146185921237375],[101.36250151265195,14.145833654430751],[101.36028976931098,14.145267375319687],[101.35418084609057,14.140170638063662],[101.35776596885358,14.135542037634432],[101.35889855875907,14.13258570104803],[101.35473378691374,14.127212517069403],[101.35360115753399,14.12278904002346],[101.34960576103927,14.117634295382267],[101.34362170829276,14.116100418403278],[101.338235094512,14.111605643407946],[101.33693299869925,14.103418712349656],[101.34119588271764,14.097916163741507],[101.33806561249067,14.093876224414373],[101.33693299869925,14.081123211736324],[101.33390084226427,14.077212546661322],[101.33276818912498,14.072789122229201],[101.3255668029296,14.064709285900555],[101.3244341577726,14.060290271914665],[101.32140194812497,14.056375194774132],[101.32026493653547,14.051956210470294],[101.31723268052144,14.04804556696252],[101.31581472269565,14.042516330974077],[101.3091840362996,14.040817373305106],[101.30833237601847,14.037499856366585]]]},"id":"000900000000000053f8","properties":{"HYBAS_ID":4121123390,"NEXT_DOWN":4121123260,"ORDER":1,"SUB_AREA":99.7,"UP_AREA":9119.0}},{"type":"Feature","geometry":{"type":"Polygon","coordinates":[[[101.3660241605794,14.10031966507594],[101.36730845221417,14.097867115777765],[101.37435827930841,14.089635610816188],[101.37569601781577,14.059113098023742],[101.39063844076315,14.057588038742132],[101.39166851497617,14.054167937422516],[101.39583326092576,14.05416795928524],[101.39618558514387,14.047577403868951],[101.40035484874976,14.043381371559347],[101.39964584175429,14.039243295933495],[101.39202073799821,14.03159154672207],[101.39131178974561,14.018410399439716],[101.38298215223574,14.010049595286597],[101.38368671182317,13.997577499566015],[101.38714697128574,13.994090507112345],[101.38806555305794,13.964455287675309],[101.3961989229089,13.955331966320951],[101.38810564972891,13.953254000268172],[101.3874992650654,13.937500002409802],[101.3881591697164,13.93006666135157],[101.39387575341863,13.928599616320975],[101.39779080652897,13.925567453057637],[101.40416734104568,13.925001156602466],[101.40637909794927,13.925567450689957],[101.4102897000322,13.928599674643921],[101.41595721115281,13.930053313400785],[101.41723252520468,13.939711745322205],[101.42026468767912,13.943622379999404],[101.42140179376891,13.965449690541417],[101.41316131350864,13.967567769270998],[101.41193066149624,13.981377549903769],[101.408898489862,13.985288213798697],[101.40776585576134,13.994616644500521],[101.41470868029188,13.996400266290877],[101.42278858502421,14.00359727234302],[101.42721201165692,14.00473435034059],[101.43112264200346,14.007766531331797],[101.43664740838227,14.009184552406326],[101.43806542791661,14.014709358339669],[101.44526691055368,14.022789255174162],[101.44583317651824,14.025001001715179],[101.44999799327965,14.025000972080466],[101.45331555024485,14.02585261375513],[101.45416722774452,14.029165739340103],[101.4520045979068,14.029785575318684],[101.44650204165521,14.034186679736514],[101.44521786609141,14.063237786705391],[101.45360984092719,14.072909551758896],[101.4506178388727,14.077007502104333],[101.44938265751962,14.081328330895365],[101.44228373343218,14.089506328032853],[101.44104856720796,14.093827211041146],[101.43811897444314,14.097840337809929],[101.43688377247065,14.106963712318882],[101.44490566311973,14.109260102441205],[101.44645299659399,14.114660136445144],[101.45360984092719,14.122909409860336],[101.44973040278646,14.12822025101293],[101.46049471914883,14.12978537449645],[101.47391215572034,14.142025601196423],[101.47500019938644,14.145833645150125],[101.47257441452852,14.146185935406967],[101.46909189775273,14.149646219334809],[101.46424032203,14.150355185164509],[101.45451949571599,14.16004931215808],[101.45381496099888,14.181591249433469],[101.45035475281959,14.185073747031563],[101.44964574104527,14.189925235119624],[101.44412537653237,14.195476872749829],[101.43924267824175,14.19618586219589],[101.43575558947512,14.199646152412557],[101.42916505532723,14.199998369112892],[101.4281974089969,14.196230438894892],[101.42304276285006,14.192235059716875],[101.41445452347227,14.191097977712069],[101.3980450079051,14.175566973425948],[101.39251568834281,14.174148978183872],[101.39109770325216,14.168624194827805],[101.38806555305794,14.16470906624918],[101.38693289366304,14.160290054407133],[101.3839006959309,14.156374993305185],[101.38269231088049,14.143697768170878],[101.37981169525504,14.139635537164974],[101.37852308707153,14.131198924336758],[101.37564250446947,14.127136686465825],[101.37435827930841,14.122864870378091],[101.37147764307227,14.118802627934736],[101.37018896872316,14.10619670919543],[101.3660241605794,14.10031966507594]]]},"id":"000900000000000053f9","properties":{"HYBAS_ID":4121586910,"NEXT_DOWN":4121123390,"ORDER":1,"SUB_AREA":174.9,"UP_AREA":9019.2}},{"type":"Feature","geometry":{"type":"Polygon","coordinates":[[[101.5041671121866,14.02083173759668],[101.50482266306054,14.010379550917666],[101.51184575827891,14.002121347204614],[101.51348220902447,13.996814996561366],[101.51878852039626,13.99517847458754],[101.52704235822155,13.988155437060508],[101.54607821875814,13.986666083636013],[101.54232370521544,13.981288417850372],[101.54166817350054,13.975001103938155],[101.54202048441303,13.960076443709884],[101.5496455116205,13.952424666676215],[101.5503545266551,13.939212328069761],[101.5559105850308,13.933687527780759],[101.56075759269886,13.932978526187929],[101.56840943516761,13.925353406126609],[101.57083515802108,13.925001206171995],[101.57118739579606,13.92742246081033],[101.5746477190787,13.930909454864807],[101.57535222202337,13.935756494744671],[101.58298172606273,13.943408363321666],[101.58368628621045,13.948259869565058],[101.58714659702584,13.951742362086287],[101.58786003651801,13.956625104709895],[101.59340710642542,13.962145449407709],[101.60000210940802,13.962502204789741],[101.60331526064242,13.963349433481483],[101.60416697565857,13.966666980707204],[101.60833175006879,13.966666995455451],[101.60890247996637,13.968878725871201],[101.611934709163,13.972789327648286],[101.6130672723095,13.981377570421849],[101.61609953729011,13.985288238025891],[101.61723214621063,13.989711610646353],[101.6202642733193,13.993622266728465],[101.62140135482356,14.002210523403662],[101.62443360452404,14.006121152685312],[101.62556613137455,14.010544563558351],[101.62859832987118,14.01445517630524],[101.6297354164246,14.018878626695482],[101.6327676505939,14.022789218254324],[101.6339002688905,14.031377513400578],[101.64639913306098,14.044843981110022],[101.64526646458748,14.048045630623726],[101.64109724713816,14.05341878609088],[101.6424037667476,14.061605712679674],[101.6477903718385,14.06610049813805],[101.6534578836626,14.0675541357643],[101.65487587377089,14.078278316138334],[101.66185435947133,14.0800708420847],[101.67443345773616,14.093622104317518],[101.67585147435007,14.099146929707288],[101.67916453969598,14.09999855154852],[101.67881228047598,14.10242435908821],[101.67329197191678,14.107975903637284],[101.67083500625826,14.10833261031568],[101.66993419711807,14.104827760811633],[101.65512559346985,14.103512382766787],[101.65056839062473,14.098045457036],[101.6490344628521,14.09206141712385],[101.64387525976451,14.088066046627723],[101.63835038888735,14.086648022825004],[101.63661132851867,14.079874671295013],[101.6269574368371,14.078599352354566],[101.60934398198239,14.061931224420904],[101.59779039279111,14.063068280546887],[101.58971055955922,14.070265283560298],[101.57499996994633,14.070831627694432],[101.57434448931282,14.050863722190009],[101.56882855363817,14.046449218516287],[101.56450766411788,14.045214069382913],[101.55625834748004,14.038057187868539],[101.55136228366257,14.041633446997094],[101.54645283634304,14.03549322060612],[101.54488316400642,14.024733392804299],[101.5379671609086,14.029785544208412],[101.52700662926145,14.028550453178026],[101.5229934447701,14.025616328362675],[101.51450781132715,14.024381189881002],[101.51049459852305,14.02145149398619],[101.5041671121866,14.02083173759668]]]},"id":"000900000000000053fc","properties":{"HYBAS_ID":4121587260,"NEXT_DOWN":4121587250,"ORDER":1,"SUB_AREA":137.4,"UP_AREA":8043.6}},{"type":"Feature","geometry":{"type":"Polygon","coordinates":[[[100.95776675176566,14.025745638506775],[100.95986699730747,14.020265419227046],[100.96581092920843,14.021656668684471],[100.96758125437229,14.028563763834429],[101.00221064296603,14.029732061829366],[101.0062594804284,14.032871238757911],[101.01457567949932,14.025460241903938],[101.0186245182468,14.028599480132588],[101.02720831751155,14.029732041116493],[101.03258602659263,14.033901323570612],[101.04387645213411,14.032764289849014],[101.04779153895825,14.029732061184916],[101.05833281093871,14.029165808494763],[101.05833281093871,14.03333498517775],[101.06250208011252,14.033335031388114],[101.06311743429265,14.035493202756074],[101.06604708815541,14.039506392550592],[101.06747396692116,14.04929411525221],[101.08549320102932,14.050618490566274],[101.08950640950152,14.053548146595714],[101.09382725612528,14.054783278782606],[101.0978404628956,14.057717393678569],[101.10416791569111,14.058332716199814],[101.10452023967694,14.060758480273117],[101.10798050885185,14.064241056583064],[101.10868501294355,14.069092591696565],[101.11214525721707,14.072575114313342],[101.11285428219297,14.07742665239397],[101.11837466263115,14.082973695801705],[101.1232573331619,14.083687188659935],[101.14131228317686,14.1017153458441],[101.14166456843492,14.112501933981603],[101.13945723455167,14.113068217968664],[101.13554217289384,14.116100419191977],[101.1258882189563,14.1173756939765],[101.12410014171655,14.124340809167862],[101.11029033062967,14.125567109379832],[101.1063752291975,14.128599277616624],[101.1019562482379,14.129731863561716],[101.09804562632422,14.132764057308908],[101.09508478691986,14.133901116411733],[101.08846747667208,14.128768713306739],[101.08664814059779,14.121683171132453],[101.08001741836418,14.119984236595464],[101.07831409628555,14.113349127801749],[101.07168342463729,14.111650213611084],[101.07026537534036,14.10612095899543],[101.06574833537213,14.100703140292776],[101.05612115040417,14.099432287044024],[101.05221047390509,14.096400060574332],[101.04906236882404,14.095267474464194],[101.03971160871652,14.103601522894515],[101.03418232054312,14.10501950208073],[101.03333511395361,14.108332610152862],[101.03001754923852,14.107480983743603],[101.02916589220966,14.104167888115423],[101.02500107814811,14.104167813762745],[101.02443480223775,14.097791298719295],[101.02140261212365,14.093876222585976],[101.02026553301395,14.08112323742193],[101.01723330122955,14.077212596673943],[101.01610067125782,14.072789134501615],[101.01306848400479,14.0688785634713],[101.01165051664795,14.063349199848297],[101.00501535167218,14.061650337307194],[101.0030310935547,14.053900394665314],[100.99657878454477,14.05889902524894],[100.96862466636838,14.057766450989108],[100.96470960164345,14.054734275586561],[100.96249784431255,14.05416796919821],[100.96193150466547,14.031123340687772],[100.95776675176566,14.025745638506775]]]},"id":"00090000000000005f20","properties":{"HYBAS_ID":4121122960,"NEXT_DOWN":4121123020,"ORDER":2,"SUB_AREA":108.8,"UP_AREA":2173.3}},{"type":"Feature","geometry":{"type":"Polygon","coordinates":[[[101.25416768168543,14.054167908795307],[101.26054413250132,14.053597216369008],[101.26601105098429,14.049039979450999],[101.26723281518635,14.035288108559241],[101.27026501784272,14.03137752262647],[101.2714020636693,14.026954072954876],[101.27443422073523,14.023043437566946],[101.27556690260646,14.018624444090992],[101.28211731671352,14.011931316388354],[101.28333460757237,14.016666911968057],[101.28575591098893,14.017019153775289],[101.2892429753172,14.020479427284513],[101.29166866206184,14.020831728430718],[101.29202537805746,14.023288629074742],[101.30591104229443,14.037147524244652],[101.30833237601847,14.037499856366585],[101.3091840362996,14.040817373305106],[101.31581472269565,14.042516330974077],[101.31723268052144,14.04804556696252],[101.32026493653547,14.051956210470294],[101.32140194812497,14.056375194774132],[101.3244341577726,14.060290271914665],[101.3255668029296,14.064709285900555],[101.33276818912498,14.072789122229201],[101.33390084226427,14.077212546661322],[101.33693299869925,14.081123211736324],[101.33806561249067,14.093876224414373],[101.34119588271764,14.097916163741507],[101.33693299869925,14.103418712349656],[101.338235094512,14.111605643407946],[101.34362170829276,14.116100418403278],[101.34960576103927,14.117634295382267],[101.35360115753399,14.12278904002346],[101.35473378691374,14.127212517069403],[101.35889855875907,14.13258570104803],[101.35776596885358,14.135542037634432],[101.35418084609057,14.140170638063662],[101.36028976931098,14.145267375319687],[101.36250151265195,14.145833654430751],[101.3616007403885,14.14933853270398],[101.34779095212676,14.15056923382642],[101.32982071990283,14.167647610501898],[101.32916526733362,14.175000678938757],[101.32500043547074,14.175000639043665],[101.32464818838184,14.18159117637908],[101.3170186658207,14.189243003168448],[101.31666644691286,14.191668759292378],[101.31028985560869,14.19109799141789],[101.30221001653044,14.18390101909552],[101.29362174756062,14.182763972157948],[101.28137705267723,14.17140218600614],[101.27585228096164,14.169984217868702],[101.27443422073523,14.164454906840124],[101.2714020636693,14.160544289772332],[101.27047901847338,14.101742112253088],[101.26285399549496,14.094090276667536],[101.26214501250038,14.085073942838624],[101.25798021821264,14.080877999147711],[101.25868467395254,14.076744340171556],[101.26285399549496,14.072548371698202],[101.26214501250038,14.068410270862945],[101.25868467395254,14.06492331302997],[101.25798021821264,14.060076266251151],[101.25451993861701,14.05658924961793],[101.25416768168543,14.054167908795307]]]},"id":"00090000000000005f21","properties":{"HYBAS_ID":4121123200,"NEXT_DOWN":4121587400,"ORDER":2,"SUB_AREA":126.8,"UP_AREA":258.3}},{"type":"Feature","geometry":{"type":"Polygon","coordinates":[[[100.86610103762095,14.100747692577608],[100.86733621240667,14.088449508451973],[100.87278964196892,14.083901204044194],[100.87854189929978,14.082425240292945],[100.87916615614299,14.070831585582424],[100.88293857760102,14.07179922284866],[100.88693395610528,14.076953970082657],[100.88840987528638,14.082710673384017],[100.9105448563973,14.083901193214011],[100.92278957444981,14.095267463346072],[100.93554256185429,14.096400093040641],[100.93945764269202,14.099432270472676],[100.94387661093981,14.100569357400213],[100.94925432170507,14.104734116634736],[100.95221069535947,14.10360155303644],[100.95612137023456,14.10056936756723],[100.96306858492262,14.09878571531095],[100.96193150466549,14.093622031537693],[100.95776675176566,14.088248849531102],[100.95889938524667,14.08112323948062],[100.96202963087536,14.077083250241282],[100.95776675176566,14.071580694409672],[100.9589795737207,14.055068650450377],[100.96249784431255,14.05416796919821],[100.96470960164345,14.054734275586561],[100.96862466636838,14.057766450989108],[100.99657878454477,14.05889902524894],[101.0030310935547,14.053900394665314],[101.00501535167218,14.061650337307194],[101.01165051664795,14.063349199848297],[101.01306848400479,14.0688785634713],[101.01610067125782,14.072789134501615],[101.01723330122955,14.077212596673943],[101.02026553301395,14.08112323742193],[101.02140261212365,14.093876222585976],[101.02443480223775,14.097791298719295],[101.025567357377,14.114709198385935],[101.02942898181216,14.119694476059626],[101.02278931628918,14.121402296827435],[101.0172690196669,14.12600408183242],[101.01666698458273,14.14166892647948],[101.0091043357709,14.142440313961275],[101.00769082633528,14.1563036425609],[101.00481029884793,14.160365903730748],[101.00352159021821,14.175321693454263],[101.00769082633529,14.181198814211392],[101.00897501842282,14.18782061789689],[101.00481029884793,14.193697650313483],[101.00352159021821,14.202718394615706],[101.01153456793897,14.205130799152927],[101.0125021917924,14.20833245667088],[101.00619702343643,14.20897459124762],[100.9929580035669,14.220956163640825],[100.9906347616486,14.213246397420122],[100.97457759168319,14.211605433097935],[100.9826886372529,14.202134306405187],[100.98397732588458,14.197282771357525],[100.97703006511824,14.195191445761134],[100.97291872783785,14.192270775073455],[100.96880299609826,14.195191484691646],[100.96217682037826,14.196475656487598],[100.95629967673709,14.192310932100552],[100.94728337037515,14.191022198339324],[100.94583421549305,14.19583357887554],[100.94166490301059,14.195833627775501],[100.94166490301059,14.199998390824419],[100.93750016846467,14.19999837305384],[100.93685803046495,14.19786691129232],[100.93397747085142,14.193800193192335],[100.93236766749989,14.188462701328564],[100.92703012405413,14.186857375251808],[100.92296790508784,14.183976861912685],[100.91302861293639,14.182460732296214],[100.89647639732354,14.16463327881223],[100.89519216007146,14.160365927714166],[100.89231156442871,14.156303679494329],[100.89102290283058,14.147867038082309],[100.88814234708254,14.143800330202502],[100.88660844706115,14.12874642281983],[100.87563458427603,14.138141754230471],[100.87173728298697,14.136331308226303],[100.8701900366498,14.131198921818125],[100.86730942240732,14.127136638222968],[100.86666732609724,14.125000771468573],[100.87139838728099,14.12378343186131],[100.87026575732257,14.114455011278633],[100.86713550294881,14.110415087580956],[100.87036387555372,14.106250206155519],[100.86610103762095,14.100747692577608]]]},"id":"00090000000000005f23","properties":{"HYBAS_ID":4121122200,"NEXT_DOWN":4121122960,"ORDER":2,"SUB_AREA":186.3,"UP_AREA":1377.6}},{"type":"Feature","geometry":{"type":"Polygon","coordinates":[[[101.43688377247065,14.106963712318882],[101.43811897444314,14.097840337809929],[101.44104856720796,14.093827211041146],[101.44228373343218,14.089506328032853],[101.44938265751962,14.081328330895365],[101.4506178388727,14.077007502104333],[101.45360984092719,14.072909551758896],[101.44521786609141,14.063237786705391],[101.44650204165521,14.034186679736514],[101.4520045979068,14.029785575318684],[101.45416722774452,14.029165739340103],[101.49828555055444,14.028813505659434],[101.50381484528859,14.023257500061952],[101.5041671121866,14.02083173759668],[101.51049459852305,14.02145149398619],[101.51450781132715,14.024381189881002],[101.5229934447701,14.025616328362675],[101.52700662926145,14.028550453178026],[101.5379671609086,14.029785544208412],[101.54488316400642,14.024733392804299],[101.54645283634304,14.03549322060612],[101.55136228366257,14.041633446997094],[101.55625834748004,14.038057187868539],[101.56450766411788,14.045214069382913],[101.56882855363817,14.046449218516287],[101.57434448931282,14.050863722190009],[101.57499996994633,14.070831627694432],[101.57410372811988,14.074327567186808],[101.56175200582399,14.075567179117762],[101.5563787504192,14.071402397741704],[101.55195533655935,14.070265282838486],[101.54387547083167,14.063068279880238],[101.5407050057242,14.061931236730107],[101.52982032316159,14.07180817328281],[101.52916487167971,14.083334916436874],[101.5269576320428,14.083901198136996],[101.52149073086774,14.088458431985643],[101.52017083405877,14.103267083992357],[101.51445431118859,14.104734122485127],[101.50929961353744,14.108729479617214],[101.50776562782185,14.114709147484032],[101.50473344685558,14.11862421811971],[101.50360086736927,14.123043189260192],[101.50056863706011,14.1269582972106],[101.49943159566243,14.131377283704625],[101.49223458752066,14.139457173823496],[101.4907541733367,14.14522726247273],[101.47500019938644,14.145833645150125],[101.47391215572034,14.142025601196423],[101.46049471914883,14.12978537449645],[101.44973040278646,14.12822025101293],[101.45360984092719,14.122909409860336],[101.44645299659399,14.114660136445144],[101.44490566311973,14.109260102441205],[101.43688377247065,14.106963712318882]]]},"id":"00090000000000005f26","properties":{"HYBAS_ID":4121123040,"NEXT_DOWN":4121586910,"ORDER":2,"SUB_AREA":115.5,"UP_AREA":533.2}},{"type":"Feature","geometry":{"type":"Polygon","coordinates":[[[101.31666644691286,14.191668759292378],[101.3170186658207,14.189243003168448],[101.32464818838184,14.18159117637908],[101.32500043547074,14.175000639043665],[101.32916526733362,14.175000678938757],[101.32982071990283,14.167647610501898],[101.34779095212676,14.15056923382642],[101.3616007403885,14.14933853270398],[101.36250151265195,14.145833654430751],[101.37742612486971,14.146185921237375],[101.3809086835214,14.14964624611767],[101.38333443141171,14.14999851861977],[101.3839006959309,14.156374993305185],[101.38693289366304,14.160290054407133],[101.38806555305794,14.16470906624918],[101.39109770325216,14.168624194827805],[101.39251568834281,14.174148978183872],[101.3980450079051,14.175566973425948],[101.41445452347227,14.191097977712069],[101.42304276285006,14.192235059716875],[101.4281974089969,14.196230438894892],[101.42916505532723,14.199998369112892],[101.42977593612385,14.215752361631687],[101.43554600061113,14.217232843931193],[101.4410842659428,14.221852409643386],[101.44166835795585,14.25416750466677],[101.41424047437802,14.254519855790209],[101.4045241118609,14.264213900095422],[101.40416734104568,14.26666639904999],[101.40084975349019,14.267518053343288],[101.39999809271193,14.270831176380335],[101.39933811036795,14.278268981722073],[101.39362156257889,14.279736042085608],[101.38958161672167,14.282866298467443],[101.38554166003159,14.279736073703761],[101.38112274830642,14.278598916410347],[101.37721206796603,14.275566786700141],[101.35954961761186,14.274434166279848],[101.3575207001535,14.282326732994978],[101.35341831739518,14.283900836362154],[101.34804511342311,14.279735990806508],[101.34583342969131,14.279165268399138],[101.3454811091528,14.272574718154228],[101.33751267723034,14.264583997056569],[101.34202081608471,14.26004463006017],[101.34131187503591,14.255911080754217],[101.33785155312671,14.252424012786776],[101.33714705609587,14.243407764651412],[101.32952203102695,14.235755928253058],[101.3288130055489,14.214240787433837],[101.32535277035048,14.210758152427832],[101.32464818838184,14.201741896778078],[101.3170186658207,14.194090042718294],[101.31666644691286,14.191668759292378]]]},"id":"00090000000000005f27","properties":{"HYBAS_ID":4121586460,"NEXT_DOWN":4121123200,"ORDER":2,"SUB_AREA":131.6,"UP_AREA":131.6}},{"type":"Feature","geometry":{"type":"Polygon","coordinates":[[[101.4916683224313,14.262501579141983],[101.4925645346165,14.258996711839428],[101.50637888716511,14.257765995752667],[101.51028945063352,14.254733888211135],[101.51994789016378,14.253458534339051],[101.52140158678344,14.247790995322068],[101.52443374341696,14.243875949923622],[101.52500010400307,14.2416687233027],[101.52916487167971,14.241668655234795],[101.5329372875636,14.240701033895544],[101.53693264986379,14.235541906885766],[101.53839968468614,14.229829802863565],[101.55220949074695,14.228599058639604],[101.5602894072917,14.22140206643856],[101.56692895691539,14.219694205479392],[101.56306740809197,14.214708925680648],[101.56193478873361,14.185287828604602],[101.55776556306769,14.17991461072024],[101.55890264721252,14.164454909132576],[101.5620329034722,14.160414942969808],[101.55890264721252,14.156374968176808],[101.55776556306769,14.139457146952736],[101.54639931946117,14.127212516962556],[101.54526671104837,14.118624242534528],[101.54223445620737,14.114709151474504],[101.54109738382898,14.101956160677362],[101.53390046884049,14.093876218592662],[101.53248241175575,14.088351372202673],[101.52916487167971,14.087499692866265],[101.52916487167971,14.079165644828528],[101.52982032316159,14.07180817328281],[101.5407050057242,14.061931236730107],[101.54387547083167,14.063068279880238],[101.55195533655935,14.070265282838486],[101.5563787504192,14.071402397741704],[101.56175200582399,14.075567179117762],[101.57410372811988,14.074327567186808],[101.57499996994633,14.070831627694432],[101.58971055955922,14.070265283560298],[101.59779039279111,14.063068280546887],[101.60934398198239,14.061931224420904],[101.6269574368371,14.078599352354566],[101.63661132851867,14.079874671295013],[101.63835038888735,14.086648022825004],[101.64387525976451,14.088066046627723],[101.6490344628521,14.09206141712385],[101.65056839062473,14.098045457036],[101.65512559346985,14.103512382766787],[101.66993419711807,14.104827760811633],[101.67083500625826,14.10833261031568],[101.6704782595451,14.1107584006852],[101.65451909517664,14.12674431238155],[101.65381457177118,14.131591302312119],[101.64618503120134,14.139243134694489],[101.6454804777245,14.144090154809819],[101.64202029124213,14.147577232629908],[101.64166798468501,14.166666637860626],[101.64109724713816,14.168878278182437],[101.63806945642605,14.17278892460821],[101.63693245172952,14.181377144112252],[101.6339002688905,14.18528784318272],[101.63267398247973,14.199102108348539],[101.6256152625057,14.200912542298562],[101.62443360452404,14.227212308021203],[101.60473325635564,14.24779102015695],[101.6036006112913,14.25221003284731],[101.60056845397072,14.256120614949921],[101.59943134207666,14.260544094547756],[101.5948741688184,14.2660109395347],[101.58112230051324,14.267232718450906],[101.57721171657549,14.270264914596838],[101.57278827099611,14.271402004156725],[101.5676334935919,14.275397300077294],[101.56609958611962,14.281376939659028],[101.56306740809197,14.285287608919685],[101.56193478873361,14.293875839778106],[101.55358288844297,14.303248893886398],[101.54779050727528,14.304733775597583],[101.5397106236615,14.31193077236084],[101.53529165999376,14.313067779892853],[101.5291782269603,14.318164590009005],[101.53276782549102,14.322788616369674],[101.53390046884049,14.325852074874259],[101.52816158290203,14.332727953777123],[101.49999790397953,14.333334398731981],[101.49583311462173,14.333334459218676],[101.49647517411262,14.331198519855045],[101.49935573555624,14.327136245342913],[101.5009208927222,14.316884798395177],[101.50620053880895,14.313143644097734],[101.51234961894914,14.311288607106048],[101.52022884637742,14.302089476371172],[101.51730815357132,14.297969330487513],[101.51570285739886,14.292631717207462],[101.50830961265125,14.290406655974959],[101.50480922426858,14.28547043898879],[101.50352500415501,14.281198598527054],[101.50064449807061,14.277136355862748],[101.4992264700656,14.26327306866987],[101.4916683224313,14.262501579141983]]]},"id":"00090000000000005f2a","properties":{"HYBAS_ID":4121122480,"NEXT_DOWN":4121123040,"ORDER":2,"SUB_AREA":249.0,"UP_AREA":249.0}},{"type":"Feature","geometry":{"type":"Polygon","coordinates":[[[101.6833338129,14.099998627378943],[101.6836860874614,14.093408041725757],[101.68714636263745,14.089925507320785],[101.68785536848841,14.080909161287929],[101.69131117898941,14.077426652073825],[101.69202012639609,14.068410292525776],[101.69964522127056,14.060758536233447],[101.7003586557007,14.05587580878618],[101.70591028604751,14.050355403770016],[101.71075730259025,14.049646434890215],[101.72708204519027,14.033348425221048],[101.73162140226454,14.037852092595715],[101.74408909652664,14.037147537480077],[101.75174085639004,14.029518062038433],[101.75833141628605,14.029165808079634],[101.75833141628605,14.037499789296042],[101.76576926086352,14.038159729467884],[101.7675171740136,14.04498220017306],[101.77304203675585,14.046400162393871],[101.77695713870708,14.049432401410288],[101.79804424345386,14.050569431647954],[101.80195479919902,14.053597196257137],[101.8074840817042,14.055019662863126],[101.80890207828179,14.060544430245901],[101.81289747564647,14.065699214430834],[101.8188771152313,14.067233085774104],[101.82278774864577,14.070265281183355],[101.82721113874186,14.071402407821562],[101.83236592098012,14.075397754212368],[101.83389984516893,14.081377386830836],[101.83693201158246,14.08528797894025],[101.83749833990703,14.108332668356493],[101.83507700531817,14.108684882156643],[101.83159000875234,14.112145197935988],[101.82745196447966,14.112854150817146],[101.81909113662857,14.104520130292679],[101.81078384234569,14.103811110331],[101.80242303223551,14.112145219982619],[101.79340671709286,14.112854211895675],[101.78541598911018,14.120818159165],[101.78159011398641,14.117019017002631],[101.76495324773681,14.116314428869307],[101.76075715616884,14.120479220896954],[101.73749856488939,14.120831536062884],[101.73665131545833,14.117518406759379],[101.7311220303051,14.116100437812706],[101.72721142308352,14.113068228964904],[101.72122727691924,14.111534277126134],[101.7172318972989,14.106375140217722],[101.71569794018345,14.100395405691929],[101.70908070660967,14.095267465100626],[101.70612425056284,14.096400107807778],[101.70220919520169,14.099432300948543],[101.6833338129,14.099998627378943]]]},"id":"00090000000000005f33","properties":{"HYBAS_ID":4121123050,"NEXT_DOWN":4121123560,"ORDER":2,"SUB_AREA":108.6,"UP_AREA":1304.0}},{"type":"Feature","geometry":{"type":"Polygon","coordinates":[[[101.64166798468501,14.166666637860626],[101.64202029124213,14.147577232629908],[101.6454804777245,14.144090154809819],[101.64618503120134,14.139243134694489],[101.65381457177118,14.131591302312119],[101.65451909517664,14.12674431238155],[101.6704782595451,14.1107584006852],[101.67083500625826,14.10833261031568],[101.67329197191678,14.107975903637284],[101.67881228047598,14.10242435908821],[101.67916453969598,14.09999855154852],[101.70220919520169,14.099432300948543],[101.70612425056284,14.096400107807778],[101.70908070660967,14.095267465100626],[101.71569794018345,14.100395405691929],[101.7172318972989,14.106375140217722],[101.72122727691924,14.111534277126134],[101.72721142308352,14.113068228964904],[101.7311220303051,14.116100437812706],[101.73665131545833,14.117518406759379],[101.73749856488939,14.120831536062884],[101.73418538078286,14.12168320866252],[101.73333372661664,14.12500072346185],[101.73368599656207,14.135756083791511],[101.73714628208636,14.139243097503856],[101.73749856488939,14.149998473210196],[101.72916444922042,14.149998511308228],[101.72831726740296,14.153316061064652],[101.72499968271181,14.15416773247988],[101.72403202302871,14.150395371333524],[101.71741469478125,14.145267397374887],[101.71028913179637,14.146399987628085],[101.70637843715618,14.149432177327869],[101.6936209651447,14.150569215924003],[101.68427026137226,14.158898852471205],[101.67695729411605,14.157766246473239],[101.66875698258583,14.150462239192217],[101.66471264563883,14.15360147555063],[101.66028917815207,14.15473404102076],[101.65637854249928,14.157766234437302],[101.65084927022318,14.159184242946807],[101.64910131721393,14.16600669059686],[101.64166798468501,14.166666637860626]]]},"id":"00090000000000005f34","properties":{"HYBAS_ID":4121121970,"NEXT_DOWN":4121123050,"ORDER":2,"SUB_AREA":47.7,"UP_AREA":627.8}},{"type":"Feature","geometry":{"type":"Polygon","coordinates":[[[101.66666571425561,14.283334568190146],[101.6672319903321,14.264454709270654],[101.6703667547385,14.260414732563705],[101.66713394906016,14.2562499543167],[101.6703667547385,14.252085182791108],[101.66713394906016,14.247915863234663],[101.67026419473797,14.24387594661743],[101.67140130510681,14.239456969071231],[101.67443345773616,14.235541923708253],[101.6755660978173,14.231122876209854],[101.6952663890104,14.210544181148187],[101.69639899569236,14.201955920216381],[101.69943118320889,14.19804532438716],[101.70056826545552,14.193621881674689],[101.70360040074604,14.18971123499605],[101.70473301128625,14.181123005085485],[101.71193447170431,14.173043122643188],[101.71320982565246,14.16338920360802],[101.72043802396277,14.16153420863508],[101.72443335264576,14.156374965051382],[101.72499968271181,14.15416773247988],[101.72831726740296,14.153316061064652],[101.72916444922042,14.149998511308228],[101.73749856488939,14.149998473210196],[101.73814508599996,14.152134419413455],[101.74523509542827,14.160419380311524],[101.73397587721104,14.1728647357349],[101.73269157997072,14.181301391558502],[101.72852232821724,14.187178455826551],[101.72981100563156,14.197969454881527],[101.73269157997072,14.202031715666411],[101.73397587721104,14.206303556518215],[101.73685639263907,14.210365806764605],[101.73826995888508,14.2242291645247],[101.75213334072818,14.225642661402876],[101.7562000205022,14.228523223295529],[101.77296623623248,14.229807500018914],[101.78119769321138,14.236857323123077],[101.78546954261408,14.23814153982104],[101.78953177716176,14.24102207937582],[101.80213322312994,14.242310758519944],[101.80619992736524,14.245191370574286],[101.80833138171144,14.245833460487898],[101.80868807757514,14.252424052037213],[101.81214831622952,14.255911032073604],[101.81250059006383,14.258332377952371],[101.81007487248357,14.258684588282003],[101.80659226754959,14.262144895364289],[101.79757602990206,14.26285386802915],[101.79408896961527,14.266314120194366],[101.78924191663555,14.267018698674917],[101.78575939273392,14.270478907543547],[101.78090785568075,14.271187899060218],[101.76075715616884,14.291311889859697],[101.75591016515185,14.292020814081837],[101.75242309871058,14.295481131888005],[101.74757605903366,14.296185694750623],[101.74202455736594,14.301710455814288],[101.74166782734476,14.304167460077531],[101.739242008589,14.304519753747647],[101.7315902077395,14.312144815570804],[101.72499968271181,14.312501538027096],[101.72257390360713,14.312144741723511],[101.71909133797219,14.30868455812705],[101.71424428122324,14.307979966367327],[101.69825841185764,14.292020853666601],[101.69583264737796,14.291668625428267],[101.69547598850384,14.285042337625029],[101.68921537389673,14.278812957095758],[101.67257403379355,14.279522012979417],[101.66909149217202,14.282977781205396],[101.66666571425561,14.283334568190146]]]},"id":"00090000000000005f36","properties":{"HYBAS_ID":4121121580,"NEXT_DOWN":4121121970,"ORDER":2,"SUB_AREA":125.1,"UP_AREA":413.7}},{"type":"Feature","geometry":{"type":"Polygon","coordinates":[[[101.57916477741436,14.34583328148919],[101.58137644026405,14.345266991077407],[101.58945639918737,14.338065557826614],[101.59911476153152,14.336790262887389],[101.60056845397072,14.331122740082533],[101.6036006112913,14.327212060185676],[101.60513455815641,14.321227940934177],[101.61028930778045,14.317232596645145],[101.61470829151583,14.31610001614802],[101.61862333925289,14.31306778100954],[101.62304233309588,14.31193077935369],[101.63945624231938,14.296399694319877],[101.64387525976451,14.295267050749809],[101.65612439145978,14.283900837542422],[101.66909149217202,14.282977781205396],[101.67257403379355,14.279522012979417],[101.68921537389673,14.278812957095758],[101.69547598850384,14.285042337625029],[101.69583264737796,14.291668625428267],[101.69825841185764,14.292020853666601],[101.71424428122324,14.307979966367327],[101.71909133797219,14.30868455812705],[101.72257390360713,14.312144741723511],[101.72499968271181,14.312501538027096],[101.72438434847035,14.31465974713259],[101.71213958718157,14.328077109823631],[101.70617333302484,14.329784941808414],[101.69275591850784,14.34202524670328],[101.6910480827319,14.347991468031635],[101.688118456663,14.352004677252914],[101.6868832769244,14.356325563886253],[101.68321786480354,14.361342002225474],[101.67700636280722,14.363116752772031],[101.6549784185396,14.383989794099767],[101.65354705557449,14.393826632616358],[101.64988612119303,14.398843074418341],[101.6436746201242,14.400617827366567],[101.63966138820072,14.40354745525752],[101.62990043781342,14.404969841874586],[101.62916465800038,14.412501306572375],[101.62831742393857,14.415814438938222],[101.62278817722792,14.417232441065197],[101.61054343283125,14.428598653327514],[101.60612445419189,14.429735721455216],[101.60113922761032,14.433597325169591],[101.60000210940802,14.429164944864766],[101.59964543369374,14.41840957927722],[101.59618513598768,14.414922558635526],[101.59583289924012,14.39166842555262],[101.59639922084823,14.38945664635082],[101.60056845397072,14.38407898484246],[101.59943134207666,14.381122622826945],[101.59556978551178,14.376137365091392],[101.60473325635564,14.373782967916055],[101.6036006112913,14.368623786352165],[101.60056845397072,14.364708647155528],[101.59915042886333,14.359183812535873],[101.59362118550209,14.357765818377452],[101.58971055955922,14.354733643743113],[101.58373088537756,14.353199753827534],[101.5797355189581,14.348044967243416],[101.57916477741436,14.34583328148919]]]},"id":"00090000000000005f3c","properties":{"HYBAS_ID":4121586070,"NEXT_DOWN":4121121580,"ORDER":2,"SUB_AREA":124.5,"UP_AREA":288.6}},{"type":"Feature","geometry":{"type":"Polygon","coordinates":[[[101.43714682347718,14.439215777831446],[101.4378514153835,14.43090849715316],[101.44618541547743,14.42254768146142],[101.44548093878579,14.397576694952791],[101.44202066905574,14.39408966262649],[101.44166835795585,14.38333433519103],[101.44387565143609,14.382767983561191],[101.44779073948828,14.379735868561957],[101.45220971472547,14.378598799987644],[101.45612477861619,14.375566567567045],[101.46470858629232,14.374433938867964],[101.46862361324246,14.371401813343429],[101.47460330868968,14.369863357902872],[101.47859863608407,14.364708690394579],[101.47973570446443,14.360289665540588],[101.48276792017873,14.356379054450008],[101.48390052768,14.351955667889003],[101.48693269437288,14.348044996844019],[101.48820803620954,14.338386613921971],[101.49498143407676,14.336647552761143],[101.49583311462173,14.333334459218676],[101.51250118516572,14.333334449843035],[101.51335292559801,14.336647569601668],[101.51666604941101,14.337499221359423],[101.51702269636763,14.33995622216161],[101.52328776388323,14.346185598057488],[101.52742583828488,14.345480996015352],[101.53578219360409,14.33714694818804],[101.54825872225622,14.33785153317056],[101.55174125768565,14.341311765462036],[101.56492242898874,14.342020794555754],[101.56840943516761,14.345481058078228],[101.57916477741436,14.34583328148919],[101.5797355189581,14.348044967243416],[101.58373088537756,14.353199753827534],[101.58971055955922,14.354733643743113],[101.59362118550209,14.357765818377452],[101.59915042886333,14.359183812535873],[101.60056845397072,14.364708647155528],[101.6036006112913,14.368623786352165],[101.60473325635564,14.373782967916055],[101.59556978551178,14.376137365091392],[101.59943134207666,14.381122622826945],[101.60056845397072,14.38407898484246],[101.59639922084823,14.38945664635082],[101.59583289924012,14.39166842555262],[101.59618513598768,14.414922558635526],[101.59964543369374,14.41840957927722],[101.60000210940802,14.429164944864766],[101.59779039279111,14.429735741561322],[101.5938753561723,14.43276796084744],[101.55121508355643,14.433900535158882],[101.54943152431925,14.426957738626333],[101.54565459635847,14.4220839134796],[101.54091906149738,14.420264603209928],[101.53554585948963,14.424433861070911],[101.52278835844166,14.425566459599825],[101.51887774891011,14.428598680932616],[101.51028945063352,14.429735698805262],[101.50637888716511,14.432767934961184],[101.5041671121866,14.433334222816905],[101.50381484528859,14.435759954582501],[101.50035457926796,14.439242531884892],[101.4996456515128,14.444089609369914],[101.49202054726838,14.451741374667009],[101.49131159091506,14.456592918388711],[101.48579121112348,14.462139976679207],[101.48333422235048,14.462501195126439],[101.48090849835141,14.462144509653305],[101.47742595556144,14.45868868838968],[101.47083539468807,14.458331987622978],[101.47047414271198,14.455875007659664],[101.46492256896029,14.45035458847682],[101.45174150824856,14.449645627021999],[101.44825892768465,14.446185313299274],[101.44337620309372,14.44547639948699],[101.43714682347718,14.439215777831446]]]},"id":"00090000000000005f40","properties":{"HYBAS_ID":4121585700,"NEXT_DOWN":4121586070,"ORDER":2,"SUB_AREA":164.2,"UP_AREA":164.2}},{"type":"Feature","geometry":{"type":"Polygon","coordinates":[[[102.25416562815663,14.062502022108315],[102.25637736416715,14.061931275253796],[102.26028795755921,14.058899010488542],[102.2699464081322,14.057623787491819],[102.27168547953741,14.050850370670782],[102.27877094415379,14.049031098145518],[102.28276634546877,14.043876331146434],[102.28333264955944,14.020831685107956],[102.29076596354167,14.02017177229485],[102.29166666622368,14.01666690441358],[102.29825725035552,14.017019149115269],[102.30590907783204,14.024648710676399],[102.3232594493557,14.02535325583907],[102.32745539384638,14.029518018469687],[102.3315890213824,14.02881352457726],[102.33507601731556,14.02535321179541],[102.34409236282966,14.024648732769887],[102.3482883889674,14.020479455449696],[102.3524263684054,14.021188451613549],[102.3559089437582,14.024648660151994],[102.37083352975672,14.025000943697085],[102.37147571276509,14.027136853711697],[102.37435627251865,14.03119915180784],[102.37564496557074,14.03963575191151],[102.37856120928065,14.043751507265265],[102.37471745122987,14.04916932633101],[102.39236207523592,14.050587273033514],[102.40202939624295,14.042311155855158],[102.4104705211497,14.041022488393189],[102.41453278924678,14.03814195878427],[102.42499823078863,14.037499869320328],[102.42499823078863,14.041664622340603],[102.4357580599372,14.041312381473167],[102.43924067327126,14.037852090557054],[102.46249934745985,14.037499805036566],[102.46193301524269,14.03971154627252],[102.45890081522928,14.04362219850885],[102.45776818948043,14.05221037660718],[102.45473601313626,14.0561210603671],[102.45350528614077,14.069935303625485],[102.44778874726758,14.07140240061705],[102.43842012425054,14.079749837909219],[102.43693078435521,14.085542185864645],[102.43389864012546,14.08945731214028],[102.43276600158579,14.098785690203808],[102.43970884891345,14.10056936293503],[102.44908186430557,14.108916747579535],[102.45056672790733,14.114709132994033],[102.45891419896526,14.124082169377],[102.46581691771941,14.125852432432366],[102.46666854567383,14.129165609169432],[102.46609781864392,14.131377293663064],[102.46210245972672,14.136531985285291],[102.45612280564735,14.138065968278626],[102.45221220618375,14.141098130241973],[102.43423753309486,14.142306577847958],[102.4333323631679,14.145833645715102],[102.43001924055908,14.146685402207403],[102.42881527980235,14.15242420248089],[102.42329044736668,14.157975849590649],[102.42083344968746,14.158332572826147],[102.4199461383404,14.154876748756777],[102.41028768841848,14.153601398796647],[102.40093694526465,14.145267410859418],[102.38945474083229,14.146399969863028],[102.3855441726478,14.149432196207027],[102.38112069891339,14.150569237958067],[102.37721007048468,14.153601450394303],[102.36249946862155,14.154167771825309],[102.35904369482107,14.15328035382974],[102.35776393182749,14.143622003358823],[102.35473173048172,14.139711346800656],[102.35359910041083,14.135287888270774],[102.34960378670355,14.130133223551328],[102.34362414722804,14.128599299244838],[102.33554428456995,14.121402230547156],[102.33038060826637,14.120265200294188],[102.32803066220777,14.129433099694598],[102.32304539260709,14.125567075677472],[102.30318009059467,14.124434459114353],[102.28970918445087,14.136933350101868],[102.28750185080625,14.137499638795271],[102.28665018039266,14.134182080201871],[102.28112090083155,14.132764103797873],[102.2772102726715,14.129731870407587],[102.27149370353081,14.128269265056094],[102.27048147053904,14.118410211829927],[102.2666823824072,14.114584281254745],[102.27464626012424,14.106589152024576],[102.27535531166582,14.089243230250812],[102.2791677966232,14.085403966508096],[102.26909024377893,14.07535317407004],[102.2600472143577,14.074644149933278],[102.25451794872481,14.06909252818777],[102.25416562815663,14.062502022108315]]]},"id":"00090000000000005f4b","properties":{"HYBAS_ID":4121587000,"NEXT_DOWN":4121587280,"ORDER":2,"SUB_AREA":230.1,"UP_AREA":230.1}},{"type":"Feature","geometry":{"type":"Polygon","coordinates":[[[101.10416791569111,14.058332716199814],[101.10662488389715,14.057976051911911],[101.11214525721707,14.052424420426794],[101.11285428219297,14.039243304817987],[101.12047934671436,14.031591542989046],[101.12083164325576,14.029165766087528],[101.1399254422579,14.02881349176506],[101.14412152989833,14.024648709092252],[101.15242430612297,14.025353206321086],[101.1566203246397,14.029518078836404],[101.16495440271784,14.028809027586483],[101.17047927890542,14.02325748048985],[101.17083149620495,14.012502146718024],[101.17460391260421,14.013469703781691],[101.17859926310231,14.018624488139915],[101.18013322082491,14.024604094710742],[101.18528792630504,14.028599472782416],[101.18971136220345,14.029732041318727],[101.1936219313004,14.032764287429691],[101.19915127190056,14.034182213289986],[101.20096613122672,14.041272256743772],[101.20612080453368,14.045267545034607],[101.2105442257555,14.046400195320292],[101.21445493056424,14.049432362273896],[101.24387607093448,14.050569452720667],[101.24779112248531,14.053597213728887],[101.25416768168543,14.054167908795307],[101.25451993861701,14.05658924961793],[101.25798021821264,14.060076266251151],[101.25868467395254,14.06492331302997],[101.26214501250038,14.068410270862945],[101.26285399549496,14.072548371698202],[101.25868467395254,14.076744340171556],[101.25798021821264,14.080877999147711],[101.26214501250038,14.085073942838624],[101.26285399549496,14.094090276667536],[101.27047901847338,14.101742112253088],[101.27083133337081,14.137499622665663],[101.26451718899345,14.138128386117819],[101.26048177230925,14.141035683438327],[101.25793558987775,14.142297614818107],[101.25214765551071,14.138128398722946],[101.24785356116763,14.136870889533562],[101.24381363476188,14.133963566528363],[101.23432465952564,14.13255000886707],[101.23270157512279,14.12702076266188],[101.22974963763055,14.122918330479912],[101.2336023054211,14.117562966265915],[101.22043898860966,14.116037995660037],[101.21464659254272,14.120202758142552],[101.20618771194714,14.12146472483628],[101.20214776127365,14.124367540243664],[101.19960161251646,14.125629531026203],[101.19381372561465,14.121464688868347],[101.18951957588715,14.120202778035948],[101.1854796179424,14.117295434038313],[101.17916557157851,14.116666734974073],[101.16424093885695,14.116314467422805],[101.15658913420037,14.108684920947116],[101.15245558163298,14.107980368182433],[101.14825956871775,14.112145194322308],[101.14166456843492,14.112501933981603],[101.14131228317686,14.1017153458441],[101.1232573331619,14.083687188659935],[101.11837466263115,14.082973695801705],[101.11285428219297,14.07742665239397],[101.11214525721707,14.072575114313342],[101.10868501294355,14.069092591696565],[101.10798050885185,14.064241056583064],[101.10452023967694,14.060758480273117],[101.10416791569111,14.058332716199814]]]},"id":"00090000000000006717","properties":{"HYBAS_ID":4121123030,"NEXT_DOWN":4121124690,"ORDER":3,"SUB_AREA":145.0,"UP_AREA":899.3}},{"type":"Feature","geometry":{"type":"Polygon","coordinates":[[[101.14166456843492,14.112501933981603],[101.14825956871775,14.112145194322308],[101.15245558163298,14.107980368182433],[101.15658913420037,14.108684920947116],[101.16424093885695,14.116314467422805],[101.17916557157851,14.116666734974073],[101.1854796179424,14.117295434038313],[101.18951957588715,14.120202778035948],[101.19381372561465,14.121464688868347],[101.19960161251646,14.125629531026203],[101.20214776127365,14.124367540243664],[101.20618771194714,14.12146472483628],[101.21464659254272,14.120202758142552],[101.22043898860966,14.116037995660037],[101.2336023054211,14.117562966265915],[101.22974963763055,14.122918330479912],[101.23270157512279,14.12702076266188],[101.23432465952564,14.13255000886707],[101.24381363476188,14.133963566528363],[101.24785356116763,14.136870889533562],[101.25214765551071,14.138128398722946],[101.25793558987775,14.142297614818107],[101.26048177230925,14.141035683438327],[101.26451718899345,14.138128386117819],[101.27083133337081,14.137499622665663],[101.2714020636693,14.160544289772332],[101.27443422073523,14.164454906840124],[101.27585228096164,14.169984217868702],[101.28137705267723,14.17140218600614],[101.29362174756062,14.182763972157948],[101.30221001653044,14.18390101909552],[101.31028985560869,14.19109799141789],[101.31666644691286,14.191668759292378],[101.3170186658207,14.194090042718294],[101.32464818838184,14.201741896778078],[101.32535277035048,14.210758152427832],[101.3288130055489,14.214240787433837],[101.32916526733362,14.233334630640531],[101.32674394704388,14.23368686711553],[101.32325695435367,14.237147151599954],[101.3149540922743,14.237851707532364],[101.31075809534117,14.233686858517148],[101.29412122933601,14.232977901102178],[101.28992515858552,14.237147193312646],[101.28507366982036,14.237851714089285],[101.28124780765796,14.241655283653056],[101.26874894817816,14.229178706489872],[101.26492302316676,14.232977912350394],[101.25174187365842,14.233686857629456],[101.24825932708235,14.237147171592351],[101.24583357734758,14.23749946905138],[101.24517807300766,14.2174825461983],[101.23430684704348,14.215899573814143],[101.23234481314107,14.209050377053543],[101.21867322276427,14.207717121378485],[101.210495210014,14.200618178547472],[101.19367102507755,14.199383003943064],[101.18966227040232,14.196448952910439],[101.18117217751264,14.195213733223829],[101.17715900662894,14.192284153759081],[101.17283810468987,14.191048985296165],[101.16049527393609,14.1797852434192],[101.15833261722847,14.179165430191054],[101.15893907216038,14.163411495438451],[101.16626987881693,14.16153417327721],[101.17109903011125,14.155304849442967],[101.16314401017536,14.153262523189769],[101.15056939249115,14.139711320409798],[101.14943227091193,14.135287880816968],[101.1464000688512,14.131377295659645],[101.14526748797792,14.122789049240417],[101.14223532853269,14.118878440149528],[101.14166456843492,14.112501933981603]]]},"id":"0009000000000000671a","properties":{"HYBAS_ID":4121586660,"NEXT_DOWN":4121123030,"ORDER":3,"SUB_AREA":151.2,"UP_AREA":754.4}},{"type":"Feature","geometry":{"type":"Polygon","coordinates":[[[101.01666698458273,14.14166892647948],[101.0172690196669,14.12600408183242],[101.02278931628918,14.121402296827435],[101.02942898181216,14.119694476059626],[101.025567357377,14.114709198385935],[101.02500107814811,14.104167813762745],[101.02916589220966,14.104167888115423],[101.03001754923852,14.107480983743603],[101.03333511395361,14.108332610152862],[101.03418232054312,14.10501950208073],[101.03971160871652,14.103601522894515],[101.04906236882404,14.095267474464194],[101.05221047390509,14.096400060574332],[101.05612115040417,14.099432287044024],[101.06574833537213,14.100703140292776],[101.07026537534036,14.10612095899543],[101.07168342463729,14.111650213611084],[101.07831409628555,14.113349127801749],[101.08001741836418,14.119984236595464],[101.08664814059779,14.121683171132453],[101.08846747667208,14.128768713306739],[101.09508478691986,14.133901116411733],[101.09804562632422,14.132764057308908],[101.1019562482379,14.129731863561716],[101.1063752291975,14.128599277616624],[101.11029033062967,14.125567109379832],[101.12410014171655,14.124340809167862],[101.1258882189563,14.1173756939765],[101.13554217289384,14.116100419191977],[101.13945723455167,14.113068217968664],[101.14166456843492,14.112501933981603],[101.14223532853269,14.118878440149528],[101.14526748797792,14.122789049240417],[101.1464000688512,14.131377295659645],[101.14943227091193,14.135287880816968],[101.15056939249115,14.139711320409798],[101.16314401017536,14.153262523189769],[101.17109903011125,14.155304849442967],[101.16626987881693,14.16153417327721],[101.15893907216038,14.163411495438451],[101.15833261722847,14.179165430191054],[101.13507398617122,14.178813154165312],[101.1274266203673,14.1711881262248],[101.11495452904768,14.170479143237728],[101.11075848489834,14.174648379992664],[101.10245562198855,14.175352955454382],[101.0982595977342,14.171188153637807],[101.0850740348314,14.170479144530418],[101.08159152860536,14.167018838594583],[101.0767400391245,14.166314325114216],[101.07325748619516,14.162854055647738],[101.06666686715982,14.162501819297438],[101.06250208011252,14.16250177040733],[101.0621454198888,14.160076093838361],[101.05868514147492,14.156589018911435],[101.05797607973278,14.147545992458118],[101.05171550105138,14.141312146452695],[101.04757750609497,14.14202119417308],[101.03921669974076,14.150355187705392],[101.03090933796747,14.149646241263536],[101.02325756639863,14.142021145890912],[101.01666698458273,14.14166892647948]]]},"id":"0009000000000000671d","properties":{"HYBAS_ID":4121122140,"NEXT_DOWN":4121122960,"ORDER":3,"SUB_AREA":80.3,"UP_AREA":687.1}},{"type":"Feature","geometry":{"type":"Polygon","coordinates":[[[101.00352159021821,14.175321693454263],[101.00481029884793,14.160365903730748],[101.00769082633528,14.1563036425609],[101.0091043357709,14.142440313961275],[101.01666698458273,14.14166892647948],[101.02325756639863,14.142021145890912],[101.03090933796747,14.149646241263536],[101.03921669974076,14.150355187705392],[101.04757750609497,14.14202119417308],[101.05171550105138,14.141312146452695],[101.05797607973278,14.147545992458118],[101.05868514147492,14.156589018911435],[101.0621454198888,14.160076093838361],[101.06250208011252,14.16250177040733],[101.06666686715982,14.162501819297438],[101.06631468027629,14.164923088661428],[101.06285433947627,14.168410073597485],[101.0621454198888,14.17671291905061],[101.06631468027628,14.180908976400906],[101.06701914164208,14.206588951207927],[101.07047945828032,14.210075911558558],[101.07118843874123,14.219092219360826],[101.07464873130324,14.22257481690508],[101.07535325313279,14.227426288797373],[101.0871475221686,14.239242905864968],[101.08785213458579,14.2440899978725],[101.0954816326106,14.25174183235055],[101.0961861326767,14.255879875601625],[101.0916824800312,14.26041473752786],[101.0954816326106,14.264240660279738],[101.0961861326767,14.27254792930922],[101.09202137568631,14.27674396967579],[101.09131232961566,14.280882020647976],[101.0975461888334,14.287147061047097],[101.11075848489834,14.287851582009408],[101.11631009705967,14.29337646260486],[101.1170190659392,14.29825918121634],[101.12047934671436,14.301741699425875],[101.12083164325576,14.320831066559226],[101.11841033193699,14.320478814465528],[101.11458437658092,14.31667971103813],[101.11075848489834,14.32047885403013],[101.0892433295586,14.321187809013768],[101.08575635716794,14.324648102481557],[101.0767400391245,14.325352636109267],[101.06285882796455,14.339211523749706],[101.06250208011252,14.341668520105335],[101.05899276281343,14.340767713491736],[101.05833281093871,14.329165167185792],[101.05776651262926,14.314454613322308],[101.04526770733699,14.300988063210925],[101.04640033380078,14.281122822265326],[101.05056511968141,14.275745140082094],[101.04943244451951,14.268623983641769],[101.04640033380078,14.264708866384678],[101.04526770733699,14.256120665301715],[101.04223546811052,14.25220998560868],[101.04077737595819,14.246542450992672],[101.03112342025965,14.245267196301253],[101.02304350152856,14.238065761968707],[101.01706385452322,14.236531801923368],[101.01306848400479,14.231377045932966],[101.0125021917924,14.20833245667088],[101.01153456793897,14.205130799152927],[101.00352159021821,14.202718394615706],[101.00481029884793,14.193697650313483],[101.00897501842282,14.18782061789689],[101.00769082633529,14.181198814211392],[101.00352159021821,14.175321693454263]]]},"id":"0009000000000000671e","properties":{"HYBAS_ID":4121121370,"NEXT_DOWN":4121122140,"ORDER":3,"SUB_AREA":125.7,"UP_AREA":384.7}},{"type":"Feature","geometry":{"type":"Polygon","coordinates":[[[101.16666666802898,14.33749920396564],[101.17047478546424,14.336411234993882],[101.18271499055915,14.32299374446681],[101.18395015724634,14.318672878307579],[101.18688430210707,14.314659714243447],[101.18811943475221,14.310338807318432],[101.1910490367847,14.306325626337603],[101.19259191838829,14.30092569343973],[101.19930729178478,14.299008225068663],[101.20069410764869,14.280159610314687],[101.20632593554599,14.278549929774332],[101.21867322276427,14.2672861831686],[101.22299406207547,14.266051042375256],[101.22700728546583,14.263116987268367],[101.23256331457031,14.261529510364557],[101.23395007926626,14.252004857942309],[101.23688415635193,14.247991650029016],[101.23830219800404,14.238235199646391],[101.24825932708235,14.237147171592351],[101.25174187365842,14.233686857629456],[101.26492302316676,14.232977912350394],[101.26874894817816,14.229178706489872],[101.28124780765796,14.241655283653056],[101.28507366982036,14.237851714089285],[101.28992515858552,14.237147193312646],[101.29412122933601,14.232977901102178],[101.31075809534117,14.233686858517148],[101.3149540922743,14.237851707532364],[101.32325695435367,14.237147151599954],[101.32674394704388,14.23368686711553],[101.32916526733362,14.233334630640531],[101.32952203102695,14.235755928253058],[101.33714705609587,14.243407764651412],[101.33785155312671,14.252424012786776],[101.34131187503591,14.255911080754217],[101.34202081608471,14.26004463006017],[101.33751267723034,14.264583997056569],[101.3454811091528,14.272574718154228],[101.34583342969131,14.279165268399138],[101.34367520453846,14.279785075547435],[101.33416388344834,14.288034443267247],[101.3325408118101,14.299204443526072],[101.32283781374505,14.300617961817961],[101.31782574509037,14.304278915745947],[101.31666644691286,14.308332279458067],[101.312501617577,14.308332213141778],[101.31164992894179,14.311649828160098],[101.30833237601847,14.312501527580823],[101.30748063648554,14.30918390407604],[101.30195579887082,14.307765963217651],[101.29260505509417,14.299431867186964],[101.28945693032672,14.30056898180421],[101.28554187743237,14.303601109453881],[101.28112288826767,14.304733795874558],[101.26887826342362,14.316100000966317],[101.26445482630204,14.317232609190254],[101.26054413250132,14.32026483098074],[101.25612072128956,14.321401840361222],[101.2522100969408,14.324434027428792],[101.24641774087694,14.32591889887606],[101.23806587072819,14.335287533248266],[101.2369331851982,14.339710942795403],[101.22973173950881,14.347790848597693],[101.22859914950222,14.356379093511979],[101.22556701258449,14.36028965517938],[101.22429613490237,14.369912407007773],[101.21887829343899,14.374433952717036],[101.21666663043331,14.375000291815377],[101.2100760270051,14.374648021673767],[101.20658907093801,14.371187747985783],[101.19340792420583,14.370478767020103],[101.18992536125651,14.367018454593847],[101.18749966259402,14.366666187394975],[101.18681291362573,14.354974427557192],[101.17553582677377,14.353333508439562],[101.16728207468093,14.343826693712248],[101.16666666802898,14.33749920396564]]]},"id":"00090000000000006720","properties":{"HYBAS_ID":4121586210,"NEXT_DOWN":4121586660,"ORDER":3,"SUB_AREA":150.6,"UP_AREA":603.3}},{"type":"Feature","geometry":{"type":"Polygon","coordinates":[[[100.94109860019634,14.213487149184964],[100.94223569204857,14.206120769081357],[100.9460972498307,14.201135426322931],[100.94166490301059,14.199998390824419],[100.94166490301059,14.195833627775501],[100.94583421549305,14.19583357887554],[100.94728337037515,14.191022198339324],[100.95629967673709,14.192310932100552],[100.96217682037826,14.196475656487598],[100.96880299609826,14.195191484691646],[100.97291872783785,14.192270775073455],[100.97703006511824,14.195191445761134],[100.98397732588458,14.197282771357525],[100.9826886372529,14.202134306405187],[100.97457759168319,14.211605433097935],[100.9906347616486,14.213246397420122],[100.9929580035669,14.220956163640825],[101.00619702343643,14.20897459124762],[101.0125021917924,14.20833245667088],[101.01306848400479,14.231377045932966],[101.01706385452322,14.236531801923368],[101.02304350152856,14.238065761968707],[101.03112342025965,14.245267196301253],[101.04077737595819,14.246542450992672],[101.04223546811052,14.25220998560868],[101.04526770733699,14.256120665301715],[101.04640033380078,14.264708866384678],[101.04943244451951,14.268623983641769],[101.05056511968141,14.275745140082094],[101.04640033380078,14.281122822265326],[101.04526770733699,14.300988063210925],[101.05776651262926,14.314454613322308],[101.05833281093871,14.333334424905097],[101.0519562983401,14.332768090998952],[101.03815543702963,14.319854534798923],[101.0368399637747,14.305068174189591],[101.03112342025965,14.303601149974668],[101.0229276254183,14.296297120577378],[101.01887869252603,14.299431871747208],[101.00758825389032,14.300568927362905],[101.00221064296603,14.296399724934611],[100.96445539785837,14.295267039140684],[100.96054472819316,14.29223489213532],[100.95833306683484,14.291668605911468],[100.95748135369033,14.288350998554675],[100.95085070042539,14.286647624317382],[100.9494327016545,14.281122840358748],[100.94526788803115,14.275745124679718],[100.94640046008928,14.247790994306559],[100.9494327016545,14.243875953902851],[100.9505653229305,14.235287702466113],[100.954734591516,14.22991449195424],[100.95359752380203,14.22695808042578],[100.94109860019634,14.213487149184964]]]},"id":"00090000000000006721","properties":{"HYBAS_ID":4121120990,"NEXT_DOWN":4121122200,"ORDER":3,"SUB_AREA":101.3,"UP_AREA":101.3}},{"type":"Feature","geometry":{"type":"Polygon","coordinates":[[[101.30833237601847,14.312501527580823],[101.31164992894179,14.311649828160098],[101.312501617577,14.308332213141778],[101.31666644691286,14.308332279458067],[101.31782574509037,14.304278915745947],[101.32283781374505,14.300617961817961],[101.3325408118101,14.299204443526072],[101.33416388344834,14.288034443267247],[101.34367520453846,14.279785075547435],[101.34583342969131,14.279165268399138],[101.34804511342311,14.279735990806508],[101.35341831739518,14.283900836362154],[101.3575207001535,14.282326732994978],[101.35954961761186,14.274434166279848],[101.37721206796603,14.275566786700141],[101.38112274830642,14.278598916410347],[101.38554166003159,14.279736073703761],[101.38958161672167,14.282866298467443],[101.39362156257889,14.279736042085608],[101.39933811036795,14.278268981722073],[101.39999809271193,14.270831176380335],[101.40084975349019,14.267518053343288],[101.40416734104568,14.26666639904999],[101.40381507549675,14.281591003308685],[101.40035484874976,14.285073597016693],[101.39999809271193,14.291668576011615],[101.39583326092576,14.291668563021984],[101.39526701578815,14.298045112716883],[101.39127160519105,14.303199812580107],[101.3852874902666,14.304733727299418],[101.37721206796603,14.311930734158953],[101.37278867385533,14.313067777433792],[101.36763392184326,14.317063134056946],[101.36610000718441,14.32304280253175],[101.36306783276937,14.32695791269942],[101.36193078018957,14.329914271755653],[101.36610000718441,14.33528749597343],[101.367232604695,14.33971096852262],[101.37026481847825,14.343621550262524],[101.37154007272106,14.353279957417445],[101.37721206796603,14.354733665719401],[101.38112274830642,14.35776585525843],[101.3980450079051,14.35889841173093],[101.40319976139945,14.362898228860804],[101.40416734104568,14.366666176542827],[101.4009657281942,14.367629375397359],[101.39903488371078,14.374037082009494],[101.39369734342641,14.375642389897834],[101.38831972984988,14.37945490758166],[101.38675458259324,14.394803133603146],[101.37996332277416,14.39684540208869],[101.37852308707153,14.406303174447977],[101.37564250446945,14.410365409110032],[101.37435827930841,14.414632747415263],[101.36651474020593,14.423791773929217],[101.359076906907,14.426030256840471],[101.35756078461937,14.440914683300413],[101.3413430371742,14.442310373499245],[101.33541695225856,14.438105436644932],[101.33130119476012,14.441021754374798],[101.31394635498421,14.442310395165348],[101.312501617577,14.437499054298376],[101.31306791406901,14.431122510558243],[101.3161001299799,14.427211874615034],[101.31723268052144,14.42278849185229],[101.32140194812497,14.417415202192398],[101.32026493653547,14.414454364996535],[101.31723268052144,14.410543752412009],[101.3161001299799,14.393621435364576],[101.31296978116406,14.389581516208436],[101.31723268052144,14.384078995282094],[101.3161001299799,14.368623775209528],[101.31193082442987,14.363246081485686],[101.31306791406901,14.360289649799244],[101.31723268052144,14.354912043246253],[101.3161001299799,14.339456747769557],[101.31306791406901,14.335541695839744],[101.31193082442987,14.326957924361954],[101.30880052001898,14.322917996074503],[101.31276468889686,14.317803418770456],[101.30833237601847,14.316666264916071],[101.30833237601847,14.312501527580823]]]},"id":"00090000000000006724","properties":{"HYBAS_ID":4121119820,"NEXT_DOWN":4121586210,"ORDER":3,"SUB_AREA":121.2,"UP_AREA":279.5}},{"type":"Feature","geometry":{"type":"Polygon","coordinates":[[[101.42916505532723,14.199998369112892],[101.43575558947512,14.199646152412557],[101.43924267824175,14.19618586219589],[101.44412537653237,14.195476872749829],[101.44964574104527,14.189925235119624],[101.45035475281959,14.185073747031563],[101.45381496099888,14.181591249433469],[101.45451949571599,14.16004931215808],[101.46424032203,14.150355185164509],[101.46909189775273,14.149646219334809],[101.47257441452852,14.146185935406967],[101.4907541733367,14.14522726247273],[101.49223458752066,14.139457173823496],[101.49943159566243,14.131377283704625],[101.50056863706011,14.1269582972106],[101.50360086736927,14.123043189260192],[101.50473344685558,14.11862421811971],[101.50776562782185,14.114709147484032],[101.50929961353744,14.108729479617214],[101.51445431118859,14.104734122485127],[101.52017083405877,14.103267083992357],[101.52149073086774,14.088458431985643],[101.5269576320428,14.083901198136996],[101.52916487167971,14.083334916436874],[101.52916487167971,14.087499692866265],[101.53248241175575,14.088351372202673],[101.53390046884049,14.093876218592662],[101.54109738382898,14.101956160677362],[101.54223445620737,14.114709151474504],[101.54526671104837,14.118624242534528],[101.54639931946117,14.127212516962556],[101.55776556306769,14.139457146952736],[101.55890264721252,14.156374968176808],[101.5620329034722,14.160414942969808],[101.55890264721252,14.164454909132576],[101.55776556306769,14.17991461072024],[101.56193478873361,14.185287828604602],[101.56306740809197,14.214708925680648],[101.56692895691539,14.219694205479392],[101.5602894072917,14.22140206643856],[101.55220949074695,14.228599058639604],[101.53839968468614,14.229829802863565],[101.53693264986379,14.235541906885766],[101.5329372875636,14.240701033895544],[101.52916487167971,14.241668655234795],[101.52500010400307,14.2416687233027],[101.52443374341696,14.243875949923622],[101.52140158678344,14.247790995322068],[101.51994789016378,14.253458534339051],[101.51028945063352,14.254733888211135],[101.50637888716511,14.257765995752667],[101.4925645346165,14.258996711839428],[101.4916683224313,14.262501579141983],[101.47674371119389,14.262144833338613],[101.4732566308627,14.258684628640042],[101.46424032203,14.257980107769518],[101.45659300536641,14.250354983639724],[101.44828570364366,14.24964599264533],[101.44408967672372,14.25381526000772],[101.44166835795585,14.25416750466677],[101.4410842659428,14.221852409643386],[101.43554600061113,14.217232843931193],[101.42977593612385,14.215752361631687],[101.42916505532723,14.199998369112892]]]},"id":"00090000000000006725","properties":{"HYBAS_ID":4121122410,"NEXT_DOWN":4121123040,"ORDER":3,"SUB_AREA":168.8,"UP_AREA":168.8}},{"type":"Feature","geometry":{"type":"Polygon","coordinates":[[[101.05381132059374,14.397545500384046],[101.0545203518776,14.393407476088134],[101.0621454198888,14.385755651509026],[101.06285433947627,14.376743744983402],[101.06701914164208,14.372547787218053],[101.06631468027628,14.351741571932813],[101.06285433947627,14.348259049309032],[101.06250208011252,14.341668520105335],[101.06285882796455,14.339211523749706],[101.0767400391245,14.325352636109267],[101.08575635716794,14.324648102481557],[101.0892433295586,14.321187809013768],[101.11075848489834,14.32047885403013],[101.11458437658092,14.31667971103813],[101.11841033193699,14.320478814465528],[101.12721258496573,14.321401838901936],[101.13112325329443,14.32443407652952],[101.13971146587498,14.325566698013892],[101.14362202941446,14.328598840522494],[101.14915131873126,14.330016881559215],[101.1509082334302,14.336874983010782],[101.16666666802898,14.33749920396564],[101.16728207468093,14.343826693712248],[101.17553582677377,14.353333508439562],[101.18681291362573,14.354974427557192],[101.18749966259402,14.366666187394975],[101.1868575098138,14.368802151883274],[101.17980767410502,14.377033645076638],[101.17813553727417,14.382589642952498],[101.16333574499313,14.384096832668273],[101.16185536146442,14.393799848577162],[101.15871166192147,14.398236630162884],[101.15353467924017,14.400644531966574],[101.14380042215176,14.392310537011491],[101.1134161514432,14.391021783357756],[101.11250201445048,14.399998029455508],[101.11165032456688,14.403315518830144],[101.10833276026136,14.404167207692787],[101.10868501294355,14.410757755613982],[101.11214525721707,14.414240351717966],[101.11285428219297,14.423256662774133],[101.11631450165004,14.426743719283099],[101.11666678315873,14.44999791343138],[101.11007624644367,14.450354603017063],[101.10625035890966,14.45415372922428],[101.10242444883325,14.450354649312775],[101.0892433295586,14.449645639997877],[101.07325748619516,14.43368647715452],[101.06841038369564,14.432981935208835],[101.06285882796455,14.427457153618626],[101.0621454198888,14.422574400667179],[101.05868514147492,14.419091839339059],[101.05798056799532,14.401741454192555],[101.05381132059374,14.397545500384046]]]},"id":"00090000000000006726","properties":{"HYBAS_ID":4121585930,"NEXT_DOWN":4121121370,"ORDER":3,"SUB_AREA":121.7,"UP_AREA":258.8}},{"type":"Feature","geometry":{"type":"Polygon","coordinates":[[[100.88333541122363,14.32500033782767],[100.89493357413475,14.324340419713566],[100.8966859578087,14.317517968023042],[100.89999909101665,14.316666314652355],[100.91054485639728,14.31723257171255],[100.9159181080248,14.321401912765916],[100.93243016270705,14.320188976602498],[100.93390161337867,14.314454633426584],[100.93693380407645,14.310543988659342],[100.93846773693039,14.3045642691226],[100.9436224623685,14.300568947151968],[100.95328092681983,14.299293654022836],[100.95501549794594,14.292515840675946],[100.95833306683484,14.291668605911468],[100.96054472819316,14.29223489213532],[100.96445539785837,14.295267039140684],[101.00221064296603,14.296399724934611],[101.00758825389032,14.300568927362905],[101.01887869252603,14.299431871747208],[101.0229276254183,14.296297120577378],[101.03112342025965,14.303601149974668],[101.0368399637747,14.305068174189591],[101.03815543702963,14.319854534798923],[101.0519562983401,14.332768090998952],[101.05833281093871,14.333334424905097],[101.05899276281343,14.340767713491736],[101.06250208011252,14.341668520105335],[101.06285433947627,14.348259049309032],[101.06631468027628,14.351741571932813],[101.06701914164208,14.372547787218053],[101.06285433947627,14.376743744983402],[101.0621454198888,14.385755651509026],[101.0545203518776,14.393407476088134],[101.05381132059374,14.397545500384046],[101.05798056799532,14.401741454192555],[101.05833281093871,14.412501275594575],[101.05501525274543,14.413348574922567],[101.05416803647574,14.416666130737614],[101.03090933796747,14.416313798984856],[101.02742239160793,14.412853605273728],[101.01911949436969,14.412144619022689],[101.0149235370055,14.416313862253242],[101.00174240870807,14.417018384312119],[100.99409062049799,14.424647879462134],[100.98924351719798,14.425352413879716],[100.98125283317552,14.433320857506915],[100.97742245977489,14.429521710806808],[100.9642413774187,14.42881265338917],[100.9607588266166,14.42535242820186],[100.95416821147076,14.425000193095183],[100.95343250008122,14.417468753432098],[100.94367151609383,14.416050782703804],[100.93965833196664,14.413116642272799],[100.93534188120738,14.411881505239634],[100.92963429637797,14.407716709260383],[100.9228386174969,14.40895183471782],[100.91466058474315,14.416050789027116],[100.90833314369091,14.416666089127737],[100.8924052248539,14.415939269183541],[100.89100058663257,14.389028567769],[100.89899580673816,14.386495821076759],[100.90107373625958,14.379940979161077],[100.91563714394721,14.378389189587896],[100.91733604118774,14.372364980693495],[100.91038878349981,14.370166624346911],[100.90514484802145,14.366554771611211],[100.9034995095537,14.356222959460993],[100.88399984847022,14.335443613702209],[100.88333541122363,14.32500033782767]]]},"id":"00090000000000006729","properties":{"HYBAS_ID":4121119610,"NEXT_DOWN":4121119950,"ORDER":3,"SUB_AREA":218.9,"UP_AREA":219.0}},{"type":"Feature","geometry":{"type":"Polygon","coordinates":[[[101.36193078018957,14.329914271755653],[101.36306783276937,14.32695791269942],[101.36610000718441,14.32304280253175],[101.36763392184326,14.317063134056946],[101.37278867385533,14.313067777433792],[101.37721206796603,14.311930734158953],[101.3852874902666,14.304733727299418],[101.39127160519105,14.303199812580107],[101.39526701578815,14.298045112716883],[101.39583326092576,14.291668563021984],[101.39999809271193,14.291668576011615],[101.40035484874976,14.285073597016693],[101.40381507549675,14.281591003308685],[101.4045241118609,14.264213900095422],[101.41424047437802,14.254519855790209],[101.44166835795585,14.25416750466677],[101.44408967672372,14.25381526000772],[101.44828570364366,14.24964599264533],[101.45659300536641,14.250354983639724],[101.46424032203,14.257980107769518],[101.4732566308627,14.258684628640042],[101.47674371119389,14.262144833338613],[101.4916683224313,14.262501579141983],[101.4992264700656,14.26327306866987],[101.50064449807061,14.277136355862748],[101.50352500415501,14.281198598527054],[101.50480922426858,14.28547043898879],[101.50830961265125,14.290406655974959],[101.51570285739886,14.292631717207462],[101.51730815357132,14.297969330487513],[101.52022884637742,14.302089476371172],[101.51234961894914,14.311288607106048],[101.50620053880895,14.313143644097734],[101.5009208927222,14.316884798395177],[101.49935573555624,14.327136245342913],[101.49647517411262,14.331198519855045],[101.49498143407676,14.336647552761143],[101.48820803620954,14.338386613921971],[101.48693269437288,14.348044996844019],[101.48390052768,14.351955667889003],[101.48276792017873,14.356379054450008],[101.47973570446443,14.360289665540588],[101.47859863608407,14.364708690394579],[101.47460330868968,14.369863357902872],[101.46862361324246,14.371401813343429],[101.46470858629232,14.374433938867964],[101.45612477861619,14.375566567567045],[101.45220971472547,14.378598799987644],[101.44779073948828,14.379735868561957],[101.44387565143609,14.382767983561191],[101.44166835795585,14.38333433519103],[101.43507336588904,14.383686628030127],[101.4312474887169,14.387485729480641],[101.42535698871416,14.381622060144226],[101.4250002307855,14.379165103076414],[101.42278858502421,14.378598788487208],[101.4188779311252,14.375566584210125],[101.41445452347227,14.37443395258092],[101.41054384634768,14.371401751716888],[101.40501903710016,14.369983763204933],[101.40319976139945,14.362898228860804],[101.3980450079051,14.35889841173093],[101.38112274830642,14.35776585525843],[101.37721206796603,14.354733665719401],[101.37154007272106,14.353279957417445],[101.37026481847825,14.343621550262524],[101.367232604695,14.33971096852262],[101.36610000718441,14.33528749597343],[101.36193078018957,14.329914271755653]]]},"id":"0009000000000000672b","properties":{"HYBAS_ID":4121586040,"NEXT_DOWN":4121119820,"ORDER":3,"SUB_AREA":158.1,"UP_AREA":158.3}},{"type":"Feature","geometry":{"type":"Polygon","coordinates":[[[101.10833276026136,14.404167207692787],[101.11165032456688,14.403315518830144],[101.11250201445048,14.399998029455508],[101.1134161514432,14.391021783357756],[101.14380042215176,14.392310537011491],[101.15353467924017,14.400644531966574],[101.15871166192147,14.398236630162884],[101.16185536146442,14.393799848577162],[101.16333574499313,14.384096832668273],[101.17813553727417,14.382589642952498],[101.17980767410502,14.377033645076638],[101.1868575098138,14.368802151883274],[101.18749966259402,14.366666187394975],[101.18992536125651,14.367018454593847],[101.19340792420583,14.370478767020103],[101.20658907093801,14.371187747985783],[101.2100760270051,14.374648021673767],[101.21666663043331,14.375000291815377],[101.21605126057568,14.385492544146137],[101.21311719738578,14.389505705128299],[101.21188201047329,14.39382659104442],[101.2089523936562,14.39783974201215],[101.20771717248462,14.404635438360122],[101.21188201047327,14.410338638310666],[101.2131885184912,14.432522701577298],[101.22402854283632,14.434101181353565],[101.22561603581481,14.439661669018307],[101.22855012479097,14.443674882848367],[101.22916548611407,14.470835277793203],[101.22881323300611,14.473256585745824],[101.21911907047081,14.482977364287212],[101.2083325767724,14.48333413125074],[101.2077350666132,14.503252923246858],[101.20085021641665,14.50501874403234],[101.19943219430795,14.510543547039573],[101.19487495390835,14.516010462655705],[101.18112308997551,14.51723225242358],[101.17721249951649,14.520264413790445],[101.17083149620495,14.520835144153502],[101.17047927890542,14.518409435509817],[101.15798035840726,14.505883803885448],[101.15868487731561,14.501741317367955],[101.16250193024109,14.49790198414604],[101.15242430612297,14.487851230787367],[101.14583377677656,14.487498888656644],[101.14548147651034,14.480908341188044],[101.13368723370887,14.46909176071483],[101.13297373848643,14.464213474198997],[101.11909254230723,14.450354618522622],[101.11666678315873,14.44999791343138],[101.11631450165004,14.426743719283099],[101.11285428219297,14.423256662774133],[101.11214525721707,14.414240351717966],[101.10868501294355,14.410757755613982],[101.10833276026136,14.404167207692787]]]},"id":"0009000000000000672c","properties":{"HYBAS_ID":4121585650,"NEXT_DOWN":4121585930,"ORDER":3,"SUB_AREA":136.9,"UP_AREA":137.0}},{"type":"Feature","geometry":{"type":"Polygon","coordinates":[[[101.75833141628605,14.029165808079634],[101.76164901582338,14.028314111987637],[101.7625007267167,14.025000990695926],[101.76285300797849,14.014214420215573],[101.76840900427406,14.008685144813956],[101.78575939273392,14.007980557144483],[101.78924191663555,14.004520304742814],[101.79166767569849,14.004168003237714],[101.79303659673431,14.008952650650428],[101.80215991718462,14.007717510122248],[101.80624896980834,14.004729916023223],[101.81041818269551,14.007770991722806],[101.81619723190298,14.003548233701544],[101.83132690787323,14.00478338194631],[101.83541596098688,14.007771031199033],[101.84119942372227,14.003548242236894],[101.84799505530842,14.004783391081707],[101.85208405722022,14.00777103426484],[101.85617304310826,14.004783402027016],[101.86049395297256,14.003548271695719],[101.8661970895043,13.99938346752906],[101.87421455542699,14.000837097958486],[101.87581095153793,14.011810945060988],[101.88992400830347,14.012854363566536],[101.89341101029352,14.016314674943589],[101.90242279736096,14.017019174017546],[101.90590986084159,14.020479403640456],[101.91250038750401,14.020831695221442],[101.91285264691507,14.031591551020872],[101.91631298075723,14.035074054800212],[101.91702196526796,14.043381336982875],[101.91285264691507,14.047577383767893],[101.91214812925719,14.052424402630308],[101.90868784359085,14.055907003135582],[101.90833115898101,14.058332717184705],[101.9041663583442,14.058332775675968],[101.90381404061978,14.064923326298658],[101.89618457650727,14.072575107467058],[101.89547999506846,14.097546054474245],[101.89964480399365,14.101742074726873],[101.90035385164558,14.10658917011646],[101.90415295493118,14.110415086705293],[101.90035385164558,14.114240994499342],[101.89964480399365,14.119092443595886],[101.89618457650727,14.12257498427883],[101.89583228520452,14.1499984882686],[101.88414049652154,14.149311809341524],[101.88271809725015,14.139506252490607],[101.87905271798661,14.134494164264533],[101.87499939424876,14.133334848063514],[101.87437509016831,14.121741191636147],[101.86751703627405,14.119984270859474],[101.8656976873916,14.112894296576586],[101.85908039654761,14.107766368847294],[101.851954699501,14.10889896849656],[101.84658149178665,14.113068221930117],[101.84362063761733,14.111931100692324],[101.83971001546806,14.108898990275973],[101.83749833990703,14.108332668356493],[101.83693201158246,14.08528797894025],[101.83389984516893,14.081377386830836],[101.83236592098012,14.075397754212368],[101.82721113874186,14.071402407821562],[101.82278774864577,14.070265281183355],[101.8188771152313,14.067233085774104],[101.81289747564647,14.065699214430834],[101.80890207828179,14.060544430245901],[101.8074840817042,14.055019662863126],[101.80195479919902,14.053597196257137],[101.79804424345386,14.050569431647954],[101.77695713870708,14.049432401410288],[101.77304203675585,14.046400162393871],[101.7675171740136,14.04498220017306],[101.76576926086352,14.038159729467884],[101.75833141628605,14.037499789296042],[101.75833141628605,14.029165808079634]]]},"id":"0009000000000000672f","properties":{"HYBAS_ID":4121123060,"NEXT_DOWN":4121123560,"ORDER":3,"SUB_AREA":138.5,"UP_AREA":815.3}},{"type":"Feature","geometry":{"type":"Polygon","coordinates":[[[101.72852232821724,14.187178455826551],[101.73269157997072,14.181301391558502],[101.73397587721104,14.1728647357349],[101.74523509542827,14.160419380311524],[101.73814508599996,14.152134419413455],[101.73749856488939,14.149998473210196],[101.73714628208636,14.139243097503856],[101.73368599656207,14.135756083791511],[101.73333372661664,14.12500072346185],[101.73418538078286,14.12168320866252],[101.73749856488939,14.120831536062884],[101.76075715616884,14.120479220896954],[101.76495324773681,14.116314428869307],[101.78159011398641,14.117019017002631],[101.78541598911018,14.120818159165],[101.79340671709286,14.112854211895675],[101.80242303223551,14.112145219982619],[101.81078384234569,14.103811110331],[101.81909113662857,14.104520130292679],[101.82745196447966,14.112854150817146],[101.83159000875234,14.112145197935988],[101.83507700531817,14.108684882156643],[101.83749833990703,14.108332668356493],[101.83971001546806,14.108898990275973],[101.84362063761733,14.111931100692324],[101.84658149178665,14.113068221930117],[101.851954699501,14.10889896849656],[101.85908039654761,14.107766368847294],[101.8656976873916,14.112894296576586],[101.86751703627405,14.119984270859474],[101.87437509016831,14.121741191636147],[101.87499939424876,14.133334848063514],[101.87257363456678,14.132978094047122],[101.8690910579519,14.129517857187333],[101.86424404041665,14.128813334476115],[101.8607570394111,14.125352994412069],[101.85590996805495,14.124648502447139],[101.85208405722022,14.12084934630416],[101.8461936132589,14.126708566351533],[101.84521700770982,14.135492988810634],[101.84228298293552,14.139506235634709],[101.84104781156238,14.146301926382742],[101.84521700770982,14.152005087699226],[101.84645222778198,14.172994104826234],[101.84938184471781,14.177007300187038],[101.85061702642564,14.204635853549602],[101.84645222778198,14.210339066435516],[101.84521700770982,14.214659891067],[101.84228298293552,14.21867313199328],[101.84086044950335,14.228460801890845],[101.82284123419612,14.22978516144758],[101.80941938613367,14.24202542124265],[101.80833138171144,14.245833460487898],[101.80619992736524,14.245191370574286],[101.80213322312994,14.242310758519944],[101.78953177716176,14.24102207937582],[101.78546954261408,14.23814153982104],[101.78119769321138,14.236857323123077],[101.77296623623248,14.229807500018914],[101.7562000205022,14.228523223295529],[101.75213334072818,14.225642661402876],[101.73826995888508,14.2242291645247],[101.73685639263907,14.210365806764605],[101.73397587721104,14.206303556518215],[101.73269157997072,14.202031715666411],[101.72981100563156,14.197969454881527],[101.72852232821724,14.187178455826551]]]},"id":"00090000000000006730","properties":{"HYBAS_ID":4121121900,"NEXT_DOWN":4121123050,"ORDER":3,"SUB_AREA":162.0,"UP_AREA":567.4}},{"type":"Feature","geometry":{"type":"Polygon","coordinates":[[[101.51250118516572,14.333334449843035],[101.52816158290203,14.332727953777123],[101.53390046884049,14.325852074874259],[101.53276782549102,14.322788616369674],[101.5291782269603,14.318164590009005],[101.53529165999376,14.313067779892853],[101.5397106236615,14.31193077236084],[101.54779050727528,14.304733775597583],[101.55358288844297,14.303248893886398],[101.56193478873361,14.293875839778106],[101.56306740809197,14.285287608919685],[101.56609958611962,14.281376939659028],[101.5676334935919,14.275397300077294],[101.57278827099611,14.271402004156725],[101.57721171657549,14.270264914596838],[101.58112230051324,14.267232718450906],[101.5948741688184,14.2660109395347],[101.59943134207666,14.260544094547756],[101.60056845397072,14.256120614949921],[101.6036006112913,14.25221003284731],[101.60473325635564,14.24779102015695],[101.62443360452404,14.227212308021203],[101.6256152625057,14.200912542298562],[101.63267398247973,14.199102108348539],[101.6339002688905,14.18528784318272],[101.63693245172952,14.181377144112252],[101.63806945642605,14.17278892460821],[101.64109724713816,14.168878278182437],[101.64166798468501,14.166666637860626],[101.64910131721393,14.16600669059686],[101.65084927022318,14.159184242946807],[101.65637854249928,14.157766234437302],[101.66028917815207,14.15473404102076],[101.66471264563883,14.15360147555063],[101.66875698258583,14.150462239192217],[101.67695729411605,14.157766246473239],[101.68427026137226,14.158898852471205],[101.6936209651447,14.150569215924003],[101.70637843715618,14.149432177327869],[101.71028913179637,14.146399987628085],[101.71741469478125,14.145267397374887],[101.72403202302871,14.150395371333524],[101.72499968271181,14.15416773247988],[101.72443335264576,14.156374965051382],[101.72043802396277,14.16153420863508],[101.71320982565246,14.16338920360802],[101.71193447170431,14.173043122643188],[101.70473301128625,14.181123005085485],[101.70360040074604,14.18971123499605],[101.70056826545552,14.193621881674689],[101.69943118320889,14.19804532438716],[101.69639899569236,14.201955920216381],[101.6952663890104,14.210544181148187],[101.6755660978173,14.231122876209854],[101.67443345773616,14.235541923708253],[101.67140130510681,14.239456969071231],[101.67026419473797,14.24387594661743],[101.66713394906016,14.247915863234663],[101.6703667547385,14.252085182791108],[101.66713394906016,14.2562499543167],[101.6703667547385,14.260414732563705],[101.6672319903321,14.264454709270654],[101.66666571425561,14.283334568190146],[101.65612439145978,14.283900837542422],[101.64387525976451,14.295267050749809],[101.63945624231938,14.296399694319877],[101.62304233309588,14.31193077935369],[101.61862333925289,14.31306778100954],[101.61470829151583,14.31610001614802],[101.61028930778045,14.317232596645145],[101.60513455815641,14.321227940934177],[101.6036006112913,14.327212060185676],[101.60056845397072,14.331122740082533],[101.59911476153152,14.336790262887389],[101.58945639918737,14.338065557826614],[101.58137644026405,14.345266991077407],[101.57916477741436,14.34583328148919],[101.56840943516761,14.345481058078228],[101.56492242898874,14.342020794555754],[101.55174125768565,14.341311765462036],[101.54825872225622,14.33785153317056],[101.53578219360409,14.33714694818804],[101.52742583828488,14.345480996015352],[101.52328776388323,14.346185598057488],[101.51702269636763,14.33995622216161],[101.51666604941101,14.337499221359423],[101.51335292559801,14.336647569601668],[101.51250118516572,14.333334449843035]]]},"id":"00090000000000006731","properties":{"HYBAS_ID":4121121570,"NEXT_DOWN":4121121970,"ORDER":3,"SUB_AREA":166.5,"UP_AREA":166.5}},{"type":"Feature","geometry":{"type":"Polygon","coordinates":[[[101.89547999506846,14.097546054474245],[101.89618457650727,14.072575107467058],[101.90381404061978,14.064923326298658],[101.9041663583442,14.058332775675968],[101.90833115898101,14.058332717184705],[101.90868784359085,14.055907003135582],[101.91214812925719,14.052424402630308],[101.91285264691507,14.047577383767893],[101.91702196526796,14.043381336982875],[101.91631298075723,14.035074054800212],[101.91285264691507,14.031591551020872],[101.91250038750401,14.020831695221442],[101.93158978913206,14.021188454191947],[101.93578587077324,14.025353215304028],[101.94409311481806,14.024648679962203],[101.9479145854055,14.0208495382728],[101.95174045908554,14.024648692007482],[101.96909082499059,14.025353247272742],[101.97257344526,14.028813523934984],[101.98158973196583,14.02951804734012],[101.98507676430913,14.032978284815133],[101.99409305498386,14.033687331809535],[101.99757561460395,14.0371475381268],[102.0041661219608,14.037499832013635],[102.00331447476616,14.0408173803177],[101.99622897202958,14.042632209135034],[101.99110101313767,14.049253974107192],[101.99223356988831,14.060544441795207],[101.99526580059894,14.06445505308566],[101.99654108776491,14.07411350580874],[102.00000133853639,14.075000836900603],[101.9994305750463,14.08554221702476],[101.99639840119585,14.089457269806159],[101.99526580059894,14.093876218436954],[101.99223356988831,14.097791315780823],[101.99110101313768,14.106375090548251],[101.98806881273597,14.11029020909285],[101.98693168341687,14.11760312567505],[101.99526580059894,14.126958275997707],[101.99639840119585,14.12991465607033],[101.99223356988831,14.13528792575495],[101.99110101313767,14.143876172065509],[101.98806881273599,14.147791207455812],[101.98693168341687,14.156375009925787],[101.97823650425791,14.165962067629666],[101.96755251283142,14.167375580316635],[101.96666510207234,14.170831433318698],[101.96007454351424,14.171188095628333],[101.95659198088347,14.174648384237008],[101.94757570626267,14.17535291111091],[101.93992387112931,14.18297796026162],[101.93507684868655,14.183686971672365],[101.93158978913206,14.187147261082076],[101.92745176332745,14.187851810646608],[101.91702640459651,14.177453197252362],[101.91631298075723,14.172574880842365],[101.89618457650727,14.152424270331219],[101.89583228520452,14.1499984882686],[101.89618457650727,14.12257498427883],[101.89964480399365,14.119092443595886],[101.90035385164558,14.114240994499342],[101.90415295493118,14.110415086705293],[101.90035385164558,14.10658917011646],[101.89964480399365,14.101742074726873],[101.89547999506846,14.097546054474245]]]},"id":"00090000000000006732","properties":{"HYBAS_ID":4121586870,"NEXT_DOWN":4121123060,"ORDER":3,"SUB_AREA":161.0,"UP_AREA":677.0}},{"type":"Feature","geometry":{"type":"Polygon","coordinates":[[[101.80833138171144,14.245833460487898],[101.80941938613367,14.24202542124265],[101.82284123419612,14.22978516144758],[101.84086044950335,14.228460801890845],[101.84228298293552,14.21867313199328],[101.84521700770982,14.214659891067],[101.84645222778198,14.210339066435516],[101.85061702642564,14.204635853549602],[101.84938184471781,14.177007300187038],[101.84645222778198,14.172994104826234],[101.84521700770982,14.152005087699226],[101.84104781156238,14.146301926382742],[101.84228298293552,14.139506235634709],[101.84521700770982,14.135492988810634],[101.8461936132589,14.126708566351533],[101.85208405722022,14.12084934630416],[101.85590996805495,14.124648502447139],[101.8607570394111,14.125352994412069],[101.86424404041665,14.128813334476115],[101.8690910579519,14.129517857187333],[101.87257363456678,14.132978094047122],[101.87905271798661,14.134494164264533],[101.88271809725015,14.139506252490607],[101.88414049652154,14.149311809341524],[101.89583228520452,14.1499984882686],[101.89618457650727,14.152424270331219],[101.91631298075723,14.172574880842365],[101.91702640459651,14.177453197252362],[101.92745176332745,14.187851810646608],[101.93158978913206,14.187147261082076],[101.93507684868655,14.183686971672365],[101.93992387112931,14.18297796026162],[101.94757570626267,14.17535291111091],[101.95659198088347,14.174648384237008],[101.96007454351424,14.171188095628333],[101.96666510207234,14.170831433318698],[101.96631283948408,14.189925300837478],[101.9628525415589,14.19340782395052],[101.96214804259128,14.201715176922345],[101.96631283948408,14.205906709177206],[101.9670218072221,14.210758202922037],[101.9704820654966,14.214240774400137],[101.97083434177661,14.229165401786426],[101.96743651328461,14.230137448817052],[101.96589813776667,14.240696627682318],[101.96033761469161,14.242284002638627],[101.95632891890274,14.245213672448001],[101.94652337669024,14.246640610851202],[101.94521681674534,14.26882910974623],[101.94228273098746,14.272837814398692],[101.94104752925122,14.277158651475494],[101.93811791102675,14.281171880535318],[101.93749811234291,14.287499294074008],[101.93090760843961,14.287147091089954],[101.92325574798983,14.279521982822452],[101.9142439393484,14.278813021873844],[101.91075686418192,14.27535277645668],[101.90590986084159,14.274648177924535],[101.89825805377417,14.267018659246059],[101.89166745149147,14.266666403416172],[101.88749825578971,14.266666426822088],[101.88628535678419,14.261930839862211],[101.87589117657967,14.263197185356569],[101.87378646397079,14.271401961193122],[101.85929884929025,14.27018465249628],[101.85473274999575,14.26470887158502],[101.85331474680348,14.25918405993335],[101.84778993519633,14.257766080169663],[101.84241224184427,14.25360126007202],[101.83112182010542,14.254733883737785],[101.82721113874186,14.257766001203224],[101.81250059006383,14.258332377952371],[101.81214831622952,14.255911032073604],[101.80868807757514,14.252424052037213],[101.80833138171144,14.245833460487898]]]},"id":"00090000000000006733","properties":{"HYBAS_ID":4121586590,"NEXT_DOWN":4121121900,"ORDER":3,"SUB_AREA":169.0,"UP_AREA":405.2}},{"type":"Feature","geometry":{"type":"Polygon","coordinates":[[[101.99110101313767,14.049253974107192],[101.99622897202958,14.042632209135034],[102.00331447476616,14.0408173803177],[102.0041661219608,14.037499832013635],[102.0374979373056,14.037499865058432],[102.03834959287815,14.040817391926641],[102.04387893785818,14.042235422456976],[102.04778953679202,14.045267565024552],[102.05000120722359,14.04583388126655],[102.05059428805356,14.069917465482654],[102.05416608907214,14.070831569963264],[102.0550177014958,14.074149169447232],[102.05833531473291,14.075000842539499],[102.05833531473291,14.079165701588824],[102.05416608907214,14.079165702761125],[102.0538138018661,14.081591450338697],[102.05001462885524,14.085417286637854],[102.05797856881861,14.093408062213642],[102.05833531473291,14.116666728765257],[102.05612356128917,14.116100414376639],[102.05220847791348,14.113068212173497],[102.04255454994254,14.111792902503549],[102.04110085308281,14.106120938966592],[102.02973461268509,14.093876282532266],[102.02826758214428,14.08815964062396],[102.01445776856107,14.08693342366293],[102.01054262608068,14.083901227004],[102.00590968500214,14.082978225848311],[102.00242267425831,14.079517928099197],[102.00000133853639,14.079165706458733],[102.00000133853639,14.075000836900603],[101.99654108776491,14.07411350580874],[101.99526580059894,14.06445505308566],[101.99223356988831,14.060544441795207],[101.99110101313767,14.049253974107192]]]},"id":"00090000000000006735","properties":{"HYBAS_ID":4121122550,"NEXT_DOWN":4121586870,"ORDER":3,"SUB_AREA":38.4,"UP_AREA":384.1}},{"type":"Feature","geometry":{"type":"Polygon","coordinates":[[[102.05001462885524,14.085417286637854],[102.0538138018661,14.081591450338697],[102.05416608907214,14.079165702761125],[102.05833531473291,14.079165701588824],[102.05833531473291,14.075000842539499],[102.07721070344881,14.074434567061655],[102.08112128413175,14.0714023578113],[102.08665063098604,14.069984338598378],[102.08838514836779,14.063206577471513],[102.0980435898143,14.061931240379412],[102.10342129018139,14.057766450724172],[102.11471170577404,14.058899018681041],[102.1186223254255,14.061931222503555],[102.13554460983057,14.063068310855927],[102.13945527744495,14.066100531384182],[102.15220833041205,14.067233131707427],[102.1602881838218,14.074434565906683],[102.16471160132257,14.075567143014508],[102.17008481638419,14.079731981770722],[102.18137530495214,14.078599397813932],[102.18529039938917,14.075567149039099],[102.19387858030848,14.074434528556411],[102.19778923236093,14.071402366500413],[102.2147115076254,14.070265286819478],[102.21862211298078,14.067233091472577],[102.23137518160169,14.066100495438947],[102.23529030520903,14.063068330123976],[102.25416562815663,14.062502022108315],[102.25451794872481,14.06909252818777],[102.2600472143577,14.074644149933278],[102.26909024377893,14.07535317407004],[102.2791677966232,14.085403966508096],[102.27535531166582,14.089243230250812],[102.27464626012424,14.106589152024576],[102.2666823824072,14.114584281254745],[102.27048147053904,14.118410211829927],[102.27149370353081,14.128269265056094],[102.2772102726715,14.129731870407587],[102.28112090083155,14.132764103797873],[102.28665018039266,14.134182080201871],[102.28750185080625,14.137499638795271],[102.27590821606142,14.138123916357104],[102.27443229669711,14.14387615690509],[102.26933554764027,14.149985137824242],[102.26471145578192,14.14640000911896],[102.26028795755921,14.145267390051504],[102.25624804668664,14.142137086595424],[102.25221256135396,14.145267363358798],[102.24778912498269,14.14640002850936],[102.24387853588259,14.149432181087455],[102.2175787650776,14.150609416348091],[102.21609829811997,14.156375004970739],[102.2130661130794,14.160290110973918],[102.21193352749148,14.16324651759339],[102.2161964075736,14.168748971275027],[102.2130661130794,14.172788986025068],[102.21193352749148,14.177212405683292],[102.20793814886332,14.182367140871941],[102.20085267780307,14.184181976259245],[102.19943466078963,14.189711234700061],[102.19484176544479,14.195213727679933],[102.18333279111874,14.195833600604672],[102.1708339429862,14.195833562272298],[102.17048171499206,14.198259358404579],[102.1670214425818,14.201741876126153],[102.16666468998706,14.20416768639407],[102.16313308508032,14.203262405867704],[102.16193357449283,14.184547572826297],[102.16666468998704,14.18333476951687],[102.1670214425818,14.168410130158975],[102.17082059372531,14.164584215579927],[102.1670214425818,14.160758269034867],[102.16631247536887,14.14754595435367],[102.16004739701343,14.141312157208878],[102.13090720244053,14.14202116295563],[102.12325982188096,14.149646224657381],[102.10833517525671,14.14999846250896],[102.1077644510964,14.147791220949266],[102.10056747916317,14.139711309441212],[102.09943483451242,14.131123092229844],[102.09640264843465,14.127212450704345],[102.09494456808835,14.121540507443468],[102.08529058644457,14.120265184174142],[102.08137549679873,14.117233009056589],[102.05833531473291,14.116666728765257],[102.05797856881861,14.093408062213642],[102.05001462885524,14.085417286637854]]]},"id":"00090000000000006736","properties":{"HYBAS_ID":4121122500,"NEXT_DOWN":4121122550,"ORDER":3,"SUB_AREA":214.5,"UP_AREA":214.5}},{"type":"Feature","geometry":{"type":"Polygon","coordinates":[[[101.74110149378002,14.338248327568055],[101.74240353546502,14.330048090145697],[101.75056819218018,14.327952263211563],[101.74943108633427,14.314454604852873],[101.74223407707616,14.306379191451143],[101.74166782734476,14.304167460077531],[101.74202455736594,14.301710455814288],[101.74757605903366,14.296185694750623],[101.75242309871058,14.295481131888005],[101.75591016515185,14.292020814081837],[101.76075715616884,14.291311889859697],[101.78090785568075,14.271187899060218],[101.78575939273392,14.270478907543547],[101.78924191663555,14.267018698674917],[101.79408896961527,14.266314120194366],[101.79757602990206,14.26285386802915],[101.80659226754959,14.262144895364289],[101.81007487248357,14.258684588282003],[101.82721113874186,14.257766001203224],[101.83112182010542,14.254733883737785],[101.84241224184427,14.25360126007202],[101.84778993519633,14.257766080169663],[101.85331474680348,14.25918405993335],[101.85473274999575,14.26470887158502],[101.85929884929025,14.27018465249628],[101.87378646397079,14.271401961193122],[101.87589117657967,14.263197185356569],[101.88628535678419,14.261930839862211],[101.88749825578971,14.266666426822088],[101.89166745149147,14.266666403416172],[101.89110118176852,14.273042892275544],[101.8880690314633,14.276958013137357],[101.88693192125527,14.285541791021508],[101.87973491464376,14.293621681561643],[101.87859789364556,14.302209916977478],[101.87556566515416,14.306125029509372],[101.87414764427047,14.311649859523381],[101.86862287737534,14.313067849997323],[101.8647122016575,14.31610003043469],[101.86175136240959,14.317232611700321],[101.85624881650047,14.312969700342173],[101.85220889148381,14.316099991153413],[101.83945585352063,14.31723261619301],[101.83554521149748,14.320264843883361],[101.83112182010542,14.321401853737012],[101.82596709861102,14.325397214508467],[101.82443320270697,14.331376874995573],[101.81608574550158,14.340745442435644],[101.81028887600765,14.342234768645124],[101.79804424345386,14.353601061199216],[101.79583248530687,14.354167335630668],[101.79583248530687,14.358332185653037],[101.78333359619323,14.358332161693868],[101.78242842495443,14.3548139436063],[101.7676554680531,14.341097743408607],[101.75612423215921,14.342234755205725],[101.75074652876404,14.346399559844482],[101.74601097866284,14.344584766999473],[101.74110149378002,14.338248327568055]]]},"id":"00090000000000006737","properties":{"HYBAS_ID":4121120240,"NEXT_DOWN":4121586590,"ORDER":3,"SUB_AREA":107.9,"UP_AREA":108.0}},{"type":"Feature","geometry":{"type":"Polygon","coordinates":[[[101.0621454198888,14.17671291905061],[101.06285433947627,14.168410073597485],[101.06631468027629,14.164923088661428],[101.06666686715982,14.162501819297438],[101.07325748619516,14.162854055647738],[101.0767400391245,14.166314325114216],[101.08159152860536,14.167018838594583],[101.0850740348314,14.170479144530418],[101.0982595977342,14.171188153637807],[101.10245562198855,14.175352955454382],[101.11075848489834,14.174648379992664],[101.11495452904768,14.170479143237728],[101.1274266203673,14.1711881262248],[101.13507398617122,14.178813154165312],[101.15833261722847,14.179165430191054],[101.16049527393609,14.1797852434192],[101.17283810468987,14.191048985296165],[101.17715900662894,14.192284153759081],[101.18117217751264,14.195213733223829],[101.18966227040232,14.196448952910439],[101.19367102507755,14.199383003943064],[101.210495210014,14.200618178547472],[101.21867322276427,14.207717121378485],[101.23234481314107,14.209050377053543],[101.23430684704348,14.215899573814143],[101.24517807300766,14.2174825461983],[101.24583357734758,14.23749946905138],[101.23830219800404,14.238235199646391],[101.23688415635193,14.247991650029016],[101.23395007926626,14.252004857942309],[101.23256331457031,14.261529510364557],[101.22700728546583,14.263116987268367],[101.22299406207547,14.266051042375256],[101.21867322276427,14.2672861831686],[101.20632593554599,14.278549929774332],[101.20069410764869,14.280159610314687],[101.19930729178478,14.299008225068663],[101.19259191838829,14.30092569343973],[101.1910490367847,14.306325626337603],[101.18811943475221,14.310338807318432],[101.18688430210707,14.314659714243447],[101.18395015724634,14.318672878307579],[101.18271499055915,14.32299374446681],[101.17047478546424,14.336411234993882],[101.16666666802898,14.33749920396564],[101.1509082334302,14.336874983010782],[101.14915131873126,14.330016881559215],[101.14362202941446,14.328598840522494],[101.13971146587498,14.325566698013892],[101.13112325329443,14.32443407652952],[101.12721258496573,14.321401838901936],[101.12083164325576,14.320831066559226],[101.12047934671436,14.301741699425875],[101.1170190659392,14.29825918121634],[101.11631009705967,14.29337646260486],[101.11075848489834,14.287851582009408],[101.0975461888334,14.287147061047097],[101.09131232961566,14.280882020647976],[101.09202137568631,14.27674396967579],[101.0961861326767,14.27254792930922],[101.0954816326106,14.264240660279738],[101.0916824800312,14.26041473752786],[101.0961861326767,14.255879875601625],[101.0954816326106,14.25174183235055],[101.08785213458579,14.2440899978725],[101.0871475221686,14.239242905864968],[101.07535325313279,14.227426288797373],[101.07464873130324,14.22257481690508],[101.07118843874123,14.219092219360826],[101.07047945828032,14.210075911558558],[101.06701914164208,14.206588951207927],[101.06631468027628,14.180908976400906],[101.0621454198888,14.17671291905061]]]},"id":"0009000000000000690f","properties":{"HYBAS_ID":4121121380,"NEXT_DOWN":4121122140,"ORDER":4,"SUB_AREA":222.0,"UP_AREA":222.0}},{"type":"Feature","geometry":{"type":"Polygon","coordinates":[[[101.20771717248462,14.404635438360122],[101.2089523936562,14.39783974201215],[101.21188201047329,14.39382659104442],[101.21311719738578,14.389505705128299],[101.21605126057568,14.385492544146137],[101.21666663043331,14.375000291815377],[101.21887829343899,14.374433952717036],[101.22429613490237,14.369912407007773],[101.22556701258449,14.36028965517938],[101.22859914950222,14.356379093511979],[101.22973173950881,14.347790848597693],[101.2369331851982,14.339710942795403],[101.23806587072819,14.335287533248266],[101.24641774087694,14.32591889887606],[101.2522100969408,14.324434027428792],[101.25612072128956,14.321401840361222],[101.26054413250132,14.32026483098074],[101.26445482630204,14.317232609190254],[101.26887826342362,14.316100000966317],[101.28112288826767,14.304733795874558],[101.28554187743237,14.303601109453881],[101.28945693032672,14.30056898180421],[101.29260505509417,14.299431867186964],[101.30195579887082,14.307765963217651],[101.30748063648554,14.30918390407604],[101.30833237601847,14.312501527580823],[101.30833237601847,14.316666264916071],[101.31276468889686,14.317803418770456],[101.30880052001898,14.322917996074503],[101.31193082442987,14.326957924361954],[101.31306791406901,14.335541695839744],[101.3161001299799,14.339456747769557],[101.31723268052144,14.354912043246253],[101.31306791406901,14.360289649799244],[101.31193082442987,14.363246081485686],[101.3161001299799,14.368623775209528],[101.31723268052144,14.384078995282094],[101.31296978116406,14.389581516208436],[101.3161001299799,14.393621435364576],[101.31723268052144,14.410543752412009],[101.32026493653547,14.414454364996535],[101.32140194812497,14.417415202192398],[101.31723268052144,14.42278849185229],[101.3161001299799,14.427211874615034],[101.31306791406901,14.431122510558243],[101.312501617577,14.437499054298376],[101.30493896025202,14.438270489116853],[101.30352541725341,14.452133820831195],[101.29647556738246,14.460365260188526],[101.29503532295311,14.46981856701937],[101.28829761633702,14.471847463425192],[101.28685731731122,14.481300761308102],[101.28397669536253,14.485362983718238],[101.28333460757237,14.499997746525647],[101.26862404451583,14.499431439031358],[101.26470894802819,14.496399271425018],[101.25505502906586,14.495124027188984],[101.25416768168543,14.49166822599016],[101.25089018689239,14.490896754722762],[101.24947222424473,14.48637966123255],[101.26197107588301,14.473082645586109],[101.26302784716806,14.465725109295008],[101.25785973905234,14.459344159769044],[101.25322680809329,14.457805738247785],[101.24808100434632,14.461970576238267],[101.24340780060042,14.462853458994525],[101.2357559807818,14.470478512619145],[101.22916548611407,14.470835277793203],[101.22855012479097,14.443674882848367],[101.22561603581481,14.439661669018307],[101.22402854283632,14.434101181353565],[101.2131885184912,14.432522701577298],[101.21188201047327,14.410338638310666],[101.20771717248462,14.404635438360122]]]},"id":"00090000000000006910","properties":{"HYBAS_ID":4121119810,"NEXT_DOWN":4121586210,"ORDER":4,"SUB_AREA":173.3,"UP_AREA":173.3}},{"type":"Feature","geometry":{"type":"Polygon","coordinates":[[[101.96214804259128,14.201715176922345],[101.9628525415589,14.19340782395052],[101.96631283948408,14.189925300837478],[101.96666510207234,14.170831433318698],[101.96755251283142,14.167375580316635],[101.97823650425791,14.165962067629666],[101.98693168341687,14.156375009925787],[101.98806881273599,14.147791207455812],[101.99110101313767,14.143876172065509],[101.99223356988831,14.13528792575495],[101.99639840119585,14.12991465607033],[101.99526580059894,14.126958275997707],[101.98693168341687,14.11760312567505],[101.98806881273597,14.11029020909285],[101.99110101313768,14.106375090548251],[101.99223356988831,14.097791315780823],[101.99526580059894,14.093876218436954],[101.99639840119585,14.089457269806159],[101.9994305750463,14.08554221702476],[102.00000133853639,14.079165706458733],[102.00242267425831,14.079517928099197],[102.00590968500214,14.082978225848311],[102.01054262608068,14.083901227004],[102.01445776856107,14.08693342366293],[102.02826758214428,14.08815964062396],[102.02973461268509,14.093876282532266],[102.04110085308281,14.106120938966592],[102.04255454994254,14.111792902503549],[102.05220847791348,14.113068212173497],[102.05612356128917,14.116100414376639],[102.05833531473291,14.116666728765257],[102.08137549679873,14.117233009056589],[102.08529058644457,14.120265184174142],[102.09494456808835,14.121540507443468],[102.09640264843465,14.127212450704345],[102.09943483451242,14.131123092229844],[102.10056747916317,14.139711309441212],[102.1077644510964,14.147791220949266],[102.10833517525671,14.14999846250896],[102.10590946561527,14.150355253884483],[102.10035341801276,14.15588007147634],[102.1000011553654,14.162501843875033],[102.0936246137334,14.163068078270888],[102.0897095728001,14.166100298570944],[102.07695650052634,14.167232914799516],[102.05637780256144,14.186933177992808],[102.04778953679202,14.188065870285362],[102.03137559133603,14.203601332133294],[102.01862258791903,14.20473398309924],[102.01471191185679,14.20776610558266],[102.01028849261287,14.208898782304319],[102.00637785748003,14.211930967899447],[102.00066130937239,14.213397952173102],[102.00000133853639,14.220831275339968],[101.9934108248364,14.22118805039628],[101.98992378347171,14.224648322971603],[101.97916842976576,14.225000594372904],[101.97916842976576,14.229165365203594],[101.97083434177661,14.229165401786426],[101.9704820654966,14.214240774400137],[101.9670218072221,14.210758202922037],[101.96631283948408,14.205906709177206],[101.96214804259128,14.201715176922345]]]},"id":"00090000000000006911","properties":{"HYBAS_ID":4121122490,"NEXT_DOWN":4121586870,"ORDER":4,"SUB_AREA":131.8,"UP_AREA":131.8}},{"type":"Feature","geometry":{"type":"Polygon","coordinates":[[[101.79583248530687,14.354167335630668],[101.79804424345386,14.353601061199216],[101.81028887600765,14.342234768645124],[101.81608574550158,14.340745442435644],[101.82443320270697,14.331376874995573],[101.82596709861102,14.325397214508467],[101.83112182010542,14.321401853737012],[101.83554521149748,14.320264843883361],[101.83945585352063,14.31723261619301],[101.85220889148381,14.316099991153413],[101.85624881650047,14.312969700342173],[101.86175136240959,14.317232611700321],[101.8647122016575,14.31610003043469],[101.86862287737534,14.313067849997323],[101.87414764427047,14.311649859523381],[101.87556566515416,14.306125029509372],[101.87859789364556,14.302209916977478],[101.87973491464376,14.293621681561643],[101.88693192125527,14.285541791021508],[101.8880690314633,14.276958013137357],[101.89110118176852,14.273042892275544],[101.89166745149147,14.266666403416172],[101.89825805377417,14.267018659246059],[101.90590986084159,14.274648177924535],[101.91075686418192,14.27535277645668],[101.9142439393484,14.278813021873844],[101.92325574798983,14.279521982822452],[101.93090760843961,14.287147091089954],[101.93749811234291,14.287499294074008],[101.93806889464936,14.289711006491672],[101.94110107438908,14.293621680303794],[101.94251911611383,14.299150985459237],[101.9480438856696,14.300568952999662],[101.95319860929055,14.3045642958566],[101.95473253577399,14.310543957828873],[101.96193399425471,14.31862381515141],[101.96306659172967,14.327212106137631],[101.96609878283246,14.33112269235444],[101.96751680725184,14.336647519568846],[101.97414745008884,14.338350930790979],[101.97556549379048,14.343875742119673],[101.97859768975432,14.347790867413194],[101.97916842976576,14.349998084562484],[101.97674265325115,14.350354826622457],[101.9628525415589,14.364213728031668],[101.96250029149633,14.375000265000498],[101.95833546857145,14.37500025519445],[101.95748383633872,14.371682693399306],[101.954166279587,14.370835454918785],[101.94166734851244,14.370835492993828],[101.94069979123614,14.367063089696758],[101.9355450604358,14.363067698164741],[101.92173071692368,14.361837039218134],[101.9196171760311,14.353601004551457],[101.91336097487792,14.354974478564218],[101.91193409398967,14.360543839952692],[101.90056786364225,14.372788594441046],[101.89914985724181,14.378317803256017],[101.89237644597416,14.380052387169664],[101.89110118176852,14.389710836397844],[101.8880690314633,14.393621468006561],[101.88749825578971,14.399997968518669],[101.8852909778927,14.399431682826943],[101.8772110699468,14.392234658819245],[101.87149455085888,14.390767682905404],[101.87026826150854,14.37695780830941],[101.86517149063768,14.370844368070372],[101.86041808954418,14.374532032701739],[101.85637817946643,14.371401803678214],[101.851954699501,14.37026469471439],[101.84804411717533,14.36723252677554],[101.83945585352063,14.3660999161502],[101.83554521149748,14.363067726064296],[101.82588682443341,14.36179244250779],[101.8241477685085,14.355019029892793],[101.81862291646847,14.35360101837687],[101.81471235054364,14.350568839855518],[101.80833138171144,14.34999811826519],[101.8050182200842,14.350849775237357],[101.80416651213399,14.354167306347616],[101.80084896015987,14.355019021083038],[101.79915005301724,14.361649755628498],[101.79583248530687,14.362501436232023],[101.79583248530687,14.354167335630668]]]},"id":"00090000000000006913","properties":{"HYBAS_ID":4121120250,"NEXT_DOWN":4121586590,"ORDER":4,"SUB_AREA":128.6,"UP_AREA":128.6}}]}