{"type":"FeatureCollection","features":[{"type":"Feature","properties":{"h3":"88659bba2bfffff","tcode":"300901","bldg":243},"geometry":{"type":"Polygon","coordinates":[[[102.066522,15.203941],[102.067019,15.209106],[102.062633,15.212146],[102.05775,15.210021],[102.057253,15.204857],[102.061639,15.201816],[102.066522,15.203941]]]}},{"type":"Feature","properties":{"h3":"88659bba65fffff","tcode":"300901","bldg":27},"geometry":{"type":"Polygon","coordinates":[[[102.094327,15.201192],[102.094825,15.206356],[102.09044,15.209397],[102.085557,15.207273],[102.085059,15.202108],[102.089444,15.199068],[102.094327,15.201192]]]}},{"type":"Feature","properties":{"h3":"88659bba55fffff","tcode":"300901","bldg":27},"geometry":{"type":"Polygon","coordinates":[[[102.063537,15.172951],[102.064035,15.178116],[102.059649,15.181157],[102.054766,15.179032],[102.054269,15.173866],[102.058655,15.170826],[102.063537,15.172951]]]}},{"type":"Feature","properties":{"h3":"88659bb809fffff","tcode":"300901","bldg":109},"geometry":{"type":"Polygon","coordinates":[[[102.041696,15.237675],[102.042193,15.242839],[102.037806,15.245879],[102.032922,15.243754],[102.032425,15.23859],[102.036812,15.23555],[102.041696,15.237675]]]}},{"type":"Feature","properties":{"h3":"88659bb80bfffff","tcode":"300901","bldg":2},"geometry":{"type":"Polygon","coordinates":[[[102.032425,15.23859],[102.032922,15.243754],[102.028535,15.246794],[102.023651,15.244669],[102.023154,15.239505],[102.027541,15.236465],[102.032425,15.23859]]]}},{"type":"Feature","properties":{"h3":"88659bba6bfffff","tcode":"300901","bldg":103},"geometry":{"type":"Polygon","coordinates":[[[102.083566,15.186615],[102.084064,15.191779],[102.079678,15.19482],[102.074796,15.192696],[102.074298,15.187531],[102.078683,15.18449],[102.083566,15.186615]]]}},{"type":"Feature","properties":{"h3":"88659bb863fffff","tcode":"300901","bldg":560},"geometry":{"type":"Polygon","coordinates":[[[102.052459,15.252252],[102.052956,15.257415],[102.048569,15.260455],[102.043685,15.258331],[102.043188,15.253167],[102.047575,15.250127],[102.052459,15.252252]]]}},{"type":"Feature","properties":{"h3":"88659bbaedfffff","tcode":"300901","bldg":340},"geometry":{"type":"Polygon","coordinates":[[[102.033333,15.199397],[102.03383,15.204562],[102.029443,15.207602],[102.02456,15.205476],[102.024063,15.200311],[102.028449,15.197271],[102.033333,15.199397]]]}},{"type":"Feature","properties":{"h3":"88659bba27fffff","tcode":"300901","bldg":50},"geometry":{"type":"Polygon","coordinates":[[[102.068014,15.219434],[102.068512,15.224599],[102.064126,15.227639],[102.059242,15.225515],[102.058745,15.22035],[102.063131,15.21731],[102.068014,15.219434]]]}},{"type":"Feature","properties":{"h3":"88659bbb19fffff","tcode":"300901","bldg":15},"geometry":{"type":"Polygon","coordinates":[[[102.082665,15.225806],[102.083162,15.23097],[102.078777,15.234011],[102.073893,15.231887],[102.073395,15.226723],[102.077781,15.223682],[102.082665,15.225806]]]}},{"type":"Feature","properties":{"h3":"88659bb855fffff","tcode":"300901","bldg":3},"geometry":{"type":"Polygon","coordinates":[[[102.036315,15.230386],[102.036812,15.23555],[102.032425,15.23859],[102.027541,15.236465],[102.027044,15.231301],[102.031431,15.228261],[102.036315,15.230386]]]}},{"type":"Feature","properties":{"h3":"88659bba33fffff","tcode":"300901","bldg":4},"geometry":{"type":"Polygon","coordinates":[[[102.038713,15.206687],[102.039211,15.211852],[102.034824,15.214892],[102.02994,15.212767],[102.029443,15.207602],[102.03383,15.204562],[102.038713,15.206687]]]}},{"type":"Feature","properties":{"h3":"88659bba11fffff","tcode":"300901","bldg":27},"geometry":{"type":"Polygon","coordinates":[[[102.041111,15.182987],[102.041609,15.188152],[102.037222,15.191192],[102.032339,15.189066],[102.031842,15.183901],[102.036228,15.180861],[102.041111,15.182987]]]}},{"type":"Feature","properties":{"h3":"88659bb86bfffff","tcode":"300901","bldg":201},"geometry":{"type":"Polygon","coordinates":[[[102.056348,15.244048],[102.056845,15.249212],[102.052459,15.252252],[102.047575,15.250127],[102.047077,15.244963],[102.051464,15.241923],[102.056348,15.244048]]]}},{"type":"Feature","properties":{"h3":"88659bb843fffff","tcode":"300901","bldg":5},"geometry":{"type":"Polygon","coordinates":[[[102.045586,15.22947],[102.046083,15.234635],[102.041696,15.237675],[102.036812,15.23555],[102.036315,15.230386],[102.040702,15.227346],[102.045586,15.22947]]]}},{"type":"Feature","properties":{"h3":"88659bba37fffff","tcode":"300901","bldg":40},"geometry":{"type":"Polygon","coordinates":[[[102.044094,15.213977],[102.044591,15.219141],[102.040205,15.222181],[102.035321,15.220056],[102.034824,15.214892],[102.039211,15.211852],[102.044094,15.213977]]]}},{"type":"Feature","properties":{"h3":"88659bbb57fffff","tcode":"300901","bldg":293},"geometry":{"type":"Polygon","coordinates":[[[102.091933,15.224889],[102.092431,15.230053],[102.088046,15.233094],[102.083162,15.23097],[102.082665,15.225806],[102.08705,15.222766],[102.091933,15.224889]]]}},{"type":"Feature","properties":{"h3":"88659bba0bfffff","tcode":"300901","bldg":127},"geometry":{"type":"Polygon","coordinates":[[[102.059649,15.181157],[102.060147,15.186322],[102.055761,15.189362],[102.050878,15.187237],[102.050381,15.182072],[102.054766,15.179032],[102.059649,15.181157]]]}},{"type":"Feature","properties":{"h3":"88659bba07fffff","tcode":"300901","bldg":29},"geometry":{"type":"Polygon","coordinates":[[[102.061141,15.196652],[102.061639,15.201816],[102.057253,15.204857],[102.052369,15.202732],[102.051872,15.197567],[102.056258,15.194527],[102.061141,15.196652]]]}},{"type":"Feature","properties":{"h3":"88659bba0dfffff","tcode":"300901","bldg":423},"geometry":{"type":"Polygon","coordinates":[[[102.074298,15.187531],[102.074796,15.192696],[102.07041,15.195736],[102.065527,15.193611],[102.06503,15.188447],[102.069415,15.185406],[102.074298,15.187531]]]}},{"type":"Feature","properties":{"h3":"88659bba17fffff","tcode":"300901","bldg":138},"geometry":{"type":"Polygon","coordinates":[[[102.037222,15.191192],[102.037719,15.196357],[102.033333,15.199397],[102.028449,15.197271],[102.027953,15.192106],[102.032339,15.189066],[102.037222,15.191192]]]}},{"type":"Feature","properties":{"h3":"88659bbae5fffff","tcode":"300901","bldg":6},"geometry":{"type":"Polygon","coordinates":[[[102.029443,15.207602],[102.02994,15.212767],[102.025553,15.215806],[102.02067,15.213681],[102.020173,15.208516],[102.02456,15.205476],[102.029443,15.207602]]]}},{"type":"Feature","properties":{"h3":"88659bbae1fffff","tcode":"300901","bldg":44},"geometry":{"type":"Polygon","coordinates":[[[102.024063,15.200311],[102.02456,15.205476],[102.020173,15.208516],[102.015289,15.20639],[102.014792,15.201225],[102.019179,15.198186],[102.024063,15.200311]]]}},{"type":"Feature","properties":{"h3":"88659bba5dfffff","tcode":"300901","bldg":3},"geometry":{"type":"Polygon","coordinates":[[[102.067425,15.164746],[102.067923,15.169911],[102.063537,15.172951],[102.058655,15.170826],[102.058157,15.165661],[102.062543,15.162621],[102.067425,15.164746]]]}},{"type":"Feature","properties":{"h3":"88659bbacdfffff","tcode":"300901","bldg":1},"geometry":{"type":"Polygon","coordinates":[[[102.026462,15.17661],[102.026959,15.181775],[102.022572,15.184815],[102.017689,15.182689],[102.017192,15.177524],[102.021579,15.174484],[102.026462,15.17661]]]}},{"type":"Feature","properties":{"h3":"88659bba47fffff","tcode":"300901","bldg":168},"geometry":{"type":"Polygon","coordinates":[[[102.078186,15.179325],[102.078683,15.18449],[102.074298,15.187531],[102.069415,15.185406],[102.068918,15.180241],[102.073303,15.177201],[102.078186,15.179325]]]}},{"type":"Feature","properties":{"h3":"88659bb84bfffff","tcode":"300901","bldg":18},"geometry":{"type":"Polygon","coordinates":[[[102.049475,15.221266],[102.049972,15.22643],[102.045586,15.22947],[102.040702,15.227346],[102.040205,15.222181],[102.044591,15.219141],[102.049475,15.221266]]]}},{"type":"Feature","properties":{"h3":"88659bba1dfffff","tcode":"300901","bldg":258},"geometry":{"type":"Polygon","coordinates":[[[102.050381,15.182072],[102.050878,15.187237],[102.046492,15.190277],[102.041609,15.188152],[102.041111,15.182987],[102.045497,15.179947],[102.050381,15.182072]]]}},{"type":"Feature","properties":{"h3":"88659bba3dfffff","tcode":"300901","bldg":236},"geometry":{"type":"Polygon","coordinates":[[[102.057253,15.204857],[102.05775,15.210021],[102.053364,15.213061],[102.04848,15.210937],[102.047983,15.205772],[102.052369,15.202732],[102.057253,15.204857]]]}},{"type":"Feature","properties":{"h3":"88659bba13fffff","tcode":"300901","bldg":1},"geometry":{"type":"Polygon","coordinates":[[[102.031842,15.183901],[102.032339,15.189066],[102.027953,15.192106],[102.023069,15.189981],[102.022572,15.184815],[102.026959,15.181775],[102.031842,15.183901]]]}},{"type":"Feature","properties":{"h3":"88659bba19fffff","tcode":"300901","bldg":9},"geometry":{"type":"Polygon","coordinates":[[[102.045,15.174781],[102.045497,15.179947],[102.041111,15.182987],[102.036228,15.180861],[102.035731,15.175696],[102.040117,15.172656],[102.045,15.174781]]]}},{"type":"Feature","properties":{"h3":"88659bb849fffff","tcode":"300901","bldg":314},"geometry":{"type":"Polygon","coordinates":[[[102.058745,15.22035],[102.059242,15.225515],[102.054856,15.228555],[102.049972,15.22643],[102.049475,15.221266],[102.053861,15.218226],[102.058745,15.22035]]]}},{"type":"Feature","properties":{"h3":"88659bba61fffff","tcode":"300901","bldg":41},"geometry":{"type":"Polygon","coordinates":[[[102.088947,15.193903],[102.089444,15.199068],[102.085059,15.202108],[102.080176,15.199984],[102.079678,15.19482],[102.084064,15.191779],[102.088947,15.193903]]]}},{"type":"Feature","properties":{"h3":"88659bba15fffff","tcode":"300901","bldg":247},"geometry":{"type":"Polygon","coordinates":[[[102.046492,15.190277],[102.046989,15.195442],[102.042603,15.198482],[102.037719,15.196357],[102.037222,15.191192],[102.041609,15.188152],[102.046492,15.190277]]]}},{"type":"Feature","properties":{"h3":"88659bbae9fffff","tcode":"300901","bldg":82},"geometry":{"type":"Polygon","coordinates":[[[102.027953,15.192106],[102.028449,15.197271],[102.024063,15.200311],[102.019179,15.198186],[102.018682,15.19302],[102.023069,15.189981],[102.027953,15.192106]]]}},{"type":"Feature","properties":{"h3":"88659bb857fffff","tcode":"300901","bldg":7},"geometry":{"type":"Polygon","coordinates":[[[102.027044,15.231301],[102.027541,15.236465],[102.023154,15.239505],[102.01827,15.23738],[102.017773,15.232215],[102.02216,15.229175],[102.027044,15.231301]]]}},{"type":"Feature","properties":{"h3":"88659bb861fffff","tcode":"300901","bldg":32},"geometry":{"type":"Polygon","coordinates":[[[102.061729,15.251335],[102.062227,15.256499],[102.05784,15.259539],[102.052956,15.257415],[102.052459,15.252252],[102.056845,15.249212],[102.061729,15.251335]]]}},{"type":"Feature","properties":{"h3":"88659bbb17fffff","tcode":"300901","bldg":2},"geometry":{"type":"Polygon","coordinates":[[[102.074888,15.242215],[102.075386,15.247379],[102.071,15.250419],[102.066116,15.248295],[102.065618,15.243131],[102.070005,15.240091],[102.074888,15.242215]]]}},{"type":"Feature","properties":{"h3":"88659bbb5dfffff","tcode":"300901","bldg":9},"geometry":{"type":"Polygon","coordinates":[[[102.105089,15.215767],[102.105587,15.220931],[102.101202,15.223972],[102.096319,15.221848],[102.095821,15.216684],[102.100206,15.213644],[102.105089,15.215767]]]}},{"type":"Feature","properties":{"h3":"88659bbb1bfffff","tcode":"300901","bldg":9},"geometry":{"type":"Polygon","coordinates":[[[102.073395,15.226723],[102.073893,15.231887],[102.069507,15.234927],[102.064623,15.232803],[102.064126,15.227639],[102.068512,15.224599],[102.073395,15.226723]]]}},{"type":"Feature","properties":{"h3":"88659bbb51fffff","tcode":"300901","bldg":16},"geometry":{"type":"Polygon","coordinates":[[[102.095821,15.216684],[102.096319,15.221848],[102.091933,15.224889],[102.08705,15.222766],[102.086552,15.217601],[102.090938,15.214561],[102.095821,15.216684]]]}},{"type":"Feature","properties":{"h3":"88659bba01fffff","tcode":"300901","bldg":25},"geometry":{"type":"Polygon","coordinates":[[[102.06503,15.188447],[102.065527,15.193611],[102.061141,15.196652],[102.056258,15.194527],[102.055761,15.189362],[102.060147,15.186322],[102.06503,15.188447]]]}},{"type":"Feature","properties":{"h3":"88659bbb59fffff","tcode":"300901","bldg":17},"geometry":{"type":"Polygon","coordinates":[[[102.099708,15.20848],[102.100206,15.213644],[102.095821,15.216684],[102.090938,15.214561],[102.09044,15.209397],[102.094825,15.206356],[102.099708,15.20848]]]}},{"type":"Feature","properties":{"h3":"88659bb851fffff","tcode":"300901","bldg":151},"geometry":{"type":"Polygon","coordinates":[[[102.030934,15.223096],[102.031431,15.228261],[102.027044,15.231301],[102.02216,15.229175],[102.021663,15.224011],[102.02605,15.220971],[102.030934,15.223096]]]}},{"type":"Feature","properties":{"h3":"88659bba63fffff","tcode":"300901","bldg":973},"geometry":{"type":"Polygon","coordinates":[[[102.079678,15.19482],[102.080176,15.199984],[102.075791,15.203025],[102.070908,15.200901],[102.07041,15.195736],[102.074796,15.192696],[102.079678,15.19482]]]}},{"type":"Feature","properties":{"h3":"88659bba09fffff","tcode":"300901","bldg":230},"geometry":{"type":"Polygon","coordinates":[[[102.068918,15.180241],[102.069415,15.185406],[102.06503,15.188447],[102.060147,15.186322],[102.059649,15.181157],[102.064035,15.178116],[102.068918,15.180241]]]}},{"type":"Feature","properties":{"h3":"88659bba43fffff","tcode":"300901","bldg":102},"geometry":{"type":"Polygon","coordinates":[[[102.072805,15.172036],[102.073303,15.177201],[102.068918,15.180241],[102.064035,15.178116],[102.063537,15.172951],[102.067923,15.169911],[102.072805,15.172036]]]}},{"type":"Feature","properties":{"h3":"88659bba23fffff","tcode":"300901","bldg":342},"geometry":{"type":"Polygon","coordinates":[[[102.062633,15.212146],[102.063131,15.21731],[102.058745,15.22035],[102.053861,15.218226],[102.053364,15.213061],[102.05775,15.210021],[102.062633,15.212146]]]}},{"type":"Feature","properties":{"h3":"88659bba25fffff","tcode":"300901","bldg":37},"geometry":{"type":"Polygon","coordinates":[[[102.077284,15.218518],[102.077781,15.223682],[102.073395,15.226723],[102.068512,15.224599],[102.068014,15.219434],[102.0724,15.216394],[102.077284,15.218518]]]}},{"type":"Feature","properties":{"h3":"88659bbb53fffff","tcode":"300901","bldg":50},"geometry":{"type":"Polygon","coordinates":[[[102.086552,15.217601],[102.08705,15.222766],[102.082665,15.225806],[102.077781,15.223682],[102.077284,15.218518],[102.081669,15.215478],[102.086552,15.217601]]]}},{"type":"Feature","properties":{"h3":"88659bba2dfffff","tcode":"300901","bldg":105},"geometry":{"type":"Polygon","coordinates":[[[102.081171,15.210313],[102.081669,15.215478],[102.077284,15.218518],[102.0724,15.216394],[102.071903,15.21123],[102.076288,15.208189],[102.081171,15.210313]]]}},{"type":"Feature","properties":{"h3":"88659bba29fffff","tcode":"300901","bldg":538},"geometry":{"type":"Polygon","coordinates":[[[102.075791,15.203025],[102.076288,15.208189],[102.071903,15.21123],[102.067019,15.209106],[102.066522,15.203941],[102.070908,15.200901],[102.075791,15.203025]]]}},{"type":"Feature","properties":{"h3":"88659bba51fffff","tcode":"300901","bldg":1},"geometry":{"type":"Polygon","coordinates":[[[102.058157,15.165661],[102.058655,15.170826],[102.054269,15.173866],[102.049386,15.171741],[102.048889,15.166576],[102.053275,15.163536],[102.058157,15.165661]]]}},{"type":"Feature","properties":{"h3":"88659bb801fffff","tcode":"300901","bldg":215},"geometry":{"type":"Polygon","coordinates":[[[102.037806,15.245879],[102.038303,15.251043],[102.033916,15.254083],[102.029032,15.251958],[102.028535,15.246794],[102.032922,15.243754],[102.037806,15.245879]]]}},{"type":"Feature","properties":{"h3":"88659bb805fffff","tcode":"300901","bldg":141},"geometry":{"type":"Polygon","coordinates":[[[102.043188,15.253167],[102.043685,15.258331],[102.039298,15.261371],[102.034413,15.259247],[102.033916,15.254083],[102.038303,15.251043],[102.043188,15.253167]]]}},{"type":"Feature","properties":{"h3":"88659bba39fffff","tcode":"300901","bldg":31},"geometry":{"type":"Polygon","coordinates":[[[102.051872,15.197567],[102.052369,15.202732],[102.047983,15.205772],[102.0431,15.203647],[102.042603,15.198482],[102.046989,15.195442],[102.051872,15.197567]]]}},{"type":"Feature","properties":{"h3":"88659bba69fffff","tcode":"300901","bldg":3},"geometry":{"type":"Polygon","coordinates":[[[102.092834,15.185698],[102.093332,15.190863],[102.088947,15.193903],[102.084064,15.191779],[102.083566,15.186615],[102.087951,15.183574],[102.092834,15.185698]]]}},{"type":"Feature","properties":{"h3":"88659b85b3fffff","tcode":"300901","bldg":24},"geometry":{"type":"Polygon","coordinates":[[[102.103595,15.200275],[102.104093,15.205439],[102.099708,15.20848],[102.094825,15.206356],[102.094327,15.201192],[102.098712,15.198151],[102.103595,15.200275]]]}},{"type":"Feature","properties":{"h3":"88659bba57fffff","tcode":"300901","bldg":14},"geometry":{"type":"Polygon","coordinates":[[[102.054269,15.173866],[102.054766,15.179032],[102.050381,15.182072],[102.045497,15.179947],[102.045,15.174781],[102.049386,15.171741],[102.054269,15.173866]]]}},{"type":"Feature","properties":{"h3":"88659bb86dfffff","tcode":"300901","bldg":16},"geometry":{"type":"Polygon","coordinates":[[[102.071,15.250419],[102.071497,15.255583],[102.067111,15.258623],[102.062227,15.256499],[102.061729,15.251335],[102.066116,15.248295],[102.071,15.250419]]]}},{"type":"Feature","properties":{"h3":"88659bb859fffff","tcode":"300901","bldg":351},"geometry":{"type":"Polygon","coordinates":[[[102.034824,15.214892],[102.035321,15.220056],[102.030934,15.223096],[102.02605,15.220971],[102.025553,15.215806],[102.02994,15.212767],[102.034824,15.214892]]]}},{"type":"Feature","properties":{"h3":"88659bb847fffff","tcode":"300901","bldg":8},"geometry":{"type":"Polygon","coordinates":[[[102.050967,15.236759],[102.051464,15.241923],[102.047077,15.244963],[102.042193,15.242839],[102.041696,15.237675],[102.046083,15.234635],[102.050967,15.236759]]]}},{"type":"Feature","properties":{"h3":"88659bb841fffff","tcode":"300901","bldg":4},"geometry":{"type":"Polygon","coordinates":[[[102.054856,15.228555],[102.055353,15.233719],[102.050967,15.236759],[102.046083,15.234635],[102.045586,15.22947],[102.049972,15.22643],[102.054856,15.228555]]]}},{"type":"Feature","properties":{"h3":"88659bba3bfffff","tcode":"300901","bldg":6},"geometry":{"type":"Polygon","coordinates":[[[102.042603,15.198482],[102.0431,15.203647],[102.038713,15.206687],[102.03383,15.204562],[102.033333,15.199397],[102.037719,15.196357],[102.042603,15.198482]]]}},{"type":"Feature","properties":{"h3":"88659bbb5bfffff","tcode":"300901","bldg":11},"geometry":{"type":"Polygon","coordinates":[[[102.09044,15.209397],[102.090938,15.214561],[102.086552,15.217601],[102.081669,15.215478],[102.081171,15.210313],[102.085557,15.207273],[102.09044,15.209397]]]}},{"type":"Feature","properties":{"h3":"88659bba35fffff","tcode":"300901","bldg":64},"geometry":{"type":"Polygon","coordinates":[[[102.053364,15.213061],[102.053861,15.218226],[102.049475,15.221266],[102.044591,15.219141],[102.044094,15.213977],[102.04848,15.210937],[102.053364,15.213061]]]}},{"type":"Feature","properties":{"h3":"88659bba67fffff","tcode":"300901","bldg":15},"geometry":{"type":"Polygon","coordinates":[[[102.085059,15.202108],[102.085557,15.207273],[102.081171,15.210313],[102.076288,15.208189],[102.075791,15.203025],[102.080176,15.199984],[102.085059,15.202108]]]}},{"type":"Feature","properties":{"h3":"88659bba05fffff","tcode":"300901","bldg":446},"geometry":{"type":"Polygon","coordinates":[[[102.07041,15.195736],[102.070908,15.200901],[102.066522,15.203941],[102.061639,15.201816],[102.061141,15.196652],[102.065527,15.193611],[102.07041,15.195736]]]}},{"type":"Feature","properties":{"h3":"88659bb80dfffff","tcode":"300901","bldg":282},"geometry":{"type":"Polygon","coordinates":[[[102.047077,15.244963],[102.047575,15.250127],[102.043188,15.253167],[102.038303,15.251043],[102.037806,15.245879],[102.042193,15.242839],[102.047077,15.244963]]]}},{"type":"Feature","properties":{"h3":"88659bb869fffff","tcode":"300901","bldg":1},"geometry":{"type":"Polygon","coordinates":[[[102.065618,15.243131],[102.066116,15.248295],[102.061729,15.251335],[102.056845,15.249212],[102.056348,15.244048],[102.060734,15.241007],[102.065618,15.243131]]]}},{"type":"Feature","properties":{"h3":"88659bba21fffff","tcode":"300901","bldg":538},"geometry":{"type":"Polygon","coordinates":[[[102.071903,15.21123],[102.0724,15.216394],[102.068014,15.219434],[102.063131,15.21731],[102.062633,15.212146],[102.067019,15.209106],[102.071903,15.21123]]]}},{"type":"Feature","properties":{"h3":"88659bb84dfffff","tcode":"300901","bldg":20},"geometry":{"type":"Polygon","coordinates":[[[102.064126,15.227639],[102.064623,15.232803],[102.060237,15.235843],[102.055353,15.233719],[102.054856,15.228555],[102.059242,15.225515],[102.064126,15.227639]]]}},{"type":"Feature","properties":{"h3":"88659bba6dfffff","tcode":"300901","bldg":175},"geometry":{"type":"Polygon","coordinates":[[[102.098214,15.192987],[102.098712,15.198151],[102.094327,15.201192],[102.089444,15.199068],[102.088947,15.193903],[102.093332,15.190863],[102.098214,15.192987]]]}},{"type":"Feature","properties":{"h3":"88659bba03fffff","tcode":"300901","bldg":15},"geometry":{"type":"Polygon","coordinates":[[[102.055761,15.189362],[102.056258,15.194527],[102.051872,15.197567],[102.046989,15.195442],[102.046492,15.190277],[102.050878,15.187237],[102.055761,15.189362]]]}},{"type":"Feature","properties":{"h3":"88659bba31fffff","tcode":"300901","bldg":555},"geometry":{"type":"Polygon","coordinates":[[[102.047983,15.205772],[102.04848,15.210937],[102.044094,15.213977],[102.039211,15.211852],[102.038713,15.206687],[102.0431,15.203647],[102.047983,15.205772]]]}},{"type":"Feature","properties":{"h3":"88659bbb13fffff","tcode":"300901","bldg":9},"geometry":{"type":"Polygon","coordinates":[[[102.069507,15.234927],[102.070005,15.240091],[102.065618,15.243131],[102.060734,15.241007],[102.060237,15.235843],[102.064623,15.232803],[102.069507,15.234927]]]}},{"type":"Feature","properties":{"h3":"88659bb85dfffff","tcode":"300901","bldg":45},"geometry":{"type":"Polygon","coordinates":[[[102.040205,15.222181],[102.040702,15.227346],[102.036315,15.230386],[102.031431,15.228261],[102.030934,15.223096],[102.035321,15.220056],[102.040205,15.222181]]]}},{"type":"Feature","properties":{"h3":"88659bb845fffff","tcode":"300901","bldg":0},"geometry":{"type":"Polygon","coordinates":[[[102.060237,15.235843],[102.060734,15.241007],[102.056348,15.244048],[102.051464,15.241923],[102.050967,15.236759],[102.055353,15.233719],[102.060237,15.235843]]]}},{"type":"Feature","properties":{"h3":"88659b84e3fffff","tcode":"300902","bldg":1002},"geometry":{"type":"Polygon","coordinates":[[[102.106886,15.13738],[102.107384,15.142545],[102.103,15.145586],[102.098118,15.143461],[102.09762,15.138296],[102.102004,15.135255],[102.106886,15.13738]]]}},{"type":"Feature","properties":{"h3":"88659b84a5fffff","tcode":"300902","bldg":623},"geometry":{"type":"Polygon","coordinates":[[[102.104494,15.161081],[102.104992,15.166246],[102.100607,15.169287],[102.095725,15.167163],[102.095227,15.161998],[102.099611,15.158957],[102.104494,15.161081]]]}},{"type":"Feature","properties":{"h3":"88659b84abfffff","tcode":"300902","bldg":2},"geometry":{"type":"Polygon","coordinates":[[[102.093734,15.146502],[102.094231,15.151668],[102.089847,15.154708],[102.084965,15.152584],[102.084467,15.147418],[102.088852,15.144378],[102.093734,15.146502]]]}},{"type":"Feature","properties":{"h3":"88659b84adfffff","tcode":"300902","bldg":893},"geometry":{"type":"Polygon","coordinates":[[[102.10838,15.152875],[102.108878,15.15804],[102.104494,15.161081],[102.099611,15.158957],[102.099114,15.153792],[102.103498,15.150751],[102.10838,15.152875]]]}},{"type":"Feature","properties":{"h3":"88659bba49fffff","tcode":"300902","bldg":20},"geometry":{"type":"Polygon","coordinates":[[[102.08596,15.162914],[102.086458,15.168079],[102.082073,15.17112],[102.07719,15.168995],[102.076693,15.16383],[102.081078,15.16079],[102.08596,15.162914]]]}},{"type":"Feature","properties":{"h3":"88659b85ddfffff","tcode":"300902","bldg":3},"geometry":{"type":"Polygon","coordinates":[[[102.132291,15.158329],[102.13279,15.163494],[102.128406,15.166535],[102.123524,15.164412],[102.123026,15.159247],[102.127409,15.156206],[102.132291,15.158329]]]}},{"type":"Feature","properties":{"h3":"88659b8ed1fffff","tcode":"300902","bldg":0},"geometry":{"type":"Polygon","coordinates":[[[102.16069,15.210255],[102.161189,15.215419],[102.156806,15.21846],[102.151923,15.216338],[102.151424,15.211175],[102.155808,15.208133],[102.16069,15.210255]]]}},{"type":"Feature","properties":{"h3":"88659b8595fffff","tcode":"300902","bldg":67},"geometry":{"type":"Polygon","coordinates":[[[102.111368,15.183864],[102.111866,15.189028],[102.107482,15.192069],[102.102599,15.189946],[102.102101,15.184781],[102.106486,15.18174],[102.111368,15.183864]]]}},{"type":"Feature","properties":{"h3":"88659b85d1fffff","tcode":"300902","bldg":2},"geometry":{"type":"Polygon","coordinates":[[[102.123026,15.159247],[102.123524,15.164412],[102.11914,15.167453],[102.114258,15.165329],[102.11376,15.160164],[102.118144,15.157123],[102.123026,15.159247]]]}},{"type":"Feature","properties":{"h3":"88659bba45fffff","tcode":"300902","bldg":33},"geometry":{"type":"Polygon","coordinates":[[[102.087453,15.178409],[102.087951,15.183574],[102.083566,15.186615],[102.078683,15.18449],[102.078186,15.179325],[102.082571,15.176285],[102.087453,15.178409]]]}},{"type":"Feature","properties":{"h3":"88659b859dfffff","tcode":"300902","bldg":4},"geometry":{"type":"Polygon","coordinates":[[[102.115254,15.175658],[102.115752,15.180823],[102.111368,15.183864],[102.106486,15.18174],[102.105988,15.176576],[102.110372,15.173535],[102.115254,15.175658]]]}},{"type":"Feature","properties":{"h3":"88659b84a7fffff","tcode":"300902","bldg":714},"geometry":{"type":"Polygon","coordinates":[[[102.095227,15.161998],[102.095725,15.167163],[102.09134,15.170204],[102.086458,15.168079],[102.08596,15.162914],[102.090345,15.159873],[102.095227,15.161998]]]}},{"type":"Feature","properties":{"h3":"88659b858bfffff","tcode":"300902","bldg":4},"geometry":{"type":"Polygon","coordinates":[[[102.12452,15.174741],[102.125019,15.179905],[102.120635,15.182946],[102.115752,15.180823],[102.115254,15.175658],[102.119638,15.172617],[102.12452,15.174741]]]}},{"type":"Feature","properties":{"h3":"88659bba4dfffff","tcode":"300902","bldg":66},"geometry":{"type":"Polygon","coordinates":[[[102.09134,15.170204],[102.091838,15.175369],[102.087453,15.178409],[102.082571,15.176285],[102.082073,15.17112],[102.086458,15.168079],[102.09134,15.170204]]]}},{"type":"Feature","properties":{"h3":"88659b8581fffff","tcode":"300902","bldg":0},"geometry":{"type":"Polygon","coordinates":[[[102.129901,15.182029],[102.130399,15.187193],[102.126015,15.190234],[102.121133,15.188111],[102.120635,15.182946],[102.125019,15.179905],[102.129901,15.182029]]]}},{"type":"Feature","properties":{"h3":"88659b85d5fffff","tcode":"300902","bldg":1},"geometry":{"type":"Polygon","coordinates":[[[102.128406,15.166535],[102.128904,15.1717],[102.12452,15.174741],[102.119638,15.172617],[102.11914,15.167453],[102.123524,15.164412],[102.128406,15.166535]]]}},{"type":"Feature","properties":{"h3":"88659b84edfffff","tcode":"300902","bldg":138},"geometry":{"type":"Polygon","coordinates":[[[102.125416,15.135546],[102.125915,15.140711],[102.121531,15.143752],[102.116649,15.141628],[102.116151,15.136463],[102.120535,15.133422],[102.125416,15.135546]]]}},{"type":"Feature","properties":{"h3":"88659b85a3fffff","tcode":"300902","bldg":12},"geometry":{"type":"Polygon","coordinates":[[[102.12751,15.205726],[102.128009,15.21089],[102.123624,15.213931],[102.118741,15.211808],[102.118243,15.206644],[102.122628,15.203603],[102.12751,15.205726]]]}},{"type":"Feature","properties":{"h3":"88659b85dbfffff","tcode":"300902","bldg":11},"geometry":{"type":"Polygon","coordinates":[[[102.117646,15.151958],[102.118144,15.157123],[102.11376,15.160164],[102.108878,15.15804],[102.10838,15.152875],[102.112764,15.149834],[102.117646,15.151958]]]}},{"type":"Feature","properties":{"h3":"88659b8583fffff","tcode":"300902","bldg":3},"geometry":{"type":"Polygon","coordinates":[[[102.120635,15.182946],[102.121133,15.188111],[102.116749,15.191152],[102.111866,15.189028],[102.111368,15.183864],[102.115752,15.180823],[102.120635,15.182946]]]}},{"type":"Feature","properties":{"h3":"88659bbb4bfffff","tcode":"300902","bldg":54},"geometry":{"type":"Polygon","coordinates":[[[102.114357,15.214849],[102.114855,15.220013],[102.11047,15.223054],[102.105587,15.220931],[102.105089,15.215767],[102.109474,15.212726],[102.114357,15.214849]]]}},{"type":"Feature","properties":{"h3":"88659b8597fffff","tcode":"300902","bldg":3},"geometry":{"type":"Polygon","coordinates":[[[102.102101,15.184781],[102.102599,15.189946],[102.098214,15.192987],[102.093332,15.190863],[102.092834,15.185698],[102.097218,15.182657],[102.102101,15.184781]]]}},{"type":"Feature","properties":{"h3":"88659b85b5fffff","tcode":"300902","bldg":77},"geometry":{"type":"Polygon","coordinates":[[[102.118243,15.206644],[102.118741,15.211808],[102.114357,15.214849],[102.109474,15.212726],[102.108976,15.207562],[102.11336,15.204521],[102.118243,15.206644]]]}},{"type":"Feature","properties":{"h3":"88659b84a9fffff","tcode":"300902","bldg":273},"geometry":{"type":"Polygon","coordinates":[[[102.103,15.145586],[102.103498,15.150751],[102.099114,15.153792],[102.094231,15.151668],[102.093734,15.146502],[102.098118,15.143461],[102.103,15.145586]]]}},{"type":"Feature","properties":{"h3":"88659b84bdfffff","tcode":"300902","bldg":22},"geometry":{"type":"Polygon","coordinates":[[[102.084467,15.147418],[102.084965,15.152584],[102.08058,15.155624],[102.075698,15.153499],[102.0752,15.148334],[102.079585,15.145293],[102.084467,15.147418]]]}},{"type":"Feature","properties":{"h3":"88659b85abfffff","tcode":"300902","bldg":9},"geometry":{"type":"Polygon","coordinates":[[[102.131396,15.197521],[102.131894,15.202685],[102.12751,15.205726],[102.122628,15.203603],[102.122129,15.198439],[102.126514,15.195398],[102.131396,15.197521]]]}},{"type":"Feature","properties":{"h3":"88659b8591fffff","tcode":"300902","bldg":5},"geometry":{"type":"Polygon","coordinates":[[[102.105988,15.176576],[102.106486,15.18174],[102.102101,15.184781],[102.097218,15.182657],[102.096721,15.177493],[102.101105,15.174452],[102.105988,15.176576]]]}},{"type":"Feature","properties":{"h3":"88659b84e7fffff","tcode":"300902","bldg":215},"geometry":{"type":"Polygon","coordinates":[[[102.112266,15.144669],[102.112764,15.149834],[102.10838,15.152875],[102.103498,15.150751],[102.103,15.145586],[102.107384,15.142545],[102.112266,15.144669]]]}},{"type":"Feature","properties":{"h3":"88659b8589fffff","tcode":"300902","bldg":2},"geometry":{"type":"Polygon","coordinates":[[[102.133786,15.173823],[102.134285,15.178987],[102.129901,15.182029],[102.125019,15.179905],[102.12452,15.174741],[102.128904,15.1717],[102.133786,15.173823]]]}},{"type":"Feature","properties":{"h3":"88659b85a9fffff","tcode":"300902","bldg":152},"geometry":{"type":"Polygon","coordinates":[[[102.140662,15.196603],[102.141161,15.201766],[102.136777,15.204808],[102.131894,15.202685],[102.131396,15.197521],[102.13578,15.19448],[102.140662,15.196603]]]}},{"type":"Feature","properties":{"h3":"88659b85d9fffff","tcode":"300902","bldg":1},"geometry":{"type":"Polygon","coordinates":[[[102.126911,15.151041],[102.127409,15.156206],[102.123026,15.159247],[102.118144,15.157123],[102.117646,15.151958],[102.122029,15.148917],[102.126911,15.151041]]]}},{"type":"Feature","properties":{"h3":"88659b85b7fffff","tcode":"300902","bldg":43},"geometry":{"type":"Polygon","coordinates":[[[102.108976,15.207562],[102.109474,15.212726],[102.105089,15.215767],[102.100206,15.213644],[102.099708,15.20848],[102.104093,15.205439],[102.108976,15.207562]]]}},{"type":"Feature","properties":{"h3":"88659b8585fffff","tcode":"300902","bldg":3},"geometry":{"type":"Polygon","coordinates":[[[102.135282,15.189316],[102.13578,15.19448],[102.131396,15.197521],[102.126514,15.195398],[102.126015,15.190234],[102.130399,15.187193],[102.135282,15.189316]]]}},{"type":"Feature","properties":{"h3":"88659b85a5fffff","tcode":"300902","bldg":17},"geometry":{"type":"Polygon","coordinates":[[[102.142158,15.212094],[102.142657,15.217258],[102.138272,15.220299],[102.13339,15.218176],[102.132891,15.213013],[102.137275,15.209972],[102.142158,15.212094]]]}},{"type":"Feature","properties":{"h3":"88659b85a1fffff","tcode":"300902","bldg":7},"geometry":{"type":"Polygon","coordinates":[[[102.136777,15.204808],[102.137275,15.209972],[102.132891,15.213013],[102.128009,15.21089],[102.12751,15.205726],[102.131894,15.202685],[102.136777,15.204808]]]}},{"type":"Feature","properties":{"h3":"88659b84a1fffff","tcode":"300902","bldg":479},"geometry":{"type":"Polygon","coordinates":[[[102.099114,15.153792],[102.099611,15.158957],[102.095227,15.161998],[102.090345,15.159873],[102.089847,15.154708],[102.094231,15.151668],[102.099114,15.153792]]]}},{"type":"Feature","properties":{"h3":"88659b85bdfffff","tcode":"300902","bldg":26},"geometry":{"type":"Polygon","coordinates":[[[102.122129,15.198439],[102.122628,15.203603],[102.118243,15.206644],[102.11336,15.204521],[102.112862,15.199357],[102.117247,15.196316],[102.122129,15.198439]]]}},{"type":"Feature","properties":{"h3":"88659b84e5fffff","tcode":"300902","bldg":14},"geometry":{"type":"Polygon","coordinates":[[[102.121531,15.143752],[102.122029,15.148917],[102.117646,15.151958],[102.112764,15.149834],[102.112266,15.144669],[102.116649,15.141628],[102.121531,15.143752]]]}},{"type":"Feature","properties":{"h3":"88659b85d7fffff","tcode":"300902","bldg":15},"geometry":{"type":"Polygon","coordinates":[[[102.11914,15.167453],[102.119638,15.172617],[102.115254,15.175658],[102.110372,15.173535],[102.109874,15.16837],[102.114258,15.165329],[102.11914,15.167453]]]}},{"type":"Feature","properties":{"h3":"88659b8587fffff","tcode":"300902","bldg":15},"geometry":{"type":"Polygon","coordinates":[[[102.126015,15.190234],[102.126514,15.195398],[102.122129,15.198439],[102.117247,15.196316],[102.116749,15.191152],[102.121133,15.188111],[102.126015,15.190234]]]}},{"type":"Feature","properties":{"h3":"88659b8485fffff","tcode":"300902","bldg":35},"geometry":{"type":"Polygon","coordinates":[[[102.09762,15.138296],[102.098118,15.143461],[102.093734,15.146502],[102.088852,15.144378],[102.088354,15.139212],[102.092738,15.136171],[102.09762,15.138296]]]}},{"type":"Feature","properties":{"h3":"88659b85bbfffff","tcode":"300902","bldg":334},"geometry":{"type":"Polygon","coordinates":[[[102.107482,15.192069],[102.10798,15.197234],[102.103595,15.200275],[102.098712,15.198151],[102.098214,15.192987],[102.102599,15.189946],[102.107482,15.192069]]]}},{"type":"Feature","properties":{"h3":"88659b85b9fffff","tcode":"300902","bldg":842},"geometry":{"type":"Polygon","coordinates":[[[102.116749,15.191152],[102.117247,15.196316],[102.112862,15.199357],[102.10798,15.197234],[102.107482,15.192069],[102.111866,15.189028],[102.116749,15.191152]]]}},{"type":"Feature","properties":{"h3":"88659b84e1fffff","tcode":"300902","bldg":168},"geometry":{"type":"Polygon","coordinates":[[[102.116151,15.136463],[102.116649,15.141628],[102.112266,15.144669],[102.107384,15.142545],[102.106886,15.13738],[102.11127,15.134339],[102.116151,15.136463]]]}},{"type":"Feature","properties":{"h3":"88659b85d3fffff","tcode":"300902","bldg":19},"geometry":{"type":"Polygon","coordinates":[[[102.11376,15.160164],[102.114258,15.165329],[102.109874,15.16837],[102.104992,15.166246],[102.104494,15.161081],[102.108878,15.15804],[102.11376,15.160164]]]}},{"type":"Feature","properties":{"h3":"88659b84a3fffff","tcode":"300902","bldg":426},"geometry":{"type":"Polygon","coordinates":[[[102.089847,15.154708],[102.090345,15.159873],[102.08596,15.162914],[102.081078,15.16079],[102.08058,15.155624],[102.084965,15.152584],[102.089847,15.154708]]]}},{"type":"Feature","properties":{"h3":"88659b8593fffff","tcode":"300902","bldg":0},"geometry":{"type":"Polygon","coordinates":[[[102.096721,15.177493],[102.097218,15.182657],[102.092834,15.185698],[102.087951,15.183574],[102.087453,15.178409],[102.091838,15.175369],[102.096721,15.177493]]]}},{"type":"Feature","properties":{"h3":"88659bba41fffff","tcode":"300902","bldg":409},"geometry":{"type":"Polygon","coordinates":[[[102.082073,15.17112],[102.082571,15.176285],[102.078186,15.179325],[102.073303,15.177201],[102.072805,15.172036],[102.07719,15.168995],[102.082073,15.17112]]]}},{"type":"Feature","properties":{"h3":"88659b8e99fffff","tcode":"300902","bldg":188},"geometry":{"type":"Polygon","coordinates":[[[102.147539,15.21938],[102.148038,15.224543],[102.143654,15.227585],[102.138771,15.225462],[102.138272,15.220299],[102.142657,15.217258],[102.147539,15.21938]]]}},{"type":"Feature","properties":{"h3":"88659b8487fffff","tcode":"300902","bldg":6},"geometry":{"type":"Polygon","coordinates":[[[102.088354,15.139212],[102.088852,15.144378],[102.084467,15.147418],[102.079585,15.145293],[102.079087,15.140128],[102.083472,15.137087],[102.088354,15.139212]]]}},{"type":"Feature","properties":{"h3":"88659b85b1fffff","tcode":"300902","bldg":80},"geometry":{"type":"Polygon","coordinates":[[[102.112862,15.199357],[102.11336,15.204521],[102.108976,15.207562],[102.104093,15.205439],[102.103595,15.200275],[102.10798,15.197234],[102.112862,15.199357]]]}},{"type":"Feature","properties":{"h3":"88659b8ed3fffff","tcode":"300902","bldg":57},"geometry":{"type":"Polygon","coordinates":[[[102.151424,15.211175],[102.151923,15.216338],[102.147539,15.21938],[102.142657,15.217258],[102.142158,15.212094],[102.146542,15.209053],[102.151424,15.211175]]]}},{"type":"Feature","properties":{"h3":"88659b8599fffff","tcode":"300902","bldg":18},"geometry":{"type":"Polygon","coordinates":[[[102.109874,15.16837],[102.110372,15.173535],[102.105988,15.176576],[102.101105,15.174452],[102.100607,15.169287],[102.104992,15.166246],[102.109874,15.16837]]]}},{"type":"Feature","properties":{"h3":"88659b85a7fffff","tcode":"300902","bldg":9},"geometry":{"type":"Polygon","coordinates":[[[102.132891,15.213013],[102.13339,15.218176],[102.129005,15.221218],[102.124123,15.219095],[102.123624,15.213931],[102.128009,15.21089],[102.132891,15.213013]]]}},{"type":"Feature","properties":{"h3":"88659b859bfffff","tcode":"300902","bldg":185},"geometry":{"type":"Polygon","coordinates":[[[102.100607,15.169287],[102.101105,15.174452],[102.096721,15.177493],[102.091838,15.175369],[102.09134,15.170204],[102.095725,15.167163],[102.100607,15.169287]]]}},{"type":"Feature","properties":{"h3":"88659bb321fffff","tcode":"300903","bldg":136},"geometry":{"type":"Polygon","coordinates":[[[102.061457,15.102755],[102.061955,15.107921],[102.05757,15.110962],[102.052688,15.108836],[102.052191,15.103669],[102.056576,15.100629],[102.061457,15.102755]]]}},{"type":"Feature","properties":{"h3":"88659b84d3fffff","tcode":"300903","bldg":563},"geometry":{"type":"Polygon","coordinates":[[[102.076102,15.109132],[102.0766,15.114299],[102.072216,15.117339],[102.067334,15.115213],[102.066836,15.110047],[102.071221,15.107007],[102.076102,15.109132]]]}},{"type":"Feature","properties":{"h3":"88659bb365fffff","tcode":"300903","bldg":1},"geometry":{"type":"Polygon","coordinates":[[[102.083875,15.092718],[102.084373,15.097885],[102.079989,15.100926],[102.075108,15.0988],[102.07461,15.093633],[102.078994,15.090593],[102.083875,15.092718]]]}},{"type":"Feature","properties":{"h3":"88659bb345fffff","tcode":"300903","bldg":124},"geometry":{"type":"Polygon","coordinates":[[[102.077004,15.069926],[102.077502,15.075093],[102.073118,15.078134],[102.068237,15.076007],[102.067739,15.07084],[102.072123,15.0678],[102.077004,15.069926]]]}},{"type":"Feature","properties":{"h3":"88659bb167fffff","tcode":"300903","bldg":37},"geometry":{"type":"Polygon","coordinates":[[[102.047398,15.151079],[102.047895,15.156245],[102.043509,15.159285],[102.038626,15.157159],[102.038129,15.151993],[102.042515,15.148953],[102.047398,15.151079]]]}},{"type":"Feature","properties":{"h3":"88659bb14dfffff","tcode":"300903","bldg":114},"geometry":{"type":"Polygon","coordinates":[[[102.053682,15.119168],[102.05418,15.124335],[102.049794,15.127375],[102.044912,15.125249],[102.044415,15.120082],[102.0488,15.117042],[102.053682,15.119168]]]}},{"type":"Feature","properties":{"h3":"88659bb147fffff","tcode":"300903","bldg":21},"geometry":{"type":"Polygon","coordinates":[[[102.040527,15.128289],[102.041024,15.133455],[102.036639,15.136495],[102.031756,15.134369],[102.031259,15.129203],[102.035645,15.126163],[102.040527,15.128289]]]}},{"type":"Feature","properties":{"h3":"88659bb301fffff","tcode":"300903","bldg":122},"geometry":{"type":"Polygon","coordinates":[[[102.054587,15.079962],[102.055084,15.085129],[102.0507,15.088169],[102.045818,15.086042],[102.045321,15.080875],[102.049706,15.077835],[102.054587,15.079962]]]}},{"type":"Feature","properties":{"h3":"88659bb149fffff","tcode":"300903","bldg":725},"geometry":{"type":"Polygon","coordinates":[[[102.048303,15.111876],[102.0488,15.117042],[102.044415,15.120082],[102.039533,15.117956],[102.039036,15.11279],[102.043421,15.10975],[102.048303,15.111876]]]}},{"type":"Feature","properties":{"h3":"88659bb335fffff","tcode":"300903","bldg":7},"geometry":{"type":"Polygon","coordinates":[[[102.042924,15.104583],[102.043421,15.10975],[102.039036,15.11279],[102.034154,15.110663],[102.033657,15.105496],[102.038042,15.102456],[102.042924,15.104583]]]}},{"type":"Feature","properties":{"h3":"88659b84b5fffff","tcode":"300903","bldg":9},"geometry":{"type":"Polygon","coordinates":[[[102.08058,15.155624],[102.081078,15.16079],[102.076693,15.16383],[102.07181,15.161705],[102.071313,15.15654],[102.075698,15.153499],[102.08058,15.155624]]]}},{"type":"Feature","properties":{"h3":"88659bba59fffff","tcode":"300903","bldg":0},"geometry":{"type":"Polygon","coordinates":[[[102.062045,15.157455],[102.062543,15.162621],[102.058157,15.165661],[102.053275,15.163536],[102.052777,15.15837],[102.057163,15.15533],[102.062045,15.157455]]]}},{"type":"Feature","properties":{"h3":"88659b84b9fffff","tcode":"300903","bldg":11},"geometry":{"type":"Polygon","coordinates":[[[102.079087,15.140128],[102.079585,15.145293],[102.0752,15.148334],[102.070318,15.146209],[102.069821,15.141043],[102.074205,15.138003],[102.079087,15.140128]]]}},{"type":"Feature","properties":{"h3":"88659b84d1fffff","tcode":"300903","bldg":5},"geometry":{"type":"Polygon","coordinates":[[[102.085368,15.108217],[102.085866,15.113383],[102.081482,15.116424],[102.0766,15.114299],[102.076102,15.109132],[102.080487,15.106092],[102.085368,15.108217]]]}},{"type":"Feature","properties":{"h3":"88659b8499fffff","tcode":"300903","bldg":210},"geometry":{"type":"Polygon","coordinates":[[[102.072216,15.117339],[102.072713,15.122505],[102.068328,15.125546],[102.063446,15.12342],[102.062949,15.118254],[102.067334,15.115213],[102.072216,15.117339]]]}},{"type":"Feature","properties":{"h3":"88659bb303fffff","tcode":"300903","bldg":392},"geometry":{"type":"Polygon","coordinates":[[[102.045321,15.080875],[102.045818,15.086042],[102.041433,15.089083],[102.036552,15.086956],[102.036055,15.081789],[102.04044,15.078749],[102.045321,15.080875]]]}},{"type":"Feature","properties":{"h3":"88659bb361fffff","tcode":"300903","bldg":0},"geometry":{"type":"Polygon","coordinates":[[[102.078497,15.085426],[102.078994,15.090593],[102.07461,15.093633],[102.069729,15.091507],[102.069231,15.086341],[102.073615,15.0833],[102.078497,15.085426]]]}},{"type":"Feature","properties":{"h3":"88659b84b3fffff","tcode":"300903","bldg":2},"geometry":{"type":"Polygon","coordinates":[[[102.065933,15.149249],[102.06643,15.154415],[102.062045,15.157455],[102.057163,15.15533],[102.056666,15.150164],[102.061051,15.147124],[102.065933,15.149249]]]}},{"type":"Feature","properties":{"h3":"88659b849dfffff","tcode":"300903","bldg":51},"geometry":{"type":"Polygon","coordinates":[[[102.077595,15.124631],[102.078092,15.129796],[102.073708,15.132837],[102.068826,15.130712],[102.068328,15.125546],[102.072713,15.122505],[102.077595,15.124631]]]}},{"type":"Feature","properties":{"h3":"88659bb369fffff","tcode":"300903","bldg":2},"geometry":{"type":"Polygon","coordinates":[[[102.082383,15.077219],[102.08288,15.082386],[102.078497,15.085426],[102.073615,15.0833],[102.073118,15.078134],[102.077502,15.075093],[102.082383,15.077219]]]}},{"type":"Feature","properties":{"h3":"88659bb169fffff","tcode":"300903","bldg":1},"geometry":{"type":"Polygon","coordinates":[[[102.055174,15.134667],[102.055671,15.139833],[102.051286,15.142873],[102.046403,15.140747],[102.045906,15.135581],[102.050292,15.132541],[102.055174,15.134667]]]}},{"type":"Feature","properties":{"h3":"88659b84bbfffff","tcode":"300903","bldg":6},"geometry":{"type":"Polygon","coordinates":[[[102.069821,15.141043],[102.070318,15.146209],[102.065933,15.149249],[102.061051,15.147124],[102.060553,15.141958],[102.064938,15.138918],[102.069821,15.141043]]]}},{"type":"Feature","properties":{"h3":"88659bba5bfffff","tcode":"300903","bldg":6},"geometry":{"type":"Polygon","coordinates":[[[102.052777,15.15837],[102.053275,15.163536],[102.048889,15.166576],[102.044006,15.16445],[102.043509,15.159285],[102.047895,15.156245],[102.052777,15.15837]]]}},{"type":"Feature","properties":{"h3":"88659b84d7fffff","tcode":"300903","bldg":532},"geometry":{"type":"Polygon","coordinates":[[[102.081482,15.116424],[102.081979,15.12159],[102.077595,15.124631],[102.072713,15.122505],[102.072216,15.117339],[102.0766,15.114299],[102.081482,15.116424]]]}},{"type":"Feature","properties":{"h3":"88659bb145fffff","tcode":"300903","bldg":4},"geometry":{"type":"Polygon","coordinates":[[[102.049794,15.127375],[102.050292,15.132541],[102.045906,15.135581],[102.041024,15.133455],[102.040527,15.128289],[102.044912,15.125249],[102.049794,15.127375]]]}},{"type":"Feature","properties":{"h3":"88659b8497fffff","tcode":"300903","bldg":5},"geometry":{"type":"Polygon","coordinates":[[[102.064441,15.133752],[102.064938,15.138918],[102.060553,15.141958],[102.055671,15.139833],[102.055174,15.134667],[102.059559,15.131626],[102.064441,15.133752]]]}},{"type":"Feature","properties":{"h3":"88659b849bfffff","tcode":"300903","bldg":196},"geometry":{"type":"Polygon","coordinates":[[[102.062949,15.118254],[102.063446,15.12342],[102.059062,15.12646],[102.05418,15.124335],[102.053682,15.119168],[102.058067,15.116128],[102.062949,15.118254]]]}},{"type":"Feature","properties":{"h3":"88659bb331fffff","tcode":"300903","bldg":244},"geometry":{"type":"Polygon","coordinates":[[[102.037545,15.09729],[102.038042,15.102456],[102.033657,15.105496],[102.028775,15.10337],[102.028278,15.098203],[102.032664,15.095163],[102.037545,15.09729]]]}},{"type":"Feature","properties":{"h3":"88659bb305fffff","tcode":"300903","bldg":2},"geometry":{"type":"Polygon","coordinates":[[[102.059966,15.087255],[102.060463,15.092422],[102.056079,15.095462],[102.051197,15.093336],[102.0507,15.088169],[102.055084,15.085129],[102.059966,15.087255]]]}},{"type":"Feature","properties":{"h3":"88659bb32bfffff","tcode":"300903","bldg":11},"geometry":{"type":"Polygon","coordinates":[[[102.056079,15.095462],[102.056576,15.100629],[102.052191,15.103669],[102.047309,15.101543],[102.046812,15.096376],[102.051197,15.093336],[102.056079,15.095462]]]}},{"type":"Feature","properties":{"h3":"88659bb329fffff","tcode":"300903","bldg":2},"geometry":{"type":"Polygon","coordinates":[[[102.065345,15.094548],[102.065842,15.099714],[102.061457,15.102755],[102.056576,15.100629],[102.056079,15.095462],[102.060463,15.092422],[102.065345,15.094548]]]}},{"type":"Feature","properties":{"h3":"88659b8491fffff","tcode":"300903","bldg":19},"geometry":{"type":"Polygon","coordinates":[[[102.068328,15.125546],[102.068826,15.130712],[102.064441,15.133752],[102.059559,15.131626],[102.059062,15.12646],[102.063446,15.12342],[102.068328,15.125546]]]}},{"type":"Feature","properties":{"h3":"88659bb16dfffff","tcode":"300903","bldg":4},"geometry":{"type":"Polygon","coordinates":[[[102.060553,15.141958],[102.061051,15.147124],[102.056666,15.150164],[102.051783,15.148039],[102.051286,15.142873],[102.055671,15.139833],[102.060553,15.141958]]]}},{"type":"Feature","properties":{"h3":"88659bb323fffff","tcode":"300903","bldg":10},"geometry":{"type":"Polygon","coordinates":[[[102.052191,15.103669],[102.052688,15.108836],[102.048303,15.111876],[102.043421,15.10975],[102.042924,15.104583],[102.047309,15.101543],[102.052191,15.103669]]]}},{"type":"Feature","properties":{"h3":"88659b848bfffff","tcode":"300903","bldg":811},"geometry":{"type":"Polygon","coordinates":[[[102.086861,15.123715],[102.087359,15.128881],[102.082974,15.131922],[102.078092,15.129796],[102.077595,15.124631],[102.081979,15.12159],[102.086861,15.123715]]]}},{"type":"Feature","properties":{"h3":"88659b8483fffff","tcode":"300903","bldg":67},"geometry":{"type":"Polygon","coordinates":[[[102.082974,15.131922],[102.083472,15.137087],[102.079087,15.140128],[102.074205,15.138003],[102.073708,15.132837],[102.078092,15.129796],[102.082974,15.131922]]]}},{"type":"Feature","properties":{"h3":"88659b8481fffff","tcode":"300903","bldg":220},"geometry":{"type":"Polygon","coordinates":[[[102.09224,15.131006],[102.092738,15.136171],[102.088354,15.139212],[102.083472,15.137087],[102.082974,15.131922],[102.087359,15.128881],[102.09224,15.131006]]]}},{"type":"Feature","properties":{"h3":"88659b84d5fffff","tcode":"300903","bldg":3},"geometry":{"type":"Polygon","coordinates":[[[102.090747,15.115508],[102.091245,15.120674],[102.086861,15.123715],[102.081979,15.12159],[102.081482,15.116424],[102.085866,15.113383],[102.090747,15.115508]]]}},{"type":"Feature","properties":{"h3":"88659b84b7fffff","tcode":"300903","bldg":1},"geometry":{"type":"Polygon","coordinates":[[[102.071313,15.15654],[102.07181,15.161705],[102.067425,15.164746],[102.062543,15.162621],[102.062045,15.157455],[102.06643,15.154415],[102.071313,15.15654]]]}},{"type":"Feature","properties":{"h3":"88659bb339fffff","tcode":"300903","bldg":3},"geometry":{"type":"Polygon","coordinates":[[[102.041433,15.089083],[102.04193,15.094249],[102.037545,15.09729],[102.032664,15.095163],[102.032167,15.089996],[102.036552,15.086956],[102.041433,15.089083]]]}},{"type":"Feature","properties":{"h3":"88659bb16bfffff","tcode":"300903","bldg":66},"geometry":{"type":"Polygon","coordinates":[[[102.045906,15.135581],[102.046403,15.140747],[102.042018,15.143787],[102.037135,15.141661],[102.036639,15.136495],[102.041024,15.133455],[102.045906,15.135581]]]}},{"type":"Feature","properties":{"h3":"88659bb347fffff","tcode":"300903","bldg":132},"geometry":{"type":"Polygon","coordinates":[[[102.067739,15.07084],[102.068237,15.076007],[102.063853,15.079048],[102.058971,15.076921],[102.058474,15.071754],[102.062858,15.068714],[102.067739,15.07084]]]}},{"type":"Feature","properties":{"h3":"88659bb141fffff","tcode":"300903","bldg":354},"geometry":{"type":"Polygon","coordinates":[[[102.044415,15.120082],[102.044912,15.125249],[102.040527,15.128289],[102.035645,15.126163],[102.035148,15.120996],[102.039533,15.117956],[102.044415,15.120082]]]}},{"type":"Feature","properties":{"h3":"88659bb307fffff","tcode":"300903","bldg":6},"geometry":{"type":"Polygon","coordinates":[[[102.0507,15.088169],[102.051197,15.093336],[102.046812,15.096376],[102.04193,15.094249],[102.041433,15.089083],[102.045818,15.086042],[102.0507,15.088169]]]}},{"type":"Feature","properties":{"h3":"88659bb367fffff","tcode":"300903","bldg":3},"geometry":{"type":"Polygon","coordinates":[[[102.07461,15.093633],[102.075108,15.0988],[102.070723,15.10184],[102.065842,15.099714],[102.065345,15.094548],[102.069729,15.091507],[102.07461,15.093633]]]}},{"type":"Feature","properties":{"h3":"88659bb161fffff","tcode":"300903","bldg":12},"geometry":{"type":"Polygon","coordinates":[[[102.051286,15.142873],[102.051783,15.148039],[102.047398,15.151079],[102.042515,15.148953],[102.042018,15.143787],[102.046403,15.140747],[102.051286,15.142873]]]}},{"type":"Feature","properties":{"h3":"88659bb14bfffff","tcode":"300903","bldg":107},"geometry":{"type":"Polygon","coordinates":[[[102.039036,15.11279],[102.039533,15.117956],[102.035148,15.120996],[102.030266,15.11887],[102.029769,15.113703],[102.034154,15.110663],[102.039036,15.11279]]]}},{"type":"Feature","properties":{"h3":"88659b8493fffff","tcode":"300903","bldg":6},"geometry":{"type":"Polygon","coordinates":[[[102.059062,15.12646],[102.059559,15.131626],[102.055174,15.134667],[102.050292,15.132541],[102.049794,15.127375],[102.05418,15.124335],[102.059062,15.12646]]]}},{"type":"Feature","properties":{"h3":"88659bba4bfffff","tcode":"300903","bldg":72},"geometry":{"type":"Polygon","coordinates":[[[102.076693,15.16383],[102.07719,15.168995],[102.072805,15.172036],[102.067923,15.169911],[102.067425,15.164746],[102.07181,15.161705],[102.076693,15.16383]]]}},{"type":"Feature","properties":{"h3":"88659bb325fffff","tcode":"300903","bldg":935},"geometry":{"type":"Polygon","coordinates":[[[102.066836,15.110047],[102.067334,15.115213],[102.062949,15.118254],[102.058067,15.116128],[102.05757,15.110962],[102.061955,15.107921],[102.066836,15.110047]]]}},{"type":"Feature","properties":{"h3":"88659bb165fffff","tcode":"300903","bldg":7},"geometry":{"type":"Polygon","coordinates":[[[102.056666,15.150164],[102.057163,15.15533],[102.052777,15.15837],[102.047895,15.156245],[102.047398,15.151079],[102.051783,15.148039],[102.056666,15.150164]]]}},{"type":"Feature","properties":{"h3":"88659bb30dfffff","tcode":"300903","bldg":429},"geometry":{"type":"Polygon","coordinates":[[[102.063853,15.079048],[102.06435,15.084215],[102.059966,15.087255],[102.055084,15.085129],[102.054587,15.079962],[102.058971,15.076921],[102.063853,15.079048]]]}},{"type":"Feature","properties":{"h3":"88659bb309fffff","tcode":"300903","bldg":43},"geometry":{"type":"Polygon","coordinates":[[[102.058474,15.071754],[102.058971,15.076921],[102.054587,15.079962],[102.049706,15.077835],[102.049209,15.072668],[102.053593,15.069628],[102.058474,15.071754]]]}},{"type":"Feature","properties":{"h3":"88659b84b1fffff","tcode":"300903","bldg":6},"geometry":{"type":"Polygon","coordinates":[[[102.0752,15.148334],[102.075698,15.153499],[102.071313,15.15654],[102.06643,15.154415],[102.065933,15.149249],[102.070318,15.146209],[102.0752,15.148334]]]}},{"type":"Feature","properties":{"h3":"88659bb32dfffff","tcode":"300903","bldg":72},"geometry":{"type":"Polygon","coordinates":[[[102.070723,15.10184],[102.071221,15.107007],[102.066836,15.110047],[102.061955,15.107921],[102.061457,15.102755],[102.065842,15.099714],[102.070723,15.10184]]]}},{"type":"Feature","properties":{"h3":"88659bb327fffff","tcode":"300903","bldg":1316},"geometry":{"type":"Polygon","coordinates":[[[102.05757,15.110962],[102.058067,15.116128],[102.053682,15.119168],[102.0488,15.117042],[102.048303,15.111876],[102.052688,15.108836],[102.05757,15.110962]]]}},{"type":"Feature","properties":{"h3":"88659b84dbfffff","tcode":"300903","bldg":1},"geometry":{"type":"Polygon","coordinates":[[[102.079989,15.100926],[102.080487,15.106092],[102.076102,15.109132],[102.071221,15.107007],[102.070723,15.10184],[102.075108,15.0988],[102.079989,15.100926]]]}},{"type":"Feature","properties":{"h3":"88659bb36bfffff","tcode":"300903","bldg":5},"geometry":{"type":"Polygon","coordinates":[[[102.073118,15.078134],[102.073615,15.0833],[102.069231,15.086341],[102.06435,15.084215],[102.063853,15.079048],[102.068237,15.076007],[102.073118,15.078134]]]}},{"type":"Feature","properties":{"h3":"88659bb33dfffff","tcode":"300903","bldg":596},"geometry":{"type":"Polygon","coordinates":[[[102.046812,15.096376],[102.047309,15.101543],[102.042924,15.104583],[102.038042,15.102456],[102.037545,15.09729],[102.04193,15.094249],[102.046812,15.096376]]]}},{"type":"Feature","properties":{"h3":"88659b8495fffff","tcode":"300903","bldg":6},"geometry":{"type":"Polygon","coordinates":[[[102.073708,15.132837],[102.074205,15.138003],[102.069821,15.141043],[102.064938,15.138918],[102.064441,15.133752],[102.068826,15.130712],[102.073708,15.132837]]]}},{"type":"Feature","properties":{"h3":"88659bb363fffff","tcode":"300903","bldg":8},"geometry":{"type":"Polygon","coordinates":[[[102.069231,15.086341],[102.069729,15.091507],[102.065345,15.094548],[102.060463,15.092422],[102.059966,15.087255],[102.06435,15.084215],[102.069231,15.086341]]]}},{"type":"Feature","properties":{"h3":"88659bb30bfffff","tcode":"300903","bldg":27},"geometry":{"type":"Polygon","coordinates":[[[102.049209,15.072668],[102.049706,15.077835],[102.045321,15.080875],[102.04044,15.078749],[102.039943,15.073581],[102.044327,15.070541],[102.049209,15.072668]]]}},{"type":"Feature","properties":{"h3":"88659bb02dfffff","tcode":"300904","bldg":0},"geometry":{"type":"Polygon","coordinates":[[[102.005854,15.108235],[102.00635,15.113402],[102.001964,15.116441],[101.997082,15.114314],[101.996585,15.109147],[102.000972,15.106107],[102.005854,15.108235]]]}},{"type":"Feature","properties":{"h3":"88659bb33bfffff","tcode":"300904","bldg":201},"geometry":{"type":"Polygon","coordinates":[[[102.032167,15.089996],[102.032664,15.095163],[102.028278,15.098203],[102.023396,15.096076],[102.0229,15.090909],[102.027285,15.087869],[102.032167,15.089996]]]}},{"type":"Feature","properties":{"h3":"88659bb029fffff","tcode":"300904","bldg":2},"geometry":{"type":"Polygon","coordinates":[[[102.000475,15.10094],[102.000972,15.106107],[101.996585,15.109147],[101.991703,15.107019],[101.991207,15.101852],[101.995593,15.098813],[102.000475,15.10094]]]}},{"type":"Feature","properties":{"h3":"88659bb127fffff","tcode":"300904","bldg":237},"geometry":{"type":"Polygon","coordinates":[[[102.030351,15.168404],[102.030848,15.17357],[102.026462,15.17661],[102.021579,15.174484],[102.021082,15.169318],[102.025468,15.166279],[102.030351,15.168404]]]}},{"type":"Feature","properties":{"h3":"88659bb159fffff","tcode":"300904","bldg":0},"geometry":{"type":"Polygon","coordinates":[[[102.02439,15.10641],[102.024887,15.111576],[102.020501,15.114616],[102.015619,15.112489],[102.015122,15.107322],[102.019508,15.104283],[102.02439,15.10641]]]}},{"type":"Feature","properties":{"h3":"88659bb107fffff","tcode":"300904","bldg":16},"geometry":{"type":"Polygon","coordinates":[[[102.023481,15.145615],[102.023978,15.150781],[102.019592,15.153821],[102.014709,15.151694],[102.014212,15.146528],[102.018598,15.143488],[102.023481,15.145615]]]}},{"type":"Feature","properties":{"h3":"88659bb139fffff","tcode":"300904","bldg":249},"geometry":{"type":"Polygon","coordinates":[[[102.014212,15.146528],[102.014709,15.151694],[102.010322,15.154734],[102.005439,15.152607],[102.004943,15.147441],[102.009329,15.144401],[102.014212,15.146528]]]}},{"type":"Feature","properties":{"h3":"88659bb111fffff","tcode":"300904","bldg":43},"geometry":{"type":"Polygon","coordinates":[[[102.003454,15.131942],[102.00395,15.137108],[101.999564,15.140148],[101.994681,15.13802],[101.994184,15.132854],[101.998571,15.129814],[102.003454,15.131942]]]}},{"type":"Feature","properties":{"h3":"88659bb00dfffff","tcode":"300904","bldg":15},"geometry":{"type":"Polygon","coordinates":[[[101.998986,15.085438],[101.999483,15.090606],[101.995097,15.093645],[101.990214,15.091517],[101.989718,15.08635],[101.994104,15.08331],[101.998986,15.085438]]]}},{"type":"Feature","properties":{"h3":"88659bba53fffff","tcode":"300904","bldg":23},"geometry":{"type":"Polygon","coordinates":[[[102.048889,15.166576],[102.049386,15.171741],[102.045,15.174781],[102.040117,15.172656],[102.03962,15.16749],[102.044006,15.16445],[102.048889,15.166576]]]}},{"type":"Feature","properties":{"h3":"88659bb105fffff","tcode":"300904","bldg":0},"geometry":{"type":"Polygon","coordinates":[[[102.03275,15.144701],[102.033247,15.149867],[102.028861,15.152907],[102.023978,15.150781],[102.023481,15.145615],[102.027867,15.142575],[102.03275,15.144701]]]}},{"type":"Feature","properties":{"h3":"88659bb12dfffff","tcode":"300904","bldg":134},"geometry":{"type":"Polygon","coordinates":[[[102.043509,15.159285],[102.044006,15.16445],[102.03962,15.16749],[102.034737,15.165365],[102.03424,15.160199],[102.038626,15.157159],[102.043509,15.159285]]]}},{"type":"Feature","properties":{"h3":"88659bb151fffff","tcode":"300904","bldg":7},"geometry":{"type":"Polygon","coordinates":[[[102.020501,15.114616],[102.020998,15.119783],[102.016612,15.122823],[102.011729,15.120696],[102.011233,15.115529],[102.015619,15.112489],[102.020501,15.114616]]]}},{"type":"Feature","properties":{"h3":"88659bb005fffff","tcode":"300904","bldg":62},"geometry":{"type":"Polygon","coordinates":[[[101.995097,15.093645],[101.995593,15.098813],[101.991207,15.101852],[101.986324,15.099724],[101.985828,15.094557],[101.990214,15.091517],[101.995097,15.093645]]]}},{"type":"Feature","properties":{"h3":"88659bb157fffff","tcode":"300904","bldg":224},"geometry":{"type":"Polygon","coordinates":[[[102.016612,15.122823],[102.017108,15.127989],[102.012722,15.131029],[102.00784,15.128902],[102.007343,15.123735],[102.011729,15.120696],[102.016612,15.122823]]]}},{"type":"Feature","properties":{"h3":"88659bb13dfffff","tcode":"300904","bldg":142},"geometry":{"type":"Polygon","coordinates":[[[102.019592,15.153821],[102.020088,15.158987],[102.015702,15.162026],[102.010819,15.1599],[102.010322,15.154734],[102.014709,15.151694],[102.019592,15.153821]]]}},{"type":"Feature","properties":{"h3":"88659bb135fffff","tcode":"300904","bldg":9},"geometry":{"type":"Polygon","coordinates":[[[102.015702,15.162026],[102.016199,15.167192],[102.011812,15.170232],[102.006929,15.168105],[102.006432,15.162939],[102.010819,15.1599],[102.015702,15.162026]]]}},{"type":"Feature","properties":{"h3":"88659bb069fffff","tcode":"300904","bldg":180},"geometry":{"type":"Polygon","coordinates":[[[102.017521,15.083614],[102.018018,15.088781],[102.013632,15.091821],[102.00875,15.089694],[102.008254,15.084526],[102.012639,15.081487],[102.017521,15.083614]]]}},{"type":"Feature","properties":{"h3":"88659bb06dfffff","tcode":"300904","bldg":97},"geometry":{"type":"Polygon","coordinates":[[[102.0229,15.090909],[102.023396,15.096076],[102.019011,15.099116],[102.014129,15.096988],[102.013632,15.091821],[102.018018,15.088781],[102.0229,15.090909]]]}},{"type":"Feature","properties":{"h3":"88659bb115fffff","tcode":"300904","bldg":418},"geometry":{"type":"Polygon","coordinates":[[[102.008833,15.139235],[102.009329,15.144401],[102.004943,15.147441],[102.00006,15.145314],[101.999564,15.140148],[102.00395,15.137108],[102.008833,15.139235]]]}},{"type":"Feature","properties":{"h3":"88659bb333fffff","tcode":"300904","bldg":195},"geometry":{"type":"Polygon","coordinates":[[[102.028278,15.098203],[102.028775,15.10337],[102.02439,15.10641],[102.019508,15.104283],[102.019011,15.099116],[102.023396,15.096076],[102.028278,15.098203]]]}},{"type":"Feature","properties":{"h3":"88659bb119fffff","tcode":"300904","bldg":452},"geometry":{"type":"Polygon","coordinates":[[[102.007343,15.123735],[102.00784,15.128902],[102.003454,15.131942],[101.998571,15.129814],[101.998074,15.124648],[102.002461,15.121608],[102.007343,15.123735]]]}},{"type":"Feature","properties":{"h3":"88659bb12bfffff","tcode":"300904","bldg":251},"geometry":{"type":"Polygon","coordinates":[[[102.028861,15.152907],[102.029358,15.158073],[102.024971,15.161113],[102.020088,15.158987],[102.019592,15.153821],[102.023978,15.150781],[102.028861,15.152907]]]}},{"type":"Feature","properties":{"h3":"88659bb06bfffff","tcode":"300904","bldg":3},"geometry":{"type":"Polygon","coordinates":[[[102.008254,15.084526],[102.00875,15.089694],[102.004365,15.092733],[101.999483,15.090606],[101.998986,15.085438],[102.003372,15.082399],[102.008254,15.084526]]]}},{"type":"Feature","properties":{"h3":"88659bb061fffff","tcode":"300904","bldg":73},"geometry":{"type":"Polygon","coordinates":[[[102.013632,15.091821],[102.014129,15.096988],[102.009743,15.100028],[102.004861,15.097901],[102.004365,15.092733],[102.00875,15.089694],[102.013632,15.091821]]]}},{"type":"Feature","properties":{"h3":"88659bb001fffff","tcode":"300904","bldg":28},"geometry":{"type":"Polygon","coordinates":[[[101.989718,15.08635],[101.990214,15.091517],[101.985828,15.094557],[101.980946,15.092429],[101.98045,15.087261],[101.984836,15.084222],[101.989718,15.08635]]]}},{"type":"Feature","properties":{"h3":"88659bb315fffff","tcode":"300904","bldg":12},"geometry":{"type":"Polygon","coordinates":[[[102.036055,15.081789],[102.036552,15.086956],[102.032167,15.089996],[102.027285,15.087869],[102.026788,15.082702],[102.031173,15.079662],[102.036055,15.081789]]]}},{"type":"Feature","properties":{"h3":"88659bb13bfffff","tcode":"300904","bldg":167},"geometry":{"type":"Polygon","coordinates":[[[102.004943,15.147441],[102.005439,15.152607],[102.001053,15.155647],[101.99617,15.15352],[101.995673,15.148353],[102.00006,15.145314],[102.004943,15.147441]]]}},{"type":"Feature","properties":{"h3":"88659bb153fffff","tcode":"300904","bldg":189},"geometry":{"type":"Polygon","coordinates":[[[102.011233,15.115529],[102.011729,15.120696],[102.007343,15.123735],[102.002461,15.121608],[102.001964,15.116441],[102.00635,15.113402],[102.011233,15.115529]]]}},{"type":"Feature","properties":{"h3":"88659bb163fffff","tcode":"300904","bldg":349},"geometry":{"type":"Polygon","coordinates":[[[102.042018,15.143787],[102.042515,15.148953],[102.038129,15.151993],[102.033247,15.149867],[102.03275,15.144701],[102.037135,15.141661],[102.042018,15.143787]]]}},{"type":"Feature","properties":{"h3":"88659bb313fffff","tcode":"300904","bldg":6},"geometry":{"type":"Polygon","coordinates":[[[102.02141,15.075407],[102.021906,15.080574],[102.017521,15.083614],[102.012639,15.081487],[102.012143,15.076319],[102.016528,15.073279],[102.02141,15.075407]]]}},{"type":"Feature","properties":{"h3":"88659bb125fffff","tcode":"300904","bldg":12},"geometry":{"type":"Polygon","coordinates":[[[102.03962,15.16749],[102.040117,15.172656],[102.035731,15.175696],[102.030848,15.17357],[102.030351,15.168404],[102.034737,15.165365],[102.03962,15.16749]]]}},{"type":"Feature","properties":{"h3":"88659bb129fffff","tcode":"300904","bldg":19},"geometry":{"type":"Polygon","coordinates":[[[102.038129,15.151993],[102.038626,15.157159],[102.03424,15.160199],[102.029358,15.158073],[102.028861,15.152907],[102.033247,15.149867],[102.038129,15.151993]]]}},{"type":"Feature","properties":{"h3":"88659bb10bfffff","tcode":"300904","bldg":45},"geometry":{"type":"Polygon","coordinates":[[[102.021991,15.130116],[102.022488,15.135282],[102.018102,15.138322],[102.013219,15.136195],[102.012722,15.131029],[102.017108,15.127989],[102.021991,15.130116]]]}},{"type":"Feature","properties":{"h3":"88659bb137fffff","tcode":"300904","bldg":0},"geometry":{"type":"Polygon","coordinates":[[[102.006432,15.162939],[102.006929,15.168105],[102.002542,15.171145],[101.997659,15.169018],[101.997162,15.163852],[102.001549,15.160813],[102.006432,15.162939]]]}},{"type":"Feature","properties":{"h3":"88659bb155fffff","tcode":"300904","bldg":38},"geometry":{"type":"Polygon","coordinates":[[[102.02588,15.12191],[102.026377,15.127076],[102.021991,15.130116],[102.017108,15.127989],[102.016612,15.122823],[102.020998,15.119783],[102.02588,15.12191]]]}},{"type":"Feature","properties":{"h3":"88659bb109fffff","tcode":"300904","bldg":12},"geometry":{"type":"Polygon","coordinates":[[[102.031259,15.129203],[102.031756,15.134369],[102.02737,15.137409],[102.022488,15.135282],[102.021991,15.130116],[102.026377,15.127076],[102.031259,15.129203]]]}},{"type":"Feature","properties":{"h3":"88659bb065fffff","tcode":"300904","bldg":1},"geometry":{"type":"Polygon","coordinates":[[[102.019011,15.099116],[102.019508,15.104283],[102.015122,15.107322],[102.01024,15.105195],[102.009743,15.100028],[102.014129,15.096988],[102.019011,15.099116]]]}},{"type":"Feature","properties":{"h3":"88659bb15dfffff","tcode":"300904","bldg":14},"geometry":{"type":"Polygon","coordinates":[[[102.029769,15.113703],[102.030266,15.11887],[102.02588,15.12191],[102.020998,15.119783],[102.020501,15.114616],[102.024887,15.111576],[102.029769,15.113703]]]}},{"type":"Feature","properties":{"h3":"88659bb31dfffff","tcode":"300904","bldg":421},"geometry":{"type":"Polygon","coordinates":[[[102.039943,15.073581],[102.04044,15.078749],[102.036055,15.081789],[102.031173,15.079662],[102.030676,15.074494],[102.035061,15.071454],[102.039943,15.073581]]]}},{"type":"Feature","properties":{"h3":"88659bb10dfffff","tcode":"300904","bldg":3},"geometry":{"type":"Polygon","coordinates":[[[102.036639,15.136495],[102.037135,15.141661],[102.03275,15.144701],[102.027867,15.142575],[102.02737,15.137409],[102.031756,15.134369],[102.036639,15.136495]]]}},{"type":"Feature","properties":{"h3":"88659bb063fffff","tcode":"300904","bldg":521},"geometry":{"type":"Polygon","coordinates":[[[102.004365,15.092733],[102.004861,15.097901],[102.000475,15.10094],[101.995593,15.098813],[101.995097,15.093645],[101.999483,15.090606],[102.004365,15.092733]]]}},{"type":"Feature","properties":{"h3":"88659bb131fffff","tcode":"300904","bldg":7},"geometry":{"type":"Polygon","coordinates":[[[102.010322,15.154734],[102.010819,15.1599],[102.006432,15.162939],[102.001549,15.160813],[102.001053,15.155647],[102.005439,15.152607],[102.010322,15.154734]]]}},{"type":"Feature","properties":{"h3":"88659bb123fffff","tcode":"300904","bldg":685},"geometry":{"type":"Polygon","coordinates":[[[102.024971,15.161113],[102.025468,15.166279],[102.021082,15.169318],[102.016199,15.167192],[102.015702,15.162026],[102.020088,15.158987],[102.024971,15.161113]]]}},{"type":"Feature","properties":{"h3":"88659bb317fffff","tcode":"300904","bldg":22},"geometry":{"type":"Polygon","coordinates":[[[102.026788,15.082702],[102.027285,15.087869],[102.0229,15.090909],[102.018018,15.088781],[102.017521,15.083614],[102.021906,15.080574],[102.026788,15.082702]]]}},{"type":"Feature","properties":{"h3":"88659bb311fffff","tcode":"300904","bldg":68},"geometry":{"type":"Polygon","coordinates":[[[102.030676,15.074494],[102.031173,15.079662],[102.026788,15.082702],[102.021906,15.080574],[102.02141,15.075407],[102.025795,15.072367],[102.030676,15.074494]]]}},{"type":"Feature","properties":{"h3":"88659bb15bfffff","tcode":"300904","bldg":1},"geometry":{"type":"Polygon","coordinates":[[[102.015122,15.107322],[102.015619,15.112489],[102.011233,15.115529],[102.00635,15.113402],[102.005854,15.108235],[102.01024,15.105195],[102.015122,15.107322]]]}},{"type":"Feature","properties":{"h3":"88659bba1bfffff","tcode":"300904","bldg":3},"geometry":{"type":"Polygon","coordinates":[[[102.035731,15.175696],[102.036228,15.180861],[102.031842,15.183901],[102.026959,15.181775],[102.026462,15.17661],[102.030848,15.17357],[102.035731,15.175696]]]}},{"type":"Feature","properties":{"h3":"88659bb337fffff","tcode":"300904","bldg":4},"geometry":{"type":"Polygon","coordinates":[[[102.033657,15.105496],[102.034154,15.110663],[102.029769,15.113703],[102.024887,15.111576],[102.02439,15.10641],[102.028775,15.10337],[102.033657,15.105496]]]}},{"type":"Feature","properties":{"h3":"88659bb103fffff","tcode":"300904","bldg":4},"geometry":{"type":"Polygon","coordinates":[[[102.018102,15.138322],[102.018598,15.143488],[102.014212,15.146528],[102.009329,15.144401],[102.008833,15.139235],[102.013219,15.136195],[102.018102,15.138322]]]}},{"type":"Feature","properties":{"h3":"88659bb143fffff","tcode":"300904","bldg":111},"geometry":{"type":"Polygon","coordinates":[[[102.035148,15.120996],[102.035645,15.126163],[102.031259,15.129203],[102.026377,15.127076],[102.02588,15.12191],[102.030266,15.11887],[102.035148,15.120996]]]}},{"type":"Feature","properties":{"h3":"88659bb121fffff","tcode":"300904","bldg":98},"geometry":{"type":"Polygon","coordinates":[[[102.03424,15.160199],[102.034737,15.165365],[102.030351,15.168404],[102.025468,15.166279],[102.024971,15.161113],[102.029358,15.158073],[102.03424,15.160199]]]}},{"type":"Feature","properties":{"h3":"88659bb101fffff","tcode":"300904","bldg":1},"geometry":{"type":"Polygon","coordinates":[[[102.02737,15.137409],[102.027867,15.142575],[102.023481,15.145615],[102.018598,15.143488],[102.018102,15.138322],[102.022488,15.135282],[102.02737,15.137409]]]}},{"type":"Feature","properties":{"h3":"88659bb067fffff","tcode":"300904","bldg":4},"geometry":{"type":"Polygon","coordinates":[[[102.009743,15.100028],[102.01024,15.105195],[102.005854,15.108235],[102.000972,15.106107],[102.000475,15.10094],[102.004861,15.097901],[102.009743,15.100028]]]}},{"type":"Feature","properties":{"h3":"88659bb11dfffff","tcode":"300904","bldg":50},"geometry":{"type":"Polygon","coordinates":[[[102.012722,15.131029],[102.013219,15.136195],[102.008833,15.139235],[102.00395,15.137108],[102.003454,15.131942],[102.00784,15.128902],[102.012722,15.131029]]]}},{"type":"Feature","properties":{"h3":"88659bb1ebfffff","tcode":"300905","bldg":11},"geometry":{"type":"Polygon","coordinates":[[[101.981024,15.141972],[101.98152,15.147138],[101.977133,15.150177],[101.97225,15.14805],[101.971754,15.142883],[101.976141,15.139844],[101.981024,15.141972]]]}},{"type":"Feature","properties":{"h3":"88659bb181fffff","tcode":"300905","bldg":1},"geometry":{"type":"Polygon","coordinates":[[[101.962483,15.143794],[101.962979,15.148961],[101.958591,15.152],[101.953708,15.149872],[101.953212,15.144705],[101.9576,15.141666],[101.962483,15.143794]]]}},{"type":"Feature","properties":{"h3":"88659bb0edfffff","tcode":"300905","bldg":429},"geometry":{"type":"Polygon","coordinates":[[[101.958021,15.097289],[101.958517,15.102457],[101.95413,15.105496],[101.949247,15.103367],[101.948751,15.098199],[101.953138,15.09516],[101.958021,15.097289]]]}},{"type":"Feature","properties":{"h3":"88659bb185fffff","tcode":"300905","bldg":1},"geometry":{"type":"Polygon","coordinates":[[[101.967862,15.151089],[101.968358,15.156256],[101.963971,15.159295],[101.959087,15.157167],[101.958591,15.152],[101.962979,15.148961],[101.967862,15.151089]]]}},{"type":"Feature","properties":{"h3":"88659bb1edfffff","tcode":"300905","bldg":7},"geometry":{"type":"Polygon","coordinates":[[[101.995673,15.148353],[101.99617,15.15352],[101.991783,15.156559],[101.9869,15.154432],[101.986403,15.149266],[101.99079,15.146226],[101.995673,15.148353]]]}},{"type":"Feature","properties":{"h3":"88659bb021fffff","tcode":"300905","bldg":3},"geometry":{"type":"Polygon","coordinates":[[[101.996585,15.109147],[101.997082,15.114314],[101.992695,15.117353],[101.987813,15.115226],[101.987317,15.110059],[101.991703,15.107019],[101.996585,15.109147]]]}},{"type":"Feature","properties":{"h3":"88659bba83fffff","tcode":"300905","bldg":1},"geometry":{"type":"Polygon","coordinates":[[[101.99087,15.19576],[101.991366,15.200926],[101.986979,15.203965],[101.982095,15.201838],[101.981598,15.196673],[101.985986,15.193634],[101.99087,15.19576]]]}},{"type":"Feature","properties":{"h3":"88659bb19dfffff","tcode":"300905","bldg":1},"geometry":{"type":"Polygon","coordinates":[[[101.947833,15.13741],[101.948329,15.142577],[101.943941,15.145616],[101.939057,15.143487],[101.938562,15.13832],[101.94295,15.135282],[101.947833,15.13741]]]}},{"type":"Feature","properties":{"h3":"88659bba8bfffff","tcode":"300905","bldg":2},"geometry":{"type":"Polygon","coordinates":[[[101.994761,15.187555],[101.995257,15.192721],[101.99087,15.19576],[101.985986,15.193634],[101.98549,15.188468],[101.989877,15.185429],[101.994761,15.187555]]]}},{"type":"Feature","properties":{"h3":"88659bb1e1fffff","tcode":"300905","bldg":1},"geometry":{"type":"Polygon","coordinates":[[[101.986403,15.149266],[101.9869,15.154432],[101.982512,15.157471],[101.977629,15.155344],[101.977133,15.150177],[101.98152,15.147138],[101.986403,15.149266]]]}},{"type":"Feature","properties":{"h3":"88659bba85fffff","tcode":"300905","bldg":0},"geometry":{"type":"Polygon","coordinates":[[[102.005521,15.202139],[102.006018,15.207304],[102.001631,15.210343],[101.996747,15.208217],[101.99625,15.203052],[102.000638,15.200013],[102.005521,15.202139]]]}},{"type":"Feature","properties":{"h3":"88659bb189fffff","tcode":"300905","bldg":287},"geometry":{"type":"Polygon","coordinates":[[[101.966375,15.135589],[101.96687,15.140755],[101.962483,15.143794],[101.9576,15.141666],[101.957104,15.136499],[101.961491,15.133461],[101.966375,15.135589]]]}},{"type":"Feature","properties":{"h3":"88659bba9bfffff","tcode":"300905","bldg":8},"geometry":{"type":"Polygon","coordinates":[[[101.970838,15.182087],[101.971334,15.187253],[101.966946,15.190292],[101.962062,15.188165],[101.961567,15.182999],[101.965954,15.17996],[101.970838,15.182087]]]}},{"type":"Feature","properties":{"h3":"88659bb1e9fffff","tcode":"300905","bldg":73},"geometry":{"type":"Polygon","coordinates":[[[101.990294,15.14106],[101.99079,15.146226],[101.986403,15.149266],[101.98152,15.147138],[101.981024,15.141972],[101.985411,15.138932],[101.990294,15.14106]]]}},{"type":"Feature","properties":{"h3":"88659bbac3fffff","tcode":"300905","bldg":15},"geometry":{"type":"Polygon","coordinates":[[[102.007922,15.178437],[102.008419,15.183603],[102.004032,15.186642],[101.999148,15.184516],[101.998652,15.17935],[102.003039,15.176311],[102.007922,15.178437]]]}},{"type":"Feature","properties":{"h3":"88659bb03bfffff","tcode":"300905","bldg":5},"geometry":{"type":"Polygon","coordinates":[[[101.96729,15.096379],[101.967786,15.101546],[101.963399,15.104585],[101.958517,15.102457],[101.958021,15.097289],[101.962408,15.09425],[101.96729,15.096379]]]}},{"type":"Feature","properties":{"h3":"88659bb1d3fffff","tcode":"300905","bldg":6},"geometry":{"type":"Polygon","coordinates":[[[101.946346,15.121908],[101.946842,15.127076],[101.942454,15.130114],[101.937571,15.127986],[101.937075,15.122818],[101.941463,15.119779],[101.946346,15.121908]]]}},{"type":"Feature","properties":{"h3":"88659bbad5fffff","tcode":"300905","bldg":2},"geometry":{"type":"Polygon","coordinates":[[[101.998652,15.17935],[101.999148,15.184516],[101.994761,15.187555],[101.989877,15.185429],[101.989381,15.180263],[101.993768,15.177224],[101.998652,15.17935]]]}},{"type":"Feature","properties":{"h3":"88659bb1a5fffff","tcode":"300905","bldg":42},"geometry":{"type":"Polygon","coordinates":[[[101.97473,15.173882],[101.975226,15.179048],[101.970838,15.182087],[101.965954,15.17996],[101.965459,15.174794],[101.969846,15.171755],[101.97473,15.173882]]]}},{"type":"Feature","properties":{"h3":"88659bb0e5fffff","tcode":"300905","bldg":59},"geometry":{"type":"Polygon","coordinates":[[[101.95413,15.105496],[101.954625,15.110663],[101.950238,15.113702],[101.945355,15.111573],[101.944859,15.106406],[101.949247,15.103367],[101.95413,15.105496]]]}},{"type":"Feature","properties":{"h3":"88659bb1abfffff","tcode":"300905","bldg":21},"geometry":{"type":"Polygon","coordinates":[[[101.963971,15.159295],[101.964467,15.164461],[101.960079,15.1675],[101.955195,15.165372],[101.954699,15.160206],[101.959087,15.157167],[101.963971,15.159295]]]}},{"type":"Feature","properties":{"h3":"88659bb1a1fffff","tcode":"300905","bldg":2},"geometry":{"type":"Polygon","coordinates":[[[101.96935,15.166589],[101.969846,15.171755],[101.965459,15.174794],[101.960575,15.172666],[101.960079,15.1675],[101.964467,15.164461],[101.96935,15.166589]]]}},{"type":"Feature","properties":{"h3":"88659bbadbfffff","tcode":"300905","bldg":7},"geometry":{"type":"Polygon","coordinates":[[[101.987892,15.164765],[101.988388,15.169931],[101.984001,15.17297],[101.979117,15.170843],[101.978621,15.165677],[101.983009,15.162638],[101.987892,15.164765]]]}},{"type":"Feature","properties":{"h3":"88659bb1e3fffff","tcode":"300905","bldg":2},"geometry":{"type":"Polygon","coordinates":[[[101.977133,15.150177],[101.977629,15.155344],[101.973242,15.158383],[101.968358,15.156256],[101.967862,15.151089],[101.97225,15.14805],[101.977133,15.150177]]]}},{"type":"Feature","properties":{"h3":"88659bbad1fffff","tcode":"300905","bldg":414},"geometry":{"type":"Polygon","coordinates":[[[101.993272,15.172058],[101.993768,15.177224],[101.989381,15.180263],[101.984497,15.178136],[101.984001,15.17297],[101.988388,15.169931],[101.993272,15.172058]]]}},{"type":"Feature","properties":{"h3":"88659bb1c5fffff","tcode":"300905","bldg":44},"geometry":{"type":"Polygon","coordinates":[[[101.984915,15.133766],[101.985411,15.138932],[101.981024,15.141972],[101.976141,15.139844],[101.975645,15.134677],[101.980032,15.131638],[101.984915,15.133766]]]}},{"type":"Feature","properties":{"h3":"88659bb1c9fffff","tcode":"300905","bldg":85},"geometry":{"type":"Polygon","coordinates":[[[101.983426,15.118265],[101.983922,15.123432],[101.979536,15.126471],[101.974653,15.124343],[101.974157,15.119176],[101.978544,15.116137],[101.983426,15.118265]]]}},{"type":"Feature","properties":{"h3":"88659bb0abfffff","tcode":"300905","bldg":10},"geometry":{"type":"Polygon","coordinates":[[[101.926318,15.108225],[101.926813,15.113392],[101.922425,15.116431],[101.917542,15.114301],[101.917047,15.109134],[101.921435,15.106095],[101.926318,15.108225]]]}},{"type":"Feature","properties":{"h3":"88659bb1d5fffff","tcode":"300905","bldg":64},"geometry":{"type":"Polygon","coordinates":[[[101.960996,15.128293],[101.961491,15.133461],[101.957104,15.136499],[101.952221,15.134371],[101.951725,15.129204],[101.956112,15.126165],[101.960996,15.128293]]]}},{"type":"Feature","properties":{"h3":"88659bb1cbfffff","tcode":"300905","bldg":33},"geometry":{"type":"Polygon","coordinates":[[[101.974157,15.119176],[101.974653,15.124343],[101.970266,15.127383],[101.965383,15.125254],[101.964887,15.120087],[101.969274,15.117048],[101.974157,15.119176]]]}},{"type":"Feature","properties":{"h3":"88659bb1c3fffff","tcode":"300905","bldg":101},"geometry":{"type":"Polygon","coordinates":[[[101.970266,15.127383],[101.970762,15.13255],[101.966375,15.135589],[101.961491,15.133461],[101.960996,15.128293],[101.965383,15.125254],[101.970266,15.127383]]]}},{"type":"Feature","properties":{"h3":"88659bbac5fffff","tcode":"300905","bldg":5},"geometry":{"type":"Polygon","coordinates":[[[102.022572,15.184815],[102.023069,15.189981],[102.018682,15.19302],[102.013799,15.190894],[102.013302,15.185729],[102.017689,15.182689],[102.022572,15.184815]]]}},{"type":"Feature","properties":{"h3":"88659bb18bfffff","tcode":"300905","bldg":136},"geometry":{"type":"Polygon","coordinates":[[[101.957104,15.136499],[101.9576,15.141666],[101.953212,15.144705],[101.948329,15.142577],[101.947833,15.13741],[101.952221,15.134371],[101.957104,15.136499]]]}},{"type":"Feature","properties":{"h3":"88659bb033fffff","tcode":"300905","bldg":1},"geometry":{"type":"Polygon","coordinates":[[[101.963399,15.104585],[101.963895,15.109753],[101.959508,15.112792],[101.954625,15.110663],[101.95413,15.105496],[101.958517,15.102457],[101.963399,15.104585]]]}},{"type":"Feature","properties":{"h3":"88659bb025fffff","tcode":"300905","bldg":56},"geometry":{"type":"Polygon","coordinates":[[[102.001964,15.116441],[102.002461,15.121608],[101.998074,15.124648],[101.993192,15.12252],[101.992695,15.117353],[101.997082,15.114314],[102.001964,15.116441]]]}},{"type":"Feature","properties":{"h3":"88659bb1b9fffff","tcode":"300905","bldg":2},"geometry":{"type":"Polygon","coordinates":[[[101.94932,15.152911],[101.949816,15.158078],[101.945428,15.161116],[101.940544,15.158988],[101.940048,15.153821],[101.944436,15.150783],[101.94932,15.152911]]]}},{"type":"Feature","properties":{"h3":"88659bbad9fffff","tcode":"300905","bldg":24},"geometry":{"type":"Polygon","coordinates":[[[101.997162,15.163852],[101.997659,15.169018],[101.993272,15.172058],[101.988388,15.169931],[101.987892,15.164765],[101.992279,15.161725],[101.997162,15.163852]]]}},{"type":"Feature","properties":{"h3":"88659bb1d7fffff","tcode":"300905","bldg":226},"geometry":{"type":"Polygon","coordinates":[[[101.951725,15.129204],[101.952221,15.134371],[101.947833,15.13741],[101.94295,15.135282],[101.942454,15.130114],[101.946842,15.127076],[101.951725,15.129204]]]}},{"type":"Feature","properties":{"h3":"88659bba99fffff","tcode":"300905","bldg":100},"geometry":{"type":"Polygon","coordinates":[[[101.98011,15.181175],[101.980606,15.186341],[101.976218,15.18938],[101.971334,15.187253],[101.970838,15.182087],[101.975226,15.179048],[101.98011,15.181175]]]}},{"type":"Feature","properties":{"h3":"88659bbac7fffff","tcode":"300905","bldg":228},"geometry":{"type":"Polygon","coordinates":[[[102.013302,15.185729],[102.013799,15.190894],[102.009412,15.193934],[102.004528,15.191808],[102.004032,15.186642],[102.008419,15.183603],[102.013302,15.185729]]]}},{"type":"Feature","properties":{"h3":"88659bb199fffff","tcode":"300905","bldg":17},"geometry":{"type":"Polygon","coordinates":[[[101.942454,15.130114],[101.94295,15.135282],[101.938562,15.13832],[101.933678,15.136191],[101.933183,15.131024],[101.937571,15.127986],[101.942454,15.130114]]]}},{"type":"Feature","properties":{"h3":"88659bba8dfffff","tcode":"300905","bldg":9},"geometry":{"type":"Polygon","coordinates":[[[102.009412,15.193934],[102.009909,15.199099],[102.005521,15.202139],[102.000638,15.200013],[102.000141,15.194847],[102.004528,15.191808],[102.009412,15.193934]]]}},{"type":"Feature","properties":{"h3":"88659bbad7fffff","tcode":"300905","bldg":150},"geometry":{"type":"Polygon","coordinates":[[[101.989381,15.180263],[101.989877,15.185429],[101.98549,15.188468],[101.980606,15.186341],[101.98011,15.181175],[101.984497,15.178136],[101.989381,15.180263]]]}},{"type":"Feature","properties":{"h3":"88659bb027fffff","tcode":"300905","bldg":0},"geometry":{"type":"Polygon","coordinates":[[[101.992695,15.117353],[101.993192,15.12252],[101.988805,15.12556],[101.983922,15.123432],[101.983426,15.118265],[101.987813,15.115226],[101.992695,15.117353]]]}},{"type":"Feature","properties":{"h3":"88659bba81fffff","tcode":"300905","bldg":0},"geometry":{"type":"Polygon","coordinates":[[[102.000141,15.194847],[102.000638,15.200013],[101.99625,15.203052],[101.991366,15.200926],[101.99087,15.19576],[101.995257,15.192721],[102.000141,15.194847]]]}},{"type":"Feature","properties":{"h3":"88659bb039fffff","tcode":"300905","bldg":0},"geometry":{"type":"Polygon","coordinates":[[[101.976559,15.095468],[101.977055,15.100635],[101.972669,15.103674],[101.967786,15.101546],[101.96729,15.096379],[101.971677,15.093339],[101.976559,15.095468]]]}},{"type":"Feature","properties":{"h3":"88659bb1d9fffff","tcode":"300905","bldg":1},"geometry":{"type":"Polygon","coordinates":[[[101.959508,15.112792],[101.960004,15.117959],[101.955617,15.120998],[101.950734,15.118869],[101.950238,15.113702],[101.954625,15.110663],[101.959508,15.112792]]]}},{"type":"Feature","properties":{"h3":"88659bb18dfffff","tcode":"300905","bldg":7},"geometry":{"type":"Polygon","coordinates":[[[101.971754,15.142883],[101.97225,15.14805],[101.967862,15.151089],[101.962979,15.148961],[101.962483,15.143794],[101.96687,15.140755],[101.971754,15.142883]]]}},{"type":"Feature","properties":{"h3":"88659bb1a9fffff","tcode":"300905","bldg":2},"geometry":{"type":"Polygon","coordinates":[[[101.973242,15.158383],[101.973738,15.16355],[101.96935,15.166589],[101.964467,15.164461],[101.963971,15.159295],[101.968358,15.156256],[101.973242,15.158383]]]}},{"type":"Feature","properties":{"h3":"88659bb03dfffff","tcode":"300905","bldg":51},"geometry":{"type":"Polygon","coordinates":[[[101.981938,15.102763],[101.982434,15.107931],[101.978048,15.11097],[101.973165,15.108842],[101.972669,15.103674],[101.977055,15.100635],[101.981938,15.102763]]]}},{"type":"Feature","properties":{"h3":"88659bb1c7fffff","tcode":"300905","bldg":540},"geometry":{"type":"Polygon","coordinates":[[[101.975645,15.134677],[101.976141,15.139844],[101.971754,15.142883],[101.96687,15.140755],[101.966375,15.135589],[101.970762,15.13255],[101.975645,15.134677]]]}},{"type":"Feature","properties":{"h3":"88659bb1bdfffff","tcode":"300905","bldg":1},"geometry":{"type":"Polygon","coordinates":[[[101.954699,15.160206],[101.955195,15.165372],[101.950807,15.168411],[101.945923,15.166283],[101.945428,15.161116],[101.949816,15.158078],[101.954699,15.160206]]]}},{"type":"Feature","properties":{"h3":"88659bbabdfffff","tcode":"300905","bldg":5},"geometry":{"type":"Polygon","coordinates":[[[101.992359,15.211257],[101.992855,15.216422],[101.988468,15.219461],[101.983583,15.217335],[101.983087,15.21217],[101.987475,15.20913],[101.992359,15.211257]]]}},{"type":"Feature","properties":{"h3":"88659bba87fffff","tcode":"300905","bldg":0},"geometry":{"type":"Polygon","coordinates":[[[101.99625,15.203052],[101.996747,15.208217],[101.992359,15.211257],[101.987475,15.20913],[101.986979,15.203965],[101.991366,15.200926],[101.99625,15.203052]]]}},{"type":"Feature","properties":{"h3":"88659bb1ddfffff","tcode":"300905","bldg":5},"geometry":{"type":"Polygon","coordinates":[[[101.964887,15.120087],[101.965383,15.125254],[101.960996,15.128293],[101.956112,15.126165],[101.955617,15.120998],[101.960004,15.117959],[101.964887,15.120087]]]}},{"type":"Feature","properties":{"h3":"88659bb1d1fffff","tcode":"300905","bldg":4},"geometry":{"type":"Polygon","coordinates":[[[101.955617,15.120998],[101.956112,15.126165],[101.951725,15.129204],[101.946842,15.127076],[101.946346,15.121908],[101.950734,15.118869],[101.955617,15.120998]]]}},{"type":"Feature","properties":{"h3":"88659bbab9fffff","tcode":"300905","bldg":4},"geometry":{"type":"Polygon","coordinates":[[[101.986979,15.203965],[101.987475,15.20913],[101.983087,15.21217],[101.978203,15.210043],[101.977707,15.204878],[101.982095,15.201838],[101.986979,15.203965]]]}},{"type":"Feature","properties":{"h3":"88659bb007fffff","tcode":"300905","bldg":1},"geometry":{"type":"Polygon","coordinates":[[[101.985828,15.094557],[101.986324,15.099724],[101.981938,15.102763],[101.977055,15.100635],[101.976559,15.095468],[101.980946,15.092429],[101.985828,15.094557]]]}},{"type":"Feature","properties":{"h3":"88659bb1e7fffff","tcode":"300905","bldg":0},"geometry":{"type":"Polygon","coordinates":[[[101.982512,15.157471],[101.983009,15.162638],[101.978621,15.165677],[101.973738,15.16355],[101.973242,15.158383],[101.977629,15.155344],[101.982512,15.157471]]]}},{"type":"Feature","properties":{"h3":"88659bb1c1fffff","tcode":"300905","bldg":4},"geometry":{"type":"Polygon","coordinates":[[[101.979536,15.126471],[101.980032,15.131638],[101.975645,15.134677],[101.970762,15.13255],[101.970266,15.127383],[101.974653,15.124343],[101.979536,15.126471]]]}},{"type":"Feature","properties":{"h3":"88659bb0e7fffff","tcode":"300905","bldg":1},"geometry":{"type":"Polygon","coordinates":[[[101.944859,15.106406],[101.945355,15.111573],[101.940967,15.114612],[101.936084,15.112483],[101.935589,15.107315],[101.939977,15.104277],[101.944859,15.106406]]]}},{"type":"Feature","properties":{"h3":"88659bba89fffff","tcode":"300905","bldg":110},"geometry":{"type":"Polygon","coordinates":[[[102.004032,15.186642],[102.004528,15.191808],[102.000141,15.194847],[101.995257,15.192721],[101.994761,15.187555],[101.999148,15.184516],[102.004032,15.186642]]]}},{"type":"Feature","properties":{"h3":"88659bbac1fffff","tcode":"300905","bldg":3},"geometry":{"type":"Polygon","coordinates":[[[102.017192,15.177524],[102.017689,15.182689],[102.013302,15.185729],[102.008419,15.183603],[102.007922,15.178437],[102.012309,15.175398],[102.017192,15.177524]]]}},{"type":"Feature","properties":{"h3":"88659bbacbfffff","tcode":"300905","bldg":0},"geometry":{"type":"Polygon","coordinates":[[[102.011812,15.170232],[102.012309,15.175398],[102.007922,15.178437],[102.003039,15.176311],[102.002542,15.171145],[102.006929,15.168105],[102.011812,15.170232]]]}},{"type":"Feature","properties":{"h3":"88659bba9dfffff","tcode":"300905","bldg":211},"geometry":{"type":"Polygon","coordinates":[[[101.98549,15.188468],[101.985986,15.193634],[101.981598,15.196673],[101.976714,15.194546],[101.976218,15.18938],[101.980606,15.186341],[101.98549,15.188468]]]}},{"type":"Feature","properties":{"h3":"88659bb1a3fffff","tcode":"300905","bldg":5},"geometry":{"type":"Polygon","coordinates":[[[101.960079,15.1675],[101.960575,15.172666],[101.956187,15.175705],[101.951303,15.173577],[101.950807,15.168411],[101.955195,15.165372],[101.960079,15.1675]]]}},{"type":"Feature","properties":{"h3":"88659bbaa9fffff","tcode":"300905","bldg":2},"geometry":{"type":"Polygon","coordinates":[[[102.010902,15.20943],[102.011399,15.214595],[102.007011,15.217634],[102.002127,15.215509],[102.001631,15.210343],[102.006018,15.207304],[102.010902,15.20943]]]}},{"type":"Feature","properties":{"h3":"88659bb0e1fffff","tcode":"300905","bldg":230},"geometry":{"type":"Polygon","coordinates":[[[101.948751,15.098199],[101.949247,15.103367],[101.944859,15.106406],[101.939977,15.104277],[101.939481,15.099109],[101.943868,15.09607],[101.948751,15.098199]]]}},{"type":"Feature","properties":{"h3":"88659bbae3fffff","tcode":"300905","bldg":3},"geometry":{"type":"Polygon","coordinates":[[[102.014792,15.201225],[102.015289,15.20639],[102.010902,15.20943],[102.006018,15.207304],[102.005521,15.202139],[102.009909,15.199099],[102.014792,15.201225]]]}},{"type":"Feature","properties":{"h3":"88659bb1e5fffff","tcode":"300905","bldg":8},"geometry":{"type":"Polygon","coordinates":[[[101.991783,15.156559],[101.992279,15.161725],[101.987892,15.164765],[101.983009,15.162638],[101.982512,15.157471],[101.9869,15.154432],[101.991783,15.156559]]]}},{"type":"Feature","properties":{"h3":"88659bb1adfffff","tcode":"300905","bldg":159},"geometry":{"type":"Polygon","coordinates":[[[101.978621,15.165677],[101.979117,15.170843],[101.97473,15.173882],[101.969846,15.171755],[101.96935,15.166589],[101.973738,15.16355],[101.978621,15.165677]]]}},{"type":"Feature","properties":{"h3":"88659bb0a9fffff","tcode":"300905","bldg":48},"geometry":{"type":"Polygon","coordinates":[[[101.935589,15.107315],[101.936084,15.112483],[101.931697,15.115522],[101.926813,15.113392],[101.926318,15.108225],[101.930706,15.105186],[101.935589,15.107315]]]}},{"type":"Feature","properties":{"h3":"88659bb1cdfffff","tcode":"300905","bldg":6},"geometry":{"type":"Polygon","coordinates":[[[101.988805,15.12556],[101.989301,15.130726],[101.984915,15.133766],[101.980032,15.131638],[101.979536,15.126471],[101.983922,15.123432],[101.988805,15.12556]]]}},{"type":"Feature","properties":{"h3":"88659bbaebfffff","tcode":"300905","bldg":7},"geometry":{"type":"Polygon","coordinates":[[[102.018682,15.19302],[102.019179,15.198186],[102.014792,15.201225],[102.009909,15.199099],[102.009412,15.193934],[102.013799,15.190894],[102.018682,15.19302]]]}},{"type":"Feature","properties":{"h3":"88659bbac9fffff","tcode":"300905","bldg":0},"geometry":{"type":"Polygon","coordinates":[[[102.021082,15.169318],[102.021579,15.174484],[102.017192,15.177524],[102.012309,15.175398],[102.011812,15.170232],[102.016199,15.167192],[102.021082,15.169318]]]}},{"type":"Feature","properties":{"h3":"88659bbad3fffff","tcode":"300905","bldg":249},"geometry":{"type":"Polygon","coordinates":[[[101.984001,15.17297],[101.984497,15.178136],[101.98011,15.181175],[101.975226,15.179048],[101.97473,15.173882],[101.979117,15.170843],[101.984001,15.17297]]]}},{"type":"Feature","properties":{"h3":"88659bb037fffff","tcode":"300905","bldg":225},"geometry":{"type":"Polygon","coordinates":[[[101.968778,15.111881],[101.969274,15.117048],[101.964887,15.120087],[101.960004,15.117959],[101.959508,15.112792],[101.963895,15.109753],[101.968778,15.111881]]]}},{"type":"Feature","properties":{"h3":"88659bb02bfffff","tcode":"300905","bldg":1},"geometry":{"type":"Polygon","coordinates":[[[101.991207,15.101852],[101.991703,15.107019],[101.987317,15.110059],[101.982434,15.107931],[101.981938,15.102763],[101.986324,15.099724],[101.991207,15.101852]]]}},{"type":"Feature","properties":{"h3":"88659bb0a5fffff","tcode":"300905","bldg":14},"geometry":{"type":"Polygon","coordinates":[[[101.937075,15.122818],[101.937571,15.127986],[101.933183,15.131024],[101.928299,15.128895],[101.927804,15.123728],[101.932192,15.120689],[101.937075,15.122818]]]}},{"type":"Feature","properties":{"h3":"88659bb035fffff","tcode":"300905","bldg":346},"geometry":{"type":"Polygon","coordinates":[[[101.978048,15.11097],[101.978544,15.116137],[101.974157,15.119176],[101.969274,15.117048],[101.968778,15.111881],[101.973165,15.108842],[101.978048,15.11097]]]}},{"type":"Feature","properties":{"h3":"88659bb1a7fffff","tcode":"300905","bldg":144},"geometry":{"type":"Polygon","coordinates":[[[101.965459,15.174794],[101.965954,15.17996],[101.961567,15.182999],[101.956683,15.180871],[101.956187,15.175705],[101.960575,15.172666],[101.965459,15.174794]]]}},{"type":"Feature","properties":{"h3":"88659bb11bfffff","tcode":"300905","bldg":17},"geometry":{"type":"Polygon","coordinates":[[[101.998074,15.124648],[101.998571,15.129814],[101.994184,15.132854],[101.989301,15.130726],[101.988805,15.12556],[101.993192,15.12252],[101.998074,15.124648]]]}},{"type":"Feature","properties":{"h3":"88659bb031fffff","tcode":"300905","bldg":0},"geometry":{"type":"Polygon","coordinates":[[[101.972669,15.103674],[101.973165,15.108842],[101.968778,15.111881],[101.963895,15.109753],[101.963399,15.104585],[101.967786,15.101546],[101.972669,15.103674]]]}},{"type":"Feature","properties":{"h3":"88659bba95fffff","tcode":"300905","bldg":5},"geometry":{"type":"Polygon","coordinates":[[[101.981598,15.196673],[101.982095,15.201838],[101.977707,15.204878],[101.972823,15.202751],[101.972327,15.197585],[101.976714,15.194546],[101.981598,15.196673]]]}},{"type":"Feature","properties":{"h3":"88659bb183fffff","tcode":"300905","bldg":1},"geometry":{"type":"Polygon","coordinates":[[[101.953212,15.144705],[101.953708,15.149872],[101.94932,15.152911],[101.944436,15.150783],[101.943941,15.145616],[101.948329,15.142577],[101.953212,15.144705]]]}},{"type":"Feature","properties":{"h3":"88659bb1dbfffff","tcode":"300905","bldg":2},"geometry":{"type":"Polygon","coordinates":[[[101.950238,15.113702],[101.950734,15.118869],[101.946346,15.121908],[101.941463,15.119779],[101.940967,15.114612],[101.945355,15.111573],[101.950238,15.113702]]]}},{"type":"Feature","properties":{"h3":"88659bb133fffff","tcode":"300905","bldg":12},"geometry":{"type":"Polygon","coordinates":[[[102.001053,15.155647],[102.001549,15.160813],[101.997162,15.163852],[101.992279,15.161725],[101.991783,15.156559],[101.99617,15.15352],[102.001053,15.155647]]]}},{"type":"Feature","properties":{"h3":"88659bb113fffff","tcode":"300905","bldg":28},"geometry":{"type":"Polygon","coordinates":[[[101.994184,15.132854],[101.994681,15.13802],[101.990294,15.14106],[101.985411,15.138932],[101.984915,15.133766],[101.989301,15.130726],[101.994184,15.132854]]]}},{"type":"Feature","properties":{"h3":"88659bb0a1fffff","tcode":"300905","bldg":35},"geometry":{"type":"Polygon","coordinates":[[[101.931697,15.115522],[101.932192,15.120689],[101.927804,15.123728],[101.922921,15.121599],[101.922425,15.116431],[101.926813,15.113392],[101.931697,15.115522]]]}},{"type":"Feature","properties":{"h3":"88659bb187fffff","tcode":"300905","bldg":1},"geometry":{"type":"Polygon","coordinates":[[[101.958591,15.152],[101.959087,15.157167],[101.954699,15.160206],[101.949816,15.158078],[101.94932,15.152911],[101.953708,15.149872],[101.958591,15.152]]]}},{"type":"Feature","properties":{"h3":"88659bb0adfffff","tcode":"300905","bldg":5},"geometry":{"type":"Polygon","coordinates":[[[101.940967,15.114612],[101.941463,15.119779],[101.937075,15.122818],[101.932192,15.120689],[101.931697,15.115522],[101.936084,15.112483],[101.940967,15.114612]]]}},{"type":"Feature","properties":{"h3":"88659bbaabfffff","tcode":"300905","bldg":1},"geometry":{"type":"Polygon","coordinates":[[[102.001631,15.210343],[102.002127,15.215509],[101.99774,15.218548],[101.992855,15.216422],[101.992359,15.211257],[101.996747,15.208217],[102.001631,15.210343]]]}},{"type":"Feature","properties":{"h3":"88659bba91fffff","tcode":"300905","bldg":29},"geometry":{"type":"Polygon","coordinates":[[[101.976218,15.18938],[101.976714,15.194546],[101.972327,15.197585],[101.967442,15.195458],[101.966946,15.190292],[101.971334,15.187253],[101.976218,15.18938]]]}},{"type":"Feature","properties":{"h3":"88659bb117fffff","tcode":"300905","bldg":368},"geometry":{"type":"Polygon","coordinates":[[[101.999564,15.140148],[102.00006,15.145314],[101.995673,15.148353],[101.99079,15.146226],[101.990294,15.14106],[101.994681,15.13802],[101.999564,15.140148]]]}},{"type":"Feature","properties":{"h3":"88659bb023fffff","tcode":"300905","bldg":178},"geometry":{"type":"Polygon","coordinates":[[[101.987317,15.110059],[101.987813,15.115226],[101.983426,15.118265],[101.978544,15.116137],[101.978048,15.11097],[101.982434,15.107931],[101.987317,15.110059]]]}},{"type":"Feature","properties":{"h3":"88659bbaddfffff","tcode":"300905","bldg":2},"geometry":{"type":"Polygon","coordinates":[[[102.002542,15.171145],[102.003039,15.176311],[101.998652,15.17935],[101.993768,15.177224],[101.993272,15.172058],[101.997659,15.169018],[102.002542,15.171145]]]}},{"type":"Feature","properties":{"h3":"88659bb1b5fffff","tcode":"300906","bldg":432},"geometry":{"type":"Polygon","coordinates":[[[101.950807,15.168411],[101.951303,15.173577],[101.946915,15.176616],[101.942031,15.174488],[101.941535,15.169322],[101.945923,15.166283],[101.950807,15.168411]]]}},{"type":"Feature","properties":{"h3":"88659ba22bfffff","tcode":"300906","bldg":3},"geometry":{"type":"Polygon","coordinates":[[[101.899064,15.165665],[101.899559,15.170832],[101.895169,15.17387],[101.890285,15.171741],[101.88979,15.166573],[101.89418,15.163536],[101.899064,15.165665]]]}},{"type":"Feature","properties":{"h3":"88659ba351fffff","tcode":"300906","bldg":40},"geometry":{"type":"Polygon","coordinates":[[[101.928369,15.178437],[101.928865,15.183604],[101.924476,15.186642],[101.919591,15.184514],[101.919096,15.179347],[101.923485,15.176309],[101.928369,15.178437]]]}},{"type":"Feature","properties":{"h3":"88659bb191fffff","tcode":"300906","bldg":0},"geometry":{"type":"Polygon","coordinates":[[[101.938562,15.13832],[101.939057,15.143487],[101.934669,15.146526],[101.929785,15.144397],[101.92929,15.13923],[101.933678,15.136191],[101.938562,15.13832]]]}},{"type":"Feature","properties":{"h3":"88659ba247fffff","tcode":"300906","bldg":347},"geometry":{"type":"Polygon","coordinates":[[[101.910746,15.141049],[101.911241,15.146216],[101.906852,15.149254],[101.901968,15.147125],[101.901473,15.141957],[101.905862,15.138919],[101.910746,15.141049]]]}},{"type":"Feature","properties":{"h3":"88659ba221fffff","tcode":"300906","bldg":0},"geometry":{"type":"Polygon","coordinates":[[[101.904443,15.172961],[101.904938,15.178128],[101.900549,15.181166],[101.895664,15.179037],[101.895169,15.17387],[101.899559,15.170832],[101.904443,15.172961]]]}},{"type":"Feature","properties":{"h3":"88659bb1bbfffff","tcode":"300906","bldg":6},"geometry":{"type":"Polygon","coordinates":[[[101.940048,15.153821],[101.940544,15.158988],[101.936156,15.162027],[101.931272,15.159898],[101.930776,15.154731],[101.935165,15.151693],[101.940048,15.153821]]]}},{"type":"Feature","properties":{"h3":"88659ba241fffff","tcode":"300906","bldg":3},"geometry":{"type":"Polygon","coordinates":[[[101.914639,15.132843],[101.915134,15.13801],[101.910746,15.141049],[101.905862,15.138919],[101.905367,15.133752],[101.909756,15.130714],[101.914639,15.132843]]]}},{"type":"Feature","properties":{"h3":"88659ba223fffff","tcode":"300906","bldg":21},"geometry":{"type":"Polygon","coordinates":[[[101.895169,15.17387],[101.895664,15.179037],[101.891275,15.182075],[101.88639,15.179946],[101.885895,15.174778],[101.890285,15.171741],[101.895169,15.17387]]]}},{"type":"Feature","properties":{"h3":"88659ba263fffff","tcode":"300906","bldg":0},"geometry":{"type":"Polygon","coordinates":[[[101.912231,15.156551],[101.912726,15.161718],[101.908337,15.164756],[101.903453,15.162627],[101.902958,15.15746],[101.907347,15.154421],[101.912231,15.156551]]]}},{"type":"Feature","properties":{"h3":"88659ba267fffff","tcode":"300906","bldg":0},"geometry":{"type":"Polygon","coordinates":[[[101.91761,15.163846],[101.918106,15.169013],[101.913717,15.172052],[101.908832,15.169923],[101.908337,15.164756],[101.912726,15.161718],[101.91761,15.163846]]]}},{"type":"Feature","properties":{"h3":"88659ba20dfffff","tcode":"300906","bldg":2},"geometry":{"type":"Polygon","coordinates":[[[101.906852,15.149254],[101.907347,15.154421],[101.902958,15.15746],[101.898074,15.15533],[101.897579,15.150163],[101.901968,15.147125],[101.906852,15.149254]]]}},{"type":"Feature","properties":{"h3":"88659bb0a3fffff","tcode":"300906","bldg":1},"geometry":{"type":"Polygon","coordinates":[[[101.922425,15.116431],[101.922921,15.121599],[101.918532,15.124637],[101.913649,15.122508],[101.913154,15.11734],[101.917542,15.114301],[101.922425,15.116431]]]}},{"type":"Feature","properties":{"h3":"88659ba207fffff","tcode":"300906","bldg":4},"geometry":{"type":"Polygon","coordinates":[[[101.893685,15.158368],[101.89418,15.163536],[101.88979,15.166573],[101.884906,15.164444],[101.884411,15.159277],[101.8888,15.156239],[101.893685,15.158368]]]}},{"type":"Feature","properties":{"h3":"88659ba22dfffff","tcode":"300906","bldg":0},"geometry":{"type":"Polygon","coordinates":[[[101.913717,15.172052],[101.914212,15.177218],[101.909823,15.180257],[101.904938,15.178128],[101.904443,15.172961],[101.908832,15.169923],[101.913717,15.172052]]]}},{"type":"Feature","properties":{"h3":"88659bb1b1fffff","tcode":"300906","bldg":3},"geometry":{"type":"Polygon","coordinates":[[[101.945428,15.161116],[101.945923,15.166283],[101.941535,15.169322],[101.936651,15.167194],[101.936156,15.162027],[101.940544,15.158988],[101.945428,15.161116]]]}},{"type":"Feature","properties":{"h3":"88659bb0a7fffff","tcode":"300906","bldg":198},"geometry":{"type":"Polygon","coordinates":[[[101.927804,15.123728],[101.928299,15.128895],[101.923911,15.131934],[101.919028,15.129805],[101.918532,15.124637],[101.922921,15.121599],[101.927804,15.123728]]]}},{"type":"Feature","properties":{"h3":"88659ba249fffff","tcode":"300906","bldg":615},"geometry":{"type":"Polygon","coordinates":[[[101.918532,15.124637],[101.919028,15.129805],[101.914639,15.132843],[101.909756,15.130714],[101.909261,15.125546],[101.913649,15.122508],[101.918532,15.124637]]]}},{"type":"Feature","properties":{"h3":"88659ba205fffff","tcode":"300906","bldg":0},"geometry":{"type":"Polygon","coordinates":[[[101.902958,15.15746],[101.903453,15.162627],[101.899064,15.165665],[101.89418,15.163536],[101.893685,15.158368],[101.898074,15.15533],[101.902958,15.15746]]]}},{"type":"Feature","properties":{"h3":"88659ba353fffff","tcode":"300906","bldg":0},"geometry":{"type":"Polygon","coordinates":[[[101.919096,15.179347],[101.919591,15.184514],[101.915202,15.187552],[101.910318,15.185423],[101.909823,15.180257],[101.914212,15.177218],[101.919096,15.179347]]]}},{"type":"Feature","properties":{"h3":"88659bb195fffff","tcode":"300906","bldg":1},"geometry":{"type":"Polygon","coordinates":[[[101.943941,15.145616],[101.944436,15.150783],[101.940048,15.153821],[101.935165,15.151693],[101.934669,15.146526],[101.939057,15.143487],[101.943941,15.145616]]]}},{"type":"Feature","properties":{"h3":"88659bb1b3fffff","tcode":"300906","bldg":164},"geometry":{"type":"Polygon","coordinates":[[[101.936156,15.162027],[101.936651,15.167194],[101.932263,15.170232],[101.927379,15.168104],[101.926883,15.162937],[101.931272,15.159898],[101.936156,15.162027]]]}},{"type":"Feature","properties":{"h3":"88659bb0b7fffff","tcode":"300906","bldg":307},"geometry":{"type":"Polygon","coordinates":[[[101.903882,15.118248],[101.904377,15.123416],[101.899988,15.126454],[101.895105,15.124325],[101.89461,15.119157],[101.898998,15.116118],[101.903882,15.118248]]]}},{"type":"Feature","properties":{"h3":"88659bb0b5fffff","tcode":"300906","bldg":2},"geometry":{"type":"Polygon","coordinates":[[[101.913154,15.11734],[101.913649,15.122508],[101.909261,15.125546],[101.904377,15.123416],[101.903882,15.118248],[101.90827,15.11521],[101.913154,15.11734]]]}},{"type":"Feature","properties":{"h3":"88659ba235fffff","tcode":"300906","bldg":0},"geometry":{"type":"Polygon","coordinates":[[[101.885895,15.174778],[101.88639,15.179946],[101.882,15.182983],[101.877115,15.180854],[101.876621,15.175687],[101.881011,15.172649],[101.885895,15.174778]]]}},{"type":"Feature","properties":{"h3":"88659ba26dfffff","tcode":"300906","bldg":72},"geometry":{"type":"Polygon","coordinates":[[[101.930776,15.154731],[101.931272,15.159898],[101.926883,15.162937],[101.921999,15.160808],[101.921504,15.155641],[101.925892,15.152603],[101.930776,15.154731]]]}},{"type":"Feature","properties":{"h3":"88659ba35bfffff","tcode":"300906","bldg":0},"geometry":{"type":"Polygon","coordinates":[[[101.92299,15.171142],[101.923485,15.176309],[101.919096,15.179347],[101.914212,15.177218],[101.913717,15.172052],[101.918106,15.169013],[101.92299,15.171142]]]}},{"type":"Feature","properties":{"h3":"88659bb197fffff","tcode":"300906","bldg":4},"geometry":{"type":"Polygon","coordinates":[[[101.934669,15.146526],[101.935165,15.151693],[101.930776,15.154731],[101.925892,15.152603],[101.925397,15.147436],[101.929785,15.144397],[101.934669,15.146526]]]}},{"type":"Feature","properties":{"h3":"88659ba261fffff","tcode":"300906","bldg":3},"geometry":{"type":"Polygon","coordinates":[[[101.921504,15.155641],[101.921999,15.160808],[101.91761,15.163846],[101.912726,15.161718],[101.912231,15.156551],[101.91662,15.153512],[101.921504,15.155641]]]}},{"type":"Feature","properties":{"h3":"88659bb19bfffff","tcode":"300906","bldg":1},"geometry":{"type":"Polygon","coordinates":[[[101.933183,15.131024],[101.933678,15.136191],[101.92929,15.13923],[101.924406,15.137101],[101.923911,15.131934],[101.928299,15.128895],[101.933183,15.131024]]]}},{"type":"Feature","properties":{"h3":"88659ba245fffff","tcode":"300906","bldg":3},"geometry":{"type":"Polygon","coordinates":[[[101.920018,15.140139],[101.920513,15.145307],[101.916125,15.148345],[101.911241,15.146216],[101.910746,15.141049],[101.915134,15.13801],[101.920018,15.140139]]]}},{"type":"Feature","properties":{"h3":"88659ba243fffff","tcode":"300906","bldg":3},"geometry":{"type":"Polygon","coordinates":[[[101.905367,15.133752],[101.905862,15.138919],[101.901473,15.141957],[101.896589,15.139828],[101.896094,15.13466],[101.900483,15.131622],[101.905367,15.133752]]]}},{"type":"Feature","properties":{"h3":"88659ba359fffff","tcode":"300906","bldg":599},"geometry":{"type":"Polygon","coordinates":[[[101.932263,15.170232],[101.932758,15.175399],[101.928369,15.178437],[101.923485,15.176309],[101.92299,15.171142],[101.927379,15.168104],[101.932263,15.170232]]]}},{"type":"Feature","properties":{"h3":"88659bb0b3fffff","tcode":"300906","bldg":8},"geometry":{"type":"Polygon","coordinates":[[[101.898504,15.11095],[101.898998,15.116118],[101.89461,15.119157],[101.889726,15.117026],[101.889231,15.111858],[101.89362,15.10882],[101.898504,15.11095]]]}},{"type":"Feature","properties":{"h3":"88659bb1b7fffff","tcode":"300906","bldg":25},"geometry":{"type":"Polygon","coordinates":[[[101.941535,15.169322],[101.942031,15.174488],[101.937642,15.177527],[101.932758,15.175399],[101.932263,15.170232],[101.936651,15.167194],[101.941535,15.169322]]]}},{"type":"Feature","properties":{"h3":"88659ba229fffff","tcode":"300906","bldg":0},"geometry":{"type":"Polygon","coordinates":[[[101.908337,15.164756],[101.908832,15.169923],[101.904443,15.172961],[101.899559,15.170832],[101.899064,15.165665],[101.903453,15.162627],[101.908337,15.164756]]]}},{"type":"Feature","properties":{"h3":"88659bb0bdfffff","tcode":"300906","bldg":69},"geometry":{"type":"Polygon","coordinates":[[[101.917047,15.109134],[101.917542,15.114301],[101.913154,15.11734],[101.90827,15.11521],[101.907775,15.110042],[101.912164,15.107004],[101.917047,15.109134]]]}},{"type":"Feature","properties":{"h3":"88659ba269fffff","tcode":"300906","bldg":5},"geometry":{"type":"Polygon","coordinates":[[[101.925397,15.147436],[101.925892,15.152603],[101.921504,15.155641],[101.91662,15.153512],[101.916125,15.148345],[101.920513,15.145307],[101.925397,15.147436]]]}},{"type":"Feature","properties":{"h3":"88659ba24dfffff","tcode":"300906","bldg":17},"geometry":{"type":"Polygon","coordinates":[[[101.923911,15.131934],[101.924406,15.137101],[101.920018,15.140139],[101.915134,15.13801],[101.914639,15.132843],[101.919028,15.129805],[101.923911,15.131934]]]}},{"type":"Feature","properties":{"h3":"88659bb193fffff","tcode":"300906","bldg":3},"geometry":{"type":"Polygon","coordinates":[[[101.92929,15.13923],[101.929785,15.144397],[101.925397,15.147436],[101.920513,15.145307],[101.920018,15.140139],[101.924406,15.137101],[101.92929,15.13923]]]}},{"type":"Feature","properties":{"h3":"88659ba265fffff","tcode":"300906","bldg":29},"geometry":{"type":"Polygon","coordinates":[[[101.926883,15.162937],[101.927379,15.168104],[101.92299,15.171142],[101.918106,15.169013],[101.91761,15.163846],[101.921999,15.160808],[101.926883,15.162937]]]}},{"type":"Feature","properties":{"h3":"88659ba24bfffff","tcode":"300906","bldg":0},"geometry":{"type":"Polygon","coordinates":[[[101.909261,15.125546],[101.909756,15.130714],[101.905367,15.133752],[101.900483,15.131622],[101.899988,15.126454],[101.904377,15.123416],[101.909261,15.125546]]]}},{"type":"Feature","properties":{"h3":"88659ba23dfffff","tcode":"300906","bldg":0},"geometry":{"type":"Polygon","coordinates":[[[101.88979,15.166573],[101.890285,15.171741],[101.885895,15.174778],[101.881011,15.172649],[101.880516,15.167482],[101.884906,15.164444],[101.88979,15.166573]]]}},{"type":"Feature","properties":{"h3":"88659bb0b1fffff","tcode":"300906","bldg":148},"geometry":{"type":"Polygon","coordinates":[[[101.907775,15.110042],[101.90827,15.11521],[101.903882,15.118248],[101.898998,15.116118],[101.898504,15.11095],[101.902892,15.107912],[101.907775,15.110042]]]}},{"type":"Feature","properties":{"h3":"88659ba26bfffff","tcode":"300906","bldg":0},"geometry":{"type":"Polygon","coordinates":[[[101.916125,15.148345],[101.91662,15.153512],[101.912231,15.156551],[101.907347,15.154421],[101.906852,15.149254],[101.911241,15.146216],[101.916125,15.148345]]]}},{"type":"Feature","properties":{"h3":"88659ba309fffff","tcode":"300907","bldg":55},"geometry":{"type":"Polygon","coordinates":[[[101.939129,15.193026],[101.939624,15.198192],[101.935236,15.201231],[101.930351,15.199103],[101.929856,15.193937],[101.934245,15.190898],[101.939129,15.193026]]]}},{"type":"Feature","properties":{"h3":"88659ba15dfffff","tcode":"300907","bldg":86},"geometry":{"type":"Polygon","coordinates":[[[101.910385,15.234958],[101.91088,15.240124],[101.90649,15.243161],[101.901605,15.241034],[101.90111,15.235868],[101.9055,15.23283],[101.910385,15.234958]]]}},{"type":"Feature","properties":{"h3":"88659ba331fffff","tcode":"300907","bldg":118},"geometry":{"type":"Polygon","coordinates":[[[101.918174,15.21855],[101.918669,15.223716],[101.91428,15.226754],[101.909395,15.224626],[101.908899,15.21946],[101.913289,15.216422],[101.918174,15.21855]]]}},{"type":"Feature","properties":{"h3":"88659ba161fffff","tcode":"300907","bldg":1},"geometry":{"type":"Polygon","coordinates":[[[101.931908,15.264129],[101.932404,15.269294],[101.928014,15.272332],[101.923128,15.270205],[101.922633,15.26504],[101.927023,15.262002],[101.931908,15.264129]]]}},{"type":"Feature","properties":{"h3":"88659baa59fffff","tcode":"300907","bldg":17},"geometry":{"type":"Polygon","coordinates":[[[101.942671,15.278712],[101.943166,15.283877],[101.938777,15.286915],[101.933891,15.284789],[101.933395,15.279624],[101.937785,15.276586],[101.942671,15.278712]]]}},{"type":"Feature","properties":{"h3":"88659ba357fffff","tcode":"300907","bldg":48},"geometry":{"type":"Polygon","coordinates":[[[101.924476,15.186642],[101.924971,15.191808],[101.920582,15.194847],[101.915698,15.192718],[101.915202,15.187552],[101.919591,15.184514],[101.924476,15.186642]]]}},{"type":"Feature","properties":{"h3":"88659ba36dfffff","tcode":"300907","bldg":0},"geometry":{"type":"Polygon","coordinates":[[[101.968435,15.20579],[101.968931,15.210955],[101.964542,15.213994],[101.959658,15.211867],[101.959162,15.206702],[101.96355,15.203663],[101.968435,15.20579]]]}},{"type":"Feature","properties":{"h3":"88659bbabbfffff","tcode":"300907","bldg":164},"geometry":{"type":"Polygon","coordinates":[[[101.977707,15.204878],[101.978203,15.210043],[101.973815,15.213082],[101.968931,15.210955],[101.968435,15.20579],[101.972823,15.202751],[101.977707,15.204878]]]}},{"type":"Feature","properties":{"h3":"88659ba041fffff","tcode":"300907","bldg":0},"geometry":{"type":"Polygon","coordinates":[[[101.88738,15.190279],[101.887875,15.195446],[101.883484,15.198484],[101.8786,15.196355],[101.878105,15.191188],[101.882495,15.18815],[101.88738,15.190279]]]}},{"type":"Feature","properties":{"h3":"88659ba169fffff","tcode":"300907","bldg":142},"geometry":{"type":"Polygon","coordinates":[[[101.935802,15.255926],[101.936298,15.261091],[101.931908,15.264129],[101.927023,15.262002],[101.926527,15.256837],[101.930917,15.253799],[101.935802,15.255926]]]}},{"type":"Feature","properties":{"h3":"88659ba339fffff","tcode":"300907","bldg":50},"geometry":{"type":"Polygon","coordinates":[[[101.922068,15.210346],[101.922564,15.215512],[101.918174,15.21855],[101.913289,15.216422],[101.912794,15.211256],[101.917183,15.208218],[101.922068,15.210346]]]}},{"type":"Feature","properties":{"h3":"88659ba163fffff","tcode":"300907","bldg":1},"geometry":{"type":"Polygon","coordinates":[[[101.922633,15.26504],[101.923128,15.270205],[101.918738,15.273243],[101.913852,15.271116],[101.913357,15.265951],[101.917747,15.262913],[101.922633,15.26504]]]}},{"type":"Feature","properties":{"h3":"88659ba167fffff","tcode":"300907","bldg":6},"geometry":{"type":"Polygon","coordinates":[[[101.928014,15.272332],[101.928509,15.277497],[101.924119,15.280535],[101.919233,15.278408],[101.918738,15.273243],[101.923128,15.270205],[101.928014,15.272332]]]}},{"type":"Feature","properties":{"h3":"88659bb8d1fffff","tcode":"300907","bldg":177},"geometry":{"type":"Polygon","coordinates":[[[101.96603,15.229491],[101.966526,15.234656],[101.962138,15.237695],[101.957253,15.235568],[101.956757,15.230403],[101.961146,15.227364],[101.96603,15.229491]]]}},{"type":"Feature","properties":{"h3":"88659ba347fffff","tcode":"300907","bldg":295},"geometry":{"type":"Polygon","coordinates":[[[101.948402,15.192115],[101.948897,15.197281],[101.944509,15.20032],[101.939624,15.198192],[101.939129,15.193026],[101.943518,15.189987],[101.948402,15.192115]]]}},{"type":"Feature","properties":{"h3":"88659ba311fffff","tcode":"300907","bldg":66},"geometry":{"type":"Polygon","coordinates":[[[101.911308,15.195757],[101.911803,15.200923],[101.907414,15.203961],[101.902529,15.201833],[101.902034,15.196666],[101.906424,15.193628],[101.911308,15.195757]]]}},{"type":"Feature","properties":{"h3":"88659ba313fffff","tcode":"300907","bldg":281},"geometry":{"type":"Polygon","coordinates":[[[101.902034,15.196666],[101.902529,15.201833],[101.898139,15.20487],[101.893254,15.202742],[101.892759,15.197575],[101.897149,15.194537],[101.902034,15.196666]]]}},{"type":"Feature","properties":{"h3":"88659bb899fffff","tcode":"300907","bldg":1},"geometry":{"type":"Polygon","coordinates":[[[101.952864,15.238607],[101.95336,15.243772],[101.948971,15.24681],[101.944086,15.244684],[101.94359,15.239518],[101.947979,15.23648],[101.952864,15.238607]]]}},{"type":"Feature","properties":{"h3":"88659ba315fffff","tcode":"300907","bldg":53},"geometry":{"type":"Polygon","coordinates":[[[101.916688,15.203051],[101.917183,15.208218],[101.912794,15.211256],[101.907909,15.209127],[101.907414,15.203961],[101.911803,15.200923],[101.916688,15.203051]]]}},{"type":"Feature","properties":{"h3":"88659ba00dfffff","tcode":"300907","bldg":5},"geometry":{"type":"Polygon","coordinates":[[[101.879589,15.206688],[101.880084,15.211855],[101.875693,15.214892],[101.870808,15.212763],[101.870313,15.207597],[101.874704,15.204559],[101.879589,15.206688]]]}},{"type":"Feature","properties":{"h3":"88659ba337fffff","tcode":"300907","bldg":380},"geometry":{"type":"Polygon","coordinates":[[[101.91428,15.226754],[101.914775,15.23192],[101.910385,15.234958],[101.9055,15.23283],[101.905005,15.227664],[101.909395,15.224626],[101.91428,15.226754]]]}},{"type":"Feature","properties":{"h3":"88659ba049fffff","tcode":"300907","bldg":0},"geometry":{"type":"Polygon","coordinates":[[[101.891275,15.182075],[101.89177,15.187242],[101.88738,15.190279],[101.882495,15.18815],[101.882,15.182983],[101.88639,15.179946],[101.891275,15.182075]]]}},{"type":"Feature","properties":{"h3":"88659ba045fffff","tcode":"300907","bldg":7},"geometry":{"type":"Polygon","coordinates":[[[101.892759,15.197575],[101.893254,15.202742],[101.888864,15.20578],[101.883979,15.203651],[101.883484,15.198484],[101.887875,15.195446],[101.892759,15.197575]]]}},{"type":"Feature","properties":{"h3":"88659ba341fffff","tcode":"300907","bldg":11},"geometry":{"type":"Polygon","coordinates":[[[101.952294,15.18391],[101.95279,15.189076],[101.948402,15.192115],[101.943518,15.189987],[101.943022,15.184821],[101.94741,15.181783],[101.952294,15.18391]]]}},{"type":"Feature","properties":{"h3":"88659ba329fffff","tcode":"300907","bldg":0},"geometry":{"type":"Polygon","coordinates":[[[101.945996,15.215818],[101.946492,15.220983],[101.942103,15.224022],[101.937218,15.221894],[101.936722,15.216729],[101.941111,15.21369],[101.945996,15.215818]]]}},{"type":"Feature","properties":{"h3":"88659ba369fffff","tcode":"300907","bldg":76},"geometry":{"type":"Polygon","coordinates":[[[101.963054,15.198497],[101.96355,15.203663],[101.959162,15.206702],[101.954278,15.204574],[101.953782,15.199409],[101.95817,15.19637],[101.963054,15.198497]]]}},{"type":"Feature","properties":{"h3":"88659ba301fffff","tcode":"300907","bldg":0},"geometry":{"type":"Polygon","coordinates":[[[101.935236,15.201231],[101.935731,15.206397],[101.931342,15.209435],[101.926457,15.207307],[101.925962,15.202141],[101.930351,15.199103],[101.935236,15.201231]]]}},{"type":"Feature","properties":{"h3":"88659ba349fffff","tcode":"300907","bldg":86},"geometry":{"type":"Polygon","coordinates":[[[101.956187,15.175705],[101.956683,15.180871],[101.952294,15.18391],[101.94741,15.181783],[101.946915,15.176616],[101.951303,15.173577],[101.956187,15.175705]]]}},{"type":"Feature","properties":{"h3":"88659ba303fffff","tcode":"300907","bldg":72},"geometry":{"type":"Polygon","coordinates":[[[101.925962,15.202141],[101.926457,15.207307],[101.922068,15.210346],[101.917183,15.208218],[101.916688,15.203051],[101.921077,15.200013],[101.925962,15.202141]]]}},{"type":"Feature","properties":{"h3":"88659bbab7fffff","tcode":"300907","bldg":73},"geometry":{"type":"Polygon","coordinates":[[[101.979195,15.220374],[101.979692,15.225539],[101.975303,15.228578],[101.970419,15.226452],[101.969923,15.221286],[101.974311,15.218248],[101.979195,15.220374]]]}},{"type":"Feature","properties":{"h3":"88659bbab1fffff","tcode":"300907","bldg":140},"geometry":{"type":"Polygon","coordinates":[[[101.983087,15.21217],[101.983583,15.217335],[101.979195,15.220374],[101.974311,15.218248],[101.973815,15.213082],[101.978203,15.210043],[101.983087,15.21217]]]}},{"type":"Feature","properties":{"h3":"88659ba34dfffff","tcode":"300907","bldg":280},"geometry":{"type":"Polygon","coordinates":[[[101.961567,15.182999],[101.962062,15.188165],[101.957674,15.191204],[101.95279,15.189076],[101.952294,15.18391],[101.956683,15.180871],[101.961567,15.182999]]]}},{"type":"Feature","properties":{"h3":"88659ba367fffff","tcode":"300907","bldg":1},"geometry":{"type":"Polygon","coordinates":[[[101.955269,15.214906],[101.955765,15.220072],[101.951376,15.22311],[101.946492,15.220983],[101.945996,15.215818],[101.950385,15.212779],[101.955269,15.214906]]]}},{"type":"Feature","properties":{"h3":"88659ba30bfffff","tcode":"300907","bldg":39},"geometry":{"type":"Polygon","coordinates":[[[101.929856,15.193937],[101.930351,15.199103],[101.925962,15.202141],[101.921077,15.200013],[101.920582,15.194847],[101.924971,15.191808],[101.929856,15.193937]]]}},{"type":"Feature","properties":{"h3":"88659ba365fffff","tcode":"300907","bldg":0},"geometry":{"type":"Polygon","coordinates":[[[101.964542,15.213994],[101.965038,15.21916],[101.96065,15.222199],[101.955765,15.220072],[101.955269,15.214906],[101.959658,15.211867],[101.964542,15.213994]]]}},{"type":"Feature","properties":{"h3":"88659ba06dfffff","tcode":"300907","bldg":6},"geometry":{"type":"Polygon","coordinates":[[[101.903519,15.212165],[101.904014,15.217332],[101.899624,15.22037],[101.894739,15.218241],[101.894244,15.213075],[101.898634,15.210037],[101.903519,15.212165]]]}},{"type":"Feature","properties":{"h3":"88659ba06bfffff","tcode":"300907","bldg":8},"geometry":{"type":"Polygon","coordinates":[[[101.888864,15.20578],[101.889359,15.210946],[101.884969,15.213984],[101.880084,15.211855],[101.879589,15.206688],[101.883979,15.203651],[101.888864,15.20578]]]}},{"type":"Feature","properties":{"h3":"88659ba33bfffff","tcode":"300907","bldg":0},"geometry":{"type":"Polygon","coordinates":[[[101.912794,15.211256],[101.913289,15.216422],[101.908899,15.21946],[101.904014,15.217332],[101.903519,15.212165],[101.907909,15.209127],[101.912794,15.211256]]]}},{"type":"Feature","properties":{"h3":"88659ba343fffff","tcode":"300907","bldg":18},"geometry":{"type":"Polygon","coordinates":[[[101.943022,15.184821],[101.943518,15.189987],[101.939129,15.193026],[101.934245,15.190898],[101.933749,15.185732],[101.938138,15.182693],[101.943022,15.184821]]]}},{"type":"Feature","properties":{"h3":"88659ba323fffff","tcode":"300907","bldg":12},"geometry":{"type":"Polygon","coordinates":[[[101.932829,15.224933],[101.933324,15.230099],[101.928935,15.233137],[101.92405,15.231009],[101.923554,15.225843],[101.927944,15.222805],[101.932829,15.224933]]]}},{"type":"Feature","properties":{"h3":"88659ba12dfffff","tcode":"300907","bldg":1},"geometry":{"type":"Polygon","coordinates":[[[101.924119,15.280535],[101.924615,15.2857],[101.920224,15.288738],[101.915338,15.286611],[101.914843,15.281446],[101.919233,15.278408],[101.924119,15.280535]]]}},{"type":"Feature","properties":{"h3":"88659ba04dfffff","tcode":"300907","bldg":53},"geometry":{"type":"Polygon","coordinates":[[[101.896654,15.189371],[101.897149,15.194537],[101.892759,15.197575],[101.887875,15.195446],[101.88738,15.190279],[101.89177,15.187242],[101.896654,15.189371]]]}},{"type":"Feature","properties":{"h3":"88659ba307fffff","tcode":"300907","bldg":0},"geometry":{"type":"Polygon","coordinates":[[[101.931342,15.209435],[101.931838,15.214601],[101.927448,15.217639],[101.922564,15.215512],[101.922068,15.210346],[101.926457,15.207307],[101.931342,15.209435]]]}},{"type":"Feature","properties":{"h3":"88659bb8dbfffff","tcode":"300907","bldg":145},"geometry":{"type":"Polygon","coordinates":[[[101.96065,15.222199],[101.961146,15.227364],[101.956757,15.230403],[101.951872,15.228276],[101.951376,15.22311],[101.955765,15.220072],[101.96065,15.222199]]]}},{"type":"Feature","properties":{"h3":"88659ba043fffff","tcode":"300907","bldg":4},"geometry":{"type":"Polygon","coordinates":[[[101.878105,15.191188],[101.8786,15.196355],[101.874209,15.199392],[101.869324,15.197263],[101.86883,15.192096],[101.87322,15.189058],[101.878105,15.191188]]]}},{"type":"Feature","properties":{"h3":"88659ba361fffff","tcode":"300907","bldg":55},"geometry":{"type":"Polygon","coordinates":[[[101.959162,15.206702],[101.959658,15.211867],[101.955269,15.214906],[101.950385,15.212779],[101.949889,15.207613],[101.954278,15.204574],[101.959162,15.206702]]]}},{"type":"Feature","properties":{"h3":"88659ba355fffff","tcode":"300907","bldg":214},"geometry":{"type":"Polygon","coordinates":[[[101.933749,15.185732],[101.934245,15.190898],[101.929856,15.193937],[101.924971,15.191808],[101.924476,15.186642],[101.928865,15.183604],[101.933749,15.185732]]]}},{"type":"Feature","properties":{"h3":"88659ba165fffff","tcode":"300907","bldg":148},"geometry":{"type":"Polygon","coordinates":[[[101.937289,15.271421],[101.937785,15.276586],[101.933395,15.279624],[101.928509,15.277497],[101.928014,15.272332],[101.932404,15.269294],[101.937289,15.271421]]]}},{"type":"Feature","properties":{"h3":"88659bb8b3fffff","tcode":"300907","bldg":77},"geometry":{"type":"Polygon","coordinates":[[[101.946565,15.270509],[101.94706,15.275674],[101.942671,15.278712],[101.937785,15.276586],[101.937289,15.271421],[101.941679,15.268382],[101.946565,15.270509]]]}},{"type":"Feature","properties":{"h3":"88659ba317fffff","tcode":"300907","bldg":53},"geometry":{"type":"Polygon","coordinates":[[[101.907414,15.203961],[101.907909,15.209127],[101.903519,15.212165],[101.898634,15.210037],[101.898139,15.20487],[101.902529,15.201833],[101.907414,15.203961]]]}},{"type":"Feature","properties":{"h3":"88659ba34bfffff","tcode":"300907","bldg":42},"geometry":{"type":"Polygon","coordinates":[[[101.946915,15.176616],[101.94741,15.181783],[101.943022,15.184821],[101.938138,15.182693],[101.937642,15.177527],[101.942031,15.174488],[101.946915,15.176616]]]}},{"type":"Feature","properties":{"h3":"88659ba30dfffff","tcode":"300907","bldg":2},"geometry":{"type":"Polygon","coordinates":[[[101.944509,15.20032],[101.945005,15.205486],[101.940616,15.208524],[101.935731,15.206397],[101.935236,15.201231],[101.939624,15.198192],[101.944509,15.20032]]]}},{"type":"Feature","properties":{"h3":"88659ba147fffff","tcode":"300907","bldg":6},"geometry":{"type":"Polygon","coordinates":[[[101.921146,15.249544],[101.921642,15.25471],[101.917252,15.257748],[101.912366,15.25562],[101.911871,15.250455],[101.916261,15.247417],[101.921146,15.249544]]]}},{"type":"Feature","properties":{"h3":"88659bb8d9fffff","tcode":"300907","bldg":8},"geometry":{"type":"Polygon","coordinates":[[[101.969923,15.221286],[101.970419,15.226452],[101.96603,15.229491],[101.961146,15.227364],[101.96065,15.222199],[101.965038,15.21916],[101.969923,15.221286]]]}},{"type":"Feature","properties":{"h3":"88659ba14bfffff","tcode":"300907","bldg":6},"geometry":{"type":"Polygon","coordinates":[[[101.91966,15.234047],[101.920156,15.239213],[101.915766,15.242251],[101.91088,15.240124],[101.910385,15.234958],[101.914775,15.23192],[101.91966,15.234047]]]}},{"type":"Feature","properties":{"h3":"88659bb8d3fffff","tcode":"300907","bldg":442},"geometry":{"type":"Polygon","coordinates":[[[101.956757,15.230403],[101.957253,15.235568],[101.952864,15.238607],[101.947979,15.23648],[101.947483,15.231314],[101.951872,15.228276],[101.956757,15.230403]]]}},{"type":"Feature","properties":{"h3":"88659ba36bfffff","tcode":"300907","bldg":69},"geometry":{"type":"Polygon","coordinates":[[[101.953782,15.199409],[101.954278,15.204574],[101.949889,15.207613],[101.945005,15.205486],[101.944509,15.20032],[101.948897,15.197281],[101.953782,15.199409]]]}},{"type":"Feature","properties":{"h3":"88659bb893fffff","tcode":"300907","bldg":105},"geometry":{"type":"Polygon","coordinates":[[[101.939696,15.247722],[101.940192,15.252887],[101.935802,15.255926],[101.930917,15.253799],[101.930421,15.248633],[101.934811,15.245595],[101.939696,15.247722]]]}},{"type":"Feature","properties":{"h3":"88659ba305fffff","tcode":"300907","bldg":0},"geometry":{"type":"Polygon","coordinates":[[[101.940616,15.208524],[101.941111,15.21369],[101.936722,15.216729],[101.931838,15.214601],[101.931342,15.209435],[101.935731,15.206397],[101.940616,15.208524]]]}},{"type":"Feature","properties":{"h3":"88659ba061fffff","tcode":"300907","bldg":42},"geometry":{"type":"Polygon","coordinates":[[[101.894244,15.213075],[101.894739,15.218241],[101.890349,15.221279],[101.885464,15.21915],[101.884969,15.213984],[101.889359,15.210946],[101.894244,15.213075]]]}},{"type":"Feature","properties":{"h3":"88659ba325fffff","tcode":"300907","bldg":0},"geometry":{"type":"Polygon","coordinates":[[[101.947483,15.231314],[101.947979,15.23648],[101.94359,15.239518],[101.938705,15.237391],[101.938209,15.232226],[101.942598,15.229187],[101.947483,15.231314]]]}},{"type":"Feature","properties":{"h3":"88659ba145fffff","tcode":"300907","bldg":1},"geometry":{"type":"Polygon","coordinates":[[[101.930421,15.248633],[101.930917,15.253799],[101.926527,15.256837],[101.921642,15.25471],[101.921146,15.249544],[101.925536,15.246506],[101.930421,15.248633]]]}},{"type":"Feature","properties":{"h3":"88659bb89bfffff","tcode":"300907","bldg":29},"geometry":{"type":"Polygon","coordinates":[[[101.94359,15.239518],[101.944086,15.244684],[101.939696,15.247722],[101.934811,15.245595],[101.934315,15.24043],[101.938705,15.237391],[101.94359,15.239518]]]}},{"type":"Feature","properties":{"h3":"88659ba227fffff","tcode":"300907","bldg":149},"geometry":{"type":"Polygon","coordinates":[[[101.900549,15.181166],[101.901044,15.186333],[101.896654,15.189371],[101.89177,15.187242],[101.891275,15.182075],[101.895664,15.179037],[101.900549,15.181166]]]}},{"type":"Feature","properties":{"h3":"88659bb8b5fffff","tcode":"300907","bldg":8},"geometry":{"type":"Polygon","coordinates":[[[101.961221,15.276887],[101.961717,15.282052],[101.957327,15.28509],[101.952442,15.282964],[101.951946,15.2778],[101.956335,15.274761],[101.961221,15.276887]]]}},{"type":"Feature","properties":{"h3":"88659ba069fffff","tcode":"300907","bldg":5},"geometry":{"type":"Polygon","coordinates":[[[101.898139,15.20487],[101.898634,15.210037],[101.894244,15.213075],[101.889359,15.210946],[101.888864,15.20578],[101.893254,15.202742],[101.898139,15.20487]]]}},{"type":"Feature","properties":{"h3":"88659bb8bbfffff","tcode":"300907","bldg":39},"geometry":{"type":"Polygon","coordinates":[[[101.950458,15.262306],[101.950954,15.26747],[101.946565,15.270509],[101.941679,15.268382],[101.941183,15.263217],[101.945573,15.260179],[101.950458,15.262306]]]}},{"type":"Feature","properties":{"h3":"88659bb8b1fffff","tcode":"300907","bldg":19},"geometry":{"type":"Polygon","coordinates":[[[101.955839,15.269597],[101.956335,15.274761],[101.951946,15.2778],[101.94706,15.275674],[101.946565,15.270509],[101.950954,15.26747],[101.955839,15.269597]]]}},{"type":"Feature","properties":{"h3":"88659ba31dfffff","tcode":"300907","bldg":412},"geometry":{"type":"Polygon","coordinates":[[[101.920582,15.194847],[101.921077,15.200013],[101.916688,15.203051],[101.911803,15.200923],[101.911308,15.195757],[101.915698,15.192718],[101.920582,15.194847]]]}},{"type":"Feature","properties":{"h3":"88659ba33dfffff","tcode":"300907","bldg":50},"geometry":{"type":"Polygon","coordinates":[[[101.927448,15.217639],[101.927944,15.222805],[101.923554,15.225843],[101.918669,15.223716],[101.918174,15.21855],[101.922564,15.215512],[101.927448,15.217639]]]}},{"type":"Feature","properties":{"h3":"88659ba35dfffff","tcode":"300907","bldg":103},"geometry":{"type":"Polygon","coordinates":[[[101.937642,15.177527],[101.938138,15.182693],[101.933749,15.185732],[101.928865,15.183604],[101.928369,15.178437],[101.932758,15.175399],[101.937642,15.177527]]]}},{"type":"Feature","properties":{"h3":"88659bb8d7fffff","tcode":"300907","bldg":2},"geometry":{"type":"Polygon","coordinates":[[[101.962138,15.237695],[101.962634,15.24286],[101.958245,15.245898],[101.95336,15.243772],[101.952864,15.238607],[101.957253,15.235568],[101.962138,15.237695]]]}},{"type":"Feature","properties":{"h3":"88659ba16dfffff","tcode":"300907","bldg":86},"geometry":{"type":"Polygon","coordinates":[[[101.941183,15.263217],[101.941679,15.268382],[101.937289,15.271421],[101.932404,15.269294],[101.931908,15.264129],[101.936298,15.261091],[101.941183,15.263217]]]}},{"type":"Feature","properties":{"h3":"88659ba321fffff","tcode":"300907","bldg":27},"geometry":{"type":"Polygon","coordinates":[[[101.942103,15.224022],[101.942598,15.229187],[101.938209,15.232226],[101.933324,15.230099],[101.932829,15.224933],[101.937218,15.221894],[101.942103,15.224022]]]}},{"type":"Feature","properties":{"h3":"88659ba063fffff","tcode":"300907","bldg":323},"geometry":{"type":"Polygon","coordinates":[[[101.884969,15.213984],[101.885464,15.21915],[101.881073,15.222188],[101.876188,15.220059],[101.875693,15.214892],[101.880084,15.211855],[101.884969,15.213984]]]}},{"type":"Feature","properties":{"h3":"88659ba32dfffff","tcode":"300907","bldg":51},"geometry":{"type":"Polygon","coordinates":[[[101.951376,15.22311],[101.951872,15.228276],[101.947483,15.231314],[101.942598,15.229187],[101.942103,15.224022],[101.946492,15.220983],[101.951376,15.22311]]]}},{"type":"Feature","properties":{"h3":"88659baa5bfffff","tcode":"300907","bldg":1},"geometry":{"type":"Polygon","coordinates":[[[101.933395,15.279624],[101.933891,15.284789],[101.929501,15.287827],[101.924615,15.2857],[101.924119,15.280535],[101.928509,15.277497],[101.933395,15.279624]]]}},{"type":"Feature","properties":{"h3":"88659ba31bfffff","tcode":"300907","bldg":258},"geometry":{"type":"Polygon","coordinates":[[[101.905928,15.188461],[101.906424,15.193628],[101.902034,15.196666],[101.897149,15.194537],[101.896654,15.189371],[101.901044,15.186333],[101.905928,15.188461]]]}},{"type":"Feature","properties":{"h3":"88659ba319fffff","tcode":"300907","bldg":27},"geometry":{"type":"Polygon","coordinates":[[[101.915202,15.187552],[101.915698,15.192718],[101.911308,15.195757],[101.906424,15.193628],[101.905928,15.188461],[101.910318,15.185423],[101.915202,15.187552]]]}},{"type":"Feature","properties":{"h3":"88659ba327fffff","tcode":"300907","bldg":0},"geometry":{"type":"Polygon","coordinates":[[[101.938209,15.232226],[101.938705,15.237391],[101.934315,15.24043],[101.92943,15.238302],[101.928935,15.233137],[101.933324,15.230099],[101.938209,15.232226]]]}},{"type":"Feature","properties":{"h3":"88659ba333fffff","tcode":"300907","bldg":5},"geometry":{"type":"Polygon","coordinates":[[[101.908899,15.21946],[101.909395,15.224626],[101.905005,15.227664],[101.900119,15.225536],[101.899624,15.22037],[101.904014,15.217332],[101.908899,15.21946]]]}},{"type":"Feature","properties":{"h3":"88659ba14dfffff","tcode":"300907","bldg":50},"geometry":{"type":"Polygon","coordinates":[[[101.934315,15.24043],[101.934811,15.245595],[101.930421,15.248633],[101.925536,15.246506],[101.925041,15.241341],[101.92943,15.238302],[101.934315,15.24043]]]}},{"type":"Feature","properties":{"h3":"88659ba065fffff","tcode":"300907","bldg":0},"geometry":{"type":"Polygon","coordinates":[[[101.899624,15.22037],[101.900119,15.225536],[101.895729,15.228573],[101.890844,15.226445],[101.890349,15.221279],[101.894739,15.218241],[101.899624,15.22037]]]}},{"type":"Feature","properties":{"h3":"88659bba97fffff","tcode":"300907","bldg":1},"geometry":{"type":"Polygon","coordinates":[[[101.972327,15.197585],[101.972823,15.202751],[101.968435,15.20579],[101.96355,15.203663],[101.963054,15.198497],[101.967442,15.195458],[101.972327,15.197585]]]}},{"type":"Feature","properties":{"h3":"88659ba16bfffff","tcode":"300907","bldg":5},"geometry":{"type":"Polygon","coordinates":[[[101.926527,15.256837],[101.927023,15.262002],[101.922633,15.26504],[101.917747,15.262913],[101.917252,15.257748],[101.921642,15.25471],[101.926527,15.256837]]]}},{"type":"Feature","properties":{"h3":"88659ba225fffff","tcode":"300907","bldg":4},"geometry":{"type":"Polygon","coordinates":[[[101.909823,15.180257],[101.910318,15.185423],[101.905928,15.188461],[101.901044,15.186333],[101.900549,15.181166],[101.904938,15.178128],[101.909823,15.180257]]]}},{"type":"Feature","properties":{"h3":"88659ba149fffff","tcode":"300907","bldg":4},"geometry":{"type":"Polygon","coordinates":[[[101.928935,15.233137],[101.92943,15.238302],[101.925041,15.241341],[101.920156,15.239213],[101.91966,15.234047],[101.92405,15.231009],[101.928935,15.233137]]]}},{"type":"Feature","properties":{"h3":"88659ba335fffff","tcode":"300907","bldg":16},"geometry":{"type":"Polygon","coordinates":[[[101.923554,15.225843],[101.92405,15.231009],[101.91966,15.234047],[101.914775,15.23192],[101.91428,15.226754],[101.918669,15.223716],[101.923554,15.225843]]]}},{"type":"Feature","properties":{"h3":"88659bbab3fffff","tcode":"300907","bldg":21},"geometry":{"type":"Polygon","coordinates":[[[101.973815,15.213082],[101.974311,15.218248],[101.969923,15.221286],[101.965038,15.21916],[101.964542,15.213994],[101.968931,15.210955],[101.973815,15.213082]]]}},{"type":"Feature","properties":{"h3":"88659ba141fffff","tcode":"300907","bldg":2},"geometry":{"type":"Polygon","coordinates":[[[101.925041,15.241341],[101.925536,15.246506],[101.921146,15.249544],[101.916261,15.247417],[101.915766,15.242251],[101.920156,15.239213],[101.925041,15.241341]]]}},{"type":"Feature","properties":{"h3":"88659bba93fffff","tcode":"300907","bldg":0},"geometry":{"type":"Polygon","coordinates":[[[101.966946,15.190292],[101.967442,15.195458],[101.963054,15.198497],[101.95817,15.19637],[101.957674,15.191204],[101.962062,15.188165],[101.966946,15.190292]]]}},{"type":"Feature","properties":{"h3":"88659ba143fffff","tcode":"300907","bldg":0},"geometry":{"type":"Polygon","coordinates":[[[101.915766,15.242251],[101.916261,15.247417],[101.911871,15.250455],[101.906985,15.248327],[101.90649,15.243161],[101.91088,15.240124],[101.915766,15.242251]]]}},{"type":"Feature","properties":{"h3":"88659bb8b7fffff","tcode":"300907","bldg":3},"geometry":{"type":"Polygon","coordinates":[[[101.951946,15.2778],[101.952442,15.282964],[101.948052,15.286003],[101.943166,15.283877],[101.942671,15.278712],[101.94706,15.275674],[101.951946,15.2778]]]}},{"type":"Feature","properties":{"h3":"88659ba363fffff","tcode":"300907","bldg":14},"geometry":{"type":"Polygon","coordinates":[[[101.949889,15.207613],[101.950385,15.212779],[101.945996,15.215818],[101.941111,15.21369],[101.940616,15.208524],[101.945005,15.205486],[101.949889,15.207613]]]}},{"type":"Feature","properties":{"h3":"88659ba32bfffff","tcode":"300907","bldg":3},"geometry":{"type":"Polygon","coordinates":[[[101.936722,15.216729],[101.937218,15.221894],[101.932829,15.224933],[101.927944,15.222805],[101.927448,15.217639],[101.931838,15.214601],[101.936722,15.216729]]]}},{"type":"Feature","properties":{"h3":"88659ba047fffff","tcode":"300907","bldg":1},"geometry":{"type":"Polygon","coordinates":[[[101.883484,15.198484],[101.883979,15.203651],[101.879589,15.206688],[101.874704,15.204559],[101.874209,15.199392],[101.8786,15.196355],[101.883484,15.198484]]]}},{"type":"Feature","properties":{"h3":"88659ba10dfffff","tcode":"300907","bldg":2},"geometry":{"type":"Polygon","coordinates":[[[101.917252,15.257748],[101.917747,15.262913],[101.913357,15.265951],[101.908471,15.263824],[101.907976,15.258658],[101.912366,15.25562],[101.917252,15.257748]]]}},{"type":"Feature","properties":{"h3":"88659bb897fffff","tcode":"300907","bldg":40},"geometry":{"type":"Polygon","coordinates":[[[101.945077,15.255014],[101.945573,15.260179],[101.941183,15.263217],[101.936298,15.261091],[101.935802,15.255926],[101.940192,15.252887],[101.945077,15.255014]]]}},{"type":"Feature","properties":{"h3":"88659ba345fffff","tcode":"300907","bldg":0},"geometry":{"type":"Polygon","coordinates":[[[101.957674,15.191204],[101.95817,15.19637],[101.953782,15.199409],[101.948897,15.197281],[101.948402,15.192115],[101.95279,15.189076],[101.957674,15.191204]]]}},{"type":"Feature","properties":{"h3":"88659bb827fffff","tcode":"300908","bldg":76},"geometry":{"type":"Polygon","coordinates":[[[102.040789,15.276863],[102.041286,15.282026],[102.036899,15.285066],[102.032014,15.282942],[102.031517,15.277778],[102.035905,15.274739],[102.040789,15.276863]]]}},{"type":"Feature","properties":{"h3":"88659bb835fffff","tcode":"300908","bldg":419},"geometry":{"type":"Polygon","coordinates":[[[102.026135,15.27049],[102.026632,15.275654],[102.022245,15.278693],[102.01736,15.276569],[102.016863,15.271405],[102.021251,15.268366],[102.026135,15.27049]]]}},{"type":"Feature","properties":{"h3":"88659bb831fffff","tcode":"300908","bldg":622},"geometry":{"type":"Polygon","coordinates":[[[102.020754,15.263201],[102.021251,15.268366],[102.016863,15.271405],[102.011978,15.26928],[102.011481,15.264116],[102.015869,15.261077],[102.020754,15.263201]]]}},{"type":"Feature","properties":{"h3":"88659bb81dfffff","tcode":"300908","bldg":7},"geometry":{"type":"Polygon","coordinates":[[[102.023154,15.239505],[102.023651,15.244669],[102.019263,15.247709],[102.014379,15.245584],[102.013882,15.240419],[102.01827,15.23738],[102.023154,15.239505]]]}},{"type":"Feature","properties":{"h3":"88659bb82bfffff","tcode":"300908","bldg":40},"geometry":{"type":"Polygon","coordinates":[[[102.039298,15.261371],[102.039795,15.266535],[102.035408,15.269575],[102.030523,15.26745],[102.030026,15.262286],[102.034413,15.259247],[102.039298,15.261371]]]}},{"type":"Feature","properties":{"h3":"88659bbab5fffff","tcode":"300908","bldg":81},"geometry":{"type":"Polygon","coordinates":[[[101.988468,15.219461],[101.988964,15.224626],[101.984576,15.227665],[101.979692,15.225539],[101.979195,15.220374],[101.983583,15.217335],[101.988468,15.219461]]]}},{"type":"Feature","properties":{"h3":"88659bb953fffff","tcode":"300908","bldg":22},"geometry":{"type":"Polygon","coordinates":[[[102.059333,15.27503],[102.05983,15.280194],[102.055443,15.283234],[102.050558,15.28111],[102.050061,15.275947],[102.054448,15.272907],[102.059333,15.27503]]]}},{"type":"Feature","properties":{"h3":"88659bbaa1fffff","tcode":"300908","bldg":6},"geometry":{"type":"Polygon","coordinates":[[[102.007011,15.217634],[102.007508,15.222799],[102.00312,15.225839],[101.998236,15.223713],[101.99774,15.218548],[102.002127,15.215509],[102.007011,15.217634]]]}},{"type":"Feature","properties":{"h3":"88659bb91bfffff","tcode":"300908","bldg":8},"geometry":{"type":"Polygon","coordinates":[[[102.046171,15.28415],[102.046668,15.289313],[102.042281,15.292353],[102.037396,15.290229],[102.036899,15.285066],[102.041286,15.282026],[102.046171,15.28415]]]}},{"type":"Feature","properties":{"h3":"88659bb867fffff","tcode":"300908","bldg":363},"geometry":{"type":"Polygon","coordinates":[[[102.05784,15.259539],[102.058338,15.264703],[102.053951,15.267743],[102.049066,15.265619],[102.048569,15.260455],[102.052956,15.257415],[102.05784,15.259539]]]}},{"type":"Feature","properties":{"h3":"88659bb83dfffff","tcode":"300908","bldg":608},"geometry":{"type":"Polygon","coordinates":[[[102.030026,15.262286],[102.030523,15.26745],[102.026135,15.27049],[102.021251,15.268366],[102.020754,15.263201],[102.025141,15.260162],[102.030026,15.262286]]]}},{"type":"Feature","properties":{"h3":"88659bbaa7fffff","tcode":"300908","bldg":25},"geometry":{"type":"Polygon","coordinates":[[[102.00312,15.225839],[102.003617,15.231004],[101.999229,15.234043],[101.994345,15.231917],[101.993848,15.226752],[101.998236,15.223713],[102.00312,15.225839]]]}},{"type":"Feature","properties":{"h3":"88659bbaa5fffff","tcode":"300908","bldg":316},"geometry":{"type":"Polygon","coordinates":[[[102.012392,15.224925],[102.012889,15.23009],[102.008501,15.233129],[102.003617,15.231004],[102.00312,15.225839],[102.007508,15.222799],[102.012392,15.224925]]]}},{"type":"Feature","properties":{"h3":"88659bbae7fffff","tcode":"300908","bldg":14},"geometry":{"type":"Polygon","coordinates":[[[102.020173,15.208516],[102.02067,15.213681],[102.016282,15.21672],[102.011399,15.214595],[102.010902,15.20943],[102.015289,15.20639],[102.020173,15.208516]]]}},{"type":"Feature","properties":{"h3":"88659bb825fffff","tcode":"300908","bldg":9},"geometry":{"type":"Polygon","coordinates":[[[102.050061,15.275947],[102.050558,15.28111],[102.046171,15.28415],[102.041286,15.282026],[102.040789,15.276863],[102.045177,15.273823],[102.050061,15.275947]]]}},{"type":"Feature","properties":{"h3":"88659bb829fffff","tcode":"300908","bldg":472},"geometry":{"type":"Polygon","coordinates":[[[102.048569,15.260455],[102.049066,15.265619],[102.044679,15.268659],[102.039795,15.266535],[102.039298,15.261371],[102.043685,15.258331],[102.048569,15.260455]]]}},{"type":"Feature","properties":{"h3":"88659bb951fffff","tcode":"300908","bldg":325},"geometry":{"type":"Polygon","coordinates":[[[102.068604,15.274113],[102.069101,15.279277],[102.064714,15.282317],[102.05983,15.280194],[102.059333,15.27503],[102.063719,15.27199],[102.068604,15.274113]]]}},{"type":"Feature","properties":{"h3":"88659bb9cdfffff","tcode":"300908","bldg":23},"geometry":{"type":"Polygon","coordinates":[[[102.036899,15.285066],[102.037396,15.290229],[102.033008,15.293269],[102.028123,15.291145],[102.027626,15.285981],[102.032014,15.282942],[102.036899,15.285066]]]}},{"type":"Feature","properties":{"h3":"88659bb85bfffff","tcode":"300908","bldg":269},"geometry":{"type":"Polygon","coordinates":[[[102.025553,15.215806],[102.02605,15.220971],[102.021663,15.224011],[102.016779,15.221885],[102.016282,15.21672],[102.02067,15.213681],[102.025553,15.215806]]]}},{"type":"Feature","properties":{"h3":"88659bb81bfffff","tcode":"300908","bldg":13},"geometry":{"type":"Polygon","coordinates":[[[102.008501,15.233129],[102.008998,15.238294],[102.00461,15.241333],[101.999726,15.239208],[101.999229,15.234043],[102.003617,15.231004],[102.008501,15.233129]]]}},{"type":"Feature","properties":{"h3":"88659bb819fffff","tcode":"300908","bldg":3},"geometry":{"type":"Polygon","coordinates":[[[102.017773,15.232215],[102.01827,15.23738],[102.013882,15.240419],[102.008998,15.238294],[102.008501,15.233129],[102.012889,15.23009],[102.017773,15.232215]]]}},{"type":"Feature","properties":{"h3":"88659bb82dfffff","tcode":"300908","bldg":164},"geometry":{"type":"Polygon","coordinates":[[[102.053951,15.267743],[102.054448,15.272907],[102.050061,15.275947],[102.045177,15.273823],[102.044679,15.268659],[102.049066,15.265619],[102.053951,15.267743]]]}},{"type":"Feature","properties":{"h3":"88659bbaadfffff","tcode":"300908","bldg":51},"geometry":{"type":"Polygon","coordinates":[[[102.016282,15.21672],[102.016779,15.221885],[102.012392,15.224925],[102.007508,15.222799],[102.007011,15.217634],[102.011399,15.214595],[102.016282,15.21672]]]}},{"type":"Feature","properties":{"h3":"88659bb803fffff","tcode":"300908","bldg":2},"geometry":{"type":"Polygon","coordinates":[[[102.028535,15.246794],[102.029032,15.251958],[102.024645,15.254998],[102.01976,15.252873],[102.019263,15.247709],[102.023651,15.244669],[102.028535,15.246794]]]}},{"type":"Feature","properties":{"h3":"88659bbaa3fffff","tcode":"300908","bldg":5},"geometry":{"type":"Polygon","coordinates":[[[101.99774,15.218548],[101.998236,15.223713],[101.993848,15.226752],[101.988964,15.224626],[101.988468,15.219461],[101.992855,15.216422],[101.99774,15.218548]]]}},{"type":"Feature","properties":{"h3":"88659bb95dfffff","tcode":"300908","bldg":2},"geometry":{"type":"Polygon","coordinates":[[[102.077874,15.273196],[102.078372,15.27836],[102.073986,15.2814],[102.069101,15.279277],[102.068604,15.274113],[102.07299,15.271073],[102.077874,15.273196]]]}},{"type":"Feature","properties":{"h3":"88659bb865fffff","tcode":"300908","bldg":1},"geometry":{"type":"Polygon","coordinates":[[[102.067111,15.258623],[102.067608,15.263786],[102.063222,15.266827],[102.058338,15.264703],[102.05784,15.259539],[102.062227,15.256499],[102.067111,15.258623]]]}},{"type":"Feature","properties":{"h3":"88659bb853fffff","tcode":"300908","bldg":15},"geometry":{"type":"Polygon","coordinates":[[[102.021663,15.224011],[102.02216,15.229175],[102.017773,15.232215],[102.012889,15.23009],[102.012392,15.224925],[102.016779,15.221885],[102.021663,15.224011]]]}},{"type":"Feature","properties":{"h3":"88659bb823fffff","tcode":"300908","bldg":127},"geometry":{"type":"Polygon","coordinates":[[[102.035408,15.269575],[102.035905,15.274739],[102.031517,15.277778],[102.026632,15.275654],[102.026135,15.27049],[102.030523,15.26745],[102.035408,15.269575]]]}},{"type":"Feature","properties":{"h3":"88659bb839fffff","tcode":"300908","bldg":388},"geometry":{"type":"Polygon","coordinates":[[[102.024645,15.254998],[102.025141,15.260162],[102.020754,15.263201],[102.015869,15.261077],[102.015372,15.255913],[102.01976,15.252873],[102.024645,15.254998]]]}},{"type":"Feature","properties":{"h3":"88659bb807fffff","tcode":"300908","bldg":86},"geometry":{"type":"Polygon","coordinates":[[[102.033916,15.254083],[102.034413,15.259247],[102.030026,15.262286],[102.025141,15.260162],[102.024645,15.254998],[102.029032,15.251958],[102.033916,15.254083]]]}},{"type":"Feature","properties":{"h3":"88659bb821fffff","tcode":"300908","bldg":76},"geometry":{"type":"Polygon","coordinates":[[[102.044679,15.268659],[102.045177,15.273823],[102.040789,15.276863],[102.035905,15.274739],[102.035408,15.269575],[102.039795,15.266535],[102.044679,15.268659]]]}},{"type":"Feature","properties":{"h3":"88659bb913fffff","tcode":"300908","bldg":8},"geometry":{"type":"Polygon","coordinates":[[[102.042281,15.292353],[102.042778,15.297516],[102.038391,15.300556],[102.033506,15.298432],[102.033008,15.293269],[102.037396,15.290229],[102.042281,15.292353]]]}},{"type":"Feature","properties":{"h3":"88659bb959fffff","tcode":"300908","bldg":10},"geometry":{"type":"Polygon","coordinates":[[[102.072493,15.26591],[102.07299,15.271073],[102.068604,15.274113],[102.063719,15.27199],[102.063222,15.266827],[102.067608,15.263786],[102.072493,15.26591]]]}},{"type":"Feature","properties":{"h3":"88659bb95bfffff","tcode":"300908","bldg":38},"geometry":{"type":"Polygon","coordinates":[[[102.063222,15.266827],[102.063719,15.27199],[102.059333,15.27503],[102.054448,15.272907],[102.053951,15.267743],[102.058338,15.264703],[102.063222,15.266827]]]}},{"type":"Feature","properties":{"h3":"88659bb919fffff","tcode":"300908","bldg":1},"geometry":{"type":"Polygon","coordinates":[[[102.055443,15.283234],[102.05594,15.288397],[102.051553,15.291437],[102.046668,15.289313],[102.046171,15.28415],[102.050558,15.28111],[102.055443,15.283234]]]}},{"type":"Feature","properties":{"h3":"88659bbb65fffff","tcode":"300909","bldg":87},"geometry":{"type":"Polygon","coordinates":[[[102.131996,15.252198],[102.132494,15.257361],[102.12811,15.260402],[102.123226,15.25828],[102.122728,15.253117],[102.127113,15.250076],[102.131996,15.252198]]]}},{"type":"Feature","properties":{"h3":"88659b8c89fffff","tcode":"300909","bldg":3},"geometry":{"type":"Polygon","coordinates":[[[102.144256,15.282255],[102.144755,15.287417],[102.14037,15.290458],[102.135486,15.288337],[102.134987,15.283175],[102.139372,15.280133],[102.144256,15.282255]]]}},{"type":"Feature","properties":{"h3":"88659b8eb9fffff","tcode":"300909","bldg":2},"geometry":{"type":"Polygon","coordinates":[[[102.154417,15.242155],[102.154916,15.247318],[102.150531,15.250359],[102.145648,15.248237],[102.14515,15.243074],[102.149534,15.240033],[102.154417,15.242155]]]}},{"type":"Feature","properties":{"h3":"88659b8c85fffff","tcode":"300909","bldg":12},"geometry":{"type":"Polygon","coordinates":[[[102.145752,15.297742],[102.146251,15.302904],[102.141866,15.305945],[102.136982,15.303824],[102.136483,15.298662],[102.140868,15.295621],[102.145752,15.297742]]]}},{"type":"Feature","properties":{"h3":"88659b8eabfffff","tcode":"300909","bldg":3},"geometry":{"type":"Polygon","coordinates":[[[102.169065,15.248519],[102.169564,15.253681],[102.165181,15.256723],[102.160298,15.254602],[102.159799,15.249439],[102.164183,15.246397],[102.169065,15.248519]]]}},{"type":"Feature","properties":{"h3":"88659b8cd3fffff","tcode":"300909","bldg":14},"geometry":{"type":"Polygon","coordinates":[[[102.124223,15.268606],[102.124721,15.273769],[102.120336,15.27681],[102.115452,15.274688],[102.114954,15.269525],[102.119339,15.266484],[102.124223,15.268606]]]}},{"type":"Feature","properties":{"h3":"88659b8c9dfffff","tcode":"300909","bldg":11},"geometry":{"type":"Polygon","coordinates":[[[102.125718,15.284094],[102.126217,15.289257],[102.121831,15.292297],[102.116947,15.290176],[102.116449,15.285013],[102.120834,15.281972],[102.125718,15.284094]]]}},{"type":"Feature","properties":{"h3":"88659b8eb5fffff","tcode":"300909","bldg":2},"geometry":{"type":"Polygon","coordinates":[[[102.155913,15.257643],[102.156412,15.262806],[102.152028,15.265847],[102.147144,15.263726],[102.146646,15.258563],[102.15103,15.255522],[102.155913,15.257643]]]}},{"type":"Feature","properties":{"h3":"88659b8cc7fffff","tcode":"300909","bldg":130},"geometry":{"type":"Polygon","coordinates":[[[102.153524,15.281335],[102.154023,15.286497],[102.149638,15.289538],[102.144755,15.287417],[102.144256,15.282255],[102.148641,15.279214],[102.153524,15.281335]]]}},{"type":"Feature","properties":{"h3":"88659b8e8dfffff","tcode":"300909","bldg":2},"geometry":{"type":"Polygon","coordinates":[[[102.176835,15.23211],[102.177334,15.237272],[102.17295,15.240314],[102.168067,15.238193],[102.167568,15.23303],[102.171952,15.229988],[102.176835,15.23211]]]}},{"type":"Feature","properties":{"h3":"88659b8c83fffff","tcode":"300909","bldg":197},"geometry":{"type":"Polygon","coordinates":[[[102.131101,15.291378],[102.131599,15.29654],[102.127214,15.299581],[102.12233,15.29746],[102.121831,15.292297],[102.126217,15.289257],[102.131101,15.291378]]]}},{"type":"Feature","properties":{"h3":"88659b8cc1fffff","tcode":"300909","bldg":150},"geometry":{"type":"Polygon","coordinates":[[[102.15741,15.273131],[102.157909,15.278293],[102.153524,15.281335],[102.148641,15.279214],[102.148142,15.274051],[102.152527,15.27101],[102.15741,15.273131]]]}},{"type":"Feature","properties":{"h3":"88659b8c87fffff","tcode":"300909","bldg":290},"geometry":{"type":"Polygon","coordinates":[[[102.136483,15.298662],[102.136982,15.303824],[102.132596,15.306865],[102.127712,15.304744],[102.127214,15.299581],[102.131599,15.29654],[102.136483,15.298662]]]}},{"type":"Feature","properties":{"h3":"88659b8cd5fffff","tcode":"300909","bldg":135},"geometry":{"type":"Polygon","coordinates":[[[102.138874,15.274971],[102.139372,15.280133],[102.134987,15.283175],[102.130103,15.281053],[102.129605,15.27589],[102.13399,15.272849],[102.138874,15.274971]]]}},{"type":"Feature","properties":{"h3":"88659b8c95fffff","tcode":"300909","bldg":47},"geometry":{"type":"Polygon","coordinates":[[[102.121831,15.292297],[102.12233,15.29746],[102.117944,15.300501],[102.11306,15.298379],[102.112561,15.293216],[102.116947,15.290176],[102.121831,15.292297]]]}},{"type":"Feature","properties":{"h3":"88659b8cd1fffff","tcode":"300909","bldg":4},"geometry":{"type":"Polygon","coordinates":[[[102.133492,15.267687],[102.13399,15.272849],[102.129605,15.27589],[102.124721,15.273769],[102.124223,15.268606],[102.128608,15.265565],[102.133492,15.267687]]]}},{"type":"Feature","properties":{"h3":"88659b8e87fffff","tcode":"300909","bldg":0},"geometry":{"type":"Polygon","coordinates":[[[102.163684,15.241235],[102.164183,15.246397],[102.159799,15.249439],[102.154916,15.247318],[102.154417,15.242155],[102.158801,15.239113],[102.163684,15.241235]]]}},{"type":"Feature","properties":{"h3":"88659b8c8bfffff","tcode":"300909","bldg":146},"geometry":{"type":"Polygon","coordinates":[[[102.134987,15.283175],[102.135486,15.288337],[102.131101,15.291378],[102.126217,15.289257],[102.125718,15.284094],[102.130103,15.281053],[102.134987,15.283175]]]}},{"type":"Feature","properties":{"h3":"88659b8cddfffff","tcode":"300909","bldg":24},"geometry":{"type":"Polygon","coordinates":[[[102.14276,15.266767],[102.143259,15.27193],[102.138874,15.274971],[102.13399,15.272849],[102.133492,15.267687],[102.137876,15.264646],[102.14276,15.266767]]]}},{"type":"Feature","properties":{"h3":"88659b8c81fffff","tcode":"300909","bldg":6},"geometry":{"type":"Polygon","coordinates":[[[102.14037,15.290458],[102.140868,15.295621],[102.136483,15.298662],[102.131599,15.29654],[102.131101,15.291378],[102.135486,15.288337],[102.14037,15.290458]]]}},{"type":"Feature","properties":{"h3":"88659b8cd9fffff","tcode":"300909","bldg":378},"geometry":{"type":"Polygon","coordinates":[[[102.137378,15.259483],[102.137876,15.264646],[102.133492,15.267687],[102.128608,15.265565],[102.12811,15.260402],[102.132494,15.257361],[102.137378,15.259483]]]}},{"type":"Feature","properties":{"h3":"88659bb96dfffff","tcode":"300909","bldg":33},"geometry":{"type":"Polygon","coordinates":[[[102.108674,15.30142],[102.109172,15.306582],[102.104786,15.309623],[102.099901,15.307501],[102.099403,15.302338],[102.103789,15.299298],[102.108674,15.30142]]]}},{"type":"Feature","properties":{"h3":"88659b8eb1fffff","tcode":"300909","bldg":4},"geometry":{"type":"Polygon","coordinates":[[[102.150531,15.250359],[102.15103,15.255522],[102.146646,15.258563],[102.141763,15.256441],[102.141264,15.251279],[102.145648,15.248237],[102.150531,15.250359]]]}},{"type":"Feature","properties":{"h3":"88659b8eb7fffff","tcode":"300909","bldg":121},"geometry":{"type":"Polygon","coordinates":[[[102.146646,15.258563],[102.147144,15.263726],[102.14276,15.266767],[102.137876,15.264646],[102.137378,15.259483],[102.141763,15.256441],[102.146646,15.258563]]]}},{"type":"Feature","properties":{"h3":"88659b8c99fffff","tcode":"300909","bldg":58},"geometry":{"type":"Polygon","coordinates":[[[102.120336,15.27681],[102.120834,15.281972],[102.116449,15.285013],[102.111565,15.282891],[102.111067,15.277728],[102.115452,15.274688],[102.120336,15.27681]]]}},{"type":"Feature","properties":{"h3":"88659b8ebdfffff","tcode":"300909","bldg":1},"geometry":{"type":"Polygon","coordinates":[[[102.159799,15.249439],[102.160298,15.254602],[102.155913,15.257643],[102.15103,15.255522],[102.150531,15.250359],[102.154916,15.247318],[102.159799,15.249439]]]}},{"type":"Feature","properties":{"h3":"88659b8e85fffff","tcode":"300909","bldg":3},"geometry":{"type":"Polygon","coordinates":[[[102.17295,15.240314],[102.173449,15.245477],[102.169065,15.248519],[102.164183,15.246397],[102.163684,15.241235],[102.168067,15.238193],[102.17295,15.240314]]]}},{"type":"Feature","properties":{"h3":"88659b8eb3fffff","tcode":"300909","bldg":592},"geometry":{"type":"Polygon","coordinates":[[[102.141264,15.251279],[102.141763,15.256441],[102.137378,15.259483],[102.132494,15.257361],[102.131996,15.252198],[102.136381,15.249157],[102.141264,15.251279]]]}},{"type":"Feature","properties":{"h3":"88659b8ccbfffff","tcode":"300909","bldg":44},"geometry":{"type":"Polygon","coordinates":[[[102.152028,15.265847],[102.152527,15.27101],[102.148142,15.274051],[102.143259,15.27193],[102.14276,15.266767],[102.147144,15.263726],[102.152028,15.265847]]]}},{"type":"Feature","properties":{"h3":"88659b8cdbfffff","tcode":"300909","bldg":14},"geometry":{"type":"Polygon","coordinates":[[[102.12811,15.260402],[102.128608,15.265565],[102.124223,15.268606],[102.119339,15.266484],[102.118841,15.261321],[102.123226,15.25828],[102.12811,15.260402]]]}},{"type":"Feature","properties":{"h3":"88659b8cc3fffff","tcode":"300909","bldg":159},"geometry":{"type":"Polygon","coordinates":[[[102.148142,15.274051],[102.148641,15.279214],[102.144256,15.282255],[102.139372,15.280133],[102.138874,15.274971],[102.143259,15.27193],[102.148142,15.274051]]]}},{"type":"Feature","properties":{"h3":"88659b8ea3fffff","tcode":"300909","bldg":0},"geometry":{"type":"Polygon","coordinates":[[[102.165181,15.256723],[102.16568,15.261885],[102.161295,15.264927],[102.156412,15.262806],[102.155913,15.257643],[102.160298,15.254602],[102.165181,15.256723]]]}},{"type":"Feature","properties":{"h3":"88659b8cd7fffff","tcode":"300909","bldg":8},"geometry":{"type":"Polygon","coordinates":[[[102.129605,15.27589],[102.130103,15.281053],[102.125718,15.284094],[102.120834,15.281972],[102.120336,15.27681],[102.124721,15.273769],[102.129605,15.27589]]]}},{"type":"Feature","properties":{"h3":"88659b8c97fffff","tcode":"300909","bldg":107},"geometry":{"type":"Polygon","coordinates":[[[102.112561,15.293216],[102.11306,15.298379],[102.108674,15.30142],[102.103789,15.299298],[102.103291,15.294135],[102.107677,15.291095],[102.112561,15.293216]]]}},{"type":"Feature","properties":{"h3":"88659b8c91fffff","tcode":"300909","bldg":85},"geometry":{"type":"Polygon","coordinates":[[[102.116449,15.285013],[102.116947,15.290176],[102.112561,15.293216],[102.107677,15.291095],[102.107179,15.285932],[102.111565,15.282891],[102.116449,15.285013]]]}},{"type":"Feature","properties":{"h3":"88659b8cc9fffff","tcode":"300909","bldg":10},"geometry":{"type":"Polygon","coordinates":[[[102.161295,15.264927],[102.161794,15.270089],[102.15741,15.273131],[102.152527,15.27101],[102.152028,15.265847],[102.156412,15.262806],[102.161295,15.264927]]]}},{"type":"Feature","properties":{"h3":"88659b8cb9fffff","tcode":"300909","bldg":34},"geometry":{"type":"Polygon","coordinates":[[[102.127214,15.299581],[102.127712,15.304744],[102.123326,15.307784],[102.118442,15.305663],[102.117944,15.300501],[102.12233,15.29746],[102.127214,15.299581]]]}},{"type":"Feature","properties":{"h3":"88659b8cbbfffff","tcode":"300909","bldg":46},"geometry":{"type":"Polygon","coordinates":[[[102.117944,15.300501],[102.118442,15.305663],[102.114056,15.308704],[102.109172,15.306582],[102.108674,15.30142],[102.11306,15.298379],[102.117944,15.300501]]]}},{"type":"Feature","properties":{"h3":"88659b8ebbfffff","tcode":"300909","bldg":10},"geometry":{"type":"Polygon","coordinates":[[[102.14515,15.243074],[102.145648,15.248237],[102.141264,15.251279],[102.136381,15.249157],[102.135882,15.243994],[102.140267,15.240952],[102.14515,15.243074]]]}},{"type":"Feature","properties":{"h3":"88659b8ed7fffff","tcode":"300914","bldg":232},"geometry":{"type":"Polygon","coordinates":[[[102.156806,15.21846],[102.157304,15.223624],[102.152921,15.226665],[102.148038,15.224543],[102.147539,15.21938],[102.151923,15.216338],[102.156806,15.21846]]]}},{"type":"Feature","properties":{"h3":"88659b8e8bfffff","tcode":"300914","bldg":2},"geometry":{"type":"Polygon","coordinates":[[[102.162187,15.225745],[102.162686,15.230909],[102.158302,15.23395],[102.153419,15.231828],[102.152921,15.226665],[102.157304,15.223624],[102.162187,15.225745]]]}},{"type":"Feature","properties":{"h3":"88659bbb01fffff","tcode":"300914","bldg":52},"geometry":{"type":"Polygon","coordinates":[[[102.102696,15.239463],[102.103194,15.244627],[102.098809,15.247667],[102.093925,15.245544],[102.093427,15.240381],[102.097813,15.23734],[102.102696,15.239463]]]}},{"type":"Feature","properties":{"h3":"88659bb94dfffff","tcode":"300914","bldg":20},"geometry":{"type":"Polygon","coordinates":[[[102.101797,15.278647],[102.102295,15.28381],[102.097909,15.28685],[102.093025,15.284728],[102.092527,15.279565],[102.096913,15.276524],[102.101797,15.278647]]]}},{"type":"Feature","properties":{"h3":"88659bbb3dfffff","tcode":"300914","bldg":102},"geometry":{"type":"Polygon","coordinates":[[[102.094921,15.255871],[102.095419,15.261035],[102.091033,15.264075],[102.086149,15.261952],[102.085651,15.256789],[102.090037,15.253748],[102.094921,15.255871]]]}},{"type":"Feature","properties":{"h3":"88659b8e9bfffff","tcode":"300914","bldg":213},"geometry":{"type":"Polygon","coordinates":[[[102.138272,15.220299],[102.138771,15.225462],[102.134387,15.228504],[102.129504,15.226381],[102.129005,15.221218],[102.13339,15.218176],[102.138272,15.220299]]]}},{"type":"Feature","properties":{"h3":"88659bbb61fffff","tcode":"300914","bldg":11},"geometry":{"type":"Polygon","coordinates":[[[102.126614,15.244913],[102.127113,15.250076],[102.122728,15.253117],[102.117844,15.250994],[102.117346,15.245831],[102.121731,15.24279],[102.126614,15.244913]]]}},{"type":"Feature","properties":{"h3":"88659bbb39fffff","tcode":"300914","bldg":2},"geometry":{"type":"Polygon","coordinates":[[[102.089539,15.248585],[102.090037,15.253748],[102.085651,15.256789],[102.080767,15.254666],[102.08027,15.249502],[102.084656,15.246462],[102.089539,15.248585]]]}},{"type":"Feature","properties":{"h3":"88659bbb15fffff","tcode":"300914","bldg":1},"geometry":{"type":"Polygon","coordinates":[[[102.084158,15.241298],[102.084656,15.246462],[102.08027,15.249502],[102.075386,15.247379],[102.074888,15.242215],[102.079274,15.239174],[102.084158,15.241298]]]}},{"type":"Feature","properties":{"h3":"88659bbb47fffff","tcode":"300914","bldg":140},"geometry":{"type":"Polygon","coordinates":[[[102.115851,15.230341],[102.11635,15.235504],[102.111965,15.238545],[102.107081,15.236422],[102.106583,15.231259],[102.110968,15.228218],[102.115851,15.230341]]]}},{"type":"Feature","properties":{"h3":"88659bbb63fffff","tcode":"300914","bldg":438},"geometry":{"type":"Polygon","coordinates":[[[102.117346,15.245831],[102.117844,15.250994],[102.113459,15.254035],[102.108576,15.251913],[102.108078,15.246749],[102.112463,15.243709],[102.117346,15.245831]]]}},{"type":"Feature","properties":{"h3":"88659bbb11fffff","tcode":"300914","bldg":1},"geometry":{"type":"Polygon","coordinates":[[[102.078777,15.234011],[102.079274,15.239174],[102.074888,15.242215],[102.070005,15.240091],[102.069507,15.234927],[102.073893,15.231887],[102.078777,15.234011]]]}},{"type":"Feature","properties":{"h3":"88659b8c93fffff","tcode":"300914","bldg":51},"geometry":{"type":"Polygon","coordinates":[[[102.107179,15.285932],[102.107677,15.291095],[102.103291,15.294135],[102.098407,15.292013],[102.097909,15.28685],[102.102295,15.28381],[102.107179,15.285932]]]}},{"type":"Feature","properties":{"h3":"88659bb949fffff","tcode":"300914","bldg":370},"geometry":{"type":"Polygon","coordinates":[[[102.096415,15.271361],[102.096913,15.276524],[102.092527,15.279565],[102.087643,15.277442],[102.087145,15.272279],[102.091531,15.269239],[102.096415,15.271361]]]}},{"type":"Feature","properties":{"h3":"88659bbb31fffff","tcode":"300914","bldg":18},"geometry":{"type":"Polygon","coordinates":[[[102.085651,15.256789],[102.086149,15.261952],[102.081763,15.264993],[102.076879,15.26287],[102.076381,15.257706],[102.080767,15.254666],[102.085651,15.256789]]]}},{"type":"Feature","properties":{"h3":"88659bbb07fffff","tcode":"300914","bldg":71},"geometry":{"type":"Polygon","coordinates":[[[102.098809,15.247667],[102.099307,15.252831],[102.094921,15.255871],[102.090037,15.253748],[102.089539,15.248585],[102.093925,15.245544],[102.098809,15.247667]]]}},{"type":"Feature","properties":{"h3":"88659bbb45fffff","tcode":"300914","bldg":65},"geometry":{"type":"Polygon","coordinates":[[[102.125119,15.229422],[102.125618,15.234586],[102.121233,15.237627],[102.11635,15.235504],[102.115851,15.230341],[102.120236,15.2273],[102.125119,15.229422]]]}},{"type":"Feature","properties":{"h3":"88659bb90dfffff","tcode":"300914","bldg":44},"geometry":{"type":"Polygon","coordinates":[[[102.08475,15.295971],[102.085248,15.301134],[102.080861,15.304175],[102.075976,15.302052],[102.075479,15.296889],[102.079865,15.293849],[102.08475,15.295971]]]}},{"type":"Feature","properties":{"h3":"88659b8e9dfffff","tcode":"300914","bldg":23},"geometry":{"type":"Polygon","coordinates":[[[102.152921,15.226665],[102.153419,15.231828],[102.149035,15.23487],[102.144152,15.232748],[102.143654,15.227585],[102.148038,15.224543],[102.152921,15.226665]]]}},{"type":"Feature","properties":{"h3":"88659bbb2bfffff","tcode":"300914","bldg":49},"geometry":{"type":"Polygon","coordinates":[[[102.10419,15.254954],[102.104688,15.260117],[102.100303,15.263157],[102.095419,15.261035],[102.094921,15.255871],[102.099307,15.252831],[102.10419,15.254954]]]}},{"type":"Feature","properties":{"h3":"88659bbb41fffff","tcode":"300914","bldg":38},"geometry":{"type":"Polygon","coordinates":[[[102.119738,15.222136],[102.120236,15.2273],[102.115851,15.230341],[102.110968,15.228218],[102.11047,15.223054],[102.114855,15.220013],[102.119738,15.222136]]]}},{"type":"Feature","properties":{"h3":"88659bbb49fffff","tcode":"300914","bldg":79},"geometry":{"type":"Polygon","coordinates":[[[102.123624,15.213931],[102.124123,15.219095],[102.119738,15.222136],[102.114855,15.220013],[102.114357,15.214849],[102.118741,15.211808],[102.123624,15.213931]]]}},{"type":"Feature","properties":{"h3":"88659b8e97fffff","tcode":"300914","bldg":8},"geometry":{"type":"Polygon","coordinates":[[[102.139768,15.235789],[102.140267,15.240952],[102.135882,15.243994],[102.130999,15.241871],[102.130501,15.236708],[102.134885,15.233667],[102.139768,15.235789]]]}},{"type":"Feature","properties":{"h3":"88659b8ec3fffff","tcode":"300914","bldg":0},"geometry":{"type":"Polygon","coordinates":[[[102.175337,15.21662],[102.175836,15.221784],[102.171453,15.224825],[102.166571,15.222704],[102.166072,15.217541],[102.170455,15.214499],[102.175337,15.21662]]]}},{"type":"Feature","properties":{"h3":"88659bbb0bfffff","tcode":"300914","bldg":386},"geometry":{"type":"Polygon","coordinates":[[[102.097315,15.232176],[102.097813,15.23734],[102.093427,15.240381],[102.088544,15.238257],[102.088046,15.233094],[102.092431,15.230053],[102.097315,15.232176]]]}},{"type":"Feature","properties":{"h3":"88659b8e83fffff","tcode":"300914","bldg":4},"geometry":{"type":"Polygon","coordinates":[[[102.158302,15.23395],[102.158801,15.239113],[102.154417,15.242155],[102.149534,15.240033],[102.149035,15.23487],[102.153419,15.231828],[102.158302,15.23395]]]}},{"type":"Feature","properties":{"h3":"88659bbb67fffff","tcode":"300914","bldg":18},"geometry":{"type":"Polygon","coordinates":[[[102.122728,15.253117],[102.123226,15.25828],[102.118841,15.261321],[102.113957,15.259199],[102.113459,15.254035],[102.117844,15.250994],[102.122728,15.253117]]]}},{"type":"Feature","properties":{"h3":"88659bbb6dfffff","tcode":"300914","bldg":22},"geometry":{"type":"Polygon","coordinates":[[[102.135882,15.243994],[102.136381,15.249157],[102.131996,15.252198],[102.127113,15.250076],[102.126614,15.244913],[102.130999,15.241871],[102.135882,15.243994]]]}},{"type":"Feature","properties":{"h3":"88659bbb25fffff","tcode":"300914","bldg":9},"geometry":{"type":"Polygon","coordinates":[[[102.114954,15.269525],[102.115452,15.274688],[102.111067,15.277728],[102.106183,15.275606],[102.105685,15.270443],[102.11007,15.267402],[102.114954,15.269525]]]}},{"type":"Feature","properties":{"h3":"88659b8ed5fffff","tcode":"300914","bldg":1},"geometry":{"type":"Polygon","coordinates":[[[102.166072,15.217541],[102.166571,15.222704],[102.162187,15.225745],[102.157304,15.223624],[102.156806,15.21846],[102.161189,15.215419],[102.166072,15.217541]]]}},{"type":"Feature","properties":{"h3":"88659bbb21fffff","tcode":"300914","bldg":141},"geometry":{"type":"Polygon","coordinates":[[[102.109572,15.262239],[102.11007,15.267402],[102.105685,15.270443],[102.100801,15.268321],[102.100303,15.263157],[102.104688,15.260117],[102.109572,15.262239]]]}},{"type":"Feature","properties":{"h3":"88659bbb6bfffff","tcode":"300914","bldg":54},"geometry":{"type":"Polygon","coordinates":[[[102.121233,15.237627],[102.121731,15.24279],[102.117346,15.245831],[102.112463,15.243709],[102.111965,15.238545],[102.11635,15.235504],[102.121233,15.237627]]]}},{"type":"Feature","properties":{"h3":"88659bbb05fffff","tcode":"300914","bldg":20},"geometry":{"type":"Polygon","coordinates":[[[102.108078,15.246749],[102.108576,15.251913],[102.10419,15.254954],[102.099307,15.252831],[102.098809,15.247667],[102.103194,15.244627],[102.108078,15.246749]]]}},{"type":"Feature","properties":{"h3":"88659bbb37fffff","tcode":"300914","bldg":15},"geometry":{"type":"Polygon","coordinates":[[[102.081763,15.264993],[102.082261,15.270156],[102.077874,15.273196],[102.07299,15.271073],[102.072493,15.26591],[102.076879,15.26287],[102.081763,15.264993]]]}},{"type":"Feature","properties":{"h3":"88659bb94bfffff","tcode":"300914","bldg":109},"geometry":{"type":"Polygon","coordinates":[[[102.087145,15.272279],[102.087643,15.277442],[102.083256,15.280483],[102.078372,15.27836],[102.077874,15.273196],[102.082261,15.270156],[102.087145,15.272279]]]}},{"type":"Feature","properties":{"h3":"88659bb96bfffff","tcode":"300914","bldg":4},"geometry":{"type":"Polygon","coordinates":[[[102.094021,15.295053],[102.094519,15.300216],[102.090132,15.303257],[102.085248,15.301134],[102.08475,15.295971],[102.089136,15.292931],[102.094021,15.295053]]]}},{"type":"Feature","properties":{"h3":"88659b8c9bfffff","tcode":"300914","bldg":54},"geometry":{"type":"Polygon","coordinates":[[[102.111067,15.277728],[102.111565,15.282891],[102.107179,15.285932],[102.102295,15.28381],[102.101797,15.278647],[102.106183,15.275606],[102.111067,15.277728]]]}},{"type":"Feature","properties":{"h3":"88659bbb33fffff","tcode":"300914","bldg":13},"geometry":{"type":"Polygon","coordinates":[[[102.076381,15.257706],[102.076879,15.26287],[102.072493,15.26591],[102.067608,15.263786],[102.067111,15.258623],[102.071497,15.255583],[102.076381,15.257706]]]}},{"type":"Feature","properties":{"h3":"88659b8e95fffff","tcode":"300914","bldg":1},"geometry":{"type":"Polygon","coordinates":[[[102.149035,15.23487],[102.149534,15.240033],[102.14515,15.243074],[102.140267,15.240952],[102.139768,15.235789],[102.144152,15.232748],[102.149035,15.23487]]]}},{"type":"Feature","properties":{"h3":"88659bbb4dfffff","tcode":"300914","bldg":45},"geometry":{"type":"Polygon","coordinates":[[[102.129005,15.221218],[102.129504,15.226381],[102.125119,15.229422],[102.120236,15.2273],[102.119738,15.222136],[102.124123,15.219095],[102.129005,15.221218]]]}},{"type":"Feature","properties":{"h3":"88659bbb1dfffff","tcode":"300914","bldg":26},"geometry":{"type":"Polygon","coordinates":[[[102.088046,15.233094],[102.088544,15.238257],[102.084158,15.241298],[102.079274,15.239174],[102.078777,15.234011],[102.083162,15.23097],[102.088046,15.233094]]]}},{"type":"Feature","properties":{"h3":"88659bbb27fffff","tcode":"300914","bldg":183},"geometry":{"type":"Polygon","coordinates":[[[102.105685,15.270443],[102.106183,15.275606],[102.101797,15.278647],[102.096913,15.276524],[102.096415,15.271361],[102.100801,15.268321],[102.105685,15.270443]]]}},{"type":"Feature","properties":{"h3":"88659b8e93fffff","tcode":"300914","bldg":370},"geometry":{"type":"Polygon","coordinates":[[[102.134387,15.228504],[102.134885,15.233667],[102.130501,15.236708],[102.125618,15.234586],[102.125119,15.229422],[102.129504,15.226381],[102.134387,15.228504]]]}},{"type":"Feature","properties":{"h3":"88659bbb55fffff","tcode":"300914","bldg":76},"geometry":{"type":"Polygon","coordinates":[[[102.101202,15.223972],[102.1017,15.229136],[102.097315,15.232176],[102.092431,15.230053],[102.091933,15.224889],[102.096319,15.221848],[102.101202,15.223972]]]}},{"type":"Feature","properties":{"h3":"88659b8e81fffff","tcode":"300914","bldg":2},"geometry":{"type":"Polygon","coordinates":[[[102.167568,15.23303],[102.168067,15.238193],[102.163684,15.241235],[102.158801,15.239113],[102.158302,15.23395],[102.162686,15.230909],[102.167568,15.23303]]]}},{"type":"Feature","properties":{"h3":"88659bbb03fffff","tcode":"300914","bldg":44},"geometry":{"type":"Polygon","coordinates":[[[102.093427,15.240381],[102.093925,15.245544],[102.089539,15.248585],[102.084656,15.246462],[102.084158,15.241298],[102.088544,15.238257],[102.093427,15.240381]]]}},{"type":"Feature","properties":{"h3":"88659bb941fffff","tcode":"300914","bldg":58},"geometry":{"type":"Polygon","coordinates":[[[102.092527,15.279565],[102.093025,15.284728],[102.088638,15.287768],[102.083754,15.285646],[102.083256,15.280483],[102.087643,15.277442],[102.092527,15.279565]]]}},{"type":"Feature","properties":{"h3":"88659bbb0dfffff","tcode":"300914","bldg":111},"geometry":{"type":"Polygon","coordinates":[[[102.111965,15.238545],[102.112463,15.243709],[102.108078,15.246749],[102.103194,15.244627],[102.102696,15.239463],[102.107081,15.236422],[102.111965,15.238545]]]}},{"type":"Feature","properties":{"h3":"88659bbb3bfffff","tcode":"300914","bldg":0},"geometry":{"type":"Polygon","coordinates":[[[102.08027,15.249502],[102.080767,15.254666],[102.076381,15.257706],[102.071497,15.255583],[102.071,15.250419],[102.075386,15.247379],[102.08027,15.249502]]]}},{"type":"Feature","properties":{"h3":"88659bb945fffff","tcode":"300914","bldg":67},"geometry":{"type":"Polygon","coordinates":[[[102.097909,15.28685],[102.098407,15.292013],[102.094021,15.295053],[102.089136,15.292931],[102.088638,15.287768],[102.093025,15.284728],[102.097909,15.28685]]]}},{"type":"Feature","properties":{"h3":"88659bbb29fffff","tcode":"300914","bldg":55},"geometry":{"type":"Polygon","coordinates":[[[102.113459,15.254035],[102.113957,15.259199],[102.109572,15.262239],[102.104688,15.260117],[102.10419,15.254954],[102.108576,15.251913],[102.113459,15.254035]]]}},{"type":"Feature","properties":{"h3":"88659bbb2dfffff","tcode":"300914","bldg":68},"geometry":{"type":"Polygon","coordinates":[[[102.118841,15.261321],[102.119339,15.266484],[102.114954,15.269525],[102.11007,15.267402],[102.109572,15.262239],[102.113957,15.259199],[102.118841,15.261321]]]}},{"type":"Feature","properties":{"h3":"88659bb969fffff","tcode":"300914","bldg":52},"geometry":{"type":"Polygon","coordinates":[[[102.103291,15.294135],[102.103789,15.299298],[102.099403,15.302338],[102.094519,15.300216],[102.094021,15.295053],[102.098407,15.292013],[102.103291,15.294135]]]}},{"type":"Feature","properties":{"h3":"88659bb961fffff","tcode":"300914","bldg":10},"geometry":{"type":"Polygon","coordinates":[[[102.099403,15.302338],[102.099901,15.307501],[102.095515,15.310541],[102.09063,15.308419],[102.090132,15.303257],[102.094519,15.300216],[102.099403,15.302338]]]}},{"type":"Feature","properties":{"h3":"88659b8e89fffff","tcode":"300914","bldg":4},"geometry":{"type":"Polygon","coordinates":[[[102.171453,15.224825],[102.171952,15.229988],[102.167568,15.23303],[102.162686,15.230909],[102.162187,15.225745],[102.166571,15.222704],[102.171453,15.224825]]]}},{"type":"Feature","properties":{"h3":"88659b8e91fffff","tcode":"300914","bldg":126},"geometry":{"type":"Polygon","coordinates":[[[102.143654,15.227585],[102.144152,15.232748],[102.139768,15.235789],[102.134885,15.233667],[102.134387,15.228504],[102.138771,15.225462],[102.143654,15.227585]]]}},{"type":"Feature","properties":{"h3":"88659bbb43fffff","tcode":"300914","bldg":19},"geometry":{"type":"Polygon","coordinates":[[[102.11047,15.223054],[102.110968,15.228218],[102.106583,15.231259],[102.1017,15.229136],[102.101202,15.223972],[102.105587,15.220931],[102.11047,15.223054]]]}},{"type":"Feature","properties":{"h3":"88659bbb69fffff","tcode":"300914","bldg":5},"geometry":{"type":"Polygon","coordinates":[[[102.130501,15.236708],[102.130999,15.241871],[102.126614,15.244913],[102.121731,15.24279],[102.121233,15.237627],[102.125618,15.234586],[102.130501,15.236708]]]}},{"type":"Feature","properties":{"h3":"88659bbb09fffff","tcode":"300914","bldg":45},"geometry":{"type":"Polygon","coordinates":[[[102.106583,15.231259],[102.107081,15.236422],[102.102696,15.239463],[102.097813,15.23734],[102.097315,15.232176],[102.1017,15.229136],[102.106583,15.231259]]]}},{"type":"Feature","properties":{"h3":"88659bbb35fffff","tcode":"300914","bldg":168},"geometry":{"type":"Polygon","coordinates":[[[102.091033,15.264075],[102.091531,15.269239],[102.087145,15.272279],[102.082261,15.270156],[102.081763,15.264993],[102.086149,15.261952],[102.091033,15.264075]]]}},{"type":"Feature","properties":{"h3":"88659bbb23fffff","tcode":"300914","bldg":167},"geometry":{"type":"Polygon","coordinates":[[[102.100303,15.263157],[102.100801,15.268321],[102.096415,15.271361],[102.091531,15.269239],[102.091033,15.264075],[102.095419,15.261035],[102.100303,15.263157]]]}},{"type":"Feature","properties":{"h3":"88659bb943fffff","tcode":"300914","bldg":14},"geometry":{"type":"Polygon","coordinates":[[[102.083256,15.280483],[102.083754,15.285646],[102.079368,15.288686],[102.074483,15.286563],[102.073986,15.2814],[102.078372,15.27836],[102.083256,15.280483]]]}},{"type":"Feature","properties":{"h3":"88659bb947fffff","tcode":"300914","bldg":91},"geometry":{"type":"Polygon","coordinates":[[[102.088638,15.287768],[102.089136,15.292931],[102.08475,15.295971],[102.079865,15.293849],[102.079368,15.288686],[102.083754,15.285646],[102.088638,15.287768]]]}},{"type":"Feature","properties":{"h3":"88659b808bfffff","tcode":"301001","bldg":485},"geometry":{"type":"Polygon","coordinates":[[[102.254211,15.161858],[102.254711,15.167021],[102.25033,15.170064],[102.245449,15.167943],[102.244949,15.16278],[102.24933,15.159737],[102.254211,15.161858]]]}},{"type":"Feature","properties":{"h3":"88659b80b9fffff","tcode":"301001","bldg":345},"geometry":{"type":"Polygon","coordinates":[[[102.246449,15.17827],[102.24695,15.183433],[102.242568,15.186476],[102.237687,15.184355],[102.237187,15.179192],[102.241569,15.176149],[102.246449,15.17827]]]}},{"type":"Feature","properties":{"h3":"88659b80a3fffff","tcode":"301001","bldg":63},"geometry":{"type":"Polygon","coordinates":[[[102.257212,15.192835],[102.257712,15.197998],[102.253331,15.201041],[102.24845,15.198921],[102.24795,15.193759],[102.252331,15.190716],[102.257212,15.192835]]]}},{"type":"Feature","properties":{"h3":"88659b80e7fffff","tcode":"301001","bldg":603},"geometry":{"type":"Polygon","coordinates":[[[102.279615,15.182782],[102.280115,15.187945],[102.275735,15.190988],[102.270854,15.188869],[102.270354,15.183706],[102.274734,15.180663],[102.279615,15.182782]]]}},{"type":"Feature","properties":{"h3":"88659b8083fffff","tcode":"301001","bldg":901},"geometry":{"type":"Polygon","coordinates":[[[102.25033,15.170064],[102.25083,15.175227],[102.246449,15.17827],[102.241569,15.176149],[102.241069,15.170986],[102.245449,15.167943],[102.25033,15.170064]]]}},{"type":"Feature","properties":{"h3":"88659b8085fffff","tcode":"301001","bldg":1318},"geometry":{"type":"Polygon","coordinates":[[[102.264972,15.176424],[102.265473,15.181587],[102.261092,15.18463],[102.256211,15.18251],[102.255711,15.177347],[102.260092,15.174304],[102.264972,15.176424]]]}},{"type":"Feature","properties":{"h3":"88659b8081fffff","tcode":"301001","bldg":259},"geometry":{"type":"Polygon","coordinates":[[[102.259592,15.169141],[102.260092,15.174304],[102.255711,15.177347],[102.25083,15.175227],[102.25033,15.170064],[102.254711,15.167021],[102.259592,15.169141]]]}},{"type":"Feature","properties":{"h3":"88659b80d5fffff","tcode":"301001","bldg":213},"geometry":{"type":"Polygon","coordinates":[[[102.258091,15.153651],[102.258591,15.158815],[102.254211,15.161858],[102.24933,15.159737],[102.24883,15.154574],[102.253211,15.151531],[102.258091,15.153651]]]}},{"type":"Feature","properties":{"h3":"88659b8089fffff","tcode":"301001","bldg":5},"geometry":{"type":"Polygon","coordinates":[[[102.263472,15.160935],[102.263972,15.166098],[102.259592,15.169141],[102.254711,15.167021],[102.254211,15.161858],[102.258591,15.158815],[102.263472,15.160935]]]}},{"type":"Feature","properties":{"h3":"88659b80bdfffff","tcode":"301001","bldg":135},"geometry":{"type":"Polygon","coordinates":[[[102.251831,15.185553],[102.252331,15.190716],[102.24795,15.193759],[102.243068,15.191638],[102.242568,15.186476],[102.24695,15.183433],[102.251831,15.185553]]]}},{"type":"Feature","properties":{"h3":"88659b8087fffff","tcode":"301001","bldg":949},"geometry":{"type":"Polygon","coordinates":[[[102.255711,15.177347],[102.256211,15.18251],[102.251831,15.185553],[102.24695,15.183433],[102.246449,15.17827],[102.25083,15.175227],[102.255711,15.177347]]]}},{"type":"Feature","properties":{"h3":"88659b808dfffff","tcode":"301001","bldg":51},"geometry":{"type":"Polygon","coordinates":[[[102.268852,15.168218],[102.269353,15.173381],[102.264972,15.176424],[102.260092,15.174304],[102.259592,15.169141],[102.263972,15.166098],[102.268852,15.168218]]]}},{"type":"Feature","properties":{"h3":"88659b80a9fffff","tcode":"301001","bldg":289},"geometry":{"type":"Polygon","coordinates":[[[102.270354,15.183706],[102.270854,15.188869],[102.266473,15.191912],[102.261592,15.189792],[102.261092,15.18463],[102.265473,15.181587],[102.270354,15.183706]]]}},{"type":"Feature","properties":{"h3":"88659b80abfffff","tcode":"301001","bldg":416},"geometry":{"type":"Polygon","coordinates":[[[102.261092,15.18463],[102.261592,15.189792],[102.257212,15.192835],[102.252331,15.190716],[102.251831,15.185553],[102.256211,15.18251],[102.261092,15.18463]]]}},{"type":"Feature","properties":{"h3":"88659b80a1fffff","tcode":"301001","bldg":13},"geometry":{"type":"Polygon","coordinates":[[[102.266473,15.191912],[102.266974,15.197075],[102.262593,15.200118],[102.257712,15.197998],[102.257212,15.192835],[102.261592,15.189792],[102.266473,15.191912]]]}},{"type":"Feature","properties":{"h3":"88659b80e3fffff","tcode":"301001","bldg":451},"geometry":{"type":"Polygon","coordinates":[[[102.274233,15.1755],[102.274734,15.180663],[102.270354,15.183706],[102.265473,15.181587],[102.264972,15.176424],[102.269353,15.173381],[102.274233,15.1755]]]}},{"type":"Feature","properties":{"h3":"88659b80c5fffff","tcode":"301002","bldg":143},"geometry":{"type":"Polygon","coordinates":[[[102.281992,15.159088],[102.282493,15.164251],[102.278113,15.167294],[102.273233,15.165175],[102.272732,15.160011],[102.277112,15.156968],[102.281992,15.159088]]]}},{"type":"Feature","properties":{"h3":"88659b82adfffff","tcode":"301002","bldg":7},"geometry":{"type":"Polygon","coordinates":[[[102.302888,15.133544],[102.303388,15.138707],[102.299009,15.141751],[102.29413,15.139631],[102.293629,15.134468],[102.298008,15.131424],[102.302888,15.133544]]]}},{"type":"Feature","properties":{"h3":"88659b8053fffff","tcode":"301002","bldg":11},"geometry":{"type":"Polygon","coordinates":[[[102.308268,15.140826],[102.308769,15.145989],[102.30439,15.149033],[102.29951,15.146914],[102.299009,15.141751],[102.303388,15.138707],[102.308268,15.140826]]]}},{"type":"Feature","properties":{"h3":"88659b82a7fffff","tcode":"301002","bldg":124},"geometry":{"type":"Polygon","coordinates":[[[102.28975,15.142675],[102.290251,15.147838],[102.285872,15.150881],[102.280991,15.148762],[102.280491,15.143598],[102.28487,15.140555],[102.28975,15.142675]]]}},{"type":"Feature","properties":{"h3":"88659b82a5fffff","tcode":"301002","bldg":700},"geometry":{"type":"Polygon","coordinates":[[[102.299009,15.141751],[102.29951,15.146914],[102.295131,15.149957],[102.290251,15.147838],[102.28975,15.142675],[102.29413,15.139631],[102.299009,15.141751]]]}},{"type":"Feature","properties":{"h3":"88659b801bfffff","tcode":"301002","bldg":291},"geometry":{"type":"Polygon","coordinates":[[[102.295131,15.149957],[102.295632,15.15512],[102.291252,15.158164],[102.286372,15.156044],[102.285872,15.150881],[102.290251,15.147838],[102.295131,15.149957]]]}},{"type":"Feature","properties":{"h3":"88659b8701fffff","tcode":"301002","bldg":183},"geometry":{"type":"Polygon","coordinates":[[[102.221929,15.118148],[102.222429,15.123313],[102.218048,15.126355],[102.213167,15.124233],[102.212668,15.119069],[102.217049,15.116026],[102.221929,15.118148]]]}},{"type":"Feature","properties":{"h3":"88659b876dfffff","tcode":"301002","bldg":171},"geometry":{"type":"Polygon","coordinates":[[[102.25509,15.122669],[102.25559,15.127833],[102.25121,15.130876],[102.24633,15.128755],[102.24583,15.123591],[102.25021,15.120548],[102.25509,15.122669]]]}},{"type":"Feature","properties":{"h3":"88659b8293fffff","tcode":"301002","bldg":12},"geometry":{"type":"Polygon","coordinates":[[[102.25359,15.107177],[102.25409,15.112341],[102.24971,15.115384],[102.24483,15.113263],[102.244331,15.108099],[102.24871,15.105056],[102.25359,15.107177]]]}},{"type":"Feature","properties":{"h3":"88659b80d9fffff","tcode":"301002","bldg":249},"geometry":{"type":"Polygon","coordinates":[[[102.256591,15.138161],[102.257091,15.143324],[102.25271,15.146367],[102.24783,15.144247],[102.24733,15.139083],[102.25171,15.13604],[102.256591,15.138161]]]}},{"type":"Feature","properties":{"h3":"88659b8011fffff","tcode":"301002","bldg":269},"geometry":{"type":"Polygon","coordinates":[[[102.300512,15.15724],[102.301012,15.162402],[102.296633,15.165446],[102.291753,15.163327],[102.291252,15.158164],[102.295632,15.15512],[102.300512,15.15724]]]}},{"type":"Feature","properties":{"h3":"88659b8769fffff","tcode":"301002","bldg":227},"geometry":{"type":"Polygon","coordinates":[[[102.24971,15.115384],[102.25021,15.120548],[102.24583,15.123591],[102.24095,15.12147],[102.24045,15.116306],[102.24483,15.113263],[102.24971,15.115384]]]}},{"type":"Feature","properties":{"h3":"88659b80c1fffff","tcode":"301002","bldg":498},"geometry":{"type":"Polygon","coordinates":[[[102.276612,15.151805],[102.277112,15.156968],[102.272732,15.160011],[102.267852,15.157892],[102.267352,15.152728],[102.271731,15.149685],[102.276612,15.151805]]]}},{"type":"Feature","properties":{"h3":"88659b872dfffff","tcode":"301002","bldg":24},"geometry":{"type":"Polygon","coordinates":[[[102.238069,15.140005],[102.238569,15.145169],[102.234188,15.148211],[102.229308,15.14609],[102.228808,15.140926],[102.233189,15.137884],[102.238069,15.140005]]]}},{"type":"Feature","properties":{"h3":"88659b80c9fffff","tcode":"301002","bldg":55},"geometry":{"type":"Polygon","coordinates":[[[102.280491,15.143598],[102.280991,15.148762],[102.276612,15.151805],[102.271731,15.149685],[102.271231,15.144522],[102.275611,15.141478],[102.280491,15.143598]]]}},{"type":"Feature","properties":{"h3":"88659b82b5fffff","tcode":"301002","bldg":400},"geometry":{"type":"Polygon","coordinates":[[[102.275111,15.136315],[102.275611,15.141478],[102.271231,15.144522],[102.266351,15.142402],[102.265851,15.137238],[102.270231,15.134195],[102.275111,15.136315]]]}},{"type":"Feature","properties":{"h3":"88659b829bfffff","tcode":"301002","bldg":6},"geometry":{"type":"Polygon","coordinates":[[[102.25747,15.09897],[102.25797,15.104134],[102.25359,15.107177],[102.24871,15.105056],[102.248211,15.099891],[102.25259,15.096848],[102.25747,15.09897]]]}},{"type":"Feature","properties":{"h3":"88659b876bfffff","tcode":"301002","bldg":0},"geometry":{"type":"Polygon","coordinates":[[[102.24045,15.116306],[102.24095,15.12147],[102.23657,15.124513],[102.23169,15.122392],[102.23119,15.117227],[102.23557,15.114185],[102.24045,15.116306]]]}},{"type":"Feature","properties":{"h3":"88659b80cdfffff","tcode":"301002","bldg":148},"geometry":{"type":"Polygon","coordinates":[[[102.285872,15.150881],[102.286372,15.156044],[102.281992,15.159088],[102.277112,15.156968],[102.276612,15.151805],[102.280991,15.148762],[102.285872,15.150881]]]}},{"type":"Feature","properties":{"h3":"88659b95a3fffff","tcode":"301002","bldg":154},"geometry":{"type":"Polygon","coordinates":[[[102.246711,15.084398],[102.247211,15.089562],[102.242831,15.092605],[102.237951,15.090484],[102.237451,15.085319],[102.241831,15.082276],[102.246711,15.084398]]]}},{"type":"Feature","properties":{"h3":"88659b80dbfffff","tcode":"301002","bldg":2},"geometry":{"type":"Polygon","coordinates":[[[102.24733,15.139083],[102.24783,15.144247],[102.24345,15.14729],[102.238569,15.145169],[102.238069,15.140005],[102.24245,15.136962],[102.24733,15.139083]]]}},{"type":"Feature","properties":{"h3":"88659b80c7fffff","tcode":"301002","bldg":90},"geometry":{"type":"Polygon","coordinates":[[[102.272732,15.160011],[102.273233,15.165175],[102.268852,15.168218],[102.263972,15.166098],[102.263472,15.160935],[102.267852,15.157892],[102.272732,15.160011]]]}},{"type":"Feature","properties":{"h3":"88659b80cbfffff","tcode":"301002","bldg":303},"geometry":{"type":"Polygon","coordinates":[[[102.271231,15.144522],[102.271731,15.149685],[102.267352,15.152728],[102.262471,15.150608],[102.261971,15.145445],[102.266351,15.142402],[102.271231,15.144522]]]}},{"type":"Feature","properties":{"h3":"88659b8765fffff","tcode":"301002","bldg":62},"geometry":{"type":"Polygon","coordinates":[[[102.25121,15.130876],[102.25171,15.13604],[102.24733,15.139083],[102.24245,15.136962],[102.24195,15.131798],[102.24633,15.128755],[102.25121,15.130876]]]}},{"type":"Feature","properties":{"h3":"88659b870dfffff","tcode":"301002","bldg":315},"geometry":{"type":"Polygon","coordinates":[[[102.23119,15.117227],[102.23169,15.122392],[102.227309,15.125434],[102.222429,15.123313],[102.221929,15.118148],[102.22631,15.115106],[102.23119,15.117227]]]}},{"type":"Feature","properties":{"h3":"88659b8767fffff","tcode":"301002","bldg":284},"geometry":{"type":"Polygon","coordinates":[[[102.24195,15.131798],[102.24245,15.136962],[102.238069,15.140005],[102.233189,15.137884],[102.232689,15.13272],[102.23707,15.129677],[102.24195,15.131798]]]}},{"type":"Feature","properties":{"h3":"88659b82b3fffff","tcode":"301002","bldg":422},"geometry":{"type":"Polygon","coordinates":[[[102.26047,15.129954],[102.260971,15.135118],[102.256591,15.138161],[102.25171,15.13604],[102.25121,15.130876],[102.25559,15.127833],[102.26047,15.129954]]]}},{"type":"Feature","properties":{"h3":"88659b803bfffff","tcode":"301002","bldg":27},"geometry":{"type":"Polygon","coordinates":[[[102.302014,15.172728],[102.302515,15.17789],[102.298135,15.180934],[102.293255,15.178815],[102.292754,15.173652],[102.297134,15.170609],[102.302014,15.172728]]]}},{"type":"Feature","properties":{"h3":"88659b80ddfffff","tcode":"301002","bldg":362},"geometry":{"type":"Polygon","coordinates":[[[102.261971,15.145445],[102.262471,15.150608],[102.258091,15.153651],[102.253211,15.151531],[102.25271,15.146367],[102.257091,15.143324],[102.261971,15.145445]]]}},{"type":"Feature","properties":{"h3":"88659b8015fffff","tcode":"301002","bldg":100},"geometry":{"type":"Polygon","coordinates":[[[102.305893,15.164522],[102.306393,15.169684],[102.302014,15.172728],[102.297134,15.170609],[102.296633,15.165446],[102.301012,15.162402],[102.305893,15.164522]]]}},{"type":"Feature","properties":{"h3":"88659b82b7fffff","tcode":"301002","bldg":778},"geometry":{"type":"Polygon","coordinates":[[[102.265851,15.137238],[102.266351,15.142402],[102.261971,15.145445],[102.257091,15.143324],[102.256591,15.138161],[102.260971,15.135118],[102.265851,15.137238]]]}},{"type":"Feature","properties":{"h3":"88659b801dfffff","tcode":"301002","bldg":100},"geometry":{"type":"Polygon","coordinates":[[[102.309771,15.156315],[102.310272,15.161478],[102.305893,15.164522],[102.301012,15.162402],[102.300512,15.15724],[102.304891,15.154196],[102.309771,15.156315]]]}},{"type":"Feature","properties":{"h3":"88659b874dfffff","tcode":"301002","bldg":187},"geometry":{"type":"Polygon","coordinates":[[[102.248211,15.099891],[102.24871,15.105056],[102.244331,15.108099],[102.239451,15.105977],[102.238951,15.100813],[102.243331,15.09777],[102.248211,15.099891]]]}},{"type":"Feature","properties":{"h3":"88659b80d7fffff","tcode":"301002","bldg":285},"geometry":{"type":"Polygon","coordinates":[[[102.24883,15.154574],[102.24933,15.159737],[102.244949,15.16278],[102.240069,15.160659],[102.239569,15.155496],[102.24395,15.152453],[102.24883,15.154574]]]}},{"type":"Feature","properties":{"h3":"88659b8013fffff","tcode":"301002","bldg":400},"geometry":{"type":"Polygon","coordinates":[[[102.291252,15.158164],[102.291753,15.163327],[102.287373,15.16637],[102.282493,15.164251],[102.281992,15.159088],[102.286372,15.156044],[102.291252,15.158164]]]}},{"type":"Feature","properties":{"h3":"88659b8729fffff","tcode":"301002","bldg":321},"geometry":{"type":"Polygon","coordinates":[[[102.232689,15.13272],[102.233189,15.137884],[102.228808,15.140926],[102.223927,15.138805],[102.223428,15.133641],[102.227809,15.130598],[102.232689,15.13272]]]}},{"type":"Feature","properties":{"h3":"88659b82a3fffff","tcode":"301002","bldg":27},"geometry":{"type":"Polygon","coordinates":[[[102.28437,15.135392],[102.28487,15.140555],[102.280491,15.143598],[102.275611,15.141478],[102.275111,15.136315],[102.27949,15.133272],[102.28437,15.135392]]]}},{"type":"Feature","properties":{"h3":"88659b8705fffff","tcode":"301002","bldg":459},"geometry":{"type":"Polygon","coordinates":[[[102.227309,15.125434],[102.227809,15.130598],[102.223428,15.133641],[102.218547,15.13152],[102.218048,15.126355],[102.222429,15.123313],[102.227309,15.125434]]]}},{"type":"Feature","properties":{"h3":"88659b8763fffff","tcode":"301002","bldg":384},"geometry":{"type":"Polygon","coordinates":[[[102.23657,15.124513],[102.23707,15.129677],[102.232689,15.13272],[102.227809,15.130598],[102.227309,15.125434],[102.23169,15.122392],[102.23657,15.124513]]]}},{"type":"Feature","properties":{"h3":"88659b95a7fffff","tcode":"301002","bldg":129},"geometry":{"type":"Polygon","coordinates":[[[102.25209,15.091684],[102.25259,15.096848],[102.248211,15.099891],[102.243331,15.09777],[102.242831,15.092605],[102.247211,15.089562],[102.25209,15.091684]]]}},{"type":"Feature","properties":{"h3":"88659b80d1fffff","tcode":"301002","bldg":44},"geometry":{"type":"Polygon","coordinates":[[[102.25271,15.146367],[102.253211,15.151531],[102.24883,15.154574],[102.24395,15.152453],[102.24345,15.14729],[102.24783,15.144247],[102.25271,15.146367]]]}},{"type":"Feature","properties":{"h3":"88659b80c3fffff","tcode":"301002","bldg":105},"geometry":{"type":"Polygon","coordinates":[[[102.267352,15.152728],[102.267852,15.157892],[102.263472,15.160935],[102.258591,15.158815],[102.258091,15.153651],[102.262471,15.150608],[102.267352,15.152728]]]}},{"type":"Feature","properties":{"h3":"88659b8745fffff","tcode":"301002","bldg":11},"geometry":{"type":"Polygon","coordinates":[[[102.244331,15.108099],[102.24483,15.113263],[102.24045,15.116306],[102.23557,15.114185],[102.23507,15.10902],[102.239451,15.105977],[102.244331,15.108099]]]}},{"type":"Feature","properties":{"h3":"88659b8741fffff","tcode":"301002","bldg":617},"geometry":{"type":"Polygon","coordinates":[[[102.238951,15.100813],[102.239451,15.105977],[102.23507,15.10902],[102.23019,15.106899],[102.229691,15.101734],[102.234071,15.098691],[102.238951,15.100813]]]}},{"type":"Feature","properties":{"h3":"88659b8749fffff","tcode":"301002","bldg":49},"geometry":{"type":"Polygon","coordinates":[[[102.242831,15.092605],[102.243331,15.09777],[102.238951,15.100813],[102.234071,15.098691],[102.233571,15.093527],[102.237951,15.090484],[102.242831,15.092605]]]}},{"type":"Feature","properties":{"h3":"88659b8017fffff","tcode":"301002","bldg":0},"geometry":{"type":"Polygon","coordinates":[[[102.296633,15.165446],[102.297134,15.170609],[102.292754,15.173652],[102.287874,15.171533],[102.287373,15.16637],[102.291753,15.163327],[102.296633,15.165446]]]}},{"type":"Feature","properties":{"h3":"88659b8747fffff","tcode":"301002","bldg":30},"geometry":{"type":"Polygon","coordinates":[[[102.23507,15.10902],[102.23557,15.114185],[102.23119,15.117227],[102.22631,15.115106],[102.22581,15.109941],[102.23019,15.106899],[102.23507,15.10902]]]}},{"type":"Feature","properties":{"h3":"88659b82b1fffff","tcode":"301002","bldg":92},"geometry":{"type":"Polygon","coordinates":[[[102.26973,15.129031],[102.270231,15.134195],[102.265851,15.137238],[102.260971,15.135118],[102.26047,15.129954],[102.26485,15.126911],[102.26973,15.129031]]]}},{"type":"Feature","properties":{"h3":"88659b80d3fffff","tcode":"301002","bldg":6},"geometry":{"type":"Polygon","coordinates":[[[102.24345,15.14729],[102.24395,15.152453],[102.239569,15.155496],[102.234688,15.153375],[102.234188,15.148211],[102.238569,15.145169],[102.24345,15.14729]]]}},{"type":"Feature","properties":{"h3":"88659b80ebfffff","tcode":"301002","bldg":7},"geometry":{"type":"Polygon","coordinates":[[[102.278113,15.167294],[102.278614,15.172457],[102.274233,15.1755],[102.269353,15.173381],[102.268852,15.168218],[102.273233,15.165175],[102.278113,15.167294]]]}},{"type":"Feature","properties":{"h3":"88659b82bbfffff","tcode":"301002","bldg":8},"geometry":{"type":"Polygon","coordinates":[[[102.26435,15.121747],[102.26485,15.126911],[102.26047,15.129954],[102.25559,15.127833],[102.25509,15.122669],[102.25947,15.119626],[102.26435,15.121747]]]}},{"type":"Feature","properties":{"h3":"88659b82a1fffff","tcode":"301002","bldg":21},"geometry":{"type":"Polygon","coordinates":[[[102.293629,15.134468],[102.29413,15.139631],[102.28975,15.142675],[102.28487,15.140555],[102.28437,15.135392],[102.288749,15.132348],[102.293629,15.134468]]]}},{"type":"Feature","properties":{"h3":"88659b8019fffff","tcode":"301002","bldg":15},"geometry":{"type":"Polygon","coordinates":[[[102.30439,15.149033],[102.304891,15.154196],[102.300512,15.15724],[102.295632,15.15512],[102.295131,15.149957],[102.29951,15.146914],[102.30439,15.149033]]]}},{"type":"Feature","properties":{"h3":"88659b8761fffff","tcode":"301002","bldg":221},"geometry":{"type":"Polygon","coordinates":[[[102.24583,15.123591],[102.24633,15.128755],[102.24195,15.131798],[102.23707,15.129677],[102.23657,15.124513],[102.24095,15.12147],[102.24583,15.123591]]]}},{"type":"Feature","properties":{"h3":"88659b8297fffff","tcode":"301002","bldg":10},"geometry":{"type":"Polygon","coordinates":[[[102.25897,15.114462],[102.25947,15.119626],[102.25509,15.122669],[102.25021,15.120548],[102.24971,15.115384],[102.25409,15.112341],[102.25897,15.114462]]]}},{"type":"Feature","properties":{"h3":"88659b80e9fffff","tcode":"301002","bldg":74},"geometry":{"type":"Polygon","coordinates":[[[102.287373,15.16637],[102.287874,15.171533],[102.283494,15.174576],[102.278614,15.172457],[102.278113,15.167294],[102.282493,15.164251],[102.287373,15.16637]]]}},{"type":"Feature","properties":{"h3":"88659b95e3fffff","tcode":"301003","bldg":365},"geometry":{"type":"Polygon","coordinates":[[[102.263728,15.06706],[102.264228,15.072225],[102.259849,15.075268],[102.25497,15.073147],[102.25447,15.067982],[102.258849,15.064939],[102.263728,15.06706]]]}},{"type":"Feature","properties":{"h3":"88659b95adfffff","tcode":"301003","bldg":236},"geometry":{"type":"Polygon","coordinates":[[[102.265228,15.082554],[102.265728,15.087719],[102.261349,15.090762],[102.25647,15.088641],[102.25597,15.083476],[102.260349,15.080433],[102.265228,15.082554]]]}},{"type":"Feature","properties":{"h3":"88659b95e9fffff","tcode":"301003","bldg":4},"geometry":{"type":"Polygon","coordinates":[[[102.276864,15.05793],[102.277364,15.063095],[102.272986,15.066139],[102.268107,15.064017],[102.267607,15.058852],[102.271985,15.055809],[102.276864,15.05793]]]}},{"type":"Feature","properties":{"h3":"88659b95edfffff","tcode":"301003","bldg":1},"geometry":{"type":"Polygon","coordinates":[[[102.282243,15.065216],[102.282744,15.070381],[102.278365,15.073424],[102.273486,15.071303],[102.272986,15.066139],[102.277364,15.063095],[102.282243,15.065216]]]}},{"type":"Feature","properties":{"h3":"88659b82d1fffff","tcode":"301003","bldg":370},"geometry":{"type":"Polygon","coordinates":[[[102.279866,15.088917],[102.280366,15.094082],[102.275987,15.097125],[102.271108,15.095004],[102.270608,15.08984],[102.274987,15.086797],[102.279866,15.088917]]]}},{"type":"Feature","properties":{"h3":"88659b82cbfffff","tcode":"301003","bldg":4},"geometry":{"type":"Polygon","coordinates":[[[102.298381,15.087071],[102.298882,15.092235],[102.294504,15.095279],[102.289624,15.093159],[102.289124,15.087995],[102.293502,15.084951],[102.298381,15.087071]]]}},{"type":"Feature","properties":{"h3":"88659b95e7fffff","tcode":"301003","bldg":440},"geometry":{"type":"Polygon","coordinates":[[[102.269107,15.074347],[102.269607,15.079511],[102.265228,15.082554],[102.260349,15.080433],[102.259849,15.075268],[102.264228,15.072225],[102.269107,15.074347]]]}},{"type":"Feature","properties":{"h3":"88659b9585fffff","tcode":"301003","bldg":101},"geometry":{"type":"Polygon","coordinates":[[[102.25447,15.067982],[102.25497,15.073147],[102.25059,15.07619],[102.245711,15.074068],[102.245211,15.068903],[102.249591,15.06586],[102.25447,15.067982]]]}},{"type":"Feature","properties":{"h3":"88659b82dbfffff","tcode":"301003","bldg":793},"geometry":{"type":"Polygon","coordinates":[[[102.274487,15.081632],[102.274987,15.086797],[102.270608,15.08984],[102.265728,15.087719],[102.265228,15.082554],[102.269607,15.079511],[102.274487,15.081632]]]}},{"type":"Feature","properties":{"h3":"88659b95e5fffff","tcode":"301003","bldg":1},"geometry":{"type":"Polygon","coordinates":[[[102.278365,15.073424],[102.278865,15.078589],[102.274487,15.081632],[102.269607,15.079511],[102.269107,15.074347],[102.273486,15.071303],[102.278365,15.073424]]]}},{"type":"Feature","properties":{"h3":"88659b958dfffff","tcode":"301003","bldg":179},"geometry":{"type":"Polygon","coordinates":[[[102.258349,15.059774],[102.258849,15.064939],[102.25447,15.067982],[102.249591,15.06586],[102.249091,15.060695],[102.25347,15.057652],[102.258349,15.059774]]]}},{"type":"Feature","properties":{"h3":"88659b82d9fffff","tcode":"301003","bldg":446},"geometry":{"type":"Polygon","coordinates":[[[102.283744,15.08071],[102.284245,15.085874],[102.279866,15.088917],[102.274987,15.086797],[102.274487,15.081632],[102.278865,15.078589],[102.283744,15.08071]]]}},{"type":"Feature","properties":{"h3":"88659b95a5fffff","tcode":"301003","bldg":76},"geometry":{"type":"Polygon","coordinates":[[[102.261349,15.090762],[102.261849,15.095926],[102.25747,15.09897],[102.25259,15.096848],[102.25209,15.091684],[102.25647,15.088641],[102.261349,15.090762]]]}},{"type":"Feature","properties":{"h3":"88659b95c7fffff","tcode":"301003","bldg":97},"geometry":{"type":"Polygon","coordinates":[[[102.262228,15.051566],[102.262728,15.056731],[102.258349,15.059774],[102.25347,15.057652],[102.25297,15.052487],[102.257349,15.049444],[102.262228,15.051566]]]}},{"type":"Feature","properties":{"h3":"88659b95c9fffff","tcode":"301003","bldg":10},"geometry":{"type":"Polygon","coordinates":[[[102.269985,15.035149],[102.270485,15.040314],[102.266106,15.043357],[102.261228,15.041235],[102.260728,15.03607],[102.265106,15.033027],[102.269985,15.035149]]]}},{"type":"Feature","properties":{"h3":"88659b95abfffff","tcode":"301003","bldg":184},"geometry":{"type":"Polygon","coordinates":[[[102.25059,15.07619],[102.25109,15.081355],[102.246711,15.084398],[102.241831,15.082276],[102.241331,15.077111],[102.245711,15.074068],[102.25059,15.07619]]]}},{"type":"Feature","properties":{"h3":"88659b95c1fffff","tcode":"301003","bldg":8},"geometry":{"type":"Polygon","coordinates":[[[102.266106,15.043357],[102.266606,15.048522],[102.262228,15.051566],[102.257349,15.049444],[102.256849,15.044279],[102.261228,15.041235],[102.266106,15.043357]]]}},{"type":"Feature","properties":{"h3":"88659b95ebfffff","tcode":"301003","bldg":1},"geometry":{"type":"Polygon","coordinates":[[[102.267607,15.058852],[102.268107,15.064017],[102.263728,15.06706],[102.258849,15.064939],[102.258349,15.059774],[102.262728,15.056731],[102.267607,15.058852]]]}},{"type":"Feature","properties":{"h3":"88659b95e1fffff","tcode":"301003","bldg":4},"geometry":{"type":"Polygon","coordinates":[[[102.272986,15.066139],[102.273486,15.071303],[102.269107,15.074347],[102.264228,15.072225],[102.263728,15.06706],[102.268107,15.064017],[102.272986,15.066139]]]}},{"type":"Feature","properties":{"h3":"88659b82c7fffff","tcode":"301003","bldg":56},"geometry":{"type":"Polygon","coordinates":[[[102.299883,15.102563],[102.300384,15.107727],[102.296005,15.11077],[102.291126,15.10865],[102.290625,15.103487],[102.295004,15.100443],[102.299883,15.102563]]]}},{"type":"Feature","properties":{"h3":"88659b82d3fffff","tcode":"301003","bldg":362},"geometry":{"type":"Polygon","coordinates":[[[102.270608,15.08984],[102.271108,15.095004],[102.266729,15.098048],[102.261849,15.095926],[102.261349,15.090762],[102.265728,15.087719],[102.270608,15.08984]]]}},{"type":"Feature","properties":{"h3":"88659b95a9fffff","tcode":"301003","bldg":742},"geometry":{"type":"Polygon","coordinates":[[[102.259849,15.075268],[102.260349,15.080433],[102.25597,15.083476],[102.25109,15.081355],[102.25059,15.07619],[102.25497,15.073147],[102.259849,15.075268]]]}},{"type":"Feature","properties":{"h3":"88659b82c5fffff","tcode":"301003","bldg":0},"geometry":{"type":"Polygon","coordinates":[[[102.309141,15.101639],[102.309642,15.106803],[102.305263,15.109847],[102.300384,15.107727],[102.299883,15.102563],[102.304262,15.099519],[102.309141,15.101639]]]}},{"type":"Feature","properties":{"h3":"88659b82ddfffff","tcode":"301003","bldg":716},"geometry":{"type":"Polygon","coordinates":[[[102.289124,15.087995],[102.289624,15.093159],[102.285246,15.096202],[102.280366,15.094082],[102.279866,15.088917],[102.284245,15.085874],[102.289124,15.087995]]]}},{"type":"Feature","properties":{"h3":"88659b82cdfffff","tcode":"301003","bldg":0},"geometry":{"type":"Polygon","coordinates":[[[102.313018,15.093432],[102.313519,15.098595],[102.309141,15.101639],[102.304262,15.099519],[102.303761,15.094355],[102.308139,15.091312],[102.313018,15.093432]]]}},{"type":"Feature","properties":{"h3":"88659b82ebfffff","tcode":"301003","bldg":0},"geometry":{"type":"Polygon","coordinates":[[[102.305263,15.109847],[102.305764,15.11501],[102.301385,15.118054],[102.296506,15.115934],[102.296005,15.11077],[102.300384,15.107727],[102.305263,15.109847]]]}},{"type":"Feature","properties":{"h3":"88659b82c9fffff","tcode":"301003","bldg":1},"geometry":{"type":"Polygon","coordinates":[[[102.307639,15.086148],[102.308139,15.091312],[102.303761,15.094355],[102.298882,15.092235],[102.298381,15.087071],[102.30276,15.084028],[102.307639,15.086148]]]}},{"type":"Feature","properties":{"h3":"88659b82c1fffff","tcode":"301003","bldg":0},"geometry":{"type":"Polygon","coordinates":[[[102.303761,15.094355],[102.304262,15.099519],[102.299883,15.102563],[102.295004,15.100443],[102.294504,15.095279],[102.298882,15.092235],[102.303761,15.094355]]]}},{"type":"Feature","properties":{"h3":"88659b82c3fffff","tcode":"301003","bldg":27},"geometry":{"type":"Polygon","coordinates":[[[102.294504,15.095279],[102.295004,15.100443],[102.290625,15.103487],[102.285746,15.101366],[102.285246,15.096202],[102.289624,15.093159],[102.294504,15.095279]]]}},{"type":"Feature","properties":{"h3":"88659b95a1fffff","tcode":"301003","bldg":291},"geometry":{"type":"Polygon","coordinates":[[[102.25597,15.083476],[102.25647,15.088641],[102.25209,15.091684],[102.247211,15.089562],[102.246711,15.084398],[102.25109,15.081355],[102.25597,15.083476]]]}},{"type":"Feature","properties":{"h3":"88659b9537fffff","tcode":"301003","bldg":89},"geometry":{"type":"Polygon","coordinates":[[[102.293002,15.079787],[102.293502,15.084951],[102.289124,15.087995],[102.284245,15.085874],[102.283744,15.08071],[102.288123,15.077666],[102.293002,15.079787]]]}},{"type":"Feature","properties":{"h3":"88659b95c5fffff","tcode":"301003","bldg":9},"geometry":{"type":"Polygon","coordinates":[[[102.271485,15.050644],[102.271985,15.055809],[102.267607,15.058852],[102.262728,15.056731],[102.262228,15.051566],[102.266606,15.048522],[102.271485,15.050644]]]}},{"type":"Feature","properties":{"h3":"88659b8319fffff","tcode":"301004","bldg":6},"geometry":{"type":"Polygon","coordinates":[[[102.369194,15.142553],[102.369695,15.147716],[102.365318,15.15076],[102.360439,15.148642],[102.359937,15.14348],[102.364315,15.140436],[102.369194,15.142553]]]}},{"type":"Feature","properties":{"h3":"88659b8239fffff","tcode":"301004","bldg":255},"geometry":{"type":"Polygon","coordinates":[[[102.338415,15.114355],[102.338916,15.119518],[102.334538,15.122563],[102.329659,15.120444],[102.329158,15.115281],[102.333536,15.112236],[102.338415,15.114355]]]}},{"type":"Feature","properties":{"h3":"88659b835bfffff","tcode":"301004","bldg":15},"geometry":{"type":"Polygon","coordinates":[[[102.376944,15.126139],[102.377446,15.131302],[102.373069,15.134346],[102.36819,15.132229],[102.367688,15.127066],[102.372066,15.124021],[102.376944,15.126139]]]}},{"type":"Feature","properties":{"h3":"88659b8243fffff","tcode":"301004","bldg":98},"geometry":{"type":"Polygon","coordinates":[[[102.359299,15.088807],[102.3598,15.09397],[102.355423,15.097015],[102.350545,15.094896],[102.350043,15.089733],[102.35442,15.086688],[102.359299,15.088807]]]}},{"type":"Feature","properties":{"h3":"88659b8213fffff","tcode":"301004","bldg":116},"geometry":{"type":"Polygon","coordinates":[[[102.318398,15.100715],[102.318899,15.105879],[102.314521,15.108923],[102.309642,15.106803],[102.309141,15.101639],[102.313519,15.098595],[102.318398,15.100715]]]}},{"type":"Feature","properties":{"h3":"88659b82e1fffff","tcode":"301004","bldg":1038},"geometry":{"type":"Polygon","coordinates":[[[102.310643,15.11713],[102.311144,15.122293],[102.306766,15.125337],[102.301886,15.123217],[102.301385,15.118054],[102.305764,15.11501],[102.310643,15.11713]]]}},{"type":"Feature","properties":{"h3":"88659b82e7fffff","tcode":"301004","bldg":154},"geometry":{"type":"Polygon","coordinates":[[[102.306766,15.125337],[102.307267,15.1305],[102.302888,15.133544],[102.298008,15.131424],[102.297507,15.126261],[102.301886,15.123217],[102.306766,15.125337]]]}},{"type":"Feature","properties":{"h3":"88659b822bfffff","tcode":"301004","bldg":191},"geometry":{"type":"Polygon","coordinates":[[[102.353052,15.120711],[102.353553,15.125874],[102.349176,15.128919],[102.344297,15.1268],[102.343795,15.121637],[102.348173,15.118593],[102.353052,15.120711]]]}},{"type":"Feature","properties":{"h3":"88659b8255fffff","tcode":"301004","bldg":9},"geometry":{"type":"Polygon","coordinates":[[[102.350043,15.089733],[102.350545,15.094896],[102.346167,15.09794],[102.341289,15.095821],[102.340788,15.090658],[102.345165,15.087614],[102.350043,15.089733]]]}},{"type":"Feature","properties":{"h3":"88659b82e3fffff","tcode":"301004","bldg":47},"geometry":{"type":"Polygon","coordinates":[[[102.301385,15.118054],[102.301886,15.123217],[102.297507,15.126261],[102.292628,15.124141],[102.292127,15.118978],[102.296506,15.115934],[102.301385,15.118054]]]}},{"type":"Feature","properties":{"h3":"88659b8049fffff","tcode":"301004","bldg":336},"geometry":{"type":"Polygon","coordinates":[[[102.345299,15.137126],[102.345801,15.142288],[102.341423,15.145332],[102.336543,15.143214],[102.336042,15.138051],[102.34042,15.135007],[102.345299,15.137126]]]}},{"type":"Feature","properties":{"h3":"88659b8257fffff","tcode":"301004","bldg":1},"geometry":{"type":"Polygon","coordinates":[[[102.340788,15.090658],[102.341289,15.095821],[102.336911,15.098866],[102.332033,15.096746],[102.331532,15.091583],[102.335909,15.088539],[102.340788,15.090658]]]}},{"type":"Feature","properties":{"h3":"88659b820bfffff","tcode":"301004","bldg":0},"geometry":{"type":"Polygon","coordinates":[[[102.346167,15.09794],[102.346669,15.103104],[102.342291,15.106148],[102.337413,15.104029],[102.336911,15.098866],[102.341289,15.095821],[102.346167,15.09794]]]}},{"type":"Feature","properties":{"h3":"88659b8217fffff","tcode":"301004","bldg":3},"geometry":{"type":"Polygon","coordinates":[[[102.323778,15.107998],[102.324279,15.113161],[102.319901,15.116205],[102.315022,15.114086],[102.314521,15.108923],[102.318899,15.105879],[102.323778,15.107998]]]}},{"type":"Feature","properties":{"h3":"88659b8205fffff","tcode":"301004","bldg":12},"geometry":{"type":"Polygon","coordinates":[[[102.356928,15.112504],[102.357429,15.117667],[102.353052,15.120711],[102.348173,15.118593],[102.347672,15.11343],[102.352049,15.110386],[102.356928,15.112504]]]}},{"type":"Feature","properties":{"h3":"88659b8201fffff","tcode":"301004","bldg":13},"geometry":{"type":"Polygon","coordinates":[[[102.351548,15.105222],[102.352049,15.110386],[102.347672,15.11343],[102.342793,15.111311],[102.342291,15.106148],[102.346669,15.103104],[102.351548,15.105222]]]}},{"type":"Feature","properties":{"h3":"88659b8215fffff","tcode":"301004","bldg":37},"geometry":{"type":"Polygon","coordinates":[[[102.333035,15.107073],[102.333536,15.112236],[102.329158,15.115281],[102.324279,15.113161],[102.323778,15.107998],[102.328156,15.104954],[102.333035,15.107073]]]}},{"type":"Feature","properties":{"h3":"88659b8225fffff","tcode":"301004","bldg":0},"geometry":{"type":"Polygon","coordinates":[[[102.363813,15.135273],[102.364315,15.140436],[102.359937,15.14348],[102.355058,15.141362],[102.354556,15.1362],[102.358934,15.133155],[102.363813,15.135273]]]}},{"type":"Feature","properties":{"h3":"88659b8231fffff","tcode":"301004","bldg":0},"geometry":{"type":"Polygon","coordinates":[[[102.334538,15.122563],[102.33504,15.127726],[102.330662,15.13077],[102.325782,15.128651],[102.325281,15.123488],[102.329659,15.120444],[102.334538,15.122563]]]}},{"type":"Feature","properties":{"h3":"88659b8237fffff","tcode":"301004","bldg":24},"geometry":{"type":"Polygon","coordinates":[[[102.330662,15.13077],[102.331163,15.135933],[102.326785,15.138977],[102.321905,15.136858],[102.321404,15.131695],[102.325782,15.128651],[102.330662,15.13077]]]}},{"type":"Feature","properties":{"h3":"88659b8235fffff","tcode":"301004","bldg":195},"geometry":{"type":"Polygon","coordinates":[[[102.339919,15.129844],[102.34042,15.135007],[102.336042,15.138051],[102.331163,15.135933],[102.330662,15.13077],[102.33504,15.127726],[102.339919,15.129844]]]}},{"type":"Feature","properties":{"h3":"88659b8227fffff","tcode":"301004","bldg":0},"geometry":{"type":"Polygon","coordinates":[[[102.354556,15.1362],[102.355058,15.141362],[102.35068,15.144406],[102.345801,15.142288],[102.345299,15.137126],[102.349677,15.134081],[102.354556,15.1362]]]}},{"type":"Feature","properties":{"h3":"88659b823dfffff","tcode":"301004","bldg":8},"geometry":{"type":"Polygon","coordinates":[[[102.343795,15.121637],[102.344297,15.1268],[102.339919,15.129844],[102.33504,15.127726],[102.334538,15.122563],[102.338916,15.119518],[102.343795,15.121637]]]}},{"type":"Feature","properties":{"h3":"88659b822dfffff","tcode":"301004","bldg":16},"geometry":{"type":"Polygon","coordinates":[[[102.367688,15.127066],[102.36819,15.132229],[102.363813,15.135273],[102.358934,15.133155],[102.358432,15.127992],[102.36281,15.124948],[102.367688,15.127066]]]}},{"type":"Feature","properties":{"h3":"88659b8059fffff","tcode":"301004","bldg":48},"geometry":{"type":"Polygon","coordinates":[[[102.321404,15.131695],[102.321905,15.136858],[102.317527,15.139902],[102.312647,15.137783],[102.312146,15.13262],[102.316525,15.129576],[102.321404,15.131695]]]}},{"type":"Feature","properties":{"h3":"88659b8209fffff","tcode":"301004","bldg":33},"geometry":{"type":"Polygon","coordinates":[[[102.355423,15.097015],[102.355925,15.102178],[102.351548,15.105222],[102.346669,15.103104],[102.346167,15.09794],[102.350545,15.094896],[102.355423,15.097015]]]}},{"type":"Feature","properties":{"h3":"88659b82a9fffff","tcode":"301004","bldg":514},"geometry":{"type":"Polygon","coordinates":[[[102.297507,15.126261],[102.298008,15.131424],[102.293629,15.134468],[102.288749,15.132348],[102.288249,15.127185],[102.292628,15.124141],[102.297507,15.126261]]]}},{"type":"Feature","properties":{"h3":"88659b823bfffff","tcode":"301004","bldg":1},"geometry":{"type":"Polygon","coordinates":[[[102.329158,15.115281],[102.329659,15.120444],[102.325281,15.123488],[102.320402,15.121369],[102.319901,15.116205],[102.324279,15.113161],[102.329158,15.115281]]]}},{"type":"Feature","properties":{"h3":"88659b821dfffff","tcode":"301004","bldg":3},"geometry":{"type":"Polygon","coordinates":[[[102.336911,15.098866],[102.337413,15.104029],[102.333035,15.107073],[102.328156,15.104954],[102.327655,15.09979],[102.332033,15.096746],[102.336911,15.098866]]]}},{"type":"Feature","properties":{"h3":"88659b82edfffff","tcode":"301004","bldg":23},"geometry":{"type":"Polygon","coordinates":[[[102.319901,15.116205],[102.320402,15.121369],[102.316024,15.124413],[102.311144,15.122293],[102.310643,15.11713],[102.315022,15.114086],[102.319901,15.116205]]]}},{"type":"Feature","properties":{"h3":"88659b8229fffff","tcode":"301004","bldg":34},"geometry":{"type":"Polygon","coordinates":[[[102.362308,15.119785],[102.36281,15.124948],[102.358432,15.127992],[102.353553,15.125874],[102.353052,15.120711],[102.357429,15.117667],[102.362308,15.119785]]]}},{"type":"Feature","properties":{"h3":"88659b8223fffff","tcode":"301004","bldg":216},"geometry":{"type":"Polygon","coordinates":[[[102.349176,15.128919],[102.349677,15.134081],[102.345299,15.137126],[102.34042,15.135007],[102.339919,15.129844],[102.344297,15.1268],[102.349176,15.128919]]]}},{"type":"Feature","properties":{"h3":"88659b8211fffff","tcode":"301004","bldg":1},"geometry":{"type":"Polygon","coordinates":[[[102.327655,15.09979],[102.328156,15.104954],[102.323778,15.107998],[102.318899,15.105879],[102.318398,15.100715],[102.322776,15.097671],[102.327655,15.09979]]]}},{"type":"Feature","properties":{"h3":"88659b804bfffff","tcode":"301004","bldg":4},"geometry":{"type":"Polygon","coordinates":[[[102.336042,15.138051],[102.336543,15.143214],[102.332165,15.146258],[102.327286,15.14414],[102.326785,15.138977],[102.331163,15.135933],[102.336042,15.138051]]]}},{"type":"Feature","properties":{"h3":"88659b8353fffff","tcode":"301004","bldg":314},"geometry":{"type":"Polygon","coordinates":[[[102.373069,15.134346],[102.373571,15.139509],[102.369194,15.142553],[102.364315,15.140436],[102.363813,15.135273],[102.36819,15.132229],[102.373069,15.134346]]]}},{"type":"Feature","properties":{"h3":"88659b8233fffff","tcode":"301004","bldg":646},"geometry":{"type":"Polygon","coordinates":[[[102.325281,15.123488],[102.325782,15.128651],[102.321404,15.131695],[102.316525,15.129576],[102.316024,15.124413],[102.320402,15.121369],[102.325281,15.123488]]]}},{"type":"Feature","properties":{"h3":"88659b8219fffff","tcode":"301004","bldg":14},"geometry":{"type":"Polygon","coordinates":[[[102.331532,15.091583],[102.332033,15.096746],[102.327655,15.09979],[102.322776,15.097671],[102.322275,15.092507],[102.326653,15.089463],[102.331532,15.091583]]]}},{"type":"Feature","properties":{"h3":"88659b831bfffff","tcode":"301004","bldg":30},"geometry":{"type":"Polygon","coordinates":[[[102.359937,15.14348],[102.360439,15.148642],[102.356061,15.151687],[102.351182,15.149569],[102.35068,15.144406],[102.355058,15.141362],[102.359937,15.14348]]]}},{"type":"Feature","properties":{"h3":"88659b8207fffff","tcode":"301004","bldg":204},"geometry":{"type":"Polygon","coordinates":[[[102.347672,15.11343],[102.348173,15.118593],[102.343795,15.121637],[102.338916,15.119518],[102.338415,15.114355],[102.342793,15.111311],[102.347672,15.11343]]]}},{"type":"Feature","properties":{"h3":"88659b82e5fffff","tcode":"301004","bldg":488},"geometry":{"type":"Polygon","coordinates":[[[102.316024,15.124413],[102.316525,15.129576],[102.312146,15.13262],[102.307267,15.1305],[102.306766,15.125337],[102.311144,15.122293],[102.316024,15.124413]]]}},{"type":"Feature","properties":{"h3":"88659b8203fffff","tcode":"301004","bldg":34},"geometry":{"type":"Polygon","coordinates":[[[102.342291,15.106148],[102.342793,15.111311],[102.338415,15.114355],[102.333536,15.112236],[102.333035,15.107073],[102.337413,15.104029],[102.342291,15.106148]]]}},{"type":"Feature","properties":{"h3":"88659b805bfffff","tcode":"301004","bldg":4},"geometry":{"type":"Polygon","coordinates":[[[102.312146,15.13262],[102.312647,15.137783],[102.308268,15.140826],[102.303388,15.138707],[102.302888,15.133544],[102.307267,15.1305],[102.312146,15.13262]]]}},{"type":"Feature","properties":{"h3":"88659b82e9fffff","tcode":"301004","bldg":1},"geometry":{"type":"Polygon","coordinates":[[[102.314521,15.108923],[102.315022,15.114086],[102.310643,15.11713],[102.305764,15.11501],[102.305263,15.109847],[102.309642,15.106803],[102.314521,15.108923]]]}},{"type":"Feature","properties":{"h3":"88659b821bfffff","tcode":"301004","bldg":0},"geometry":{"type":"Polygon","coordinates":[[[102.322275,15.092507],[102.322776,15.097671],[102.318398,15.100715],[102.313519,15.098595],[102.313018,15.093432],[102.317396,15.090388],[102.322275,15.092507]]]}},{"type":"Feature","properties":{"h3":"88659b8221fffff","tcode":"301004","bldg":3},"geometry":{"type":"Polygon","coordinates":[[[102.358432,15.127992],[102.358934,15.133155],[102.354556,15.1362],[102.349677,15.134081],[102.349176,15.128919],[102.353553,15.125874],[102.358432,15.127992]]]}},{"type":"Feature","properties":{"h3":"88659b806bfffff","tcode":"301005","bldg":64},"geometry":{"type":"Polygon","coordinates":[[[102.342927,15.16082],[102.343428,15.165982],[102.33905,15.169026],[102.33417,15.166908],[102.333669,15.161746],[102.338047,15.158702],[102.342927,15.16082]]]}},{"type":"Feature","properties":{"h3":"88659b8055fffff","tcode":"301005","bldg":235},"geometry":{"type":"Polygon","coordinates":[[[102.322907,15.147184],[102.323408,15.152346],[102.31903,15.15539],[102.31415,15.153271],[102.313649,15.148109],[102.318028,15.145065],[102.322907,15.147184]]]}},{"type":"Feature","properties":{"h3":"88659b8043fffff","tcode":"301005","bldg":618},"geometry":{"type":"Polygon","coordinates":[[[102.332165,15.146258],[102.332666,15.151421],[102.328288,15.154465],[102.323408,15.152346],[102.322907,15.147184],[102.327286,15.14414],[102.332165,15.146258]]]}},{"type":"Feature","properties":{"h3":"88659b815dfffff","tcode":"301005","bldg":12},"geometry":{"type":"Polygon","coordinates":[[[102.364452,15.189938],[102.364954,15.195099],[102.360576,15.198143],[102.355696,15.196026],[102.355194,15.190865],[102.359572,15.18782],[102.364452,15.189938]]]}},{"type":"Feature","properties":{"h3":"88659b802bfffff","tcode":"301005","bldg":239},"geometry":{"type":"Polygon","coordinates":[[[102.325914,15.178158],[102.326415,15.18332],[102.322036,15.186364],[102.317156,15.184246],[102.316655,15.179084],[102.321034,15.17604],[102.325914,15.178158]]]}},{"type":"Feature","properties":{"h3":"88659b815bfffff","tcode":"301005","bldg":192},"geometry":{"type":"Polygon","coordinates":[[[102.349813,15.183586],[102.350314,15.188747],[102.345936,15.191792],[102.341055,15.189674],[102.340554,15.184512],[102.344933,15.181468],[102.349813,15.183586]]]}},{"type":"Feature","properties":{"h3":"88659b8333fffff","tcode":"301005","bldg":3},"geometry":{"type":"Polygon","coordinates":[[[102.362947,15.174453],[102.363449,15.179614],[102.359071,15.182659],[102.354191,15.180541],[102.353689,15.17538],[102.358067,15.172335],[102.362947,15.174453]]]}},{"type":"Feature","properties":{"h3":"88659b8045fffff","tcode":"301005","bldg":0},"geometry":{"type":"Polygon","coordinates":[[[102.346804,15.152613],[102.347305,15.157775],[102.342927,15.16082],[102.338047,15.158702],[102.337546,15.153539],[102.341924,15.150495],[102.346804,15.152613]]]}},{"type":"Feature","properties":{"h3":"88659b8335fffff","tcode":"301005","bldg":8},"geometry":{"type":"Polygon","coordinates":[[[102.377586,15.180804],[102.378088,15.185965],[102.37371,15.18901],[102.36883,15.186893],[102.368328,15.181731],[102.372706,15.178687],[102.377586,15.180804]]]}},{"type":"Feature","properties":{"h3":"88659b8331fffff","tcode":"301005","bldg":10},"geometry":{"type":"Polygon","coordinates":[[[102.372204,15.173525],[102.372706,15.178687],[102.368328,15.181731],[102.363449,15.179614],[102.362947,15.174453],[102.367325,15.171408],[102.372204,15.173525]]]}},{"type":"Feature","properties":{"h3":"88659b803dfffff","tcode":"301005","bldg":280},"geometry":{"type":"Polygon","coordinates":[[[102.316655,15.179084],[102.317156,15.184246],[102.312777,15.18729],[102.307896,15.185171],[102.307395,15.180009],[102.311775,15.176965],[102.316655,15.179084]]]}},{"type":"Feature","properties":{"h3":"88659b8065fffff","tcode":"301005","bldg":5},"geometry":{"type":"Polygon","coordinates":[[[102.353689,15.17538],[102.354191,15.180541],[102.349813,15.183586],[102.344933,15.181468],[102.344431,15.176306],[102.34881,15.173262],[102.353689,15.17538]]]}},{"type":"Feature","properties":{"h3":"88659b8061fffff","tcode":"301005","bldg":4},"geometry":{"type":"Polygon","coordinates":[[[102.348308,15.1681],[102.34881,15.173262],[102.344431,15.176306],[102.339551,15.174188],[102.33905,15.169026],[102.343428,15.165982],[102.348308,15.1681]]]}},{"type":"Feature","properties":{"h3":"88659b8313fffff","tcode":"301005","bldg":3},"geometry":{"type":"Polygon","coordinates":[[[102.356061,15.151687],[102.356563,15.156849],[102.352185,15.159893],[102.347305,15.157775],[102.346804,15.152613],[102.351182,15.149569],[102.356061,15.151687]]]}},{"type":"Feature","properties":{"h3":"88659b8317fffff","tcode":"301005","bldg":129},"geometry":{"type":"Polygon","coordinates":[[[102.361442,15.158967],[102.361944,15.164129],[102.357566,15.167173],[102.352686,15.165056],[102.352185,15.159893],[102.356563,15.156849],[102.361442,15.158967]]]}},{"type":"Feature","properties":{"h3":"88659b805dfffff","tcode":"301005","bldg":417},"geometry":{"type":"Polygon","coordinates":[[[102.326785,15.138977],[102.327286,15.14414],[102.322907,15.147184],[102.318028,15.145065],[102.317527,15.139902],[102.321905,15.136858],[102.326785,15.138977]]]}},{"type":"Feature","properties":{"h3":"88659b800dfffff","tcode":"301005","bldg":229},"geometry":{"type":"Polygon","coordinates":[[[102.333669,15.161746],[102.33417,15.166908],[102.329792,15.169952],[102.324912,15.167834],[102.32441,15.162671],[102.328789,15.159627],[102.333669,15.161746]]]}},{"type":"Feature","properties":{"h3":"88659b8057fffff","tcode":"301005","bldg":5},"geometry":{"type":"Polygon","coordinates":[[[102.313649,15.148109],[102.31415,15.153271],[102.309771,15.156315],[102.304891,15.154196],[102.30439,15.149033],[102.308769,15.145989],[102.313649,15.148109]]]}},{"type":"Feature","properties":{"h3":"88659b8021fffff","tcode":"301005","bldg":369},"geometry":{"type":"Polygon","coordinates":[[[102.331295,15.185438],[102.331797,15.1906],[102.327418,15.193644],[102.322537,15.191526],[102.322036,15.186364],[102.326415,15.18332],[102.331295,15.185438]]]}},{"type":"Feature","properties":{"h3":"88659b8001fffff","tcode":"301005","bldg":3},"geometry":{"type":"Polygon","coordinates":[[[102.32441,15.162671],[102.324912,15.167834],[102.320533,15.170878],[102.315653,15.168759],[102.315152,15.163597],[102.319531,15.160553],[102.32441,15.162671]]]}},{"type":"Feature","properties":{"h3":"88659b802dfffff","tcode":"301005","bldg":526},"geometry":{"type":"Polygon","coordinates":[[[102.340554,15.184512],[102.341055,15.189674],[102.336677,15.192718],[102.331797,15.1906],[102.331295,15.185438],[102.335674,15.182394],[102.340554,15.184512]]]}},{"type":"Feature","properties":{"h3":"88659b8159fffff","tcode":"301005","bldg":25},"geometry":{"type":"Polygon","coordinates":[[[102.359071,15.182659],[102.359572,15.18782],[102.355194,15.190865],[102.350314,15.188747],[102.349813,15.183586],[102.354191,15.180541],[102.359071,15.182659]]]}},{"type":"Feature","properties":{"h3":"88659b814bfffff","tcode":"301005","bldg":2},"geometry":{"type":"Polygon","coordinates":[[[102.37371,15.18901],[102.374212,15.194171],[102.369834,15.197216],[102.364954,15.195099],[102.364452,15.189938],[102.36883,15.186893],[102.37371,15.18901]]]}},{"type":"Feature","properties":{"h3":"88659b804dfffff","tcode":"301005","bldg":0},"geometry":{"type":"Polygon","coordinates":[[[102.35068,15.144406],[102.351182,15.149569],[102.346804,15.152613],[102.341924,15.150495],[102.341423,15.145332],[102.345801,15.142288],[102.35068,15.144406]]]}},{"type":"Feature","properties":{"h3":"88659b8315fffff","tcode":"301005","bldg":35},"geometry":{"type":"Polygon","coordinates":[[[102.370699,15.15804],[102.371201,15.163202],[102.366823,15.166246],[102.361944,15.164129],[102.361442,15.158967],[102.36582,15.155922],[102.370699,15.15804]]]}},{"type":"Feature","properties":{"h3":"88659b8047fffff","tcode":"301005","bldg":279},"geometry":{"type":"Polygon","coordinates":[[[102.337546,15.153539],[102.338047,15.158702],[102.333669,15.161746],[102.328789,15.159627],[102.328288,15.154465],[102.332666,15.151421],[102.337546,15.153539]]]}},{"type":"Feature","properties":{"h3":"88659b806dfffff","tcode":"301005","bldg":8},"geometry":{"type":"Polygon","coordinates":[[[102.357566,15.167173],[102.358067,15.172335],[102.353689,15.17538],[102.34881,15.173262],[102.348308,15.1681],[102.352686,15.165056],[102.357566,15.167173]]]}},{"type":"Feature","properties":{"h3":"88659b8339fffff","tcode":"301005","bldg":13},"geometry":{"type":"Polygon","coordinates":[[[102.37608,15.165319],[102.376582,15.170481],[102.372204,15.173525],[102.367325,15.171408],[102.366823,15.166246],[102.371201,15.163202],[102.37608,15.165319]]]}},{"type":"Feature","properties":{"h3":"88659b8025fffff","tcode":"301005","bldg":2},"geometry":{"type":"Polygon","coordinates":[[[102.336677,15.192718],[102.337178,15.19788],[102.332799,15.200924],[102.327919,15.198806],[102.327418,15.193644],[102.331797,15.1906],[102.336677,15.192718]]]}},{"type":"Feature","properties":{"h3":"88659b8039fffff","tcode":"301005","bldg":4},"geometry":{"type":"Polygon","coordinates":[[[102.311274,15.171803],[102.311775,15.176965],[102.307395,15.180009],[102.302515,15.17789],[102.302014,15.172728],[102.306393,15.169684],[102.311274,15.171803]]]}},{"type":"Feature","properties":{"h3":"88659b8153fffff","tcode":"301005","bldg":42},"geometry":{"type":"Polygon","coordinates":[[[102.345936,15.191792],[102.346437,15.196953],[102.342058,15.199997],[102.337178,15.19788],[102.336677,15.192718],[102.341055,15.189674],[102.345936,15.191792]]]}},{"type":"Feature","properties":{"h3":"88659b8069fffff","tcode":"301005","bldg":3},"geometry":{"type":"Polygon","coordinates":[[[102.352185,15.159893],[102.352686,15.165056],[102.348308,15.1681],[102.343428,15.165982],[102.342927,15.16082],[102.347305,15.157775],[102.352185,15.159893]]]}},{"type":"Feature","properties":{"h3":"88659b8041fffff","tcode":"301005","bldg":141},"geometry":{"type":"Polygon","coordinates":[[[102.341423,15.145332],[102.341924,15.150495],[102.337546,15.153539],[102.332666,15.151421],[102.332165,15.146258],[102.336543,15.143214],[102.341423,15.145332]]]}},{"type":"Feature","properties":{"h3":"88659b8005fffff","tcode":"301005","bldg":50},"geometry":{"type":"Polygon","coordinates":[[[102.329792,15.169952],[102.330293,15.175114],[102.325914,15.178158],[102.321034,15.17604],[102.320533,15.170878],[102.324912,15.167834],[102.329792,15.169952]]]}},{"type":"Feature","properties":{"h3":"88659b833bfffff","tcode":"301005","bldg":573},"geometry":{"type":"Polygon","coordinates":[[[102.366823,15.166246],[102.367325,15.171408],[102.362947,15.174453],[102.358067,15.172335],[102.357566,15.167173],[102.361944,15.164129],[102.366823,15.166246]]]}},{"type":"Feature","properties":{"h3":"88659b8067fffff","tcode":"301005","bldg":83},"geometry":{"type":"Polygon","coordinates":[[[102.344431,15.176306],[102.344933,15.181468],[102.340554,15.184512],[102.335674,15.182394],[102.335173,15.177232],[102.339551,15.174188],[102.344431,15.176306]]]}},{"type":"Feature","properties":{"h3":"88659b8337fffff","tcode":"301005","bldg":7},"geometry":{"type":"Polygon","coordinates":[[[102.368328,15.181731],[102.36883,15.186893],[102.364452,15.189938],[102.359572,15.18782],[102.359071,15.182659],[102.363449,15.179614],[102.368328,15.181731]]]}},{"type":"Feature","properties":{"h3":"88659b800bfffff","tcode":"301005","bldg":1},"geometry":{"type":"Polygon","coordinates":[[[102.31903,15.15539],[102.319531,15.160553],[102.315152,15.163597],[102.310272,15.161478],[102.309771,15.156315],[102.31415,15.153271],[102.31903,15.15539]]]}},{"type":"Feature","properties":{"h3":"88659b8003fffff","tcode":"301005","bldg":9},"geometry":{"type":"Polygon","coordinates":[[[102.315152,15.163597],[102.315653,15.168759],[102.311274,15.171803],[102.306393,15.169684],[102.305893,15.164522],[102.310272,15.161478],[102.315152,15.163597]]]}},{"type":"Feature","properties":{"h3":"88659b8007fffff","tcode":"301005","bldg":51},"geometry":{"type":"Polygon","coordinates":[[[102.320533,15.170878],[102.321034,15.17604],[102.316655,15.179084],[102.311775,15.176965],[102.311274,15.171803],[102.315653,15.168759],[102.320533,15.170878]]]}},{"type":"Feature","properties":{"h3":"88659b8023fffff","tcode":"301005","bldg":4},"geometry":{"type":"Polygon","coordinates":[[[102.322036,15.186364],[102.322537,15.191526],[102.318158,15.19457],[102.313278,15.192452],[102.312777,15.18729],[102.317156,15.184246],[102.322036,15.186364]]]}},{"type":"Feature","properties":{"h3":"88659b8151fffff","tcode":"301005","bldg":616},"geometry":{"type":"Polygon","coordinates":[[[102.355194,15.190865],[102.355696,15.196026],[102.351317,15.199071],[102.346437,15.196953],[102.345936,15.191792],[102.350314,15.188747],[102.355194,15.190865]]]}},{"type":"Feature","properties":{"h3":"88659b8063fffff","tcode":"301005","bldg":379},"geometry":{"type":"Polygon","coordinates":[[[102.33905,15.169026],[102.339551,15.174188],[102.335173,15.177232],[102.330293,15.175114],[102.329792,15.169952],[102.33417,15.166908],[102.33905,15.169026]]]}},{"type":"Feature","properties":{"h3":"88659b8311fffff","tcode":"301005","bldg":383},"geometry":{"type":"Polygon","coordinates":[[[102.365318,15.15076],[102.36582,15.155922],[102.361442,15.158967],[102.356563,15.156849],[102.356061,15.151687],[102.360439,15.148642],[102.365318,15.15076]]]}},{"type":"Feature","properties":{"h3":"88659b8009fffff","tcode":"301005","bldg":276},"geometry":{"type":"Polygon","coordinates":[[[102.328288,15.154465],[102.328789,15.159627],[102.32441,15.162671],[102.319531,15.160553],[102.31903,15.15539],[102.323408,15.152346],[102.328288,15.154465]]]}},{"type":"Feature","properties":{"h3":"88659b8051fffff","tcode":"301005","bldg":0},"geometry":{"type":"Polygon","coordinates":[[[102.317527,15.139902],[102.318028,15.145065],[102.313649,15.148109],[102.308769,15.145989],[102.308268,15.140826],[102.312647,15.137783],[102.317527,15.139902]]]}},{"type":"Feature","properties":{"h3":"88659b8029fffff","tcode":"301005","bldg":201},"geometry":{"type":"Polygon","coordinates":[[[102.335173,15.177232],[102.335674,15.182394],[102.331295,15.185438],[102.326415,15.18332],[102.325914,15.178158],[102.330293,15.175114],[102.335173,15.177232]]]}},{"type":"Feature","properties":{"h3":"88659b8a57fffff","tcode":"301006","bldg":482},"geometry":{"type":"Polygon","coordinates":[[[102.388992,15.250011],[102.389495,15.255171],[102.385116,15.258216],[102.380236,15.2561],[102.379733,15.25094],[102.384112,15.247896],[102.388992,15.250011]]]}},{"type":"Feature","properties":{"h3":"88659b8a39fffff","tcode":"301006","bldg":102},"geometry":{"type":"Polygon","coordinates":[[[102.386623,15.273696],[102.387125,15.278856],[102.382746,15.2819],[102.377865,15.279785],[102.377363,15.274625],[102.381742,15.271581],[102.386623,15.273696]]]}},{"type":"Feature","properties":{"h3":"88659b8a05fffff","tcode":"301006","bldg":0},"geometry":{"type":"Polygon","coordinates":[[[102.405141,15.271836],[102.405644,15.276996],[102.401265,15.280041],[102.396384,15.277926],[102.395882,15.272766],[102.40026,15.269721],[102.405141,15.271836]]]}},{"type":"Feature","properties":{"h3":"88659b8a47fffff","tcode":"301006","bldg":177},"geometry":{"type":"Polygon","coordinates":[[[102.412892,15.255427],[102.413395,15.260587],[102.409017,15.263632],[102.404136,15.261517],[102.403634,15.256357],[102.408012,15.253312],[102.412892,15.255427]]]}},{"type":"Feature","properties":{"h3":"88659b8a69fffff","tcode":"301006","bldg":123},"geometry":{"type":"Polygon","coordinates":[[[102.427533,15.261771],[102.428036,15.26693],[102.423658,15.269975],[102.418778,15.267861],[102.418275,15.262701],[102.422653,15.259656],[102.427533,15.261771]]]}},{"type":"Feature","properties":{"h3":"88659b8a17fffff","tcode":"301006","bldg":11},"geometry":{"type":"Polygon","coordinates":[[[102.37198,15.26735],[102.372482,15.27251],[102.368103,15.275554],[102.363222,15.273438],[102.36272,15.268278],[102.367099,15.265234],[102.37198,15.26735]]]}},{"type":"Feature","properties":{"h3":"88659b9993fffff","tcode":"301006","bldg":17},"geometry":{"type":"Polygon","coordinates":[[[102.431407,15.253566],[102.43191,15.258725],[102.427533,15.261771],[102.422653,15.259656],[102.42215,15.254497],[102.426527,15.251451],[102.431407,15.253566]]]}},{"type":"Feature","properties":{"h3":"88659b8125fffff","tcode":"301006","bldg":924},"geometry":{"type":"Polygon","coordinates":[[[102.374351,15.243664],[102.374853,15.248824],[102.370474,15.251869],[102.365593,15.249753],[102.365092,15.244592],[102.36947,15.241548],[102.374351,15.243664]]]}},{"type":"Feature","properties":{"h3":"88659b8a4bfffff","tcode":"301006","bldg":9},"geometry":{"type":"Polygon","coordinates":[[[102.411384,15.239947],[102.411887,15.245107],[102.407509,15.248152],[102.402629,15.246037],[102.402127,15.240877],[102.406504,15.237832],[102.411384,15.239947]]]}},{"type":"Feature","properties":{"h3":"88659b8a53fffff","tcode":"301006","bldg":60},"geometry":{"type":"Polygon","coordinates":[[[102.38361,15.242735],[102.384112,15.247896],[102.379733,15.25094],[102.374853,15.248824],[102.374351,15.243664],[102.378729,15.240619],[102.38361,15.242735]]]}},{"type":"Feature","properties":{"h3":"88659b8a59fffff","tcode":"301006","bldg":20},"geometry":{"type":"Polygon","coordinates":[[[102.396744,15.233601],[102.397246,15.238761],[102.392868,15.241806],[102.387988,15.239691],[102.387486,15.23453],[102.391864,15.231485],[102.396744,15.233601]]]}},{"type":"Feature","properties":{"h3":"88659b8a51fffff","tcode":"301006","bldg":369},"geometry":{"type":"Polygon","coordinates":[[[102.392868,15.241806],[102.393371,15.246966],[102.388992,15.250011],[102.384112,15.247896],[102.38361,15.242735],[102.387988,15.239691],[102.392868,15.241806]]]}},{"type":"Feature","properties":{"h3":"88659b8129fffff","tcode":"301006","bldg":84},"geometry":{"type":"Polygon","coordinates":[[[102.372845,15.228182],[102.373347,15.233343],[102.368968,15.236387],[102.364088,15.234271],[102.363586,15.22911],[102.367965,15.226066],[102.372845,15.228182]]]}},{"type":"Feature","properties":{"h3":"88659b8123fffff","tcode":"301006","bldg":121},"geometry":{"type":"Polygon","coordinates":[[[102.359709,15.237315],[102.360211,15.242476],[102.355832,15.24552],[102.350951,15.243404],[102.350449,15.238243],[102.354829,15.235199],[102.359709,15.237315]]]}},{"type":"Feature","properties":{"h3":"88659b8a1bfffff","tcode":"301006","bldg":172},"geometry":{"type":"Polygon","coordinates":[[[102.370474,15.251869],[102.370976,15.257029],[102.366597,15.260074],[102.361716,15.257958],[102.361214,15.252797],[102.365593,15.249753],[102.370474,15.251869]]]}},{"type":"Feature","properties":{"h3":"88659b8a03fffff","tcode":"301006","bldg":11},"geometry":{"type":"Polygon","coordinates":[[[102.390499,15.265491],[102.391001,15.270651],[102.386623,15.273696],[102.381742,15.271581],[102.38124,15.266421],[102.385618,15.263376],[102.390499,15.265491]]]}},{"type":"Feature","properties":{"h3":"88659b8a19fffff","tcode":"301006","bldg":155},"geometry":{"type":"Polygon","coordinates":[[[102.379733,15.25094],[102.380236,15.2561],[102.375857,15.259145],[102.370976,15.257029],[102.370474,15.251869],[102.374853,15.248824],[102.379733,15.25094]]]}},{"type":"Feature","properties":{"h3":"88659b8a07fffff","tcode":"301006","bldg":4},"geometry":{"type":"Polygon","coordinates":[[[102.395882,15.272766],[102.396384,15.277926],[102.392006,15.280971],[102.387125,15.278856],[102.386623,15.273696],[102.391001,15.270651],[102.395882,15.272766]]]}},{"type":"Feature","properties":{"h3":"88659b8a01fffff","tcode":"301006","bldg":1},"geometry":{"type":"Polygon","coordinates":[[[102.399758,15.264562],[102.40026,15.269721],[102.395882,15.272766],[102.391001,15.270651],[102.390499,15.265491],[102.394877,15.262447],[102.399758,15.264562]]]}},{"type":"Feature","properties":{"h3":"88659b8a5dfffff","tcode":"301006","bldg":206},"geometry":{"type":"Polygon","coordinates":[[[102.402127,15.240877],[102.402629,15.246037],[102.398251,15.249082],[102.393371,15.246966],[102.392868,15.241806],[102.397246,15.238761],[102.402127,15.240877]]]}},{"type":"Feature","properties":{"h3":"88659b8a11fffff","tcode":"301006","bldg":103},"geometry":{"type":"Polygon","coordinates":[[[102.375857,15.259145],[102.376359,15.264305],[102.37198,15.26735],[102.367099,15.265234],[102.366597,15.260074],[102.370976,15.257029],[102.375857,15.259145]]]}},{"type":"Feature","properties":{"h3":"88659b8a15fffff","tcode":"301006","bldg":18},"geometry":{"type":"Polygon","coordinates":[[[102.38124,15.266421],[102.381742,15.271581],[102.377363,15.274625],[102.372482,15.27251],[102.37198,15.26735],[102.376359,15.264305],[102.38124,15.266421]]]}},{"type":"Feature","properties":{"h3":"88659b8a09fffff","tcode":"301006","bldg":248},"geometry":{"type":"Polygon","coordinates":[[[102.403634,15.256357],[102.404136,15.261517],[102.399758,15.264562],[102.394877,15.262447],[102.394375,15.257287],[102.398753,15.254242],[102.403634,15.256357]]]}},{"type":"Feature","properties":{"h3":"88659b8105fffff","tcode":"301006","bldg":91},"geometry":{"type":"Polygon","coordinates":[[[102.367463,15.220905],[102.367965,15.226066],[102.363586,15.22911],[102.358706,15.226994],[102.358204,15.221833],[102.362583,15.218788],[102.367463,15.220905]]]}},{"type":"Feature","properties":{"h3":"88659b8167fffff","tcode":"301006","bldg":41},"geometry":{"type":"Polygon","coordinates":[[[102.382104,15.227254],[102.382606,15.232414],[102.378227,15.235459],[102.373347,15.233343],[102.372845,15.228182],[102.377223,15.225138],[102.382104,15.227254]]]}},{"type":"Feature","properties":{"h3":"88659b8aedfffff","tcode":"301006","bldg":1},"geometry":{"type":"Polygon","coordinates":[[[102.368103,15.275554],[102.368605,15.280714],[102.364226,15.283758],[102.359344,15.281642],[102.358842,15.276482],[102.363222,15.273438],[102.368103,15.275554]]]}},{"type":"Feature","properties":{"h3":"88659b8163fffff","tcode":"301006","bldg":16},"geometry":{"type":"Polygon","coordinates":[[[102.376721,15.219977],[102.377223,15.225138],[102.372845,15.228182],[102.367965,15.226066],[102.367463,15.220905],[102.371841,15.21786],[102.376721,15.219977]]]}},{"type":"Feature","properties":{"h3":"88659b8a43fffff","tcode":"301006","bldg":262},"geometry":{"type":"Polygon","coordinates":[[[102.407509,15.248152],[102.408012,15.253312],[102.403634,15.256357],[102.398753,15.254242],[102.398251,15.249082],[102.402629,15.246037],[102.407509,15.248152]]]}},{"type":"Feature","properties":{"h3":"88659b812bfffff","tcode":"301006","bldg":310},"geometry":{"type":"Polygon","coordinates":[[[102.363586,15.22911],[102.364088,15.234271],[102.359709,15.237315],[102.354829,15.235199],[102.354327,15.230038],[102.358706,15.226994],[102.363586,15.22911]]]}},{"type":"Feature","properties":{"h3":"88659b8a55fffff","tcode":"301006","bldg":92},"geometry":{"type":"Polygon","coordinates":[[[102.398251,15.249082],[102.398753,15.254242],[102.394375,15.257287],[102.389495,15.255171],[102.388992,15.250011],[102.393371,15.246966],[102.398251,15.249082]]]}},{"type":"Feature","properties":{"h3":"88659b8a45fffff","tcode":"301006","bldg":887},"geometry":{"type":"Polygon","coordinates":[[[102.42215,15.254497],[102.422653,15.259656],[102.418275,15.262701],[102.413395,15.260587],[102.412892,15.255427],[102.41727,15.252382],[102.42215,15.254497]]]}},{"type":"Feature","properties":{"h3":"88659b8a3bfffff","tcode":"301006","bldg":140},"geometry":{"type":"Polygon","coordinates":[[[102.377363,15.274625],[102.377865,15.279785],[102.373486,15.282829],[102.368605,15.280714],[102.368103,15.275554],[102.372482,15.27251],[102.377363,15.274625]]]}},{"type":"Feature","properties":{"h3":"88659b8a4dfffff","tcode":"301006","bldg":152},"geometry":{"type":"Polygon","coordinates":[[[102.426025,15.246292],[102.426527,15.251451],[102.42215,15.254497],[102.41727,15.252382],[102.416767,15.247222],[102.421145,15.244177],[102.426025,15.246292]]]}},{"type":"Feature","properties":{"h3":"88659b8a1dfffff","tcode":"301006","bldg":1},"geometry":{"type":"Polygon","coordinates":[[[102.385116,15.258216],[102.385618,15.263376],[102.38124,15.266421],[102.376359,15.264305],[102.375857,15.259145],[102.380236,15.2561],[102.385116,15.258216]]]}},{"type":"Feature","properties":{"h3":"88659b8a0dfffff","tcode":"301006","bldg":142},"geometry":{"type":"Polygon","coordinates":[[[102.409017,15.263632],[102.409519,15.268791],[102.405141,15.271836],[102.40026,15.269721],[102.399758,15.264562],[102.404136,15.261517],[102.409017,15.263632]]]}},{"type":"Feature","properties":{"h3":"88659b810dfffff","tcode":"301006","bldg":0},"geometry":{"type":"Polygon","coordinates":[[[102.371339,15.212699],[102.371841,15.21786],[102.367463,15.220905],[102.362583,15.218788],[102.362081,15.213627],[102.366459,15.210583],[102.371339,15.212699]]]}},{"type":"Feature","properties":{"h3":"88659b8a41fffff","tcode":"301006","bldg":469},"geometry":{"type":"Polygon","coordinates":[[[102.416767,15.247222],[102.41727,15.252382],[102.412892,15.255427],[102.408012,15.253312],[102.407509,15.248152],[102.411887,15.245107],[102.416767,15.247222]]]}},{"type":"Feature","properties":{"h3":"88659b8121fffff","tcode":"301006","bldg":145},"geometry":{"type":"Polygon","coordinates":[[[102.368968,15.236387],[102.36947,15.241548],[102.365092,15.244592],[102.360211,15.242476],[102.359709,15.237315],[102.364088,15.234271],[102.368968,15.236387]]]}},{"type":"Feature","properties":{"h3":"88659b812dfffff","tcode":"301006","bldg":94},"geometry":{"type":"Polygon","coordinates":[[[102.378227,15.235459],[102.378729,15.240619],[102.374351,15.243664],[102.36947,15.241548],[102.368968,15.236387],[102.373347,15.233343],[102.378227,15.235459]]]}},{"type":"Feature","properties":{"h3":"88659b8a2bfffff","tcode":"301006","bldg":291},"geometry":{"type":"Polygon","coordinates":[[[102.401265,15.280041],[102.401768,15.2852],[102.397389,15.288245],[102.392508,15.28613],[102.392006,15.280971],[102.396384,15.277926],[102.401265,15.280041]]]}},{"type":"Feature","properties":{"h3":"88659b8a0bfffff","tcode":"301006","bldg":109},"geometry":{"type":"Polygon","coordinates":[[[102.394375,15.257287],[102.394877,15.262447],[102.390499,15.265491],[102.385618,15.263376],[102.385116,15.258216],[102.389495,15.255171],[102.394375,15.257287]]]}},{"type":"Feature","properties":{"h3":"88659b8a6bfffff","tcode":"301006","bldg":290},"geometry":{"type":"Polygon","coordinates":[[[102.418275,15.262701],[102.418778,15.267861],[102.4144,15.270906],[102.409519,15.268791],[102.409017,15.263632],[102.413395,15.260587],[102.418275,15.262701]]]}},{"type":"Feature","properties":{"h3":"88659b8a5bfffff","tcode":"301006","bldg":36},"geometry":{"type":"Polygon","coordinates":[[[102.387486,15.23453],[102.387988,15.239691],[102.38361,15.242735],[102.378729,15.240619],[102.378227,15.235459],[102.382606,15.232414],[102.387486,15.23453]]]}},{"type":"Feature","properties":{"h3":"88659b81d1fffff","tcode":"301007","bldg":6},"geometry":{"type":"Polygon","coordinates":[[[102.290377,15.197345],[102.290878,15.202508],[102.286498,15.205551],[102.281617,15.203432],[102.281116,15.19827],[102.285496,15.195227],[102.290377,15.197345]]]}},{"type":"Feature","properties":{"h3":"88659b8aebfffff","tcode":"301007","bldg":34},"geometry":{"type":"Polygon","coordinates":[[[102.353459,15.269206],[102.353961,15.274367],[102.349582,15.277411],[102.3447,15.275294],[102.344199,15.270134],[102.348578,15.26709],[102.353459,15.269206]]]}},{"type":"Feature","properties":{"h3":"88659b81e9fffff","tcode":"301007","bldg":0},"geometry":{"type":"Polygon","coordinates":[[[102.325043,15.217335],[102.325544,15.222496],[102.321165,15.22554],[102.316284,15.223423],[102.315783,15.218261],[102.320162,15.215217],[102.325043,15.217335]]]}},{"type":"Feature","properties":{"h3":"88659b8107fffff","tcode":"301007","bldg":5},"geometry":{"type":"Polygon","coordinates":[[[102.358204,15.221833],[102.358706,15.226994],[102.354327,15.230038],[102.349446,15.227921],[102.348945,15.22276],[102.353324,15.219716],[102.358204,15.221833]]]}},{"type":"Feature","properties":{"h3":"88659b8191fffff","tcode":"301007","bldg":2},"geometry":{"type":"Polygon","coordinates":[[[102.273356,15.214681],[102.273857,15.219843],[102.269476,15.222886],[102.264594,15.220767],[102.264094,15.215605],[102.268475,15.212562],[102.273356,15.214681]]]}},{"type":"Feature","properties":{"h3":"88659b813dfffff","tcode":"301007","bldg":131},"geometry":{"type":"Polygon","coordinates":[[[102.354327,15.230038],[102.354829,15.235199],[102.350449,15.238243],[102.345569,15.236126],[102.345067,15.230965],[102.349446,15.227921],[102.354327,15.230038]]]}},{"type":"Feature","properties":{"h3":"88659b811bfffff","tcode":"301007","bldg":356},"geometry":{"type":"Polygon","coordinates":[[[102.332799,15.200924],[102.3333,15.206086],[102.328921,15.20913],[102.324041,15.207012],[102.32354,15.20185],[102.327919,15.198806],[102.332799,15.200924]]]}},{"type":"Feature","properties":{"h3":"88659b80adfffff","tcode":"301007","bldg":43},"geometry":{"type":"Polygon","coordinates":[[[102.275735,15.190988],[102.276235,15.196151],[102.271855,15.199194],[102.266974,15.197075],[102.266473,15.191912],[102.270854,15.188869],[102.275735,15.190988]]]}},{"type":"Feature","properties":{"h3":"88659b81e3fffff","tcode":"301007","bldg":28},"geometry":{"type":"Polygon","coordinates":[[[102.311904,15.226466],[102.312405,15.231628],[102.308025,15.234671],[102.303144,15.232553],[102.302643,15.227392],[102.307023,15.224348],[102.311904,15.226466]]]}},{"type":"Feature","properties":{"h3":"88659b80e1fffff","tcode":"301007","bldg":19},"geometry":{"type":"Polygon","coordinates":[[[102.283494,15.174576],[102.283995,15.179739],[102.279615,15.182782],[102.274734,15.180663],[102.274233,15.1755],[102.278614,15.172457],[102.283494,15.174576]]]}},{"type":"Feature","properties":{"h3":"88659b8acdfffff","tcode":"301007","bldg":74},"geometry":{"type":"Polygon","coordinates":[[[102.361214,15.252797],[102.361716,15.257958],[102.357337,15.261002],[102.352456,15.258886],[102.351954,15.253725],[102.356334,15.250681],[102.361214,15.252797]]]}},{"type":"Feature","properties":{"h3":"88659b81c5fffff","tcode":"301007","bldg":0},"geometry":{"type":"Polygon","coordinates":[[[102.319661,15.210056],[102.320162,15.215217],[102.315783,15.218261],[102.310902,15.216143],[102.310401,15.210981],[102.314781,15.207938],[102.319661,15.210056]]]}},{"type":"Feature","properties":{"h3":"88659b8ad1fffff","tcode":"301007","bldg":8},"geometry":{"type":"Polygon","coordinates":[[[102.328051,15.248302],[102.328552,15.253463],[102.324172,15.256507],[102.319291,15.25439],[102.31879,15.249229],[102.32317,15.246185],[102.328051,15.248302]]]}},{"type":"Feature","properties":{"h3":"88659b8ac5fffff","tcode":"301007","bldg":1},"geometry":{"type":"Polygon","coordinates":[[[102.357337,15.261002],[102.357839,15.266162],[102.353459,15.269206],[102.348578,15.26709],[102.348077,15.26193],[102.352456,15.258886],[102.357337,15.261002]]]}},{"type":"Feature","properties":{"h3":"88659b81d3fffff","tcode":"301007","bldg":1},"geometry":{"type":"Polygon","coordinates":[[[102.281116,15.19827],[102.281617,15.203432],[102.277236,15.206475],[102.272355,15.204356],[102.271855,15.199194],[102.276235,15.196151],[102.281116,15.19827]]]}},{"type":"Feature","properties":{"h3":"88659b8a89fffff","tcode":"301007","bldg":3},"geometry":{"type":"Polygon","coordinates":[[[102.338816,15.262857],[102.339317,15.268018],[102.334937,15.271062],[102.330056,15.268945],[102.329555,15.263785],[102.333935,15.260741],[102.338816,15.262857]]]}},{"type":"Feature","properties":{"h3":"88659b8183fffff","tcode":"301007","bldg":157},"geometry":{"type":"Polygon","coordinates":[[[102.288,15.221037],[102.2885,15.226199],[102.28412,15.229242],[102.279238,15.227124],[102.278738,15.221962],[102.283118,15.218918],[102.288,15.221037]]]}},{"type":"Feature","properties":{"h3":"88659b8135fffff","tcode":"301007","bldg":168},"geometry":{"type":"Polygon","coordinates":[[[102.350449,15.238243],[102.350951,15.243404],[102.346572,15.246448],[102.341691,15.244331],[102.341189,15.23917],[102.345569,15.236126],[102.350449,15.238243]]]}},{"type":"Feature","properties":{"h3":"88659b81c9fffff","tcode":"301007","bldg":68},"geometry":{"type":"Polygon","coordinates":[[[102.318158,15.19457],[102.318659,15.199732],[102.31428,15.202776],[102.309399,15.200658],[102.308898,15.195496],[102.313278,15.192452],[102.318158,15.19457]]]}},{"type":"Feature","properties":{"h3":"88659b8ad5fffff","tcode":"301007","bldg":1},"geometry":{"type":"Polygon","coordinates":[[[102.333433,15.25558],[102.333935,15.260741],[102.329555,15.263785],[102.324673,15.261668],[102.324172,15.256507],[102.328552,15.253463],[102.333433,15.25558]]]}},{"type":"Feature","properties":{"h3":"88659b8193fffff","tcode":"301007","bldg":3},"geometry":{"type":"Polygon","coordinates":[[[102.264094,15.215605],[102.264594,15.220767],[102.260213,15.22381],[102.255332,15.221691],[102.254831,15.216528],[102.259213,15.213486],[102.264094,15.215605]]]}},{"type":"Feature","properties":{"h3":"88659b8181fffff","tcode":"301007","bldg":217},"geometry":{"type":"Polygon","coordinates":[[[102.297261,15.220112],[102.297762,15.225274],[102.293382,15.228317],[102.2885,15.226199],[102.288,15.221037],[102.29238,15.217994],[102.297261,15.220112]]]}},{"type":"Feature","properties":{"h3":"88659b8119fffff","tcode":"301007","bldg":272},"geometry":{"type":"Polygon","coordinates":[[[102.342058,15.199997],[102.34256,15.205159],[102.338181,15.208203],[102.3333,15.206086],[102.332799,15.200924],[102.337178,15.19788],[102.342058,15.199997]]]}},{"type":"Feature","properties":{"h3":"88659b813bfffff","tcode":"301007","bldg":1},"geometry":{"type":"Polygon","coordinates":[[[102.339685,15.223687],[102.340187,15.228848],[102.335807,15.231892],[102.330926,15.229775],[102.330425,15.224614],[102.334804,15.22157],[102.339685,15.223687]]]}},{"type":"Feature","properties":{"h3":"88659b80a5fffff","tcode":"301007","bldg":2},"geometry":{"type":"Polygon","coordinates":[[[102.271855,15.199194],[102.272355,15.204356],[102.267974,15.207399],[102.263093,15.20528],[102.262593,15.200118],[102.266974,15.197075],[102.271855,15.199194]]]}},{"type":"Feature","properties":{"h3":"88659b8127fffff","tcode":"301007","bldg":92},"geometry":{"type":"Polygon","coordinates":[[[102.365092,15.244592],[102.365593,15.249753],[102.361214,15.252797],[102.356334,15.250681],[102.355832,15.24552],[102.360211,15.242476],[102.365092,15.244592]]]}},{"type":"Feature","properties":{"h3":"88659b8137fffff","tcode":"301007","bldg":97},"geometry":{"type":"Polygon","coordinates":[[[102.341189,15.23917],[102.341691,15.244331],[102.337311,15.247375],[102.33243,15.245258],[102.331929,15.240097],[102.336309,15.237053],[102.341189,15.23917]]]}},{"type":"Feature","properties":{"h3":"88659b8143fffff","tcode":"301007","bldg":6},"geometry":{"type":"Polygon","coordinates":[[[102.369834,15.197216],[102.370336,15.202377],[102.365957,15.205422],[102.361077,15.203305],[102.360576,15.198143],[102.364954,15.195099],[102.369834,15.197216]]]}},{"type":"Feature","properties":{"h3":"88659b8155fffff","tcode":"301007","bldg":16},"geometry":{"type":"Polygon","coordinates":[[[102.360576,15.198143],[102.361077,15.203305],[102.356699,15.206349],[102.351819,15.204232],[102.351317,15.199071],[102.355696,15.196026],[102.360576,15.198143]]]}},{"type":"Feature","properties":{"h3":"88659b81e7fffff","tcode":"301007","bldg":86},"geometry":{"type":"Polygon","coordinates":[[[102.317286,15.233745],[102.317787,15.238907],[102.313407,15.24195],[102.308526,15.239833],[102.308025,15.234671],[102.312405,15.231628],[102.317286,15.233745]]]}},{"type":"Feature","properties":{"h3":"88659b80a7fffff","tcode":"301007","bldg":3},"geometry":{"type":"Polygon","coordinates":[[[102.262593,15.200118],[102.263093,15.20528],[102.258712,15.208323],[102.253831,15.206204],[102.253331,15.201041],[102.257712,15.197998],[102.262593,15.200118]]]}},{"type":"Feature","properties":{"h3":"88659b8103fffff","tcode":"301007","bldg":55},"geometry":{"type":"Polygon","coordinates":[[[102.352822,15.214555],[102.353324,15.219716],[102.348945,15.22276],[102.344064,15.220643],[102.343563,15.215482],[102.347942,15.212438],[102.352822,15.214555]]]}},{"type":"Feature","properties":{"h3":"88659b81cdfffff","tcode":"301007","bldg":367},"geometry":{"type":"Polygon","coordinates":[[[102.32354,15.20185],[102.324041,15.207012],[102.319661,15.210056],[102.314781,15.207938],[102.31428,15.202776],[102.318659,15.199732],[102.32354,15.20185]]]}},{"type":"Feature","properties":{"h3":"88659b8037fffff","tcode":"301007","bldg":19},"geometry":{"type":"Polygon","coordinates":[[[102.303517,15.188215],[102.304017,15.193377],[102.299638,15.196421],[102.294757,15.194302],[102.294256,15.18914],[102.298636,15.186096],[102.303517,15.188215]]]}},{"type":"Feature","properties":{"h3":"88659b8199fffff","tcode":"301007","bldg":1},"geometry":{"type":"Polygon","coordinates":[[[102.277236,15.206475],[102.277737,15.211638],[102.273356,15.214681],[102.268475,15.212562],[102.267974,15.207399],[102.272355,15.204356],[102.277236,15.206475]]]}},{"type":"Feature","properties":{"h3":"88659b81bbfffff","tcode":"301007","bldg":1},"geometry":{"type":"Polygon","coordinates":[[[102.274858,15.230167],[102.275358,15.235329],[102.270977,15.238372],[102.266095,15.236253],[102.265595,15.231091],[102.269976,15.228048],[102.274858,15.230167]]]}},{"type":"Feature","properties":{"h3":"88659b8ac1fffff","tcode":"301007","bldg":59},"geometry":{"type":"Polygon","coordinates":[[[102.351954,15.253725],[102.352456,15.258886],[102.348077,15.26193],[102.343196,15.259813],[102.342694,15.254653],[102.347073,15.251609],[102.351954,15.253725]]]}},{"type":"Feature","properties":{"h3":"88659b818dfffff","tcode":"301007","bldg":1},"geometry":{"type":"Polygon","coordinates":[[[102.306522,15.219187],[102.307023,15.224348],[102.302643,15.227392],[102.297762,15.225274],[102.297261,15.220112],[102.301641,15.217069],[102.306522,15.219187]]]}},{"type":"Feature","properties":{"h3":"88659b80e5fffff","tcode":"301007","bldg":504},"geometry":{"type":"Polygon","coordinates":[[[102.288875,15.181858],[102.289376,15.187021],[102.284996,15.190064],[102.280115,15.187945],[102.279615,15.182782],[102.283995,15.179739],[102.288875,15.181858]]]}},{"type":"Feature","properties":{"h3":"88659b81e5fffff","tcode":"301007","bldg":32},"geometry":{"type":"Polygon","coordinates":[[[102.326547,15.232819],[102.327048,15.23798],[102.322668,15.241024],[102.317787,15.238907],[102.317286,15.233745],[102.321666,15.230702],[102.326547,15.232819]]]}},{"type":"Feature","properties":{"h3":"88659b81edfffff","tcode":"301007","bldg":0},"geometry":{"type":"Polygon","coordinates":[[[102.330425,15.224614],[102.330926,15.229775],[102.326547,15.232819],[102.321666,15.230702],[102.321165,15.22554],[102.325544,15.222496],[102.330425,15.224614]]]}},{"type":"Feature","properties":{"h3":"88659b8ad7fffff","tcode":"301007","bldg":168},"geometry":{"type":"Polygon","coordinates":[[[102.324172,15.256507],[102.324673,15.261668],[102.320293,15.264711],[102.315412,15.262594],[102.314911,15.257433],[102.319291,15.25439],[102.324172,15.256507]]]}},{"type":"Feature","properties":{"h3":"88659b8157fffff","tcode":"301007","bldg":6},"geometry":{"type":"Polygon","coordinates":[[[102.351317,15.199071],[102.351819,15.204232],[102.34744,15.207276],[102.34256,15.205159],[102.342058,15.199997],[102.346437,15.196953],[102.351317,15.199071]]]}},{"type":"Feature","properties":{"h3":"88659b81ddfffff","tcode":"301007","bldg":265},"geometry":{"type":"Polygon","coordinates":[[[102.299638,15.196421],[102.300139,15.201583],[102.295759,15.204626],[102.290878,15.202508],[102.290377,15.197345],[102.294757,15.194302],[102.299638,15.196421]]]}},{"type":"Feature","properties":{"h3":"88659b8addfffff","tcode":"301007","bldg":4},"geometry":{"type":"Polygon","coordinates":[[[102.337311,15.247375],[102.337813,15.252536],[102.333433,15.25558],[102.328552,15.253463],[102.328051,15.248302],[102.33243,15.245258],[102.337311,15.247375]]]}},{"type":"Feature","properties":{"h3":"88659b8ac7fffff","tcode":"301007","bldg":0},"geometry":{"type":"Polygon","coordinates":[[[102.348077,15.26193],[102.348578,15.26709],[102.344199,15.270134],[102.339317,15.268018],[102.338816,15.262857],[102.343196,15.259813],[102.348077,15.26193]]]}},{"type":"Feature","properties":{"h3":"88659b81d9fffff","tcode":"301007","bldg":225},"geometry":{"type":"Polygon","coordinates":[[[102.294256,15.18914],[102.294757,15.194302],[102.290377,15.197345],[102.285496,15.195227],[102.284996,15.190064],[102.289376,15.187021],[102.294256,15.18914]]]}},{"type":"Feature","properties":{"h3":"88659b8027fffff","tcode":"301007","bldg":25},"geometry":{"type":"Polygon","coordinates":[[[102.327418,15.193644],[102.327919,15.198806],[102.32354,15.20185],[102.318659,15.199732],[102.318158,15.19457],[102.322537,15.191526],[102.327418,15.193644]]]}},{"type":"Feature","properties":{"h3":"88659b8a13fffff","tcode":"301007","bldg":157},"geometry":{"type":"Polygon","coordinates":[[[102.366597,15.260074],[102.367099,15.265234],[102.36272,15.268278],[102.357839,15.266162],[102.357337,15.261002],[102.361716,15.257958],[102.366597,15.260074]]]}},{"type":"Feature","properties":{"h3":"88659b819dfffff","tcode":"301007","bldg":4},"geometry":{"type":"Polygon","coordinates":[[[102.282618,15.213756],[102.283118,15.218918],[102.278738,15.221962],[102.273857,15.219843],[102.273356,15.214681],[102.277737,15.211638],[102.282618,15.213756]]]}},{"type":"Feature","properties":{"h3":"88659b8115fffff","tcode":"301007","bldg":4},"geometry":{"type":"Polygon","coordinates":[[[102.343563,15.215482],[102.344064,15.220643],[102.339685,15.223687],[102.334804,15.22157],[102.334303,15.216409],[102.338682,15.213365],[102.343563,15.215482]]]}},{"type":"Feature","properties":{"h3":"88659b8acbfffff","tcode":"301007","bldg":737},"geometry":{"type":"Polygon","coordinates":[[[102.346572,15.246448],[102.347073,15.251609],[102.342694,15.254653],[102.337813,15.252536],[102.337311,15.247375],[102.341691,15.244331],[102.346572,15.246448]]]}},{"type":"Feature","properties":{"h3":"88659b8ac9fffff","tcode":"301007","bldg":328},"geometry":{"type":"Polygon","coordinates":[[[102.355832,15.24552],[102.356334,15.250681],[102.351954,15.253725],[102.347073,15.251609],[102.346572,15.246448],[102.350951,15.243404],[102.355832,15.24552]]]}},{"type":"Feature","properties":{"h3":"88659b8111fffff","tcode":"301007","bldg":357},"geometry":{"type":"Polygon","coordinates":[[[102.338181,15.208203],[102.338682,15.213365],[102.334303,15.216409],[102.329423,15.214291],[102.328921,15.20913],[102.3333,15.206086],[102.338181,15.208203]]]}},{"type":"Feature","properties":{"h3":"88659b8a8dfffff","tcode":"301007","bldg":48},"geometry":{"type":"Polygon","coordinates":[[[102.344199,15.270134],[102.3447,15.275294],[102.34032,15.278338],[102.335439,15.276222],[102.334937,15.271062],[102.339317,15.268018],[102.344199,15.270134]]]}},{"type":"Feature","properties":{"h3":"88659b8ad9fffff","tcode":"301007","bldg":9},"geometry":{"type":"Polygon","coordinates":[[[102.331929,15.240097],[102.33243,15.245258],[102.328051,15.248302],[102.32317,15.246185],[102.322668,15.241024],[102.327048,15.23798],[102.331929,15.240097]]]}},{"type":"Feature","properties":{"h3":"88659b81ebfffff","tcode":"301007","bldg":0},"geometry":{"type":"Polygon","coordinates":[[[102.315783,15.218261],[102.316284,15.223423],[102.311904,15.226466],[102.307023,15.224348],[102.306522,15.219187],[102.310902,15.216143],[102.315783,15.218261]]]}},{"type":"Feature","properties":{"h3":"88659b81abfffff","tcode":"301007","bldg":1},"geometry":{"type":"Polygon","coordinates":[[[102.298764,15.235597],[102.299264,15.240758],[102.294884,15.243802],[102.290002,15.241684],[102.289502,15.236522],[102.293882,15.233479],[102.298764,15.235597]]]}},{"type":"Feature","properties":{"h3":"88659b81dbfffff","tcode":"301007","bldg":127},"geometry":{"type":"Polygon","coordinates":[[[102.284996,15.190064],[102.285496,15.195227],[102.281116,15.19827],[102.276235,15.196151],[102.275735,15.190988],[102.280115,15.187945],[102.284996,15.190064]]]}},{"type":"Feature","properties":{"h3":"88659b81e1fffff","tcode":"301007","bldg":1},"geometry":{"type":"Polygon","coordinates":[[[102.321165,15.22554],[102.321666,15.230702],[102.317286,15.233745],[102.312405,15.231628],[102.311904,15.226466],[102.316284,15.223423],[102.321165,15.22554]]]}},{"type":"Feature","properties":{"h3":"88659b8033fffff","tcode":"301007","bldg":608},"geometry":{"type":"Polygon","coordinates":[[[102.298135,15.180934],[102.298636,15.186096],[102.294256,15.18914],[102.289376,15.187021],[102.288875,15.181858],[102.293255,15.178815],[102.298135,15.180934]]]}},{"type":"Feature","properties":{"h3":"88659b8133fffff","tcode":"301007","bldg":109},"geometry":{"type":"Polygon","coordinates":[[[102.335807,15.231892],[102.336309,15.237053],[102.331929,15.240097],[102.327048,15.23798],[102.326547,15.232819],[102.330926,15.229775],[102.335807,15.231892]]]}},{"type":"Feature","properties":{"h3":"88659b81c3fffff","tcode":"301007","bldg":40},"geometry":{"type":"Polygon","coordinates":[[[102.305019,15.203701],[102.30552,15.208863],[102.30114,15.211907],[102.296259,15.209788],[102.295759,15.204626],[102.300139,15.201583],[102.305019,15.203701]]]}},{"type":"Feature","properties":{"h3":"88659b8195fffff","tcode":"301007","bldg":3},"geometry":{"type":"Polygon","coordinates":[[[102.278738,15.221962],[102.279238,15.227124],[102.274858,15.230167],[102.269976,15.228048],[102.269476,15.222886],[102.273857,15.219843],[102.278738,15.221962]]]}},{"type":"Feature","properties":{"h3":"88659b81cbfffff","tcode":"301007","bldg":125},"geometry":{"type":"Polygon","coordinates":[[[102.308898,15.195496],[102.309399,15.200658],[102.305019,15.203701],[102.300139,15.201583],[102.299638,15.196421],[102.304017,15.193377],[102.308898,15.195496]]]}},{"type":"Feature","properties":{"h3":"88659b81d7fffff","tcode":"301007","bldg":0},"geometry":{"type":"Polygon","coordinates":[[[102.286498,15.205551],[102.286998,15.210713],[102.282618,15.213756],[102.277737,15.211638],[102.277236,15.206475],[102.281617,15.203432],[102.286498,15.205551]]]}},{"type":"Feature","properties":{"h3":"88659b8035fffff","tcode":"301007","bldg":4},"geometry":{"type":"Polygon","coordinates":[[[102.312777,15.18729],[102.313278,15.192452],[102.308898,15.195496],[102.304017,15.193377],[102.303517,15.188215],[102.307896,15.185171],[102.312777,15.18729]]]}},{"type":"Feature","properties":{"h3":"88659b8197fffff","tcode":"301007","bldg":0},"geometry":{"type":"Polygon","coordinates":[[[102.269476,15.222886],[102.269976,15.228048],[102.265595,15.231091],[102.260713,15.228972],[102.260213,15.22381],[102.264594,15.220767],[102.269476,15.222886]]]}},{"type":"Feature","properties":{"h3":"88659b811dfffff","tcode":"301007","bldg":146},"geometry":{"type":"Polygon","coordinates":[[[102.34744,15.207276],[102.347942,15.212438],[102.343563,15.215482],[102.338682,15.213365],[102.338181,15.208203],[102.34256,15.205159],[102.34744,15.207276]]]}},{"type":"Feature","properties":{"h3":"88659b8113fffff","tcode":"301007","bldg":1},"geometry":{"type":"Polygon","coordinates":[[[102.328921,15.20913],[102.329423,15.214291],[102.325043,15.217335],[102.320162,15.215217],[102.319661,15.210056],[102.324041,15.207012],[102.328921,15.20913]]]}},{"type":"Feature","properties":{"h3":"88659b8ae9fffff","tcode":"301007","bldg":1},"geometry":{"type":"Polygon","coordinates":[[[102.36272,15.268278],[102.363222,15.273438],[102.358842,15.276482],[102.353961,15.274367],[102.353459,15.269206],[102.357839,15.266162],[102.36272,15.268278]]]}},{"type":"Feature","properties":{"h3":"88659b819bfffff","tcode":"301007","bldg":0},"geometry":{"type":"Polygon","coordinates":[[[102.267974,15.207399],[102.268475,15.212562],[102.264094,15.215605],[102.259213,15.213486],[102.258712,15.208323],[102.263093,15.20528],[102.267974,15.207399]]]}},{"type":"Feature","properties":{"h3":"88659b8101fffff","tcode":"301007","bldg":29},"geometry":{"type":"Polygon","coordinates":[[[102.362081,15.213627],[102.362583,15.218788],[102.358204,15.221833],[102.353324,15.219716],[102.352822,15.214555],[102.357201,15.21151],[102.362081,15.213627]]]}},{"type":"Feature","properties":{"h3":"88659b8ae3fffff","tcode":"301007","bldg":67},"geometry":{"type":"Polygon","coordinates":[[[102.349582,15.277411],[102.350083,15.282571],[102.345703,15.285615],[102.340822,15.283499],[102.34032,15.278338],[102.3447,15.275294],[102.349582,15.277411]]]}},{"type":"Feature","properties":{"h3":"88659b81d5fffff","tcode":"301007","bldg":0},"geometry":{"type":"Polygon","coordinates":[[[102.295759,15.204626],[102.296259,15.209788],[102.291879,15.212832],[102.286998,15.210713],[102.286498,15.205551],[102.290878,15.202508],[102.295759,15.204626]]]}},{"type":"Feature","properties":{"h3":"88659b8e6dfffff","tcode":"301007","bldg":0},"geometry":{"type":"Polygon","coordinates":[[[102.265595,15.231091],[102.266095,15.236253],[102.261714,15.239296],[102.256832,15.237177],[102.256332,15.232015],[102.260713,15.228972],[102.265595,15.231091]]]}},{"type":"Feature","properties":{"h3":"88659b8185fffff","tcode":"301007","bldg":259},"geometry":{"type":"Polygon","coordinates":[[[102.302643,15.227392],[102.303144,15.232553],[102.298764,15.235597],[102.293882,15.233479],[102.293382,15.228317],[102.297762,15.225274],[102.302643,15.227392]]]}},{"type":"Feature","properties":{"h3":"88659b810bfffff","tcode":"301007","bldg":233},"geometry":{"type":"Polygon","coordinates":[[[102.356699,15.206349],[102.357201,15.21151],[102.352822,15.214555],[102.347942,15.212438],[102.34744,15.207276],[102.351819,15.204232],[102.356699,15.206349]]]}},{"type":"Feature","properties":{"h3":"88659b81bdfffff","tcode":"301007","bldg":1},"geometry":{"type":"Polygon","coordinates":[[[102.289502,15.236522],[102.290002,15.241684],[102.285622,15.244727],[102.28074,15.242609],[102.28024,15.237447],[102.28462,15.234404],[102.289502,15.236522]]]}},{"type":"Feature","properties":{"h3":"88659b8ac3fffff","tcode":"301007","bldg":2},"geometry":{"type":"Polygon","coordinates":[[[102.342694,15.254653],[102.343196,15.259813],[102.338816,15.262857],[102.333935,15.260741],[102.333433,15.25558],[102.337813,15.252536],[102.342694,15.254653]]]}},{"type":"Feature","properties":{"h3":"88659b81c7fffff","tcode":"301007","bldg":5},"geometry":{"type":"Polygon","coordinates":[[[102.310401,15.210981],[102.310902,15.216143],[102.306522,15.219187],[102.301641,15.217069],[102.30114,15.211907],[102.30552,15.208863],[102.310401,15.210981]]]}},{"type":"Feature","properties":{"h3":"88659b81b9fffff","tcode":"301007","bldg":1},"geometry":{"type":"Polygon","coordinates":[[[102.28412,15.229242],[102.28462,15.234404],[102.28024,15.237447],[102.275358,15.235329],[102.274858,15.230167],[102.279238,15.227124],[102.28412,15.229242]]]}},{"type":"Feature","properties":{"h3":"88659b8187fffff","tcode":"301007","bldg":425},"geometry":{"type":"Polygon","coordinates":[[[102.293382,15.228317],[102.293882,15.233479],[102.289502,15.236522],[102.28462,15.234404],[102.28412,15.229242],[102.2885,15.226199],[102.293382,15.228317]]]}},{"type":"Feature","properties":{"h3":"88659b81c1fffff","tcode":"301007","bldg":95},"geometry":{"type":"Polygon","coordinates":[[[102.31428,15.202776],[102.314781,15.207938],[102.310401,15.210981],[102.30552,15.208863],[102.305019,15.203701],[102.309399,15.200658],[102.31428,15.202776]]]}},{"type":"Feature","properties":{"h3":"88659b8109fffff","tcode":"301007","bldg":10},"geometry":{"type":"Polygon","coordinates":[[[102.365957,15.205422],[102.366459,15.210583],[102.362081,15.213627],[102.357201,15.21151],[102.356699,15.206349],[102.361077,15.203305],[102.365957,15.205422]]]}},{"type":"Feature","properties":{"h3":"88659b8e4dfffff","tcode":"301007","bldg":1},"geometry":{"type":"Polygon","coordinates":[[[102.258712,15.208323],[102.259213,15.213486],[102.254831,15.216528],[102.24995,15.214409],[102.24945,15.209246],[102.253831,15.206204],[102.258712,15.208323]]]}},{"type":"Feature","properties":{"h3":"88659b818bfffff","tcode":"301007","bldg":5},"geometry":{"type":"Polygon","coordinates":[[[102.291879,15.212832],[102.29238,15.217994],[102.288,15.221037],[102.283118,15.218918],[102.282618,15.213756],[102.286998,15.210713],[102.291879,15.212832]]]}},{"type":"Feature","properties":{"h3":"88659b8131fffff","tcode":"301007","bldg":48},"geometry":{"type":"Polygon","coordinates":[[[102.345067,15.230965],[102.345569,15.236126],[102.341189,15.23917],[102.336309,15.237053],[102.335807,15.231892],[102.340187,15.228848],[102.345067,15.230965]]]}},{"type":"Feature","properties":{"h3":"88659b8adbfffff","tcode":"301007","bldg":7},"geometry":{"type":"Polygon","coordinates":[[[102.322668,15.241024],[102.32317,15.246185],[102.31879,15.249229],[102.313908,15.247111],[102.313407,15.24195],[102.317787,15.238907],[102.322668,15.241024]]]}},{"type":"Feature","properties":{"h3":"88659b8117fffff","tcode":"301007","bldg":1},"geometry":{"type":"Polygon","coordinates":[[[102.334303,15.216409],[102.334804,15.22157],[102.330425,15.224614],[102.325544,15.222496],[102.325043,15.217335],[102.329423,15.214291],[102.334303,15.216409]]]}},{"type":"Feature","properties":{"h3":"88659b8189fffff","tcode":"301007","bldg":0},"geometry":{"type":"Polygon","coordinates":[[[102.30114,15.211907],[102.301641,15.217069],[102.297261,15.220112],[102.29238,15.217994],[102.291879,15.212832],[102.296259,15.209788],[102.30114,15.211907]]]}},{"type":"Feature","properties":{"h3":"88659b8031fffff","tcode":"301007","bldg":296},"geometry":{"type":"Polygon","coordinates":[[[102.307395,15.180009],[102.307896,15.185171],[102.303517,15.188215],[102.298636,15.186096],[102.298135,15.180934],[102.302515,15.17789],[102.307395,15.180009]]]}},{"type":"Feature","properties":{"h3":"88659b8a8bfffff","tcode":"301007","bldg":0},"geometry":{"type":"Polygon","coordinates":[[[102.329555,15.263785],[102.330056,15.268945],[102.325676,15.271989],[102.320794,15.269872],[102.320293,15.264711],[102.324673,15.261668],[102.329555,15.263785]]]}},{"type":"Feature","properties":{"h3":"88659b81a9fffff","tcode":"301007","bldg":7},"geometry":{"type":"Polygon","coordinates":[[[102.308025,15.234671],[102.308526,15.239833],[102.304146,15.242876],[102.299264,15.240758],[102.298764,15.235597],[102.303144,15.232553],[102.308025,15.234671]]]}},{"type":"Feature","properties":{"h3":"88659b8139fffff","tcode":"301007","bldg":0},"geometry":{"type":"Polygon","coordinates":[[[102.348945,15.22276],[102.349446,15.227921],[102.345067,15.230965],[102.340187,15.228848],[102.339685,15.223687],[102.344064,15.220643],[102.348945,15.22276]]]}},{"type":"Feature","properties":{"h3":"88659b80edfffff","tcode":"301007","bldg":5},"geometry":{"type":"Polygon","coordinates":[[[102.292754,15.173652],[102.293255,15.178815],[102.288875,15.181858],[102.283995,15.179739],[102.283494,15.174576],[102.287874,15.171533],[102.292754,15.173652]]]}},{"type":"Feature","properties":{"h3":"88659b89d7fffff","tcode":"301008","bldg":8},"geometry":{"type":"Polygon","coordinates":[[[102.334702,15.364863],[102.335204,15.370021],[102.330822,15.373065],[102.325939,15.37095],[102.325438,15.365791],[102.329819,15.362747],[102.334702,15.364863]]]}},{"type":"Feature","properties":{"h3":"88659b88d1fffff","tcode":"301008","bldg":201},"geometry":{"type":"Polygon","coordinates":[[[102.300895,15.305731],[102.301396,15.310892],[102.297015,15.313935],[102.292132,15.311818],[102.291631,15.306658],[102.296013,15.303614],[102.300895,15.305731]]]}},{"type":"Feature","properties":{"h3":"88659b8f49fffff","tcode":"301008","bldg":65},"geometry":{"type":"Polygon","coordinates":[[[102.291004,15.252006],[102.291505,15.257168],[102.287124,15.260211],[102.282242,15.258093],[102.281741,15.252932],[102.286122,15.249888],[102.291004,15.252006]]]}},{"type":"Feature","properties":{"h3":"88659b81a1fffff","tcode":"301008","bldg":1},"geometry":{"type":"Polygon","coordinates":[[[102.304146,15.242876],[102.304647,15.248037],[102.300266,15.251081],[102.295385,15.248963],[102.294884,15.243802],[102.299264,15.240758],[102.304146,15.242876]]]}},{"type":"Feature","properties":{"h3":"88659b888dfffff","tcode":"301008","bldg":162},"geometry":{"type":"Polygon","coordinates":[[[102.317046,15.327561],[102.317547,15.33272],[102.313166,15.335764],[102.308283,15.333648],[102.307782,15.328488],[102.312163,15.325444],[102.317046,15.327561]]]}},{"type":"Feature","properties":{"h3":"88659b8999fffff","tcode":"301008","bldg":4},"geometry":{"type":"Polygon","coordinates":[[[102.325438,15.365791],[102.325939,15.37095],[102.321558,15.373993],[102.316675,15.371878],[102.316173,15.366719],[102.320555,15.363676],[102.325438,15.365791]]]}},{"type":"Feature","properties":{"h3":"88659b8833fffff","tcode":"301008","bldg":106},"geometry":{"type":"Polygon","coordinates":[[[102.34634,15.340254],[102.346842,15.345413],[102.342461,15.348457],[102.337578,15.346342],[102.337077,15.341183],[102.341458,15.338139],[102.34634,15.340254]]]}},{"type":"Feature","properties":{"h3":"88659b88d5fffff","tcode":"301008","bldg":164},"geometry":{"type":"Polygon","coordinates":[[[102.306278,15.313008],[102.306779,15.318168],[102.302398,15.321212],[102.297516,15.319095],[102.297015,15.313935],[102.301396,15.310892],[102.306278,15.313008]]]}},{"type":"Feature","properties":{"h3":"88659b8a9dfffff","tcode":"301008","bldg":1},"geometry":{"type":"Polygon","coordinates":[[[102.320293,15.264711],[102.320794,15.269872],[102.316414,15.272916],[102.311532,15.270799],[102.311031,15.265638],[102.315412,15.262594],[102.320293,15.264711]]]}},{"type":"Feature","properties":{"h3":"88659b88ddfffff","tcode":"301008","bldg":110},"geometry":{"type":"Polygon","coordinates":[[[102.310158,15.304805],[102.31066,15.309965],[102.306278,15.313008],[102.301396,15.310892],[102.300895,15.305731],[102.305276,15.302688],[102.310158,15.304805]]]}},{"type":"Feature","properties":{"h3":"88659b8835fffff","tcode":"301008","bldg":19},"geometry":{"type":"Polygon","coordinates":[[[102.360987,15.346599],[102.361489,15.351758],[102.357108,15.354802],[102.352226,15.352687],[102.351724,15.347528],[102.356105,15.344484],[102.360987,15.346599]]]}},{"type":"Feature","properties":{"h3":"88659b8989fffff","tcode":"301008","bldg":24},"geometry":{"type":"Polygon","coordinates":[[[102.349351,15.371207],[102.349852,15.376366],[102.345471,15.379409],[102.340588,15.377295],[102.340087,15.372136],[102.344468,15.369092],[102.349351,15.371207]]]}},{"type":"Feature","properties":{"h3":"88659b88e5fffff","tcode":"301008","bldg":11},"geometry":{"type":"Polygon","coordinates":[[[102.337077,15.341183],[102.337578,15.346342],[102.333197,15.349386],[102.328315,15.34727],[102.327813,15.342111],[102.332194,15.339068],[102.337077,15.341183]]]}},{"type":"Feature","properties":{"h3":"88659b88c1fffff","tcode":"301008","bldg":4},"geometry":{"type":"Polygon","coordinates":[[[102.324805,15.311154],[102.325306,15.316314],[102.320925,15.319357],[102.316043,15.317241],[102.315542,15.312081],[102.319923,15.309038],[102.324805,15.311154]]]}},{"type":"Feature","properties":{"h3":"88659b8ad3fffff","tcode":"301008","bldg":40},"geometry":{"type":"Polygon","coordinates":[[[102.31879,15.249229],[102.319291,15.25439],[102.314911,15.257433],[102.310029,15.255316],[102.309528,15.250155],[102.313908,15.247111],[102.31879,15.249229]]]}},{"type":"Feature","properties":{"h3":"88659b8a83fffff","tcode":"301008","bldg":0},"geometry":{"type":"Polygon","coordinates":[[[102.325676,15.271989],[102.326177,15.277149],[102.321797,15.280193],[102.316915,15.278076],[102.316414,15.272916],[102.320794,15.269872],[102.325676,15.271989]]]}},{"type":"Feature","properties":{"h3":"88659b8a99fffff","tcode":"301008","bldg":22},"geometry":{"type":"Polygon","coordinates":[[[102.314911,15.257433],[102.315412,15.262594],[102.311031,15.265638],[102.30615,15.263521],[102.305649,15.25836],[102.310029,15.255316],[102.314911,15.257433]]]}},{"type":"Feature","properties":{"h3":"88659b89d3fffff","tcode":"301008","bldg":8},"geometry":{"type":"Polygon","coordinates":[[[102.329318,15.357589],[102.329819,15.362747],[102.325438,15.365791],[102.320555,15.363676],[102.320053,15.358517],[102.324435,15.355473],[102.329318,15.357589]]]}},{"type":"Feature","properties":{"h3":"88659b8ab7fffff","tcode":"301008","bldg":1},"geometry":{"type":"Polygon","coordinates":[[[102.314038,15.296601],[102.314539,15.301761],[102.310158,15.304805],[102.305276,15.302688],[102.304775,15.297528],[102.309156,15.294484],[102.314038,15.296601]]]}},{"type":"Feature","properties":{"h3":"88659b883bfffff","tcode":"301008","bldg":69},"geometry":{"type":"Polygon","coordinates":[[[102.350219,15.332051],[102.35072,15.33721],[102.34634,15.340254],[102.341458,15.338139],[102.340956,15.33298],[102.345337,15.329936],[102.350219,15.332051]]]}},{"type":"Feature","properties":{"h3":"88659b81a5fffff","tcode":"301008","bldg":0},"geometry":{"type":"Polygon","coordinates":[[[102.309528,15.250155],[102.310029,15.255316],[102.305649,15.25836],[102.300767,15.256242],[102.300266,15.251081],[102.304647,15.248037],[102.309528,15.250155]]]}},{"type":"Feature","properties":{"h3":"88659b8aa9fffff","tcode":"301008","bldg":471},"geometry":{"type":"Polygon","coordinates":[[[102.345703,15.285615],[102.346205,15.290775],[102.341825,15.293819],[102.336943,15.291703],[102.336442,15.286543],[102.340822,15.283499],[102.345703,15.285615]]]}},{"type":"Feature","properties":{"h3":"88659b89c7fffff","tcode":"301008","bldg":3},"geometry":{"type":"Polygon","coordinates":[[[102.358614,15.370278],[102.359116,15.375436],[102.354735,15.37848],[102.349852,15.376366],[102.349351,15.371207],[102.353731,15.368163],[102.358614,15.370278]]]}},{"type":"Feature","properties":{"h3":"88659b881bfffff","tcode":"301008","bldg":17},"geometry":{"type":"Polygon","coordinates":[[[102.34333,15.309298],[102.343832,15.314458],[102.339451,15.317502],[102.334569,15.315386],[102.334068,15.310226],[102.338448,15.307182],[102.34333,15.309298]]]}},{"type":"Feature","properties":{"h3":"88659b88cbfffff","tcode":"301008","bldg":3},"geometry":{"type":"Polygon","coordinates":[[[102.319421,15.303878],[102.319923,15.309038],[102.315542,15.312081],[102.31066,15.309965],[102.310158,15.304805],[102.314539,15.301761],[102.319421,15.303878]]]}},{"type":"Feature","properties":{"h3":"88659b88adfffff","tcode":"301008","bldg":1},"geometry":{"type":"Polygon","coordinates":[[[102.323934,15.350314],[102.324435,15.355473],[102.320053,15.358517],[102.315171,15.356401],[102.314669,15.351242],[102.319051,15.348198],[102.323934,15.350314]]]}},{"type":"Feature","properties":{"h3":"88659b8aa7fffff","tcode":"301008","bldg":5},"geometry":{"type":"Polygon","coordinates":[[[102.337946,15.302023],[102.338448,15.307182],[102.334068,15.310226],[102.329186,15.30811],[102.328684,15.30295],[102.333065,15.299907],[102.337946,15.302023]]]}},{"type":"Feature","properties":{"h3":"88659b8aa3fffff","tcode":"301008","bldg":5},"geometry":{"type":"Polygon","coordinates":[[[102.332563,15.294747],[102.333065,15.299907],[102.328684,15.30295],[102.323802,15.300834],[102.323301,15.295674],[102.327681,15.29263],[102.332563,15.294747]]]}},{"type":"Feature","properties":{"h3":"88659b8f4dfffff","tcode":"301008","bldg":0},"geometry":{"type":"Polygon","coordinates":[[[102.296386,15.259285],[102.296887,15.264447],[102.292506,15.26749],[102.287625,15.265372],[102.287124,15.260211],[102.291505,15.257168],[102.296386,15.259285]]]}},{"type":"Feature","properties":{"h3":"88659b8ab9fffff","tcode":"301008","bldg":2},"geometry":{"type":"Polygon","coordinates":[[[102.321797,15.280193],[102.322298,15.285353],[102.317918,15.288397],[102.313036,15.28628],[102.312535,15.28112],[102.316915,15.278076],[102.321797,15.280193]]]}},{"type":"Feature","properties":{"h3":"88659b88c5fffff","tcode":"301008","bldg":21},"geometry":{"type":"Polygon","coordinates":[[[102.330188,15.31843],[102.33069,15.323589],[102.326309,15.326633],[102.321427,15.324517],[102.320925,15.319357],[102.325306,15.316314],[102.330188,15.31843]]]}},{"type":"Feature","properties":{"h3":"88659b8aabfffff","tcode":"301008","bldg":259},"geometry":{"type":"Polygon","coordinates":[[[102.336442,15.286543],[102.336943,15.291703],[102.332563,15.294747],[102.327681,15.29263],[102.32718,15.28747],[102.33156,15.284426],[102.336442,15.286543]]]}},{"type":"Feature","properties":{"h3":"88659b8f45fffff","tcode":"301008","bldg":134},"geometry":{"type":"Polygon","coordinates":[[[102.292506,15.26749],[102.293007,15.272651],[102.288626,15.275694],[102.283744,15.273576],[102.283243,15.268415],[102.287625,15.265372],[102.292506,15.26749]]]}},{"type":"Feature","properties":{"h3":"88659b8a81fffff","tcode":"301008","bldg":161},"geometry":{"type":"Polygon","coordinates":[[[102.334937,15.271062],[102.335439,15.276222],[102.331059,15.279266],[102.326177,15.277149],[102.325676,15.271989],[102.330056,15.268945],[102.334937,15.271062]]]}},{"type":"Feature","properties":{"h3":"88659b88e1fffff","tcode":"301008","bldg":12},"geometry":{"type":"Polygon","coordinates":[[[102.331693,15.333908],[102.332194,15.339068],[102.327813,15.342111],[102.322931,15.339996],[102.322429,15.334836],[102.32681,15.331792],[102.331693,15.333908]]]}},{"type":"Feature","properties":{"h3":"88659b8817fffff","tcode":"301008","bldg":3},"geometry":{"type":"Polygon","coordinates":[[[102.344835,15.324777],[102.345337,15.329936],[102.340956,15.33298],[102.336074,15.330864],[102.335572,15.325705],[102.339953,15.322661],[102.344835,15.324777]]]}},{"type":"Feature","properties":{"h3":"88659b89dbfffff","tcode":"301008","bldg":0},"geometry":{"type":"Polygon","coordinates":[[[102.333197,15.349386],[102.333699,15.354545],[102.329318,15.357589],[102.324435,15.355473],[102.323934,15.350314],[102.328315,15.34727],[102.333197,15.349386]]]}},{"type":"Feature","properties":{"h3":"88659b898bfffff","tcode":"301008","bldg":6},"geometry":{"type":"Polygon","coordinates":[[[102.340087,15.372136],[102.340588,15.377295],[102.336207,15.380338],[102.331324,15.378224],[102.330822,15.373065],[102.335204,15.370021],[102.340087,15.372136]]]}},{"type":"Feature","properties":{"h3":"88659b88a9fffff","tcode":"301008","bldg":2},"geometry":{"type":"Polygon","coordinates":[[[102.318549,15.343039],[102.319051,15.348198],[102.314669,15.351242],[102.309786,15.349126],[102.309285,15.343967],[102.313667,15.340923],[102.318549,15.343039]]]}},{"type":"Feature","properties":{"h3":"88659b8f6bfffff","tcode":"301008","bldg":108},"geometry":{"type":"Polygon","coordinates":[[[102.288626,15.275694],[102.289127,15.280855],[102.284746,15.283898],[102.279863,15.28178],[102.279363,15.276619],[102.283744,15.273576],[102.288626,15.275694]]]}},{"type":"Feature","properties":{"h3":"88659b8f67fffff","tcode":"301008","bldg":4},"geometry":{"type":"Polygon","coordinates":[[[102.290129,15.291176],[102.290629,15.296337],[102.286248,15.29938],[102.281366,15.297263],[102.280865,15.292102],[102.285246,15.289059],[102.290129,15.291176]]]}},{"type":"Feature","properties":{"h3":"88659b88e9fffff","tcode":"301008","bldg":5},"geometry":{"type":"Polygon","coordinates":[[[102.335572,15.325705],[102.336074,15.330864],[102.331693,15.333908],[102.32681,15.331792],[102.326309,15.326633],[102.33069,15.323589],[102.335572,15.325705]]]}},{"type":"Feature","properties":{"h3":"88659b8a97fffff","tcode":"301008","bldg":223},"geometry":{"type":"Polygon","coordinates":[[[102.307152,15.273842],[102.307653,15.279003],[102.303272,15.282046],[102.29839,15.279929],[102.297889,15.274768],[102.30227,15.271725],[102.307152,15.273842]]]}},{"type":"Feature","properties":{"h3":"88659b8a9bfffff","tcode":"301008","bldg":97},"geometry":{"type":"Polygon","coordinates":[[[102.305649,15.25836],[102.30615,15.263521],[102.301769,15.266564],[102.296887,15.264447],[102.296386,15.259285],[102.300767,15.256242],[102.305649,15.25836]]]}},{"type":"Feature","properties":{"h3":"88659b8837fffff","tcode":"301008","bldg":5},"geometry":{"type":"Polygon","coordinates":[[[102.351724,15.347528],[102.352226,15.352687],[102.347845,15.355731],[102.342963,15.353616],[102.342461,15.348457],[102.346842,15.345413],[102.351724,15.347528]]]}},{"type":"Feature","properties":{"h3":"88659b8aa1fffff","tcode":"301008","bldg":40},"geometry":{"type":"Polygon","coordinates":[[[102.341825,15.293819],[102.342327,15.298979],[102.337946,15.302023],[102.333065,15.299907],[102.332563,15.294747],[102.336943,15.291703],[102.341825,15.293819]]]}},{"type":"Feature","properties":{"h3":"88659b88ebfffff","tcode":"301008","bldg":1114},"geometry":{"type":"Polygon","coordinates":[[[102.326309,15.326633],[102.32681,15.331792],[102.322429,15.334836],[102.317547,15.33272],[102.317046,15.327561],[102.321427,15.324517],[102.326309,15.326633]]]}},{"type":"Feature","properties":{"h3":"88659b8ab3fffff","tcode":"301008","bldg":2},"geometry":{"type":"Polygon","coordinates":[[[102.308655,15.289324],[102.309156,15.294484],[102.304775,15.297528],[102.299893,15.295411],[102.299392,15.29025],[102.303773,15.287207],[102.308655,15.289324]]]}},{"type":"Feature","properties":{"h3":"88659b88c3fffff","tcode":"301008","bldg":9},"geometry":{"type":"Polygon","coordinates":[[[102.315542,15.312081],[102.316043,15.317241],[102.311662,15.320285],[102.306779,15.318168],[102.306278,15.313008],[102.31066,15.309965],[102.315542,15.312081]]]}},{"type":"Feature","properties":{"h3":"88659b88a5fffff","tcode":"301008","bldg":12},"geometry":{"type":"Polygon","coordinates":[[[102.320053,15.358517],[102.320555,15.363676],[102.316173,15.366719],[102.31129,15.364604],[102.310789,15.359444],[102.315171,15.356401],[102.320053,15.358517]]]}},{"type":"Feature","properties":{"h3":"88659b88e7fffff","tcode":"301008","bldg":1},"geometry":{"type":"Polygon","coordinates":[[[102.327813,15.342111],[102.328315,15.34727],[102.323934,15.350314],[102.319051,15.348198],[102.318549,15.343039],[102.322931,15.339996],[102.327813,15.342111]]]}},{"type":"Feature","properties":{"h3":"88659b8a85fffff","tcode":"301008","bldg":785},"geometry":{"type":"Polygon","coordinates":[[[102.34032,15.278338],[102.340822,15.283499],[102.336442,15.286543],[102.33156,15.284426],[102.331059,15.279266],[102.335439,15.276222],[102.34032,15.278338]]]}},{"type":"Feature","properties":{"h3":"88659b8889fffff","tcode":"301008","bldg":5},"geometry":{"type":"Polygon","coordinates":[[[102.311662,15.320285],[102.312163,15.325444],[102.307782,15.328488],[102.302899,15.326371],[102.302398,15.321212],[102.306779,15.318168],[102.311662,15.320285]]]}},{"type":"Feature","properties":{"h3":"88659b8a91fffff","tcode":"301008","bldg":3},"geometry":{"type":"Polygon","coordinates":[[[102.311031,15.265638],[102.311532,15.270799],[102.307152,15.273842],[102.30227,15.271725],[102.301769,15.266564],[102.30615,15.263521],[102.311031,15.265638]]]}},{"type":"Feature","properties":{"h3":"88659b8f65fffff","tcode":"301008","bldg":285},"geometry":{"type":"Polygon","coordinates":[[[102.299392,15.29025],[102.299893,15.295411],[102.295512,15.298454],[102.290629,15.296337],[102.290129,15.291176],[102.29451,15.288133],[102.299392,15.29025]]]}},{"type":"Feature","properties":{"h3":"88659b89cbfffff","tcode":"301008","bldg":7},"geometry":{"type":"Polygon","coordinates":[[[102.357108,15.354802],[102.35761,15.359961],[102.35323,15.363005],[102.348347,15.36089],[102.347845,15.355731],[102.352226,15.352687],[102.357108,15.354802]]]}},{"type":"Feature","properties":{"h3":"88659b8991fffff","tcode":"301008","bldg":80},"geometry":{"type":"Polygon","coordinates":[[[102.321558,15.373993],[102.322059,15.379152],[102.317677,15.382196],[102.312794,15.38008],[102.312293,15.374921],[102.316675,15.371878],[102.321558,15.373993]]]}},{"type":"Feature","properties":{"h3":"88659b8ab1fffff","tcode":"301008","bldg":1},"geometry":{"type":"Polygon","coordinates":[[[102.317918,15.288397],[102.318419,15.293557],[102.314038,15.296601],[102.309156,15.294484],[102.308655,15.289324],[102.313036,15.28628],[102.317918,15.288397]]]}},{"type":"Feature","properties":{"h3":"88659b8831fffff","tcode":"301008","bldg":215},"geometry":{"type":"Polygon","coordinates":[[[102.355603,15.339325],[102.356105,15.344484],[102.351724,15.347528],[102.346842,15.345413],[102.34634,15.340254],[102.35072,15.33721],[102.355603,15.339325]]]}},{"type":"Feature","properties":{"h3":"88659b8885fffff","tcode":"301008","bldg":29},"geometry":{"type":"Polygon","coordinates":[[[102.313166,15.335764],[102.313667,15.340923],[102.309285,15.343967],[102.304402,15.34185],[102.303901,15.336691],[102.308283,15.333648],[102.313166,15.335764]]]}},{"type":"Feature","properties":{"h3":"88659b81a3fffff","tcode":"301008","bldg":0},"geometry":{"type":"Polygon","coordinates":[[[102.294884,15.243802],[102.295385,15.248963],[102.291004,15.252006],[102.286122,15.249888],[102.285622,15.244727],[102.290002,15.241684],[102.294884,15.243802]]]}},{"type":"Feature","properties":{"h3":"88659b88edfffff","tcode":"301008","bldg":1},"geometry":{"type":"Polygon","coordinates":[[[102.340956,15.33298],[102.341458,15.338139],[102.337077,15.341183],[102.332194,15.339068],[102.331693,15.333908],[102.336074,15.330864],[102.340956,15.33298]]]}},{"type":"Feature","properties":{"h3":"88659b89d9fffff","tcode":"301008","bldg":104},"geometry":{"type":"Polygon","coordinates":[[[102.342461,15.348457],[102.342963,15.353616],[102.338582,15.35666],[102.333699,15.354545],[102.333197,15.349386],[102.337578,15.346342],[102.342461,15.348457]]]}},{"type":"Feature","properties":{"h3":"88659b8f6dfffff","tcode":"301008","bldg":207},"geometry":{"type":"Polygon","coordinates":[[[102.303272,15.282046],[102.303773,15.287207],[102.299392,15.29025],[102.29451,15.288133],[102.294009,15.282972],[102.29839,15.279929],[102.303272,15.282046]]]}},{"type":"Feature","properties":{"h3":"88659b89c9fffff","tcode":"301008","bldg":198},"geometry":{"type":"Polygon","coordinates":[[[102.366371,15.353872],[102.366873,15.359031],[102.362493,15.362075],[102.35761,15.359961],[102.357108,15.354802],[102.361489,15.351758],[102.366371,15.353872]]]}},{"type":"Feature","properties":{"h3":"88659b89cdfffff","tcode":"301008","bldg":269},"geometry":{"type":"Polygon","coordinates":[[[102.371756,15.361145],[102.372258,15.366304],[102.367877,15.369348],[102.362995,15.367234],[102.362493,15.362075],[102.366873,15.359031],[102.371756,15.361145]]]}},{"type":"Feature","properties":{"h3":"88659b899bfffff","tcode":"301008","bldg":2},"geometry":{"type":"Polygon","coordinates":[[[102.316173,15.366719],[102.316675,15.371878],[102.312293,15.374921],[102.307409,15.372806],[102.306908,15.367647],[102.31129,15.364604],[102.316173,15.366719]]]}},{"type":"Feature","properties":{"h3":"88659b88c7fffff","tcode":"301008","bldg":103},"geometry":{"type":"Polygon","coordinates":[[[102.320925,15.319357],[102.321427,15.324517],[102.317046,15.327561],[102.312163,15.325444],[102.311662,15.320285],[102.316043,15.317241],[102.320925,15.319357]]]}},{"type":"Feature","properties":{"h3":"88659b899dfffff","tcode":"301008","bldg":316},"geometry":{"type":"Polygon","coordinates":[[[102.330822,15.373065],[102.331324,15.378224],[102.326942,15.381267],[102.322059,15.379152],[102.321558,15.373993],[102.325939,15.37095],[102.330822,15.373065]]]}},{"type":"Feature","properties":{"h3":"88659b89d5fffff","tcode":"301008","bldg":2},"geometry":{"type":"Polygon","coordinates":[[[102.343966,15.363934],[102.344468,15.369092],[102.340087,15.372136],[102.335204,15.370021],[102.334702,15.364863],[102.339083,15.361819],[102.343966,15.363934]]]}},{"type":"Feature","properties":{"h3":"88659b88e3fffff","tcode":"301008","bldg":2},"geometry":{"type":"Polygon","coordinates":[[[102.322429,15.334836],[102.322931,15.339996],[102.318549,15.343039],[102.313667,15.340923],[102.313166,15.335764],[102.317547,15.33272],[102.322429,15.334836]]]}},{"type":"Feature","properties":{"h3":"88659b89ddfffff","tcode":"301008","bldg":0},"geometry":{"type":"Polygon","coordinates":[[[102.347845,15.355731],[102.348347,15.36089],[102.343966,15.363934],[102.339083,15.361819],[102.338582,15.35666],[102.342963,15.353616],[102.347845,15.355731]]]}},{"type":"Feature","properties":{"h3":"88659b8abdfffff","tcode":"301008","bldg":9},"geometry":{"type":"Polygon","coordinates":[[[102.32718,15.28747],[102.327681,15.29263],[102.323301,15.295674],[102.318419,15.293557],[102.317918,15.288397],[102.322298,15.285353],[102.32718,15.28747]]]}},{"type":"Feature","properties":{"h3":"88659b8ab5fffff","tcode":"301008","bldg":6},"geometry":{"type":"Polygon","coordinates":[[[102.323301,15.295674],[102.323802,15.300834],[102.319421,15.303878],[102.314539,15.301761],[102.314038,15.296601],[102.318419,15.293557],[102.323301,15.295674]]]}},{"type":"Feature","properties":{"h3":"88659b8f69fffff","tcode":"301008","bldg":446},"geometry":{"type":"Polygon","coordinates":[[[102.297889,15.274768],[102.29839,15.279929],[102.294009,15.282972],[102.289127,15.280855],[102.288626,15.275694],[102.293007,15.272651],[102.297889,15.274768]]]}},{"type":"Feature","properties":{"h3":"88659b8f61fffff","tcode":"301008","bldg":137},"geometry":{"type":"Polygon","coordinates":[[[102.294009,15.282972],[102.29451,15.288133],[102.290129,15.291176],[102.285246,15.289059],[102.284746,15.283898],[102.289127,15.280855],[102.294009,15.282972]]]}},{"type":"Feature","properties":{"h3":"88659b8a93fffff","tcode":"301008","bldg":3},"geometry":{"type":"Polygon","coordinates":[[[102.301769,15.266564],[102.30227,15.271725],[102.297889,15.274768],[102.293007,15.272651],[102.292506,15.26749],[102.296887,15.264447],[102.301769,15.266564]]]}},{"type":"Feature","properties":{"h3":"88659b88cdfffff","tcode":"301008","bldg":11},"geometry":{"type":"Polygon","coordinates":[[[102.334068,15.310226],[102.334569,15.315386],[102.330188,15.31843],[102.325306,15.316314],[102.324805,15.311154],[102.329186,15.30811],[102.334068,15.310226]]]}},{"type":"Feature","properties":{"h3":"88659b88c9fffff","tcode":"301008","bldg":19},"geometry":{"type":"Polygon","coordinates":[[[102.328684,15.30295],[102.329186,15.30811],[102.324805,15.311154],[102.319923,15.309038],[102.319421,15.303878],[102.323802,15.300834],[102.328684,15.30295]]]}},{"type":"Feature","properties":{"h3":"88659b8abbfffff","tcode":"301008","bldg":29},"geometry":{"type":"Polygon","coordinates":[[[102.312535,15.28112],[102.313036,15.28628],[102.308655,15.289324],[102.303773,15.287207],[102.303272,15.282046],[102.307653,15.279003],[102.312535,15.28112]]]}},{"type":"Feature","properties":{"h3":"88659b81a7fffff","tcode":"301008","bldg":88},"geometry":{"type":"Polygon","coordinates":[[[102.300266,15.251081],[102.300767,15.256242],[102.296386,15.259285],[102.291505,15.257168],[102.291004,15.252006],[102.295385,15.248963],[102.300266,15.251081]]]}},{"type":"Feature","properties":{"h3":"88659b88dbfffff","tcode":"301008","bldg":6},"geometry":{"type":"Polygon","coordinates":[[[102.295512,15.298454],[102.296013,15.303614],[102.291631,15.306658],[102.286749,15.30454],[102.286248,15.29938],[102.290629,15.296337],[102.295512,15.298454]]]}},{"type":"Feature","properties":{"h3":"88659b81adfffff","tcode":"301008","bldg":0},"geometry":{"type":"Polygon","coordinates":[[[102.313407,15.24195],[102.313908,15.247111],[102.309528,15.250155],[102.304647,15.248037],[102.304146,15.242876],[102.308526,15.239833],[102.313407,15.24195]]]}},{"type":"Feature","properties":{"h3":"88659b89c1fffff","tcode":"301008","bldg":60},"geometry":{"type":"Polygon","coordinates":[[[102.362493,15.362075],[102.362995,15.367234],[102.358614,15.370278],[102.353731,15.368163],[102.35323,15.363005],[102.35761,15.359961],[102.362493,15.362075]]]}},{"type":"Feature","properties":{"h3":"88659b8f41fffff","tcode":"301008","bldg":1},"geometry":{"type":"Polygon","coordinates":[[[102.287124,15.260211],[102.287625,15.265372],[102.283243,15.268415],[102.278362,15.266297],[102.277861,15.261136],[102.282242,15.258093],[102.287124,15.260211]]]}},{"type":"Feature","properties":{"h3":"88659b89d1fffff","tcode":"301008","bldg":2},"geometry":{"type":"Polygon","coordinates":[[[102.338582,15.35666],[102.339083,15.361819],[102.334702,15.364863],[102.329819,15.362747],[102.329318,15.357589],[102.333699,15.354545],[102.338582,15.35666]]]}},{"type":"Feature","properties":{"h3":"88659b89c3fffff","tcode":"301008","bldg":1},"geometry":{"type":"Polygon","coordinates":[[[102.35323,15.363005],[102.353731,15.368163],[102.349351,15.371207],[102.344468,15.369092],[102.343966,15.363934],[102.348347,15.36089],[102.35323,15.363005]]]}},{"type":"Feature","properties":{"h3":"88659b8813fffff","tcode":"301008","bldg":3},"geometry":{"type":"Polygon","coordinates":[[[102.339451,15.317502],[102.339953,15.322661],[102.335572,15.325705],[102.33069,15.323589],[102.330188,15.31843],[102.334569,15.315386],[102.339451,15.317502]]]}},{"type":"Feature","properties":{"h3":"88659b88d9fffff","tcode":"301008","bldg":411},"geometry":{"type":"Polygon","coordinates":[[[102.304775,15.297528],[102.305276,15.302688],[102.300895,15.305731],[102.296013,15.303614],[102.295512,15.298454],[102.299893,15.295411],[102.304775,15.297528]]]}},{"type":"Feature","properties":{"h3":"88659b8a95fffff","tcode":"301008","bldg":0},"geometry":{"type":"Polygon","coordinates":[[[102.316414,15.272916],[102.316915,15.278076],[102.312535,15.28112],[102.307653,15.279003],[102.307152,15.273842],[102.311532,15.270799],[102.316414,15.272916]]]}},{"type":"Feature","properties":{"h3":"88659b8a87fffff","tcode":"301008","bldg":82},"geometry":{"type":"Polygon","coordinates":[[[102.331059,15.279266],[102.33156,15.284426],[102.32718,15.28747],[102.322298,15.285353],[102.321797,15.280193],[102.326177,15.277149],[102.331059,15.279266]]]}},{"type":"Feature","properties":{"h3":"88659b888bfffff","tcode":"301009","bldg":304},"geometry":{"type":"Polygon","coordinates":[[[102.302398,15.321212],[102.302899,15.326371],[102.298518,15.329415],[102.293635,15.327298],[102.293134,15.322138],[102.297516,15.319095],[102.302398,15.321212]]]}},{"type":"Feature","properties":{"h3":"88659b889dfffff","tcode":"301009","bldg":105},"geometry":{"type":"Polygon","coordinates":[[[102.293134,15.322138],[102.293635,15.327298],[102.289253,15.330341],[102.28437,15.328224],[102.283869,15.323064],[102.288251,15.320021],[102.293134,15.322138]]]}},{"type":"Feature","properties":{"h3":"88659b1259fffff","tcode":"301009","bldg":13},"geometry":{"type":"Polygon","coordinates":[[[102.277609,15.35495],[102.278109,15.360109],[102.273727,15.363152],[102.268843,15.361035],[102.268343,15.355876],[102.272725,15.352833],[102.277609,15.35495]]]}},{"type":"Feature","properties":{"h3":"88659b124bfffff","tcode":"301009","bldg":14},"geometry":{"type":"Polygon","coordinates":[[[102.292259,15.361299],[102.29276,15.366458],[102.288377,15.369501],[102.283494,15.367385],[102.282993,15.362226],[102.287375,15.359183],[102.292259,15.361299]]]}},{"type":"Feature","properties":{"h3":"88659b8881fffff","tcode":"301009","bldg":2},"geometry":{"type":"Polygon","coordinates":[[[102.307782,15.328488],[102.308283,15.333648],[102.303901,15.336691],[102.299019,15.334574],[102.298518,15.329415],[102.302899,15.326371],[102.307782,15.328488]]]}},{"type":"Feature","properties":{"h3":"88659b8d4bfffff","tcode":"301009","bldg":9},"geometry":{"type":"Polygon","coordinates":[[[102.254572,15.310359],[102.255073,15.31552],[102.25069,15.318563],[102.245807,15.316445],[102.245307,15.311284],[102.24969,15.308241],[102.254572,15.310359]]]}},{"type":"Feature","properties":{"h3":"88659b88b9fffff","tcode":"301009","bldg":1},"geometry":{"type":"Polygon","coordinates":[[[102.294637,15.337618],[102.295138,15.342777],[102.290756,15.345821],[102.285873,15.343704],[102.285372,15.338544],[102.289754,15.335501],[102.294637,15.337618]]]}},{"type":"Feature","properties":{"h3":"88659b88bbfffff","tcode":"301009","bldg":78},"geometry":{"type":"Polygon","coordinates":[[[102.285372,15.338544],[102.285873,15.343704],[102.28149,15.346747],[102.276607,15.34463],[102.276107,15.33947],[102.280489,15.336427],[102.285372,15.338544]]]}},{"type":"Feature","properties":{"h3":"88659b8d41fffff","tcode":"301009","bldg":56},"geometry":{"type":"Polygon","coordinates":[[[102.259956,15.317638],[102.260456,15.322798],[102.256074,15.325841],[102.25119,15.323723],[102.25069,15.318563],[102.255073,15.31552],[102.259956,15.317638]]]}},{"type":"Feature","properties":{"h3":"88659b8d65fffff","tcode":"301009","bldg":8},"geometry":{"type":"Polygon","coordinates":[[[102.272225,15.347673],[102.272725,15.352833],[102.268343,15.355876],[102.263459,15.353759],[102.262959,15.348599],[102.267341,15.345556],[102.272225,15.347673]]]}},{"type":"Feature","properties":{"h3":"88659b8f2dfffff","tcode":"301009","bldg":3},"geometry":{"type":"Polygon","coordinates":[[[102.286248,15.29938],[102.286749,15.30454],[102.282367,15.307584],[102.277484,15.305466],[102.276984,15.300306],[102.281366,15.297263],[102.286248,15.29938]]]}},{"type":"Feature","properties":{"h3":"88659b8f25fffff","tcode":"301009","bldg":1},"geometry":{"type":"Polygon","coordinates":[[[102.282367,15.307584],[102.282868,15.312744],[102.278486,15.315787],[102.273603,15.31367],[102.273103,15.308509],[102.277484,15.305466],[102.282367,15.307584]]]}},{"type":"Feature","properties":{"h3":"88659b8f47fffff","tcode":"301009","bldg":108},"geometry":{"type":"Polygon","coordinates":[[[102.283243,15.268415],[102.283744,15.273576],[102.279363,15.276619],[102.274481,15.274502],[102.27398,15.26934],[102.278362,15.266297],[102.283243,15.268415]]]}},{"type":"Feature","properties":{"h3":"88659b8f0bfffff","tcode":"301009","bldg":572},"geometry":{"type":"Polygon","coordinates":[[[102.264716,15.270265],[102.265217,15.275426],[102.260835,15.278469],[102.255953,15.276351],[102.255452,15.27119],[102.259834,15.268147],[102.264716,15.270265]]]}},{"type":"Feature","properties":{"h3":"88659b8887fffff","tcode":"301009","bldg":88},"geometry":{"type":"Polygon","coordinates":[[[102.303901,15.336691],[102.304402,15.34185],[102.300021,15.344894],[102.295138,15.342777],[102.294637,15.337618],[102.299019,15.334574],[102.303901,15.336691]]]}},{"type":"Feature","properties":{"h3":"88659b88d3fffff","tcode":"301009","bldg":5},"geometry":{"type":"Polygon","coordinates":[[[102.291631,15.306658],[102.292132,15.311818],[102.28775,15.314861],[102.282868,15.312744],[102.282367,15.307584],[102.286749,15.30454],[102.291631,15.306658]]]}},{"type":"Feature","properties":{"h3":"88659b88b5fffff","tcode":"301009","bldg":12},"geometry":{"type":"Polygon","coordinates":[[[102.29614,15.353096],[102.296641,15.358256],[102.292259,15.361299],[102.287375,15.359183],[102.286874,15.354023],[102.291257,15.35098],[102.29614,15.353096]]]}},{"type":"Feature","properties":{"h3":"88659b8893fffff","tcode":"301009","bldg":4},"geometry":{"type":"Polygon","coordinates":[[[102.274604,15.32399],[102.275105,15.32915],[102.270723,15.332193],[102.26584,15.330076],[102.265339,15.324916],[102.269722,15.321873],[102.274604,15.32399]]]}},{"type":"Feature","properties":{"h3":"88659b8f63fffff","tcode":"301009","bldg":9},"geometry":{"type":"Polygon","coordinates":[[[102.284746,15.283898],[102.285246,15.289059],[102.280865,15.292102],[102.275983,15.289984],[102.275482,15.284823],[102.279863,15.28178],[102.284746,15.283898]]]}},{"type":"Feature","properties":{"h3":"88659b8f21fffff","tcode":"301009","bldg":7},"geometry":{"type":"Polygon","coordinates":[[[102.276984,15.300306],[102.277484,15.305466],[102.273103,15.308509],[102.26822,15.306392],[102.267719,15.301231],[102.272101,15.298188],[102.276984,15.300306]]]}},{"type":"Feature","properties":{"h3":"88659b1241fffff","tcode":"301009","bldg":11},"geometry":{"type":"Polygon","coordinates":[[[102.297643,15.368574],[102.298144,15.373733],[102.293762,15.376776],[102.288878,15.37466],[102.288377,15.369501],[102.29276,15.366458],[102.297643,15.368574]]]}},{"type":"Feature","properties":{"h3":"88659b889bfffff","tcode":"301009","bldg":226},"geometry":{"type":"Polygon","coordinates":[[[102.278486,15.315787],[102.278987,15.320947],[102.274604,15.32399],[102.269722,15.321873],[102.269221,15.316713],[102.273603,15.31367],[102.278486,15.315787]]]}},{"type":"Feature","properties":{"h3":"88659b8f07fffff","tcode":"301009","bldg":96},"geometry":{"type":"Polygon","coordinates":[[[102.266218,15.285749],[102.266718,15.290909],[102.262336,15.293952],[102.257454,15.291834],[102.256953,15.286673],[102.261335,15.28363],[102.266218,15.285749]]]}},{"type":"Feature","properties":{"h3":"88659b8f05fffff","tcode":"301009","bldg":65},"geometry":{"type":"Polygon","coordinates":[[[102.275482,15.284823],[102.275983,15.289984],[102.271601,15.293027],[102.266718,15.290909],[102.266218,15.285749],[102.2706,15.282706],[102.275482,15.284823]]]}},{"type":"Feature","properties":{"h3":"88659b81b7fffff","tcode":"301009","bldg":0},"geometry":{"type":"Polygon","coordinates":[[[102.276359,15.245652],[102.27686,15.250813],[102.272479,15.253856],[102.267597,15.251738],[102.267096,15.246576],[102.271478,15.243533],[102.276359,15.245652]]]}},{"type":"Feature","properties":{"h3":"88659b8f5dfffff","tcode":"301009","bldg":2},"geometry":{"type":"Polygon","coordinates":[[[102.272479,15.253856],[102.272979,15.259018],[102.268598,15.262061],[102.263716,15.259942],[102.263215,15.254781],[102.267597,15.251738],[102.272479,15.253856]]]}},{"type":"Feature","properties":{"h3":"88659b8d69fffff","tcode":"301009","bldg":1},"geometry":{"type":"Polygon","coordinates":[[[102.270723,15.332193],[102.271223,15.337353],[102.266841,15.340396],[102.261958,15.338279],[102.261457,15.333119],[102.26584,15.330076],[102.270723,15.332193]]]}},{"type":"Feature","properties":{"h3":"88659b8f03fffff","tcode":"301009","bldg":9},"geometry":{"type":"Polygon","coordinates":[[[102.260835,15.278469],[102.261335,15.28363],[102.256953,15.286673],[102.252071,15.284555],[102.251571,15.279394],[102.255953,15.276351],[102.260835,15.278469]]]}},{"type":"Feature","properties":{"h3":"88659b8d45fffff","tcode":"301009","bldg":0},"geometry":{"type":"Polygon","coordinates":[[[102.265339,15.324916],[102.26584,15.330076],[102.261457,15.333119],[102.256574,15.331001],[102.256074,15.325841],[102.260456,15.322798],[102.265339,15.324916]]]}},{"type":"Feature","properties":{"h3":"88659b8f59fffff","tcode":"301009","bldg":5},"geometry":{"type":"Polygon","coordinates":[[[102.267096,15.246576],[102.267597,15.251738],[102.263215,15.254781],[102.258333,15.252662],[102.257833,15.247501],[102.262214,15.244458],[102.267096,15.246576]]]}},{"type":"Feature","properties":{"h3":"88659b8f27fffff","tcode":"301009","bldg":568},"geometry":{"type":"Polygon","coordinates":[[[102.273103,15.308509],[102.273603,15.31367],[102.269221,15.316713],[102.264338,15.314595],[102.263838,15.309434],[102.26822,15.306392],[102.273103,15.308509]]]}},{"type":"Feature","properties":{"h3":"88659b124dfffff","tcode":"301009","bldg":10},"geometry":{"type":"Polygon","coordinates":[[[102.306908,15.367647],[102.307409,15.372806],[102.303027,15.375849],[102.298144,15.373733],[102.297643,15.368574],[102.302025,15.365531],[102.306908,15.367647]]]}},{"type":"Feature","properties":{"h3":"88659b8891fffff","tcode":"301009","bldg":22},"geometry":{"type":"Polygon","coordinates":[[[102.283869,15.323064],[102.28437,15.328224],[102.279988,15.331267],[102.275105,15.32915],[102.274604,15.32399],[102.278987,15.320947],[102.283869,15.323064]]]}},{"type":"Feature","properties":{"h3":"88659b8f0dfffff","tcode":"301009","bldg":113},"geometry":{"type":"Polygon","coordinates":[[[102.279363,15.276619],[102.279863,15.28178],[102.275482,15.284823],[102.2706,15.282706],[102.270099,15.277545],[102.274481,15.274502],[102.279363,15.276619]]]}},{"type":"Feature","properties":{"h3":"88659b8897fffff","tcode":"301009","bldg":11},"geometry":{"type":"Polygon","coordinates":[[[102.279988,15.331267],[102.280489,15.336427],[102.276107,15.33947],[102.271223,15.337353],[102.270723,15.332193],[102.275105,15.32915],[102.279988,15.331267]]]}},{"type":"Feature","properties":{"h3":"88659b8f51fffff","tcode":"301009","bldg":1},"geometry":{"type":"Polygon","coordinates":[[[102.263215,15.254781],[102.263716,15.259942],[102.259334,15.262985],[102.254452,15.260867],[102.253952,15.255705],[102.258333,15.252662],[102.263215,15.254781]]]}},{"type":"Feature","properties":{"h3":"88659b88a3fffff","tcode":"301009","bldg":4},"geometry":{"type":"Polygon","coordinates":[[[102.305405,15.352169],[102.305906,15.357329],[102.301524,15.360372],[102.296641,15.358256],[102.29614,15.353096],[102.300522,15.350053],[102.305405,15.352169]]]}},{"type":"Feature","properties":{"h3":"88659b8f19fffff","tcode":"301009","bldg":1},"geometry":{"type":"Polygon","coordinates":[[[102.25007,15.263909],[102.25057,15.269071],[102.246188,15.272114],[102.241306,15.269995],[102.240806,15.264833],[102.245188,15.261791],[102.25007,15.263909]]]}},{"type":"Feature","properties":{"h3":"88659b88b7fffff","tcode":"301009","bldg":9},"geometry":{"type":"Polygon","coordinates":[[[102.286874,15.354023],[102.287375,15.359183],[102.282993,15.362226],[102.278109,15.360109],[102.277609,15.35495],[102.281991,15.351907],[102.286874,15.354023]]]}},{"type":"Feature","properties":{"h3":"88659b8d4dfffff","tcode":"301009","bldg":76},"geometry":{"type":"Polygon","coordinates":[[[102.269221,15.316713],[102.269722,15.321873],[102.265339,15.324916],[102.260456,15.322798],[102.259956,15.317638],[102.264338,15.314595],[102.269221,15.316713]]]}},{"type":"Feature","properties":{"h3":"88659b8f3dfffff","tcode":"301009","bldg":84},"geometry":{"type":"Polygon","coordinates":[[[102.262336,15.293952],[102.262837,15.299113],[102.258455,15.302156],[102.253572,15.300038],[102.253071,15.294877],[102.257454,15.291834],[102.262336,15.293952]]]}},{"type":"Feature","properties":{"h3":"88659b88abfffff","tcode":"301009","bldg":469},"geometry":{"type":"Polygon","coordinates":[[[102.309285,15.343967],[102.309786,15.349126],[102.305405,15.352169],[102.300522,15.350053],[102.300021,15.344894],[102.304402,15.34185],[102.309285,15.343967]]]}},{"type":"Feature","properties":{"h3":"88659b88b1fffff","tcode":"301009","bldg":174},"geometry":{"type":"Polygon","coordinates":[[[102.290756,15.345821],[102.291257,15.35098],[102.286874,15.354023],[102.281991,15.351907],[102.28149,15.346747],[102.285873,15.343704],[102.290756,15.345821]]]}},{"type":"Feature","properties":{"h3":"88659b81b5fffff","tcode":"301009","bldg":0},"geometry":{"type":"Polygon","coordinates":[[[102.285622,15.244727],[102.286122,15.249888],[102.281741,15.252932],[102.27686,15.250813],[102.276359,15.245652],[102.28074,15.242609],[102.285622,15.244727]]]}},{"type":"Feature","properties":{"h3":"88659b1249fffff","tcode":"301009","bldg":2},"geometry":{"type":"Polygon","coordinates":[[[102.301524,15.360372],[102.302025,15.365531],[102.297643,15.368574],[102.29276,15.366458],[102.292259,15.361299],[102.296641,15.358256],[102.301524,15.360372]]]}},{"type":"Feature","properties":{"h3":"88659b8f53fffff","tcode":"301009","bldg":0},"geometry":{"type":"Polygon","coordinates":[[[102.253952,15.255705],[102.254452,15.260867],[102.25007,15.263909],[102.245188,15.261791],[102.244688,15.256629],[102.24907,15.253586],[102.253952,15.255705]]]}},{"type":"Feature","properties":{"h3":"88659b8f35fffff","tcode":"301009","bldg":5},"geometry":{"type":"Polygon","coordinates":[[[102.258455,15.302156],[102.258955,15.307317],[102.254572,15.310359],[102.24969,15.308241],[102.249189,15.30308],[102.253572,15.300038],[102.258455,15.302156]]]}},{"type":"Feature","properties":{"h3":"88659b8d6dfffff","tcode":"301009","bldg":13},"geometry":{"type":"Polygon","coordinates":[[[102.276107,15.33947],[102.276607,15.34463],[102.272225,15.347673],[102.267341,15.345556],[102.266841,15.340396],[102.271223,15.337353],[102.276107,15.33947]]]}},{"type":"Feature","properties":{"h3":"88659b8883fffff","tcode":"301009","bldg":45},"geometry":{"type":"Polygon","coordinates":[[[102.298518,15.329415],[102.299019,15.334574],[102.294637,15.337618],[102.289754,15.335501],[102.289253,15.330341],[102.293635,15.327298],[102.298518,15.329415]]]}},{"type":"Feature","properties":{"h3":"88659b8895fffff","tcode":"301009","bldg":6},"geometry":{"type":"Polygon","coordinates":[[[102.289253,15.330341],[102.289754,15.335501],[102.285372,15.338544],[102.280489,15.336427],[102.279988,15.331267],[102.28437,15.328224],[102.289253,15.330341]]]}},{"type":"Feature","properties":{"h3":"88659b8993fffff","tcode":"301009","bldg":37},"geometry":{"type":"Polygon","coordinates":[[[102.312293,15.374921],[102.312794,15.38008],[102.308412,15.383124],[102.303528,15.381008],[102.303027,15.375849],[102.307409,15.372806],[102.312293,15.374921]]]}},{"type":"Feature","properties":{"h3":"88659b8f15fffff","tcode":"301009","bldg":276},"geometry":{"type":"Polygon","coordinates":[[[102.251571,15.279394],[102.252071,15.284555],[102.247689,15.287597],[102.242806,15.285479],[102.242306,15.280318],[102.246688,15.277275],[102.251571,15.279394]]]}},{"type":"Feature","properties":{"h3":"88659b8f5bfffff","tcode":"301009","bldg":2},"geometry":{"type":"Polygon","coordinates":[[[102.257833,15.247501],[102.258333,15.252662],[102.253952,15.255705],[102.24907,15.253586],[102.248569,15.248424],[102.252951,15.245382],[102.257833,15.247501]]]}},{"type":"Feature","properties":{"h3":"88659b8d61fffff","tcode":"301009","bldg":14},"geometry":{"type":"Polygon","coordinates":[[[102.266841,15.340396],[102.267341,15.345556],[102.262959,15.348599],[102.258075,15.346482],[102.257575,15.341322],[102.261958,15.338279],[102.266841,15.340396]]]}},{"type":"Feature","properties":{"h3":"88659b8f01fffff","tcode":"301009","bldg":9},"geometry":{"type":"Polygon","coordinates":[[[102.270099,15.277545],[102.2706,15.282706],[102.266218,15.285749],[102.261335,15.28363],[102.260835,15.278469],[102.265217,15.275426],[102.270099,15.277545]]]}},{"type":"Feature","properties":{"h3":"88659b8f4bfffff","tcode":"301009","bldg":1},"geometry":{"type":"Polygon","coordinates":[[[102.281741,15.252932],[102.282242,15.258093],[102.277861,15.261136],[102.272979,15.259018],[102.272479,15.253856],[102.27686,15.250813],[102.281741,15.252932]]]}},{"type":"Feature","properties":{"h3":"88659b8f29fffff","tcode":"301009","bldg":3},"geometry":{"type":"Polygon","coordinates":[[[102.280865,15.292102],[102.281366,15.297263],[102.276984,15.300306],[102.272101,15.298188],[102.271601,15.293027],[102.275983,15.289984],[102.280865,15.292102]]]}},{"type":"Feature","properties":{"h3":"88659b88b3fffff","tcode":"301009","bldg":262},"geometry":{"type":"Polygon","coordinates":[[[102.28149,15.346747],[102.281991,15.351907],[102.277609,15.35495],[102.272725,15.352833],[102.272225,15.347673],[102.276607,15.34463],[102.28149,15.346747]]]}},{"type":"Feature","properties":{"h3":"88659b88d7fffff","tcode":"301009","bldg":54},"geometry":{"type":"Polygon","coordinates":[[[102.297015,15.313935],[102.297516,15.319095],[102.293134,15.322138],[102.288251,15.320021],[102.28775,15.314861],[102.292132,15.311818],[102.297015,15.313935]]]}},{"type":"Feature","properties":{"h3":"88659b81b3fffff","tcode":"301009","bldg":3},"geometry":{"type":"Polygon","coordinates":[[[102.270977,15.238372],[102.271478,15.243533],[102.267096,15.246576],[102.262214,15.244458],[102.261714,15.239296],[102.266095,15.236253],[102.270977,15.238372]]]}},{"type":"Feature","properties":{"h3":"88659b8d49fffff","tcode":"301009","bldg":6},"geometry":{"type":"Polygon","coordinates":[[[102.263838,15.309434],[102.264338,15.314595],[102.259956,15.317638],[102.255073,15.31552],[102.254572,15.310359],[102.258955,15.307317],[102.263838,15.309434]]]}},{"type":"Feature","properties":{"h3":"88659b8f43fffff","tcode":"301009","bldg":81},"geometry":{"type":"Polygon","coordinates":[[[102.277861,15.261136],[102.278362,15.266297],[102.27398,15.26934],[102.269098,15.267222],[102.268598,15.262061],[102.272979,15.259018],[102.277861,15.261136]]]}},{"type":"Feature","properties":{"h3":"88659b8f3bfffff","tcode":"301009","bldg":3},"geometry":{"type":"Polygon","coordinates":[[[102.247689,15.287597],[102.248189,15.292759],[102.243806,15.295801],[102.238924,15.293683],[102.238423,15.288521],[102.242806,15.285479],[102.247689,15.287597]]]}},{"type":"Feature","properties":{"h3":"88659b8f23fffff","tcode":"301009","bldg":6},"geometry":{"type":"Polygon","coordinates":[[[102.267719,15.301231],[102.26822,15.306392],[102.263838,15.309434],[102.258955,15.307317],[102.258455,15.302156],[102.262837,15.299113],[102.267719,15.301231]]]}},{"type":"Feature","properties":{"h3":"88659b88bdfffff","tcode":"301009","bldg":536},"geometry":{"type":"Polygon","coordinates":[[[102.300021,15.344894],[102.300522,15.350053],[102.29614,15.353096],[102.291257,15.35098],[102.290756,15.345821],[102.295138,15.342777],[102.300021,15.344894]]]}},{"type":"Feature","properties":{"h3":"88659b8f09fffff","tcode":"301009","bldg":880},"geometry":{"type":"Polygon","coordinates":[[[102.27398,15.26934],[102.274481,15.274502],[102.270099,15.277545],[102.265217,15.275426],[102.264716,15.270265],[102.269098,15.267222],[102.27398,15.26934]]]}},{"type":"Feature","properties":{"h3":"88659b8f57fffff","tcode":"301009","bldg":155},"geometry":{"type":"Polygon","coordinates":[[[102.259334,15.262985],[102.259834,15.268147],[102.255452,15.27119],[102.25057,15.269071],[102.25007,15.263909],[102.254452,15.260867],[102.259334,15.262985]]]}},{"type":"Feature","properties":{"h3":"88659b8f1dfffff","tcode":"301009","bldg":17},"geometry":{"type":"Polygon","coordinates":[[[102.255452,15.27119],[102.255953,15.276351],[102.251571,15.279394],[102.246688,15.277275],[102.246188,15.272114],[102.25057,15.269071],[102.255452,15.27119]]]}},{"type":"Feature","properties":{"h3":"88659b88a7fffff","tcode":"301009","bldg":0},"geometry":{"type":"Polygon","coordinates":[[[102.310789,15.359444],[102.31129,15.364604],[102.306908,15.367647],[102.302025,15.365531],[102.301524,15.360372],[102.305906,15.357329],[102.310789,15.359444]]]}},{"type":"Feature","properties":{"h3":"88659b8f2bfffff","tcode":"301009","bldg":30},"geometry":{"type":"Polygon","coordinates":[[[102.271601,15.293027],[102.272101,15.298188],[102.267719,15.301231],[102.262837,15.299113],[102.262336,15.293952],[102.266718,15.290909],[102.271601,15.293027]]]}},{"type":"Feature","properties":{"h3":"88659b8f31fffff","tcode":"301009","bldg":87},"geometry":{"type":"Polygon","coordinates":[[[102.253071,15.294877],[102.253572,15.300038],[102.249189,15.30308],[102.244306,15.300962],[102.243806,15.295801],[102.248189,15.292759],[102.253071,15.294877]]]}},{"type":"Feature","properties":{"h3":"88659b8d6bfffff","tcode":"301009","bldg":100},"geometry":{"type":"Polygon","coordinates":[[[102.261457,15.333119],[102.261958,15.338279],[102.257575,15.341322],[102.252692,15.339204],[102.252191,15.334044],[102.256574,15.331001],[102.261457,15.333119]]]}},{"type":"Feature","properties":{"h3":"88659b88a1fffff","tcode":"301009","bldg":18},"geometry":{"type":"Polygon","coordinates":[[[102.314669,15.351242],[102.315171,15.356401],[102.310789,15.359444],[102.305906,15.357329],[102.305405,15.352169],[102.309786,15.349126],[102.314669,15.351242]]]}},{"type":"Feature","properties":{"h3":"88659b81b1fffff","tcode":"301009","bldg":1},"geometry":{"type":"Polygon","coordinates":[[[102.28024,15.237447],[102.28074,15.242609],[102.276359,15.245652],[102.271478,15.243533],[102.270977,15.238372],[102.275358,15.235329],[102.28024,15.237447]]]}},{"type":"Feature","properties":{"h3":"88659b8899fffff","tcode":"301009","bldg":14},"geometry":{"type":"Polygon","coordinates":[[[102.28775,15.314861],[102.288251,15.320021],[102.283869,15.323064],[102.278987,15.320947],[102.278486,15.315787],[102.282868,15.312744],[102.28775,15.314861]]]}},{"type":"Feature","properties":{"h3":"88659b8f39fffff","tcode":"301009","bldg":193},"geometry":{"type":"Polygon","coordinates":[[[102.256953,15.286673],[102.257454,15.291834],[102.253071,15.294877],[102.248189,15.292759],[102.247689,15.287597],[102.252071,15.284555],[102.256953,15.286673]]]}},{"type":"Feature","properties":{"h3":"88659b8f55fffff","tcode":"301009","bldg":137},"geometry":{"type":"Polygon","coordinates":[[[102.268598,15.262061],[102.269098,15.267222],[102.264716,15.270265],[102.259834,15.268147],[102.259334,15.262985],[102.263716,15.259942],[102.268598,15.262061]]]}},{"type":"Feature","properties":{"h3":"88659b85ebfffff","tcode":"301010","bldg":2},"geometry":{"type":"Polygon","coordinates":[[[102.148432,15.180192],[102.148931,15.185356],[102.144547,15.188397],[102.139665,15.186274],[102.139167,15.18111],[102.14355,15.178069],[102.148432,15.180192]]]}},{"type":"Feature","properties":{"h3":"88659b8437fffff","tcode":"301010","bldg":1},"geometry":{"type":"Polygon","coordinates":[[[102.136176,15.150123],[102.136675,15.155288],[102.132291,15.158329],[102.127409,15.156206],[102.126911,15.151041],[102.131295,15.148],[102.136176,15.150123]]]}},{"type":"Feature","properties":{"h3":"88659b85c3fffff","tcode":"301010","bldg":1},"geometry":{"type":"Polygon","coordinates":[[[102.137671,15.165617],[102.13817,15.170782],[102.133786,15.173823],[102.128904,15.1717],[102.128406,15.166535],[102.13279,15.163494],[102.137671,15.165617]]]}},{"type":"Feature","properties":{"h3":"88659b851dfffff","tcode":"301010","bldg":17},"geometry":{"type":"Polygon","coordinates":[[[102.180111,15.169228],[102.18061,15.174392],[102.176227,15.177434],[102.171345,15.175312],[102.170846,15.170148],[102.175229,15.167106],[102.180111,15.169228]]]}},{"type":"Feature","properties":{"h3":"88659b842dfffff","tcode":"301010","bldg":460},"geometry":{"type":"Polygon","coordinates":[[[102.173233,15.146449],[102.173732,15.151613],[102.16935,15.154655],[102.164468,15.152532],[102.163969,15.147368],[102.168352,15.144326],[102.173233,15.146449]]]}},{"type":"Feature","properties":{"h3":"88659b8513fffff","tcode":"301010","bldg":1},"geometry":{"type":"Polygon","coordinates":[[[102.161582,15.171067],[102.162081,15.176231],[102.157698,15.179273],[102.152816,15.17715],[102.152317,15.171986],[102.1567,15.168944],[102.161582,15.171067]]]}},{"type":"Feature","properties":{"h3":"88659b8511fffff","tcode":"301010","bldg":2},"geometry":{"type":"Polygon","coordinates":[[[102.170846,15.170148],[102.171345,15.175312],[102.166962,15.178353],[102.162081,15.176231],[102.161582,15.171067],[102.165965,15.168025],[102.170846,15.170148]]]}},{"type":"Feature","properties":{"h3":"88659b8431fffff","tcode":"301010","bldg":486},"geometry":{"type":"Polygon","coordinates":[[[102.140061,15.141917],[102.140559,15.147082],[102.136176,15.150123],[102.131295,15.148],[102.130796,15.142835],[102.135179,15.139793],[102.140061,15.141917]]]}},{"type":"Feature","properties":{"h3":"88659b85c9fffff","tcode":"301010","bldg":32},"geometry":{"type":"Polygon","coordinates":[[[102.150821,15.156493],[102.15132,15.161657],[102.146937,15.164699],[102.142055,15.162576],[102.141556,15.157411],[102.14594,15.15437],[102.150821,15.156493]]]}},{"type":"Feature","properties":{"h3":"88659b851bfffff","tcode":"301010","bldg":15},"geometry":{"type":"Polygon","coordinates":[[[102.165466,15.162861],[102.165965,15.168025],[102.161582,15.171067],[102.1567,15.168944],[102.156201,15.16378],[102.160584,15.160738],[102.165466,15.162861]]]}},{"type":"Feature","properties":{"h3":"88659b85c7fffff","tcode":"301010","bldg":1},"geometry":{"type":"Polygon","coordinates":[[[102.143052,15.172905],[102.14355,15.178069],[102.139167,15.18111],[102.134285,15.178987],[102.133786,15.173823],[102.13817,15.170782],[102.143052,15.172905]]]}},{"type":"Feature","properties":{"h3":"88659b8519fffff","tcode":"301010","bldg":315},"geometry":{"type":"Polygon","coordinates":[[[102.17473,15.161942],[102.175229,15.167106],[102.170846,15.170148],[102.165965,15.168025],[102.165466,15.162861],[102.169849,15.159819],[102.17473,15.161942]]]}},{"type":"Feature","properties":{"h3":"88659b8435fffff","tcode":"301010","bldg":174},"geometry":{"type":"Polygon","coordinates":[[[102.145441,15.149205],[102.14594,15.15437],[102.141556,15.157411],[102.136675,15.155288],[102.136176,15.150123],[102.140559,15.147082],[102.145441,15.149205]]]}},{"type":"Feature","properties":{"h3":"88659b8425fffff","tcode":"301010","bldg":222},"geometry":{"type":"Polygon","coordinates":[[[102.16935,15.154655],[102.169849,15.159819],[102.165466,15.162861],[102.160584,15.160738],[102.160086,15.155574],[102.164468,15.152532],[102.16935,15.154655]]]}},{"type":"Feature","properties":{"h3":"88659b843bfffff","tcode":"301010","bldg":140},"geometry":{"type":"Polygon","coordinates":[[[102.134681,15.134628],[102.135179,15.139793],[102.130796,15.142835],[102.125915,15.140711],[102.125416,15.135546],[102.1298,15.132504],[102.134681,15.134628]]]}},{"type":"Feature","properties":{"h3":"88659b8439fffff","tcode":"301010","bldg":22},"geometry":{"type":"Polygon","coordinates":[[[102.143946,15.13371],[102.144444,15.138875],[102.140061,15.141917],[102.135179,15.139793],[102.134681,15.134628],[102.139064,15.131587],[102.143946,15.13371]]]}},{"type":"Feature","properties":{"h3":"88659b8433fffff","tcode":"301010","bldg":44},"geometry":{"type":"Polygon","coordinates":[[[102.130796,15.142835],[102.131295,15.148],[102.126911,15.151041],[102.122029,15.148917],[102.121531,15.143752],[102.125915,15.140711],[102.130796,15.142835]]]}},{"type":"Feature","properties":{"h3":"88659b850bfffff","tcode":"301010","bldg":22},"geometry":{"type":"Polygon","coordinates":[[[102.189374,15.168308],[102.189873,15.173472],[102.185491,15.176514],[102.18061,15.174392],[102.180111,15.169228],[102.184493,15.166186],[102.189374,15.168308]]]}},{"type":"Feature","properties":{"h3":"88659b85c5fffff","tcode":"301010","bldg":2},"geometry":{"type":"Polygon","coordinates":[[[102.152317,15.171986],[102.152816,15.17715],[102.148432,15.180192],[102.14355,15.178069],[102.143052,15.172905],[102.147435,15.169863],[102.152317,15.171986]]]}},{"type":"Feature","properties":{"h3":"88659b843dfffff","tcode":"301010","bldg":315},"geometry":{"type":"Polygon","coordinates":[[[102.149325,15.140999],[102.149824,15.146163],[102.145441,15.149205],[102.140559,15.147082],[102.140061,15.141917],[102.144444,15.138875],[102.149325,15.140999]]]}},{"type":"Feature","properties":{"h3":"88659b8429fffff","tcode":"301010","bldg":334},"geometry":{"type":"Polygon","coordinates":[[[102.167853,15.139161],[102.168352,15.144326],[102.163969,15.147368],[102.159088,15.145245],[102.158589,15.14008],[102.162972,15.137039],[102.167853,15.139161]]]}},{"type":"Feature","properties":{"h3":"88659b842bfffff","tcode":"301010","bldg":259},"geometry":{"type":"Polygon","coordinates":[[[102.158589,15.14008],[102.159088,15.145245],[102.154705,15.148287],[102.149824,15.146163],[102.149325,15.140999],[102.153708,15.137957],[102.158589,15.14008]]]}},{"type":"Feature","properties":{"h3":"88659b8403fffff","tcode":"301010","bldg":2},"geometry":{"type":"Polygon","coordinates":[[[102.14783,15.125504],[102.148328,15.130669],[102.143946,15.13371],[102.139064,15.131587],[102.138566,15.126422],[102.142949,15.12338],[102.14783,15.125504]]]}},{"type":"Feature","properties":{"h3":"88659b8407fffff","tcode":"301010","bldg":16},"geometry":{"type":"Polygon","coordinates":[[[102.15321,15.132792],[102.153708,15.137957],[102.149325,15.140999],[102.144444,15.138875],[102.143946,15.13371],[102.148328,15.130669],[102.15321,15.132792]]]}},{"type":"Feature","properties":{"h3":"88659b855bfffff","tcode":"301010","bldg":0},"geometry":{"type":"Polygon","coordinates":[[[102.182497,15.145529],[102.182996,15.150693],[102.178613,15.153735],[102.173732,15.151613],[102.173233,15.146449],[102.177615,15.143407],[102.182497,15.145529]]]}},{"type":"Feature","properties":{"h3":"88659b8423fffff","tcode":"301010","bldg":541},"geometry":{"type":"Polygon","coordinates":[[[102.154705,15.148287],[102.155204,15.153451],[102.150821,15.156493],[102.14594,15.15437],[102.145441,15.149205],[102.149824,15.146163],[102.154705,15.148287]]]}},{"type":"Feature","properties":{"h3":"88659b8551fffff","tcode":"301010","bldg":0},"geometry":{"type":"Polygon","coordinates":[[[102.187877,15.152816],[102.188376,15.15798],[102.183994,15.161022],[102.179112,15.1589],[102.178613,15.153735],[102.182996,15.150693],[102.187877,15.152816]]]}},{"type":"Feature","properties":{"h3":"88659b8427fffff","tcode":"301010","bldg":42},"geometry":{"type":"Polygon","coordinates":[[[102.160086,15.155574],[102.160584,15.160738],[102.156201,15.16378],[102.15132,15.161657],[102.150821,15.156493],[102.155204,15.153451],[102.160086,15.155574]]]}},{"type":"Feature","properties":{"h3":"88659b85e9fffff","tcode":"301010","bldg":35},"geometry":{"type":"Polygon","coordinates":[[[102.157698,15.179273],[102.158196,15.184437],[102.153813,15.187478],[102.148931,15.185356],[102.148432,15.180192],[102.152816,15.17715],[102.157698,15.179273]]]}},{"type":"Feature","properties":{"h3":"88659b8555fffff","tcode":"301010","bldg":0},"geometry":{"type":"Polygon","coordinates":[[[102.193257,15.160102],[102.193756,15.165266],[102.189374,15.168308],[102.184493,15.166186],[102.183994,15.161022],[102.188376,15.15798],[102.193257,15.160102]]]}},{"type":"Feature","properties":{"h3":"88659b8415fffff","tcode":"301010","bldg":6},"geometry":{"type":"Polygon","coordinates":[[[102.138566,15.126422],[102.139064,15.131587],[102.134681,15.134628],[102.1298,15.132504],[102.129301,15.127339],[102.133684,15.124298],[102.138566,15.126422]]]}},{"type":"Feature","properties":{"h3":"88659b8553fffff","tcode":"301010","bldg":278},"geometry":{"type":"Polygon","coordinates":[[[102.178613,15.153735],[102.179112,15.1589],[102.17473,15.161942],[102.169849,15.159819],[102.16935,15.154655],[102.173732,15.151613],[102.178613,15.153735]]]}},{"type":"Feature","properties":{"h3":"88659b8421fffff","tcode":"301010","bldg":219},"geometry":{"type":"Polygon","coordinates":[[[102.163969,15.147368],[102.164468,15.152532],[102.160086,15.155574],[102.155204,15.153451],[102.154705,15.148287],[102.159088,15.145245],[102.163969,15.147368]]]}},{"type":"Feature","properties":{"h3":"88659b85cbfffff","tcode":"301010","bldg":4},"geometry":{"type":"Polygon","coordinates":[[[102.141556,15.157411],[102.142055,15.162576],[102.137671,15.165617],[102.13279,15.163494],[102.132291,15.158329],[102.136675,15.155288],[102.141556,15.157411]]]}},{"type":"Feature","properties":{"h3":"88659b85c1fffff","tcode":"301010","bldg":2},"geometry":{"type":"Polygon","coordinates":[[[102.146937,15.164699],[102.147435,15.169863],[102.143052,15.172905],[102.13817,15.170782],[102.137671,15.165617],[102.142055,15.162576],[102.146937,15.164699]]]}},{"type":"Feature","properties":{"h3":"88659b8467fffff","tcode":"301010","bldg":4},"geometry":{"type":"Polygon","coordinates":[[[102.177116,15.138242],[102.177615,15.143407],[102.173233,15.146449],[102.168352,15.144326],[102.167853,15.139161],[102.172235,15.13612],[102.177116,15.138242]]]}},{"type":"Feature","properties":{"h3":"88659b858dfffff","tcode":"301010","bldg":9},"geometry":{"type":"Polygon","coordinates":[[[102.139167,15.18111],[102.139665,15.186274],[102.135282,15.189316],[102.130399,15.187193],[102.129901,15.182029],[102.134285,15.178987],[102.139167,15.18111]]]}},{"type":"Feature","properties":{"h3":"88659b8465fffff","tcode":"301010","bldg":2},"geometry":{"type":"Polygon","coordinates":[[[102.186379,15.137323],[102.186879,15.142487],[102.182497,15.145529],[102.177615,15.143407],[102.177116,15.138242],[102.181498,15.1352],[102.186379,15.137323]]]}},{"type":"Feature","properties":{"h3":"88659b8515fffff","tcode":"301010","bldg":9},"geometry":{"type":"Polygon","coordinates":[[[102.176227,15.177434],[102.176726,15.182598],[102.172343,15.185639],[102.167461,15.183517],[102.166962,15.178353],[102.171345,15.175312],[102.176227,15.177434]]]}},{"type":"Feature","properties":{"h3":"88659b8557fffff","tcode":"301010","bldg":2},"geometry":{"type":"Polygon","coordinates":[[[102.183994,15.161022],[102.184493,15.166186],[102.180111,15.169228],[102.175229,15.167106],[102.17473,15.161942],[102.179112,15.1589],[102.183994,15.161022]]]}},{"type":"Feature","properties":{"h3":"88659b85cdfffff","tcode":"301010","bldg":1},"geometry":{"type":"Polygon","coordinates":[[[102.156201,15.16378],[102.1567,15.168944],[102.152317,15.171986],[102.147435,15.169863],[102.146937,15.164699],[102.15132,15.161657],[102.156201,15.16378]]]}},{"type":"Feature","properties":{"h3":"88659b8d55fffff","tcode":"301011","bldg":48},"geometry":{"type":"Polygon","coordinates":[[[102.241424,15.319487],[102.241924,15.324648],[102.237541,15.32769],[102.232658,15.325572],[102.232158,15.320411],[102.236541,15.317369],[102.241424,15.319487]]]}},{"type":"Feature","properties":{"h3":"88659b8c6bfffff","tcode":"301011","bldg":0},"geometry":{"type":"Polygon","coordinates":[[[102.223775,15.282165],[102.224275,15.287326],[102.219892,15.290368],[102.215009,15.288249],[102.214509,15.283087],[102.218892,15.280045],[102.223775,15.282165]]]}},{"type":"Feature","properties":{"h3":"88659b8d09fffff","tcode":"301011","bldg":66},"geometry":{"type":"Polygon","coordinates":[[[102.246808,15.326766],[102.247308,15.331926],[102.242925,15.334969],[102.238041,15.332851],[102.237541,15.32769],[102.241924,15.324648],[102.246808,15.326766]]]}},{"type":"Feature","properties":{"h3":"88659b8c69fffff","tcode":"301011","bldg":0},"geometry":{"type":"Polygon","coordinates":[[[102.233041,15.281241],[102.233541,15.286403],[102.229158,15.289445],[102.224275,15.287326],[102.223775,15.282165],[102.228158,15.279122],[102.233041,15.281241]]]}},{"type":"Feature","properties":{"h3":"88659b8dc9fffff","tcode":"301011","bldg":288},"geometry":{"type":"Polygon","coordinates":[[[102.198974,15.315901],[102.199473,15.321062],[102.195089,15.324104],[102.190205,15.321985],[102.189706,15.316824],[102.19409,15.313782],[102.198974,15.315901]]]}},{"type":"Feature","properties":{"h3":"88659b8c07fffff","tcode":"301011","bldg":199},"geometry":{"type":"Polygon","coordinates":[[[102.201359,15.292214],[102.201859,15.297375],[102.197475,15.300417],[102.192592,15.298298],[102.192092,15.293136],[102.196476,15.290094],[102.201359,15.292214]]]}},{"type":"Feature","properties":{"h3":"88659b8c6dfffff","tcode":"301011","bldg":210},"geometry":{"type":"Polygon","coordinates":[[[102.238423,15.288521],[102.238924,15.293683],[102.234541,15.296725],[102.229658,15.294606],[102.229158,15.289445],[102.233541,15.286403],[102.238423,15.288521]]]}},{"type":"Feature","properties":{"h3":"88659b8d57fffff","tcode":"301011","bldg":238},"geometry":{"type":"Polygon","coordinates":[[[102.232158,15.320411],[102.232658,15.325572],[102.228275,15.328614],[102.223391,15.326496],[102.222891,15.321335],[102.227275,15.318293],[102.232158,15.320411]]]}},{"type":"Feature","properties":{"h3":"88659b8c0bfffff","tcode":"301011","bldg":0},"geometry":{"type":"Polygon","coordinates":[[[102.199861,15.276729],[102.20036,15.28189],[102.195977,15.284932],[102.191093,15.282812],[102.190594,15.27765],[102.194978,15.274609],[102.199861,15.276729]]]}},{"type":"Feature","properties":{"h3":"88659b8f37fffff","tcode":"301011","bldg":103},"geometry":{"type":"Polygon","coordinates":[[[102.249189,15.30308],[102.24969,15.308241],[102.245307,15.311284],[102.240424,15.309166],[102.239924,15.304005],[102.244306,15.300962],[102.249189,15.30308]]]}},{"type":"Feature","properties":{"h3":"88659b8c01fffff","tcode":"301011","bldg":140},"geometry":{"type":"Polygon","coordinates":[[[102.205243,15.28401],[102.205743,15.289172],[102.201359,15.292214],[102.196476,15.290094],[102.195977,15.284932],[102.20036,15.28189],[102.205243,15.28401]]]}},{"type":"Feature","properties":{"h3":"88659b8c27fffff","tcode":"301011","bldg":422},"geometry":{"type":"Polygon","coordinates":[[[102.208241,15.314978],[102.208741,15.32014],[102.204357,15.323182],[102.199473,15.321062],[102.198974,15.315901],[102.203358,15.312859],[102.208241,15.314978]]]}},{"type":"Feature","properties":{"h3":"88659b8c61fffff","tcode":"301011","bldg":3},"geometry":{"type":"Polygon","coordinates":[[[102.229158,15.289445],[102.229658,15.294606],[102.225275,15.297649],[102.220392,15.29553],[102.219892,15.290368],[102.224275,15.287326],[102.229158,15.289445]]]}},{"type":"Feature","properties":{"h3":"88659b8d53fffff","tcode":"301011","bldg":411},"geometry":{"type":"Polygon","coordinates":[[[102.226775,15.313132],[102.227275,15.318293],[102.222891,15.321335],[102.218008,15.319216],[102.217508,15.314055],[102.221891,15.311013],[102.226775,15.313132]]]}},{"type":"Feature","properties":{"h3":"88659b8d63fffff","tcode":"301011","bldg":24},"geometry":{"type":"Polygon","coordinates":[[[102.257575,15.341322],[102.258075,15.346482],[102.253692,15.349524],[102.248809,15.347407],[102.248308,15.342247],[102.252692,15.339204],[102.257575,15.341322]]]}},{"type":"Feature","properties":{"h3":"88659b8d19fffff","tcode":"301011","bldg":132},"geometry":{"type":"Polygon","coordinates":[[[102.222891,15.321335],[102.223391,15.326496],[102.219008,15.329538],[102.214124,15.327419],[102.213624,15.322258],[102.218008,15.319216],[102.222891,15.321335]]]}},{"type":"Feature","properties":{"h3":"88659b8d1bfffff","tcode":"301011","bldg":91},"geometry":{"type":"Polygon","coordinates":[[[102.213624,15.322258],[102.214124,15.327419],[102.20974,15.330461],[102.204856,15.328342],[102.204357,15.323182],[102.208741,15.32014],[102.213624,15.322258]]]}},{"type":"Feature","properties":{"h3":"88659b8c21fffff","tcode":"301011","bldg":3},"geometry":{"type":"Polygon","coordinates":[[[102.212125,15.306775],[102.212625,15.311936],[102.208241,15.314978],[102.203358,15.312859],[102.202858,15.307698],[102.207242,15.304656],[102.212125,15.306775]]]}},{"type":"Feature","properties":{"h3":"88659b8c3dfffff","tcode":"301011","bldg":218},"geometry":{"type":"Polygon","coordinates":[[[102.197475,15.300417],[102.197975,15.305579],[102.193591,15.308621],[102.188707,15.306501],[102.188208,15.301339],[102.192592,15.298298],[102.197475,15.300417]]]}},{"type":"Feature","properties":{"h3":"88659b8c45fffff","tcode":"301011","bldg":24},"geometry":{"type":"Polygon","coordinates":[[[102.227658,15.273961],[102.228158,15.279122],[102.223775,15.282165],[102.218892,15.280045],[102.218393,15.274884],[102.222775,15.271841],[102.227658,15.273961]]]}},{"type":"Feature","properties":{"h3":"88659b8c03fffff","tcode":"301011","bldg":30},"geometry":{"type":"Polygon","coordinates":[[[102.195977,15.284932],[102.196476,15.290094],[102.192092,15.293136],[102.187209,15.291016],[102.18671,15.285854],[102.191093,15.282812],[102.195977,15.284932]]]}},{"type":"Feature","properties":{"h3":"88659b8f11fffff","tcode":"301011","bldg":2},"geometry":{"type":"Polygon","coordinates":[[[102.246188,15.272114],[102.246688,15.277275],[102.242306,15.280318],[102.237423,15.278199],[102.236923,15.273037],[102.241306,15.269995],[102.246188,15.272114]]]}},{"type":"Feature","properties":{"h3":"88659b8d5dfffff","tcode":"301011","bldg":32},"geometry":{"type":"Polygon","coordinates":[[[102.245307,15.311284],[102.245807,15.316445],[102.241424,15.319487],[102.236541,15.317369],[102.236041,15.312208],[102.240424,15.309166],[102.245307,15.311284]]]}},{"type":"Feature","properties":{"h3":"88659b8d0dfffff","tcode":"301011","bldg":15},"geometry":{"type":"Polygon","coordinates":[[[102.252191,15.334044],[102.252692,15.339204],[102.248308,15.342247],[102.243425,15.340129],[102.242925,15.334969],[102.247308,15.331926],[102.252191,15.334044]]]}},{"type":"Feature","properties":{"h3":"88659b8d43fffff","tcode":"301011","bldg":53},"geometry":{"type":"Polygon","coordinates":[[[102.25069,15.318563],[102.25119,15.323723],[102.246808,15.326766],[102.241924,15.324648],[102.241424,15.319487],[102.245807,15.316445],[102.25069,15.318563]]]}},{"type":"Feature","properties":{"h3":"88659b8c05fffff","tcode":"301011","bldg":229},"geometry":{"type":"Polygon","coordinates":[[[102.210626,15.291291],[102.211125,15.296453],[102.206742,15.299495],[102.201859,15.297375],[102.201359,15.292214],[102.205743,15.289172],[102.210626,15.291291]]]}},{"type":"Feature","properties":{"h3":"88659b8f13fffff","tcode":"301011","bldg":0},"geometry":{"type":"Polygon","coordinates":[[[102.236923,15.273037],[102.237423,15.278199],[102.233041,15.281241],[102.228158,15.279122],[102.227658,15.273961],[102.232041,15.270918],[102.236923,15.273037]]]}},{"type":"Feature","properties":{"h3":"88659b8d0bfffff","tcode":"301011","bldg":14},"geometry":{"type":"Polygon","coordinates":[[[102.237541,15.32769],[102.238041,15.332851],[102.233658,15.335893],[102.228775,15.333775],[102.228275,15.328614],[102.232658,15.325572],[102.237541,15.32769]]]}},{"type":"Feature","properties":{"h3":"88659b8c09fffff","tcode":"301011","bldg":7},"geometry":{"type":"Polygon","coordinates":[[[102.209127,15.275806],[102.209626,15.280968],[102.205243,15.28401],[102.20036,15.28189],[102.199861,15.276729],[102.204244,15.273686],[102.209127,15.275806]]]}},{"type":"Feature","properties":{"h3":"88659b8f17fffff","tcode":"301011","bldg":211},"geometry":{"type":"Polygon","coordinates":[[[102.242306,15.280318],[102.242806,15.285479],[102.238423,15.288521],[102.233541,15.286403],[102.233041,15.281241],[102.237423,15.278199],[102.242306,15.280318]]]}},{"type":"Feature","properties":{"h3":"88659b8d47fffff","tcode":"301011","bldg":159},"geometry":{"type":"Polygon","coordinates":[[[102.256074,15.325841],[102.256574,15.331001],[102.252191,15.334044],[102.247308,15.331926],[102.246808,15.326766],[102.25119,15.323723],[102.256074,15.325841]]]}},{"type":"Feature","properties":{"h3":"88659b8f33fffff","tcode":"301011","bldg":164},"geometry":{"type":"Polygon","coordinates":[[[102.243806,15.295801],[102.244306,15.300962],[102.239924,15.304005],[102.235041,15.301886],[102.234541,15.296725],[102.238924,15.293683],[102.243806,15.295801]]]}},{"type":"Feature","properties":{"h3":"88659b8c29fffff","tcode":"301011","bldg":107},"geometry":{"type":"Polygon","coordinates":[[[102.216009,15.298572],[102.216508,15.303733],[102.212125,15.306775],[102.207242,15.304656],[102.206742,15.299495],[102.211125,15.296453],[102.216009,15.298572]]]}},{"type":"Feature","properties":{"h3":"88659b8c63fffff","tcode":"301011","bldg":34},"geometry":{"type":"Polygon","coordinates":[[[102.219892,15.290368],[102.220392,15.29553],[102.216009,15.298572],[102.211125,15.296453],[102.210626,15.291291],[102.215009,15.288249],[102.219892,15.290368]]]}},{"type":"Feature","properties":{"h3":"88659b8c35fffff","tcode":"301011","bldg":3},"geometry":{"type":"Polygon","coordinates":[[[102.193591,15.308621],[102.19409,15.313782],[102.189706,15.316824],[102.184822,15.314704],[102.184323,15.309543],[102.188707,15.306501],[102.193591,15.308621]]]}},{"type":"Feature","properties":{"h3":"88659b8d59fffff","tcode":"301011","bldg":7},"geometry":{"type":"Polygon","coordinates":[[[102.239924,15.304005],[102.240424,15.309166],[102.236041,15.312208],[102.231158,15.31009],[102.230658,15.304929],[102.235041,15.301886],[102.239924,15.304005]]]}},{"type":"Feature","properties":{"h3":"88659b8c2bfffff","tcode":"301011","bldg":378},"geometry":{"type":"Polygon","coordinates":[[[102.206742,15.299495],[102.207242,15.304656],[102.202858,15.307698],[102.197975,15.305579],[102.197475,15.300417],[102.201859,15.297375],[102.206742,15.299495]]]}},{"type":"Feature","properties":{"h3":"88659b8c25fffff","tcode":"301011","bldg":4},"geometry":{"type":"Polygon","coordinates":[[[102.217508,15.314055],[102.218008,15.319216],[102.213624,15.322258],[102.208741,15.32014],[102.208241,15.314978],[102.212625,15.311936],[102.217508,15.314055]]]}},{"type":"Feature","properties":{"h3":"88659b8c23fffff","tcode":"301011","bldg":26},"geometry":{"type":"Polygon","coordinates":[[[102.202858,15.307698],[102.203358,15.312859],[102.198974,15.315901],[102.19409,15.313782],[102.193591,15.308621],[102.197975,15.305579],[102.202858,15.307698]]]}},{"type":"Feature","properties":{"h3":"88659b8c67fffff","tcode":"301011","bldg":13},"geometry":{"type":"Polygon","coordinates":[[[102.225275,15.297649],[102.225775,15.30281],[102.221392,15.305852],[102.216508,15.303733],[102.216009,15.298572],[102.220392,15.29553],[102.225275,15.297649]]]}},{"type":"Feature","properties":{"h3":"88659b8c1dfffff","tcode":"301011","bldg":11},"geometry":{"type":"Polygon","coordinates":[[[102.190594,15.27765],[102.191093,15.282812],[102.18671,15.285854],[102.181826,15.283734],[102.181327,15.278572],[102.185711,15.27553],[102.190594,15.27765]]]}},{"type":"Feature","properties":{"h3":"88659b8c39fffff","tcode":"301011","bldg":232},"geometry":{"type":"Polygon","coordinates":[[[102.192092,15.293136],[102.192592,15.298298],[102.188208,15.301339],[102.183324,15.299219],[102.182825,15.294058],[102.187209,15.291016],[102.192092,15.293136]]]}},{"type":"Feature","properties":{"h3":"88659b8c65fffff","tcode":"301011","bldg":8},"geometry":{"type":"Polygon","coordinates":[[[102.234541,15.296725],[102.235041,15.301886],[102.230658,15.304929],[102.225775,15.30281],[102.225275,15.297649],[102.229658,15.294606],[102.234541,15.296725]]]}},{"type":"Feature","properties":{"h3":"88659b8d51fffff","tcode":"301011","bldg":449},"geometry":{"type":"Polygon","coordinates":[[[102.236041,15.312208],[102.236541,15.317369],[102.232158,15.320411],[102.227275,15.318293],[102.226775,15.313132],[102.231158,15.31009],[102.236041,15.312208]]]}},{"type":"Feature","properties":{"h3":"88659b8c2dfffff","tcode":"301011","bldg":3},"geometry":{"type":"Polygon","coordinates":[[[102.221392,15.305852],[102.221891,15.311013],[102.217508,15.314055],[102.212625,15.311936],[102.212125,15.306775],[102.216508,15.303733],[102.221392,15.305852]]]}},{"type":"Feature","properties":{"h3":"88659b8c47fffff","tcode":"301011","bldg":11},"geometry":{"type":"Polygon","coordinates":[[[102.218393,15.274884],[102.218892,15.280045],[102.214509,15.283087],[102.209626,15.280968],[102.209127,15.275806],[102.21351,15.272764],[102.218393,15.274884]]]}},{"type":"Feature","properties":{"h3":"88659b8c0dfffff","tcode":"301011","bldg":385},"geometry":{"type":"Polygon","coordinates":[[[102.214509,15.283087],[102.215009,15.288249],[102.210626,15.291291],[102.205743,15.289172],[102.205243,15.28401],[102.209626,15.280968],[102.214509,15.283087]]]}},{"type":"Feature","properties":{"h3":"88659b8d5bfffff","tcode":"301011","bldg":5},"geometry":{"type":"Polygon","coordinates":[[[102.230658,15.304929],[102.231158,15.31009],[102.226775,15.313132],[102.221891,15.311013],[102.221392,15.305852],[102.225775,15.30281],[102.230658,15.304929]]]}},{"type":"Feature","properties":{"h3":"88659b856bfffff","tcode":"301012","bldg":1},"geometry":{"type":"Polygon","coordinates":[[[102.213281,15.173752],[102.213781,15.178915],[102.209399,15.181957],[102.204518,15.179836],[102.204018,15.174673],[102.2084,15.17163],[102.213281,15.173752]]]}},{"type":"Feature","properties":{"h3":"88659b8543fffff","tcode":"301012","bldg":0},"geometry":{"type":"Polygon","coordinates":[[[102.20252,15.159181],[102.20302,15.164345],[102.198638,15.167387],[102.193756,15.165266],[102.193257,15.160102],[102.197639,15.15706],[102.20252,15.159181]]]}},{"type":"Feature","properties":{"h3":"88659b8091fffff","tcode":"301012","bldg":728},"geometry":{"type":"Polygon","coordinates":[[[102.235688,15.163702],[102.236188,15.168866],[102.231807,15.171908],[102.226926,15.169788],[102.226426,15.164624],[102.230807,15.161581],[102.235688,15.163702]]]}},{"type":"Feature","properties":{"h3":"88659b8545fffff","tcode":"301012","bldg":3},"geometry":{"type":"Polygon","coordinates":[[[102.217163,15.165546],[102.217663,15.170709],[102.213281,15.173752],[102.2084,15.17163],[102.207901,15.166467],[102.212282,15.163424],[102.217163,15.165546]]]}},{"type":"Feature","properties":{"h3":"88659b809dfffff","tcode":"301012","bldg":35},"geometry":{"type":"Polygon","coordinates":[[[102.244949,15.16278],[102.245449,15.167943],[102.241069,15.170986],[102.236188,15.168866],[102.235688,15.163702],[102.240069,15.160659],[102.244949,15.16278]]]}},{"type":"Feature","properties":{"h3":"88659b8547fffff","tcode":"301012","bldg":5},"geometry":{"type":"Polygon","coordinates":[[[102.207901,15.166467],[102.2084,15.17163],[102.204018,15.174673],[102.199137,15.172551],[102.198638,15.167387],[102.20302,15.164345],[102.207901,15.166467]]]}},{"type":"Feature","properties":{"h3":"88659b8095fffff","tcode":"301012","bldg":92},"geometry":{"type":"Polygon","coordinates":[[[102.241069,15.170986],[102.241569,15.176149],[102.237187,15.179192],[102.232306,15.177072],[102.231807,15.171908],[102.236188,15.168866],[102.241069,15.170986]]]}},{"type":"Feature","properties":{"h3":"88659b8731fffff","tcode":"301012","bldg":752},"geometry":{"type":"Polygon","coordinates":[[[102.204904,15.135483],[102.205404,15.140647],[102.201022,15.143689],[102.196141,15.141567],[102.195642,15.136403],[102.200024,15.133361],[102.204904,15.135483]]]}},{"type":"Feature","properties":{"h3":"88659b854bfffff","tcode":"301012","bldg":133},"geometry":{"type":"Polygon","coordinates":[[[102.206402,15.150975],[102.206902,15.156139],[102.20252,15.159181],[102.197639,15.15706],[102.19714,15.151896],[102.201522,15.148853],[102.206402,15.150975]]]}},{"type":"Feature","properties":{"h3":"88659b8737fffff","tcode":"301012","bldg":897},"geometry":{"type":"Polygon","coordinates":[[[102.201022,15.143689],[102.201522,15.148853],[102.19714,15.151896],[102.192259,15.149774],[102.19176,15.144609],[102.196141,15.141567],[102.201022,15.143689]]]}},{"type":"Feature","properties":{"h3":"88659b8703fffff","tcode":"301012","bldg":24},"geometry":{"type":"Polygon","coordinates":[[[102.212668,15.119069],[102.213167,15.124233],[102.208786,15.127276],[102.203906,15.125154],[102.203406,15.119989],[102.207787,15.116947],[102.212668,15.119069]]]}},{"type":"Feature","properties":{"h3":"88659b846dfffff","tcode":"301012","bldg":6},"geometry":{"type":"Polygon","coordinates":[[[102.190262,15.129116],[102.190761,15.134281],[102.186379,15.137323],[102.181498,15.1352],[102.180999,15.130036],[102.185381,15.126994],[102.190262,15.129116]]]}},{"type":"Feature","properties":{"h3":"88659b8549fffff","tcode":"301012","bldg":88},"geometry":{"type":"Polygon","coordinates":[[[102.215665,15.150054],[102.216164,15.155218],[102.211783,15.15826],[102.206902,15.156139],[102.206402,15.150975],[102.210784,15.147933],[102.215665,15.150054]]]}},{"type":"Feature","properties":{"h3":"88659b8725fffff","tcode":"301012","bldg":68},"geometry":{"type":"Polygon","coordinates":[[[102.234188,15.148211],[102.234688,15.153375],[102.230307,15.156418],[102.225426,15.154297],[102.224927,15.149133],[102.229308,15.14609],[102.234188,15.148211]]]}},{"type":"Feature","properties":{"h3":"88659b854dfffff","tcode":"301012","bldg":2},"geometry":{"type":"Polygon","coordinates":[[[102.221045,15.157339],[102.221545,15.162503],[102.217163,15.165546],[102.212282,15.163424],[102.211783,15.15826],[102.216164,15.155218],[102.221045,15.157339]]]}},{"type":"Feature","properties":{"h3":"88659b8723fffff","tcode":"301012","bldg":650},"geometry":{"type":"Polygon","coordinates":[[[102.219546,15.141848],[102.220046,15.147012],[102.215665,15.150054],[102.210784,15.147933],[102.210285,15.142769],[102.214666,15.139726],[102.219546,15.141848]]]}},{"type":"Feature","properties":{"h3":"88659b872bfffff","tcode":"301012","bldg":622},"geometry":{"type":"Polygon","coordinates":[[[102.223428,15.133641],[102.223927,15.138805],[102.219546,15.141848],[102.214666,15.139726],[102.214166,15.134562],[102.218547,15.13152],[102.223428,15.133641]]]}},{"type":"Feature","properties":{"h3":"88659b8721fffff","tcode":"301012","bldg":29},"geometry":{"type":"Polygon","coordinates":[[[102.228808,15.140926],[102.229308,15.14609],[102.224927,15.149133],[102.220046,15.147012],[102.219546,15.141848],[102.223927,15.138805],[102.228808,15.140926]]]}},{"type":"Feature","properties":{"h3":"88659b873bfffff","tcode":"301012","bldg":193},"geometry":{"type":"Polygon","coordinates":[[[102.199524,15.128196],[102.200024,15.133361],[102.195642,15.136403],[102.190761,15.134281],[102.190262,15.129116],[102.194644,15.126074],[102.199524,15.128196]]]}},{"type":"Feature","properties":{"h3":"88659b856dfffff","tcode":"301012","bldg":198},"geometry":{"type":"Polygon","coordinates":[[[102.227925,15.180114],[102.228425,15.185277],[102.224043,15.18832],[102.219162,15.186199],[102.218662,15.181036],[102.223044,15.177993],[102.227925,15.180114]]]}},{"type":"Feature","properties":{"h3":"88659b8733fffff","tcode":"301012","bldg":163},"geometry":{"type":"Polygon","coordinates":[[[102.195642,15.136403],[102.196141,15.141567],[102.19176,15.144609],[102.186879,15.142487],[102.186379,15.137323],[102.190761,15.134281],[102.195642,15.136403]]]}},{"type":"Feature","properties":{"h3":"88659b8707fffff","tcode":"301012","bldg":222},"geometry":{"type":"Polygon","coordinates":[[[102.218048,15.126355],[102.218547,15.13152],[102.214166,15.134562],[102.209286,15.13244],[102.208786,15.127276],[102.213167,15.124233],[102.218048,15.126355]]]}},{"type":"Feature","properties":{"h3":"88659b8739fffff","tcode":"301012","bldg":499},"geometry":{"type":"Polygon","coordinates":[[[102.208786,15.127276],[102.209286,15.13244],[102.204904,15.135483],[102.200024,15.133361],[102.199524,15.128196],[102.203906,15.125154],[102.208786,15.127276]]]}},{"type":"Feature","properties":{"h3":"88659b8541fffff","tcode":"301012","bldg":2},"geometry":{"type":"Polygon","coordinates":[[[102.211783,15.15826],[102.212282,15.163424],[102.207901,15.166467],[102.20302,15.164345],[102.20252,15.159181],[102.206902,15.156139],[102.211783,15.15826]]]}},{"type":"Feature","properties":{"h3":"88659b8735fffff","tcode":"301012","bldg":778},"geometry":{"type":"Polygon","coordinates":[[[102.210285,15.142769],[102.210784,15.147933],[102.206402,15.150975],[102.201522,15.148853],[102.201022,15.143689],[102.205404,15.140647],[102.210285,15.142769]]]}},{"type":"Feature","properties":{"h3":"88659b8099fffff","tcode":"301012","bldg":112},"geometry":{"type":"Polygon","coordinates":[[[102.239569,15.155496],[102.240069,15.160659],[102.235688,15.163702],[102.230807,15.161581],[102.230307,15.156418],[102.234688,15.153375],[102.239569,15.155496]]]}},{"type":"Feature","properties":{"h3":"88659b8569fffff","tcode":"301012","bldg":0},"geometry":{"type":"Polygon","coordinates":[[[102.222544,15.17283],[102.223044,15.177993],[102.218662,15.181036],[102.213781,15.178915],[102.213281,15.173752],[102.217663,15.170709],[102.222544,15.17283]]]}},{"type":"Feature","properties":{"h3":"88659b8097fffff","tcode":"301012","bldg":3},"geometry":{"type":"Polygon","coordinates":[[[102.231807,15.171908],[102.232306,15.177072],[102.227925,15.180114],[102.223044,15.177993],[102.222544,15.17283],[102.226926,15.169788],[102.231807,15.171908]]]}},{"type":"Feature","properties":{"h3":"88659b8093fffff","tcode":"301012","bldg":11},"geometry":{"type":"Polygon","coordinates":[[[102.226426,15.164624],[102.226926,15.169788],[102.222544,15.17283],[102.217663,15.170709],[102.217163,15.165546],[102.221545,15.162503],[102.226426,15.164624]]]}},{"type":"Feature","properties":{"h3":"88659b8561fffff","tcode":"301012","bldg":30},"geometry":{"type":"Polygon","coordinates":[[[102.218662,15.181036],[102.219162,15.186199],[102.21478,15.189242],[102.209899,15.187121],[102.209399,15.181957],[102.213781,15.178915],[102.218662,15.181036]]]}},{"type":"Feature","properties":{"h3":"88659b8559fffff","tcode":"301012","bldg":8},"geometry":{"type":"Polygon","coordinates":[[[102.19176,15.144609],[102.192259,15.149774],[102.187877,15.152816],[102.182996,15.150693],[102.182497,15.145529],[102.186879,15.142487],[102.19176,15.144609]]]}},{"type":"Feature","properties":{"h3":"88659b809bfffff","tcode":"301012","bldg":134},"geometry":{"type":"Polygon","coordinates":[[[102.230307,15.156418],[102.230807,15.161581],[102.226426,15.164624],[102.221545,15.162503],[102.221045,15.157339],[102.225426,15.154297],[102.230307,15.156418]]]}},{"type":"Feature","properties":{"h3":"88659b8715fffff","tcode":"301012","bldg":49},"geometry":{"type":"Polygon","coordinates":[[[102.203406,15.119989],[102.203906,15.125154],[102.199524,15.128196],[102.194644,15.126074],[102.194144,15.120909],[102.198526,15.117867],[102.203406,15.119989]]]}},{"type":"Feature","properties":{"h3":"88659b873dfffff","tcode":"301012","bldg":399},"geometry":{"type":"Polygon","coordinates":[[[102.214166,15.134562],[102.214666,15.139726],[102.210285,15.142769],[102.205404,15.140647],[102.204904,15.135483],[102.209286,15.13244],[102.214166,15.134562]]]}},{"type":"Feature","properties":{"h3":"88659b8727fffff","tcode":"301012","bldg":267},"geometry":{"type":"Polygon","coordinates":[[[102.224927,15.149133],[102.225426,15.154297],[102.221045,15.157339],[102.216164,15.155218],[102.215665,15.150054],[102.220046,15.147012],[102.224927,15.149133]]]}},{"type":"Feature","properties":{"h3":"88659b855dfffff","tcode":"301012","bldg":0},"geometry":{"type":"Polygon","coordinates":[[[102.19714,15.151896],[102.197639,15.15706],[102.193257,15.160102],[102.188376,15.15798],[102.187877,15.152816],[102.192259,15.149774],[102.19714,15.151896]]]}},{"type":"Feature","properties":{"h3":"88659b8eedfffff","tcode":"301013","bldg":0},"geometry":{"type":"Polygon","coordinates":[[[102.200747,15.237551],[102.201247,15.242713],[102.196864,15.245755],[102.191981,15.243635],[102.191482,15.238472],[102.195865,15.23543],[102.200747,15.237551]]]}},{"type":"Feature","properties":{"h3":"88659b8e2dfffff","tcode":"301013","bldg":3},"geometry":{"type":"Polygon","coordinates":[[[102.248569,15.248424],[102.24907,15.253586],[102.244688,15.256629],[102.239805,15.25451],[102.239305,15.249348],[102.243687,15.246305],[102.248569,15.248424]]]}},{"type":"Feature","properties":{"h3":"88659b8c49fffff","tcode":"301013","bldg":372},"geometry":{"type":"Polygon","coordinates":[[[102.226158,15.258475],[102.226658,15.263637],[102.222276,15.26668],[102.217393,15.26456],[102.216893,15.259398],[102.221276,15.256356],[102.226158,15.258475]]]}},{"type":"Feature","properties":{"h3":"88659b8ee5fffff","tcode":"301013","bldg":2},"geometry":{"type":"Polygon","coordinates":[[[102.196864,15.245755],[102.197363,15.250918],[102.19298,15.25396],[102.188097,15.251839],[102.187598,15.246677],[102.191981,15.243635],[102.196864,15.245755]]]}},{"type":"Feature","properties":{"h3":"88659b8c57fffff","tcode":"301013","bldg":71},"geometry":{"type":"Polygon","coordinates":[[[102.194478,15.269447],[102.194978,15.274609],[102.190594,15.27765],[102.185711,15.27553],[102.185212,15.270368],[102.189595,15.267326],[102.194478,15.269447]]]}},{"type":"Feature","properties":{"h3":"88659b8e3dfffff","tcode":"301013","bldg":66},"geometry":{"type":"Polygon","coordinates":[[[102.224659,15.242989],[102.225159,15.248151],[102.220776,15.251194],[102.215894,15.249074],[102.215394,15.243912],[102.219777,15.240869],[102.224659,15.242989]]]}},{"type":"Feature","properties":{"h3":"88659b8c1bfffff","tcode":"301013","bldg":12},"geometry":{"type":"Polygon","coordinates":[[[102.175945,15.271289],[102.176444,15.276452],[102.17206,15.279493],[102.167177,15.277373],[102.166678,15.27221],[102.171062,15.269169],[102.175945,15.271289]]]}},{"type":"Feature","properties":{"h3":"88659b8ee3fffff","tcode":"301013","bldg":8},"geometry":{"type":"Polygon","coordinates":[[[102.182216,15.239393],[102.182715,15.244556],[102.178332,15.247598],[102.173449,15.245477],[102.17295,15.240314],[102.177334,15.237272],[102.182216,15.239393]]]}},{"type":"Feature","properties":{"h3":"88659b8e01fffff","tcode":"301013","bldg":132},"geometry":{"type":"Polygon","coordinates":[[[102.232424,15.22658],[102.232923,15.231742],[102.228541,15.234785],[102.223659,15.232665],[102.22316,15.227502],[102.227542,15.22446],[102.232424,15.22658]]]}},{"type":"Feature","properties":{"h3":"88659b8e09fffff","tcode":"301013","bldg":121},"geometry":{"type":"Polygon","coordinates":[[[102.236305,15.218375],[102.236805,15.223537],[102.232424,15.22658],[102.227542,15.22446],[102.227042,15.219297],[102.231424,15.216255],[102.236305,15.218375]]]}},{"type":"Feature","properties":{"h3":"88659b8e6bfffff","tcode":"301013","bldg":12},"geometry":{"type":"Polygon","coordinates":[[[102.25095,15.224734],[102.25145,15.229896],[102.247069,15.232938],[102.242187,15.230819],[102.241687,15.225657],[102.246069,15.222614],[102.25095,15.224734]]]}},{"type":"Feature","properties":{"h3":"88659b8e17fffff","tcode":"301013","bldg":1},"geometry":{"type":"Polygon","coordinates":[[[102.204631,15.229346],[102.20513,15.234509],[102.200747,15.237551],[102.195865,15.23543],[102.195366,15.230268],[102.199748,15.227226],[102.204631,15.229346]]]}},{"type":"Feature","properties":{"h3":"88659b8e2bfffff","tcode":"301013","bldg":12},"geometry":{"type":"Polygon","coordinates":[[[102.233923,15.242066],[102.234423,15.247228],[102.230041,15.250271],[102.225159,15.248151],[102.224659,15.242989],[102.229041,15.239947],[102.233923,15.242066]]]}},{"type":"Feature","properties":{"h3":"88659b8c41fffff","tcode":"301013","bldg":807},"geometry":{"type":"Polygon","coordinates":[[[102.222276,15.26668],[102.222775,15.271841],[102.218393,15.274884],[102.21351,15.272764],[102.21301,15.267602],[102.217393,15.26456],[102.222276,15.26668]]]}},{"type":"Feature","properties":{"h3":"88659b8eadfffff","tcode":"301013","bldg":146},"geometry":{"type":"Polygon","coordinates":[[[102.183714,15.254881],[102.184213,15.260044],[102.179829,15.263085],[102.174946,15.260965],[102.174447,15.255802],[102.178831,15.252761],[102.183714,15.254881]]]}},{"type":"Feature","properties":{"h3":"88659b8e67fffff","tcode":"301013","bldg":2},"geometry":{"type":"Polygon","coordinates":[[[102.252451,15.24022],[102.252951,15.245382],[102.248569,15.248424],[102.243687,15.246305],[102.243187,15.241143],[102.247569,15.238101],[102.252451,15.24022]]]}},{"type":"Feature","properties":{"h3":"88659b8ea7fffff","tcode":"301013","bldg":53},"geometry":{"type":"Polygon","coordinates":[[[102.170563,15.264006],[102.171062,15.269169],[102.166678,15.27221],[102.161794,15.270089],[102.161295,15.264927],[102.16568,15.261885],[102.170563,15.264006]]]}},{"type":"Feature","properties":{"h3":"88659b8e63fffff","tcode":"301013","bldg":2},"geometry":{"type":"Polygon","coordinates":[[[102.247069,15.232938],[102.247569,15.238101],[102.243187,15.241143],[102.238305,15.239024],[102.237805,15.233862],[102.242187,15.230819],[102.247069,15.232938]]]}},{"type":"Feature","properties":{"h3":"88659b8e39fffff","tcode":"301013","bldg":1},"geometry":{"type":"Polygon","coordinates":[[[102.219277,15.235707],[102.219777,15.240869],[102.215394,15.243912],[102.210512,15.241792],[102.210012,15.236629],[102.214395,15.233587],[102.219277,15.235707]]]}},{"type":"Feature","properties":{"h3":"88659b8ccdfffff","tcode":"301013","bldg":47},"geometry":{"type":"Polygon","coordinates":[[[102.166678,15.27221],[102.167177,15.277373],[102.162792,15.280414],[102.157909,15.278293],[102.15741,15.273131],[102.161794,15.270089],[102.166678,15.27221]]]}},{"type":"Feature","properties":{"h3":"88659b8e35fffff","tcode":"301013","bldg":333},"geometry":{"type":"Polygon","coordinates":[[[102.220776,15.251194],[102.221276,15.256356],[102.216893,15.259398],[102.212011,15.257278],[102.211511,15.252116],[102.215894,15.249074],[102.220776,15.251194]]]}},{"type":"Feature","properties":{"h3":"88659b8e0dfffff","tcode":"301013","bldg":495},"geometry":{"type":"Polygon","coordinates":[[[102.241687,15.225657],[102.242187,15.230819],[102.237805,15.233862],[102.232923,15.231742],[102.232424,15.22658],[102.236805,15.223537],[102.241687,15.225657]]]}},{"type":"Feature","properties":{"h3":"88659b8e31fffff","tcode":"301013","bldg":4},"geometry":{"type":"Polygon","coordinates":[[[102.215394,15.243912],[102.215894,15.249074],[102.211511,15.252116],[102.206629,15.249996],[102.206129,15.244834],[102.210512,15.241792],[102.215394,15.243912]]]}},{"type":"Feature","properties":{"h3":"88659b8e25fffff","tcode":"301013","bldg":0},"geometry":{"type":"Polygon","coordinates":[[[102.244688,15.256629],[102.245188,15.261791],[102.240806,15.264833],[102.235923,15.262714],[102.235423,15.257552],[102.239805,15.25451],[102.244688,15.256629]]]}},{"type":"Feature","properties":{"h3":"88659b8ea9fffff","tcode":"301013","bldg":95},"geometry":{"type":"Polygon","coordinates":[[[102.178332,15.247598],[102.178831,15.252761],[102.174447,15.255802],[102.169564,15.253681],[102.169065,15.248519],[102.173449,15.245477],[102.178332,15.247598]]]}},{"type":"Feature","properties":{"h3":"88659b8e37fffff","tcode":"301013","bldg":206},"geometry":{"type":"Polygon","coordinates":[[[102.211511,15.252116],[102.212011,15.257278],[102.207628,15.26032],[102.202745,15.2582],[102.202246,15.253038],[102.206629,15.249996],[102.211511,15.252116]]]}},{"type":"Feature","properties":{"h3":"88659b8e05fffff","tcode":"301013","bldg":23},"geometry":{"type":"Polygon","coordinates":[[[102.237805,15.233862],[102.238305,15.239024],[102.233923,15.242066],[102.229041,15.239947],[102.228541,15.234785],[102.232923,15.231742],[102.237805,15.233862]]]}},{"type":"Feature","properties":{"h3":"88659b8e65fffff","tcode":"301013","bldg":0},"geometry":{"type":"Polygon","coordinates":[[[102.261714,15.239296],[102.262214,15.244458],[102.257833,15.247501],[102.252951,15.245382],[102.252451,15.24022],[102.256832,15.237177],[102.261714,15.239296]]]}},{"type":"Feature","properties":{"h3":"88659b8ee7fffff","tcode":"301013","bldg":370},"geometry":{"type":"Polygon","coordinates":[[[102.187598,15.246677],[102.188097,15.251839],[102.183714,15.254881],[102.178831,15.252761],[102.178332,15.247598],[102.182715,15.244556],[102.187598,15.246677]]]}},{"type":"Feature","properties":{"h3":"88659b8c5dfffff","tcode":"301013","bldg":15},"geometry":{"type":"Polygon","coordinates":[[[102.207628,15.26032],[102.208128,15.265482],[102.203744,15.268525],[102.198862,15.266405],[102.198362,15.261242],[102.202745,15.2582],[102.207628,15.26032]]]}},{"type":"Feature","properties":{"h3":"88659b8f1bfffff","tcode":"301013","bldg":10},"geometry":{"type":"Polygon","coordinates":[[[102.240806,15.264833],[102.241306,15.269995],[102.236923,15.273037],[102.232041,15.270918],[102.231541,15.265757],[102.235923,15.262714],[102.240806,15.264833]]]}},{"type":"Feature","properties":{"h3":"88659b8c19fffff","tcode":"301013","bldg":41},"geometry":{"type":"Polygon","coordinates":[[[102.185212,15.270368],[102.185711,15.27553],[102.181327,15.278572],[102.176444,15.276452],[102.175945,15.271289],[102.180329,15.268248],[102.185212,15.270368]]]}},{"type":"Feature","properties":{"h3":"88659b8e47fffff","tcode":"301013","bldg":56},"geometry":{"type":"Polygon","coordinates":[[[102.245569,15.217452],[102.246069,15.222614],[102.241687,15.225657],[102.236805,15.223537],[102.236305,15.218375],[102.240687,15.215332],[102.245569,15.217452]]]}},{"type":"Feature","properties":{"h3":"88659b8ea1fffff","tcode":"301013","bldg":302},"geometry":{"type":"Polygon","coordinates":[[[102.174447,15.255802],[102.174946,15.260965],[102.170563,15.264006],[102.16568,15.261885],[102.165181,15.256723],[102.169564,15.253681],[102.174447,15.255802]]]}},{"type":"Feature","properties":{"h3":"88659b8c5bfffff","tcode":"301013","bldg":97},"geometry":{"type":"Polygon","coordinates":[[[102.19298,15.25396],[102.193479,15.259122],[102.189096,15.262164],[102.184213,15.260044],[102.183714,15.254881],[102.188097,15.251839],[102.19298,15.25396]]]}},{"type":"Feature","properties":{"h3":"88659b8c55fffff","tcode":"301013","bldg":22},"geometry":{"type":"Polygon","coordinates":[[[102.203744,15.268525],[102.204244,15.273686],[102.199861,15.276729],[102.194978,15.274609],[102.194478,15.269447],[102.198862,15.266405],[102.203744,15.268525]]]}},{"type":"Feature","properties":{"h3":"88659b8c59fffff","tcode":"301013","bldg":9},"geometry":{"type":"Polygon","coordinates":[[[102.202246,15.253038],[102.202745,15.2582],[102.198362,15.261242],[102.193479,15.259122],[102.19298,15.25396],[102.197363,15.250918],[102.202246,15.253038]]]}},{"type":"Feature","properties":{"h3":"88659b8e45fffff","tcode":"301013","bldg":6},"geometry":{"type":"Polygon","coordinates":[[[102.254831,15.216528],[102.255332,15.221691],[102.25095,15.224734],[102.246069,15.222614],[102.245569,15.217452],[102.24995,15.214409],[102.254831,15.216528]]]}},{"type":"Feature","properties":{"h3":"88659b8ee1fffff","tcode":"301013","bldg":1},"geometry":{"type":"Polygon","coordinates":[[[102.191482,15.238472],[102.191981,15.243635],[102.187598,15.246677],[102.182715,15.244556],[102.182216,15.239393],[102.1866,15.236352],[102.191482,15.238472]]]}},{"type":"Feature","properties":{"h3":"88659b8c53fffff","tcode":"301013","bldg":9},"geometry":{"type":"Polygon","coordinates":[[[102.189096,15.262164],[102.189595,15.267326],[102.185212,15.270368],[102.180329,15.268248],[102.179829,15.263085],[102.184213,15.260044],[102.189096,15.262164]]]}},{"type":"Feature","properties":{"h3":"88659b8e23fffff","tcode":"301013","bldg":29},"geometry":{"type":"Polygon","coordinates":[[[102.230041,15.250271],[102.230541,15.255433],[102.226158,15.258475],[102.221276,15.256356],[102.220776,15.251194],[102.225159,15.248151],[102.230041,15.250271]]]}},{"type":"Feature","properties":{"h3":"88659b8e3bfffff","tcode":"301013","bldg":3},"geometry":{"type":"Polygon","coordinates":[[[102.210012,15.236629],[102.210512,15.241792],[102.206129,15.244834],[102.201247,15.242713],[102.200747,15.237551],[102.20513,15.234509],[102.210012,15.236629]]]}},{"type":"Feature","properties":{"h3":"88659b8c4bfffff","tcode":"301013","bldg":119},"geometry":{"type":"Polygon","coordinates":[[[102.216893,15.259398],[102.217393,15.26456],[102.21301,15.267602],[102.208128,15.265482],[102.207628,15.26032],[102.212011,15.257278],[102.216893,15.259398]]]}},{"type":"Feature","properties":{"h3":"88659b8e21fffff","tcode":"301013","bldg":2},"geometry":{"type":"Polygon","coordinates":[[[102.239305,15.249348],[102.239805,15.25451],[102.235423,15.257552],[102.230541,15.255433],[102.230041,15.250271],[102.234423,15.247228],[102.239305,15.249348]]]}},{"type":"Feature","properties":{"h3":"88659b8e0bfffff","tcode":"301013","bldg":3},"geometry":{"type":"Polygon","coordinates":[[[102.227042,15.219297],[102.227542,15.22446],[102.22316,15.227502],[102.218278,15.225382],[102.217778,15.220219],[102.22216,15.217177],[102.227042,15.219297]]]}},{"type":"Feature","properties":{"h3":"88659b8e07fffff","tcode":"301013","bldg":11},"geometry":{"type":"Polygon","coordinates":[[[102.228541,15.234785],[102.229041,15.239947],[102.224659,15.242989],[102.219777,15.240869],[102.219277,15.235707],[102.223659,15.232665],[102.228541,15.234785]]]}},{"type":"Feature","properties":{"h3":"88659b8c4dfffff","tcode":"301013","bldg":249},"geometry":{"type":"Polygon","coordinates":[[[102.231541,15.265757],[102.232041,15.270918],[102.227658,15.273961],[102.222775,15.271841],[102.222276,15.26668],[102.226658,15.263637],[102.231541,15.265757]]]}},{"type":"Feature","properties":{"h3":"88659b8e61fffff","tcode":"301013","bldg":3},"geometry":{"type":"Polygon","coordinates":[[[102.256332,15.232015],[102.256832,15.237177],[102.252451,15.24022],[102.247569,15.238101],[102.247069,15.232938],[102.25145,15.229896],[102.256332,15.232015]]]}},{"type":"Feature","properties":{"h3":"88659b8e29fffff","tcode":"301013","bldg":4},"geometry":{"type":"Polygon","coordinates":[[[102.243187,15.241143],[102.243687,15.246305],[102.239305,15.249348],[102.234423,15.247228],[102.233923,15.242066],[102.238305,15.239024],[102.243187,15.241143]]]}},{"type":"Feature","properties":{"h3":"88659b8c43fffff","tcode":"301013","bldg":4},"geometry":{"type":"Polygon","coordinates":[[[102.21301,15.267602],[102.21351,15.272764],[102.209127,15.275806],[102.204244,15.273686],[102.203744,15.268525],[102.208128,15.265482],[102.21301,15.267602]]]}},{"type":"Feature","properties":{"h3":"88659b8e69fffff","tcode":"301013","bldg":4},"geometry":{"type":"Polygon","coordinates":[[[102.260213,15.22381],[102.260713,15.228972],[102.256332,15.232015],[102.25145,15.229896],[102.25095,15.224734],[102.255332,15.221691],[102.260213,15.22381]]]}},{"type":"Feature","properties":{"h3":"88659b8c51fffff","tcode":"301013","bldg":0},"geometry":{"type":"Polygon","coordinates":[[[102.198362,15.261242],[102.198862,15.266405],[102.194478,15.269447],[102.189595,15.267326],[102.189096,15.262164],[102.193479,15.259122],[102.198362,15.261242]]]}},{"type":"Feature","properties":{"h3":"88659b8e15fffff","tcode":"301013","bldg":5},"geometry":{"type":"Polygon","coordinates":[[[102.213895,15.228424],[102.214395,15.233587],[102.210012,15.236629],[102.20513,15.234509],[102.204631,15.229346],[102.209013,15.226304],[102.213895,15.228424]]]}},{"type":"Feature","properties":{"h3":"88659b8ea5fffff","tcode":"301013","bldg":422},"geometry":{"type":"Polygon","coordinates":[[[102.179829,15.263085],[102.180329,15.268248],[102.175945,15.271289],[102.171062,15.269169],[102.170563,15.264006],[102.174946,15.260965],[102.179829,15.263085]]]}},{"type":"Feature","properties":{"h3":"88659b8e33fffff","tcode":"301013","bldg":1},"geometry":{"type":"Polygon","coordinates":[[[102.206129,15.244834],[102.206629,15.249996],[102.202246,15.253038],[102.197363,15.250918],[102.196864,15.245755],[102.201247,15.242713],[102.206129,15.244834]]]}},{"type":"Feature","properties":{"h3":"88659b8e03fffff","tcode":"301013","bldg":40},"geometry":{"type":"Polygon","coordinates":[[[102.22316,15.227502],[102.223659,15.232665],[102.219277,15.235707],[102.214395,15.233587],[102.213895,15.228424],[102.218278,15.225382],[102.22316,15.227502]]]}},{"type":"Feature","properties":{"h3":"88659b8e27fffff","tcode":"301013","bldg":74},"geometry":{"type":"Polygon","coordinates":[[[102.235423,15.257552],[102.235923,15.262714],[102.231541,15.265757],[102.226658,15.263637],[102.226158,15.258475],[102.230541,15.255433],[102.235423,15.257552]]]}},{"type":"Feature","properties":{"h3":"88659b8539fffff","tcode":"301014","bldg":52},"geometry":{"type":"Polygon","coordinates":[[[102.181608,15.184719],[102.182107,15.189883],[102.177724,15.192925],[102.172842,15.190803],[102.172343,15.185639],[102.176726,15.182598],[102.181608,15.184719]]]}},{"type":"Feature","properties":{"h3":"88659b8533fffff","tcode":"301014","bldg":394},"geometry":{"type":"Polygon","coordinates":[[[102.168459,15.193845],[102.168958,15.199009],[102.164575,15.20205],[102.159693,15.199928],[102.159194,15.194764],[102.163577,15.191723],[102.168459,15.193845]]]}},{"type":"Feature","properties":{"h3":"88659b80b7fffff","tcode":"301014","bldg":1},"geometry":{"type":"Polygon","coordinates":[[[102.238687,15.194681],[102.239187,15.199844],[102.234806,15.202887],[102.229924,15.200766],[102.229424,15.195604],[102.233806,15.192561],[102.238687,15.194681]]]}},{"type":"Feature","properties":{"h3":"88659b8eddfffff","tcode":"301014","bldg":0},"geometry":{"type":"Polygon","coordinates":[[[102.169956,15.209335],[102.170455,15.214499],[102.166072,15.217541],[102.161189,15.215419],[102.16069,15.210255],[102.165074,15.207214],[102.169956,15.209335]]]}},{"type":"Feature","properties":{"h3":"88659b8503fffff","tcode":"301014","bldg":193},"geometry":{"type":"Polygon","coordinates":[[[102.185491,15.176514],[102.18599,15.181677],[102.181608,15.184719],[102.176726,15.182598],[102.176227,15.177434],[102.18061,15.174392],[102.185491,15.176514]]]}},{"type":"Feature","properties":{"h3":"88659b8501fffff","tcode":"301014","bldg":222},"geometry":{"type":"Polygon","coordinates":[[[102.194755,15.175593],[102.195254,15.180757],[102.190872,15.183799],[102.18599,15.181677],[102.185491,15.176514],[102.189873,15.173472],[102.194755,15.175593]]]}},{"type":"Feature","properties":{"h3":"88659b80bbfffff","tcode":"301014","bldg":455},"geometry":{"type":"Polygon","coordinates":[[[102.237187,15.179192],[102.237687,15.184355],[102.233306,15.187398],[102.228425,15.185277],[102.227925,15.180114],[102.232306,15.177072],[102.237187,15.179192]]]}},{"type":"Feature","properties":{"h3":"88659b80b3fffff","tcode":"301014","bldg":48},"geometry":{"type":"Polygon","coordinates":[[[102.233306,15.187398],[102.233806,15.192561],[102.229424,15.195604],[102.224543,15.193483],[102.224043,15.18832],[102.228425,15.185277],[102.233306,15.187398]]]}},{"type":"Feature","properties":{"h3":"88659b8e1dfffff","tcode":"301014","bldg":8},"geometry":{"type":"Polygon","coordinates":[[[102.217778,15.220219],[102.218278,15.225382],[102.213895,15.228424],[102.209013,15.226304],[102.208514,15.221141],[102.212896,15.218099],[102.217778,15.220219]]]}},{"type":"Feature","properties":{"h3":"88659b853dfffff","tcode":"301014","bldg":36},"geometry":{"type":"Polygon","coordinates":[[[102.186989,15.192005],[102.187488,15.197168],[102.183105,15.20021],[102.178223,15.198088],[102.177724,15.192925],[102.182107,15.189883],[102.186989,15.192005]]]}},{"type":"Feature","properties":{"h3":"88659b8563fffff","tcode":"301014","bldg":13},"geometry":{"type":"Polygon","coordinates":[[[102.209399,15.181957],[102.209899,15.187121],[102.205517,15.190163],[102.200635,15.188042],[102.200136,15.182878],[102.204518,15.179836],[102.209399,15.181957]]]}},{"type":"Feature","properties":{"h3":"88659b8e57fffff","tcode":"301014","bldg":1},"geometry":{"type":"Polygon","coordinates":[[[102.22166,15.212014],[102.22216,15.217177],[102.217778,15.220219],[102.212896,15.218099],[102.212396,15.212936],[102.216779,15.209894],[102.22166,15.212014]]]}},{"type":"Feature","properties":{"h3":"88659b8523fffff","tcode":"301014","bldg":20},"geometry":{"type":"Polygon","coordinates":[[[102.19237,15.199289],[102.192869,15.204453],[102.188486,15.207495],[102.183604,15.205373],[102.183105,15.20021],[102.187488,15.197168],[102.19237,15.199289]]]}},{"type":"Feature","properties":{"h3":"88659b8ec7fffff","tcode":"301014","bldg":1},"geometry":{"type":"Polygon","coordinates":[[[102.180719,15.223905],[102.181218,15.229068],[102.176835,15.23211],[102.171952,15.229988],[102.171453,15.224825],[102.175836,15.221784],[102.180719,15.223905]]]}},{"type":"Feature","properties":{"h3":"88659b8e4bfffff","tcode":"301014","bldg":6},"geometry":{"type":"Polygon","coordinates":[[[102.244068,15.201964],[102.244569,15.207127],[102.240187,15.210169],[102.235306,15.208049],[102.234806,15.202887],[102.239187,15.199844],[102.244068,15.201964]]]}},{"type":"Feature","properties":{"h3":"88659b85e7fffff","tcode":"301014","bldg":380},"geometry":{"type":"Polygon","coordinates":[[[102.149928,15.195684],[102.150427,15.200847],[102.146043,15.203889],[102.141161,15.201766],[102.140662,15.196603],[102.145046,15.193561],[102.149928,15.195684]]]}},{"type":"Feature","properties":{"h3":"88659b8e41fffff","tcode":"301014","bldg":1},"geometry":{"type":"Polygon","coordinates":[[[102.24945,15.209246],[102.24995,15.214409],[102.245569,15.217452],[102.240687,15.215332],[102.240187,15.210169],[102.244569,15.207127],[102.24945,15.209246]]]}},{"type":"Feature","properties":{"h3":"88659b8e11fffff","tcode":"301014","bldg":8},"geometry":{"type":"Polygon","coordinates":[[[102.208514,15.221141],[102.209013,15.226304],[102.204631,15.229346],[102.199748,15.227226],[102.199249,15.222063],[102.203632,15.219021],[102.208514,15.221141]]]}},{"type":"Feature","properties":{"h3":"88659b8e13fffff","tcode":"301014","bldg":0},"geometry":{"type":"Polygon","coordinates":[[[102.199249,15.222063],[102.199748,15.227226],[102.195366,15.230268],[102.190483,15.228147],[102.189984,15.222984],[102.194367,15.219942],[102.199249,15.222063]]]}},{"type":"Feature","properties":{"h3":"88659b8e51fffff","tcode":"301014","bldg":128},"geometry":{"type":"Polygon","coordinates":[[[102.225543,15.203809],[102.226042,15.208972],[102.22166,15.212014],[102.216779,15.209894],[102.216279,15.204731],[102.220661,15.201689],[102.225543,15.203809]]]}},{"type":"Feature","properties":{"h3":"88659b85e3fffff","tcode":"301014","bldg":626},"geometry":{"type":"Polygon","coordinates":[[[102.144547,15.188397],[102.145046,15.193561],[102.140662,15.196603],[102.13578,15.19448],[102.135282,15.189316],[102.139665,15.186274],[102.144547,15.188397]]]}},{"type":"Feature","properties":{"h3":"88659b85e5fffff","tcode":"301014","bldg":23},"geometry":{"type":"Polygon","coordinates":[[[102.159194,15.194764],[102.159693,15.199928],[102.155309,15.20297],[102.150427,15.200847],[102.149928,15.195684],[102.154312,15.192642],[102.159194,15.194764]]]}},{"type":"Feature","properties":{"h3":"88659b8529fffff","tcode":"301014","bldg":130},"geometry":{"type":"Polygon","coordinates":[[[102.205517,15.190163],[102.206016,15.195326],[102.201634,15.198369],[102.196752,15.196247],[102.196253,15.191084],[102.200635,15.188042],[102.205517,15.190163]]]}},{"type":"Feature","properties":{"h3":"88659b8e49fffff","tcode":"301014","bldg":8},"geometry":{"type":"Polygon","coordinates":[[[102.253331,15.201041],[102.253831,15.206204],[102.24945,15.209246],[102.244569,15.207127],[102.244068,15.201964],[102.24845,15.198921],[102.253331,15.201041]]]}},{"type":"Feature","properties":{"h3":"88659b8525fffff","tcode":"301014","bldg":10},"geometry":{"type":"Polygon","coordinates":[[[102.207015,15.205653],[102.207515,15.210816],[102.203132,15.213858],[102.19825,15.211737],[102.197751,15.206574],[102.202133,15.203532],[102.207015,15.205653]]]}},{"type":"Feature","properties":{"h3":"88659b850dfffff","tcode":"301014","bldg":3},"geometry":{"type":"Polygon","coordinates":[[[102.204018,15.174673],[102.204518,15.179836],[102.200136,15.182878],[102.195254,15.180757],[102.194755,15.175593],[102.199137,15.172551],[102.204018,15.174673]]]}},{"type":"Feature","properties":{"h3":"88659b8505fffff","tcode":"301014","bldg":120},"geometry":{"type":"Polygon","coordinates":[[[102.200136,15.182878],[102.200635,15.188042],[102.196253,15.191084],[102.191371,15.188963],[102.190872,15.183799],[102.195254,15.180757],[102.200136,15.182878]]]}},{"type":"Feature","properties":{"h3":"88659b85edfffff","tcode":"301014","bldg":25},"geometry":{"type":"Polygon","coordinates":[[[102.163078,15.186559],[102.163577,15.191723],[102.159194,15.194764],[102.154312,15.192642],[102.153813,15.187478],[102.158196,15.184437],[102.163078,15.186559]]]}},{"type":"Feature","properties":{"h3":"88659b8517fffff","tcode":"301014","bldg":3},"geometry":{"type":"Polygon","coordinates":[[[102.166962,15.178353],[102.167461,15.183517],[102.163078,15.186559],[102.158196,15.184437],[102.157698,15.179273],[102.162081,15.176231],[102.166962,15.178353]]]}},{"type":"Feature","properties":{"h3":"88659b80b1fffff","tcode":"301014","bldg":19},"geometry":{"type":"Polygon","coordinates":[[[102.242568,15.186476],[102.243068,15.191638],[102.238687,15.194681],[102.233806,15.192561],[102.233306,15.187398],[102.237687,15.184355],[102.242568,15.186476]]]}},{"type":"Feature","properties":{"h3":"88659b8e59fffff","tcode":"301014","bldg":30},"geometry":{"type":"Polygon","coordinates":[[[102.229424,15.195604],[102.229924,15.200766],[102.225543,15.203809],[102.220661,15.201689],[102.220161,15.196526],[102.224543,15.193483],[102.229424,15.195604]]]}},{"type":"Feature","properties":{"h3":"88659b8e55fffff","tcode":"301014","bldg":21},"geometry":{"type":"Polygon","coordinates":[[[102.230924,15.211092],[102.231424,15.216255],[102.227042,15.219297],[102.22216,15.217177],[102.22166,15.212014],[102.226042,15.208972],[102.230924,15.211092]]]}},{"type":"Feature","properties":{"h3":"88659b8565fffff","tcode":"301014","bldg":18},"geometry":{"type":"Polygon","coordinates":[[[102.224043,15.18832],[102.224543,15.193483],[102.220161,15.196526],[102.21528,15.194405],[102.21478,15.189242],[102.219162,15.186199],[102.224043,15.18832]]]}},{"type":"Feature","properties":{"h3":"88659b852dfffff","tcode":"301014","bldg":251},"geometry":{"type":"Polygon","coordinates":[[[102.210898,15.197447],[102.211397,15.20261],[102.207015,15.205653],[102.202133,15.203532],[102.201634,15.198369],[102.206016,15.195326],[102.210898,15.197447]]]}},{"type":"Feature","properties":{"h3":"88659b8567fffff","tcode":"301014","bldg":106},"geometry":{"type":"Polygon","coordinates":[[[102.21478,15.189242],[102.21528,15.194405],[102.210898,15.197447],[102.206016,15.195326],[102.205517,15.190163],[102.209899,15.187121],[102.21478,15.189242]]]}},{"type":"Feature","properties":{"h3":"88659b8ed9fffff","tcode":"301014","bldg":2},"geometry":{"type":"Polygon","coordinates":[[[102.164575,15.20205],[102.165074,15.207214],[102.16069,15.210255],[102.155808,15.208133],[102.155309,15.20297],[102.159693,15.199928],[102.164575,15.20205]]]}},{"type":"Feature","properties":{"h3":"88659b8e5dfffff","tcode":"301014","bldg":3},"geometry":{"type":"Polygon","coordinates":[[[102.234806,15.202887],[102.235306,15.208049],[102.230924,15.211092],[102.226042,15.208972],[102.225543,15.203809],[102.229924,15.200766],[102.234806,15.202887]]]}},{"type":"Feature","properties":{"h3":"88659b8ecdfffff","tcode":"301014","bldg":49},"geometry":{"type":"Polygon","coordinates":[[[102.193868,15.214779],[102.194367,15.219942],[102.189984,15.222984],[102.185102,15.220863],[102.184603,15.2157],[102.188986,15.212658],[102.193868,15.214779]]]}},{"type":"Feature","properties":{"h3":"88659b852bfffff","tcode":"301014","bldg":19},"geometry":{"type":"Polygon","coordinates":[[[102.196253,15.191084],[102.196752,15.196247],[102.19237,15.199289],[102.187488,15.197168],[102.186989,15.192005],[102.191371,15.188963],[102.196253,15.191084]]]}},{"type":"Feature","properties":{"h3":"88659b8ecbfffff","tcode":"301014","bldg":7},"geometry":{"type":"Polygon","coordinates":[[[102.179221,15.208415],[102.17972,15.213579],[102.175337,15.21662],[102.170455,15.214499],[102.169956,15.209335],[102.174339,15.206294],[102.179221,15.208415]]]}},{"type":"Feature","properties":{"h3":"88659b85e1fffff","tcode":"301014","bldg":367},"geometry":{"type":"Polygon","coordinates":[[[102.153813,15.187478],[102.154312,15.192642],[102.149928,15.195684],[102.145046,15.193561],[102.144547,15.188397],[102.148931,15.185356],[102.153813,15.187478]]]}},{"type":"Feature","properties":{"h3":"88659b8ee9fffff","tcode":"301014","bldg":0},"geometry":{"type":"Polygon","coordinates":[[[102.195366,15.230268],[102.195865,15.23543],[102.191482,15.238472],[102.1866,15.236352],[102.1861,15.231189],[102.190483,15.228147],[102.195366,15.230268]]]}},{"type":"Feature","properties":{"h3":"88659b8e5bfffff","tcode":"301014","bldg":4},"geometry":{"type":"Polygon","coordinates":[[[102.220161,15.196526],[102.220661,15.201689],[102.216279,15.204731],[102.211397,15.20261],[102.210898,15.197447],[102.21528,15.194405],[102.220161,15.196526]]]}},{"type":"Feature","properties":{"h3":"88659b8509fffff","tcode":"301014","bldg":0},"geometry":{"type":"Polygon","coordinates":[[[102.198638,15.167387],[102.199137,15.172551],[102.194755,15.175593],[102.189873,15.173472],[102.189374,15.168308],[102.193756,15.165266],[102.198638,15.167387]]]}},{"type":"Feature","properties":{"h3":"88659b8e1bfffff","tcode":"301014","bldg":0},"geometry":{"type":"Polygon","coordinates":[[[102.203132,15.213858],[102.203632,15.219021],[102.199249,15.222063],[102.194367,15.219942],[102.193868,15.214779],[102.19825,15.211737],[102.203132,15.213858]]]}},{"type":"Feature","properties":{"h3":"88659b8e19fffff","tcode":"301014","bldg":1},"geometry":{"type":"Polygon","coordinates":[[[102.212396,15.212936],[102.212896,15.218099],[102.208514,15.221141],[102.203632,15.219021],[102.203132,15.213858],[102.207515,15.210816],[102.212396,15.212936]]]}},{"type":"Feature","properties":{"h3":"88659b8eebfffff","tcode":"301014","bldg":2},"geometry":{"type":"Polygon","coordinates":[[[102.1861,15.231189],[102.1866,15.236352],[102.182216,15.239393],[102.177334,15.237272],[102.176835,15.23211],[102.181218,15.229068],[102.1861,15.231189]]]}},{"type":"Feature","properties":{"h3":"88659b8edbfffff","tcode":"301014","bldg":25},"geometry":{"type":"Polygon","coordinates":[[[102.155309,15.20297],[102.155808,15.208133],[102.151424,15.211175],[102.146542,15.209053],[102.146043,15.203889],[102.150427,15.200847],[102.155309,15.20297]]]}},{"type":"Feature","properties":{"h3":"88659b8ec5fffff","tcode":"301014","bldg":4},"geometry":{"type":"Polygon","coordinates":[[[102.189984,15.222984],[102.190483,15.228147],[102.1861,15.231189],[102.181218,15.229068],[102.180719,15.223905],[102.185102,15.220863],[102.189984,15.222984]]]}},{"type":"Feature","properties":{"h3":"88659b8535fffff","tcode":"301014","bldg":38},"geometry":{"type":"Polygon","coordinates":[[[102.183105,15.20021],[102.183604,15.205373],[102.179221,15.208415],[102.174339,15.206294],[102.17384,15.20113],[102.178223,15.198088],[102.183105,15.20021]]]}},{"type":"Feature","properties":{"h3":"88659b853bfffff","tcode":"301014","bldg":11},"geometry":{"type":"Polygon","coordinates":[[[102.172343,15.185639],[102.172842,15.190803],[102.168459,15.193845],[102.163577,15.191723],[102.163078,15.186559],[102.167461,15.183517],[102.172343,15.185639]]]}},{"type":"Feature","properties":{"h3":"88659b8537fffff","tcode":"301014","bldg":10},"geometry":{"type":"Polygon","coordinates":[[[102.17384,15.20113],[102.174339,15.206294],[102.169956,15.209335],[102.165074,15.207214],[102.164575,15.20205],[102.168958,15.199009],[102.17384,15.20113]]]}},{"type":"Feature","properties":{"h3":"88659b8531fffff","tcode":"301014","bldg":605},"geometry":{"type":"Polygon","coordinates":[[[102.177724,15.192925],[102.178223,15.198088],[102.17384,15.20113],[102.168958,15.199009],[102.168459,15.193845],[102.172842,15.190803],[102.177724,15.192925]]]}},{"type":"Feature","properties":{"h3":"88659b80b5fffff","tcode":"301014","bldg":7},"geometry":{"type":"Polygon","coordinates":[[[102.24795,15.193759],[102.24845,15.198921],[102.244068,15.201964],[102.239187,15.199844],[102.238687,15.194681],[102.243068,15.191638],[102.24795,15.193759]]]}},{"type":"Feature","properties":{"h3":"88659b8507fffff","tcode":"301014","bldg":33},"geometry":{"type":"Polygon","coordinates":[[[102.190872,15.183799],[102.191371,15.188963],[102.186989,15.192005],[102.182107,15.189883],[102.181608,15.184719],[102.18599,15.181677],[102.190872,15.183799]]]}},{"type":"Feature","properties":{"h3":"88659b85adfffff","tcode":"301014","bldg":34},"geometry":{"type":"Polygon","coordinates":[[[102.146043,15.203889],[102.146542,15.209053],[102.142158,15.212094],[102.137275,15.209972],[102.136777,15.204808],[102.141161,15.201766],[102.146043,15.203889]]]}},{"type":"Feature","properties":{"h3":"88659b8ec1fffff","tcode":"301014","bldg":14},"geometry":{"type":"Polygon","coordinates":[[[102.184603,15.2157],[102.185102,15.220863],[102.180719,15.223905],[102.175836,15.221784],[102.175337,15.21662],[102.17972,15.213579],[102.184603,15.2157]]]}},{"type":"Feature","properties":{"h3":"88659b8e43fffff","tcode":"301014","bldg":1},"geometry":{"type":"Polygon","coordinates":[[[102.240187,15.210169],[102.240687,15.215332],[102.236305,15.218375],[102.231424,15.216255],[102.230924,15.211092],[102.235306,15.208049],[102.240187,15.210169]]]}},{"type":"Feature","properties":{"h3":"88659b8527fffff","tcode":"301014","bldg":0},"geometry":{"type":"Polygon","coordinates":[[[102.197751,15.206574],[102.19825,15.211737],[102.193868,15.214779],[102.188986,15.212658],[102.188486,15.207495],[102.192869,15.204453],[102.197751,15.206574]]]}},{"type":"Feature","properties":{"h3":"88659b8ec9fffff","tcode":"301014","bldg":3},"geometry":{"type":"Polygon","coordinates":[[[102.188486,15.207495],[102.188986,15.212658],[102.184603,15.2157],[102.17972,15.213579],[102.179221,15.208415],[102.183604,15.205373],[102.188486,15.207495]]]}},{"type":"Feature","properties":{"h3":"88659b8e53fffff","tcode":"301014","bldg":290},"geometry":{"type":"Polygon","coordinates":[[[102.216279,15.204731],[102.216779,15.209894],[102.212396,15.212936],[102.207515,15.210816],[102.207015,15.205653],[102.211397,15.20261],[102.216279,15.204731]]]}},{"type":"Feature","properties":{"h3":"88659b8521fffff","tcode":"301014","bldg":3},"geometry":{"type":"Polygon","coordinates":[[[102.201634,15.198369],[102.202133,15.203532],[102.197751,15.206574],[102.192869,15.204453],[102.19237,15.199289],[102.196752,15.196247],[102.201634,15.198369]]]}},{"type":"Feature","properties":{"h3":"88659b828dfffff","tcode":"301015","bldg":112},"geometry":{"type":"Polygon","coordinates":[[[102.296005,15.11077],[102.296506,15.115934],[102.292127,15.118978],[102.287248,15.116858],[102.286747,15.111694],[102.291126,15.10865],[102.296005,15.11077]]]}},{"type":"Feature","properties":{"h3":"88659b8287fffff","tcode":"301015","bldg":236},"geometry":{"type":"Polygon","coordinates":[[[102.282868,15.119901],[102.283369,15.125065],[102.27899,15.128108],[102.27411,15.125988],[102.273609,15.120824],[102.277989,15.117781],[102.282868,15.119901]]]}},{"type":"Feature","properties":{"h3":"88659b82b9fffff","tcode":"301015","bldg":21},"geometry":{"type":"Polygon","coordinates":[[[102.273609,15.120824],[102.27411,15.125988],[102.26973,15.129031],[102.26485,15.126911],[102.26435,15.121747],[102.26873,15.118704],[102.273609,15.120824]]]}},{"type":"Feature","properties":{"h3":"88659b82d7fffff","tcode":"301015","bldg":513},"geometry":{"type":"Polygon","coordinates":[[[102.275987,15.097125],[102.276488,15.102289],[102.272109,15.105332],[102.267229,15.103212],[102.266729,15.098048],[102.271108,15.095004],[102.275987,15.097125]]]}},{"type":"Feature","properties":{"h3":"88659b828bfffff","tcode":"301015","bldg":488},"geometry":{"type":"Polygon","coordinates":[[[102.281367,15.10441],[102.281868,15.109574],[102.277488,15.112617],[102.272609,15.110496],[102.272109,15.105332],[102.276488,15.102289],[102.281367,15.10441]]]}},{"type":"Feature","properties":{"h3":"88659b82d5fffff","tcode":"301015","bldg":433},"geometry":{"type":"Polygon","coordinates":[[[102.285246,15.096202],[102.285746,15.101366],[102.281367,15.10441],[102.276488,15.102289],[102.275987,15.097125],[102.280366,15.094082],[102.285246,15.096202]]]}},{"type":"Feature","properties":{"h3":"88659b8295fffff","tcode":"301015","bldg":1},"geometry":{"type":"Polygon","coordinates":[[[102.268229,15.11354],[102.26873,15.118704],[102.26435,15.121747],[102.25947,15.119626],[102.25897,15.114462],[102.26335,15.111419],[102.268229,15.11354]]]}},{"type":"Feature","properties":{"h3":"88659b82bdfffff","tcode":"301015","bldg":67},"geometry":{"type":"Polygon","coordinates":[[[102.27899,15.128108],[102.27949,15.133272],[102.275111,15.136315],[102.270231,15.134195],[102.26973,15.129031],[102.27411,15.125988],[102.27899,15.128108]]]}},{"type":"Feature","properties":{"h3":"88659b8299fffff","tcode":"301015","bldg":124},"geometry":{"type":"Polygon","coordinates":[[[102.266729,15.098048],[102.267229,15.103212],[102.26285,15.106255],[102.25797,15.104134],[102.25747,15.09897],[102.261849,15.095926],[102.266729,15.098048]]]}},{"type":"Feature","properties":{"h3":"88659b8281fffff","tcode":"301015","bldg":1157},"geometry":{"type":"Polygon","coordinates":[[[102.286747,15.111694],[102.287248,15.116858],[102.282868,15.119901],[102.277989,15.117781],[102.277488,15.112617],[102.281868,15.109574],[102.286747,15.111694]]]}},{"type":"Feature","properties":{"h3":"88659b8283fffff","tcode":"301015","bldg":269},"geometry":{"type":"Polygon","coordinates":[[[102.277488,15.112617],[102.277989,15.117781],[102.273609,15.120824],[102.26873,15.118704],[102.268229,15.11354],[102.272609,15.110496],[102.277488,15.112617]]]}},{"type":"Feature","properties":{"h3":"88659b82abfffff","tcode":"301015","bldg":18},"geometry":{"type":"Polygon","coordinates":[[[102.288249,15.127185],[102.288749,15.132348],[102.28437,15.135392],[102.27949,15.133272],[102.27899,15.128108],[102.283369,15.125065],[102.288249,15.127185]]]}},{"type":"Feature","properties":{"h3":"88659b8285fffff","tcode":"301015","bldg":299},"geometry":{"type":"Polygon","coordinates":[[[102.292127,15.118978],[102.292628,15.124141],[102.288249,15.127185],[102.283369,15.125065],[102.282868,15.119901],[102.287248,15.116858],[102.292127,15.118978]]]}},{"type":"Feature","properties":{"h3":"88659b829dfffff","tcode":"301015","bldg":253},"geometry":{"type":"Polygon","coordinates":[[[102.272109,15.105332],[102.272609,15.110496],[102.268229,15.11354],[102.26335,15.111419],[102.26285,15.106255],[102.267229,15.103212],[102.272109,15.105332]]]}},{"type":"Feature","properties":{"h3":"88659b8289fffff","tcode":"301015","bldg":248},"geometry":{"type":"Polygon","coordinates":[[[102.290625,15.103487],[102.291126,15.10865],[102.286747,15.111694],[102.281868,15.109574],[102.281367,15.10441],[102.285746,15.101366],[102.290625,15.103487]]]}},{"type":"Feature","properties":{"h3":"88659b8291fffff","tcode":"301015","bldg":21},"geometry":{"type":"Polygon","coordinates":[[[102.26285,15.106255],[102.26335,15.111419],[102.25897,15.114462],[102.25409,15.112341],[102.25359,15.107177],[102.25797,15.104134],[102.26285,15.106255]]]}},{"type":"Feature","properties":{"h3":"88659b9501fffff","tcode":"301016","bldg":216},"geometry":{"type":"Polygon","coordinates":[[[102.31389,15.054239],[102.314391,15.059403],[102.310013,15.062447],[102.305135,15.060327],[102.304634,15.055162],[102.309012,15.052118],[102.31389,15.054239]]]}},{"type":"Feature","properties":{"h3":"88659b9533fffff","tcode":"301016","bldg":0},"geometry":{"type":"Polygon","coordinates":[[[102.287622,15.072502],[102.288123,15.077666],[102.283744,15.08071],[102.278865,15.078589],[102.278365,15.073424],[102.282744,15.070381],[102.287622,15.072502]]]}},{"type":"Feature","properties":{"h3":"88659b9511fffff","tcode":"301016","bldg":5},"geometry":{"type":"Polygon","coordinates":[[[102.289999,15.0488],[102.290499,15.053964],[102.286121,15.057008],[102.281243,15.054887],[102.280742,15.049722],[102.28512,15.046678],[102.289999,15.0488]]]}},{"type":"Feature","properties":{"h3":"88659b9539fffff","tcode":"301016","bldg":28},"geometry":{"type":"Polygon","coordinates":[[[102.300757,15.063371],[102.301258,15.068535],[102.29688,15.071579],[102.292001,15.069458],[102.2915,15.064294],[102.295878,15.06125],[102.300757,15.063371]]]}},{"type":"Feature","properties":{"h3":"88659b9525fffff","tcode":"301016","bldg":3},"geometry":{"type":"Polygon","coordinates":[[[102.326152,15.0843],[102.326653,15.089463],[102.322275,15.092507],[102.317396,15.090388],[102.316895,15.085224],[102.321273,15.08218],[102.326152,15.0843]]]}},{"type":"Feature","properties":{"h3":"88659b950bfffff","tcode":"301016","bldg":135},"geometry":{"type":"Polygon","coordinates":[[[102.308511,15.046954],[102.309012,15.052118],[102.304634,15.055162],[102.299756,15.053042],[102.299255,15.047877],[102.303633,15.044833],[102.308511,15.046954]]]}},{"type":"Feature","properties":{"h3":"88659b9523fffff","tcode":"301016","bldg":2},"geometry":{"type":"Polygon","coordinates":[[[102.311516,15.07794],[102.312017,15.083104],[102.307639,15.086148],[102.30276,15.084028],[102.302259,15.078863],[102.306637,15.07582],[102.311516,15.07794]]]}},{"type":"Feature","properties":{"h3":"88659b9513fffff","tcode":"301016","bldg":38},"geometry":{"type":"Polygon","coordinates":[[[102.280742,15.049722],[102.281243,15.054887],[102.276864,15.05793],[102.271985,15.055809],[102.271485,15.050644],[102.275864,15.047601],[102.280742,15.049722]]]}},{"type":"Feature","properties":{"h3":"88659b9515fffff","tcode":"301016","bldg":12},"geometry":{"type":"Polygon","coordinates":[[[102.295378,15.056085],[102.295878,15.06125],[102.2915,15.064294],[102.286622,15.062173],[102.286121,15.057008],[102.290499,15.053964],[102.295378,15.056085]]]}},{"type":"Feature","properties":{"h3":"88659b9507fffff","tcode":"301016","bldg":32},"geometry":{"type":"Polygon","coordinates":[[[102.310013,15.062447],[102.310514,15.067612],[102.306136,15.070655],[102.301258,15.068535],[102.300757,15.063371],[102.305135,15.060327],[102.310013,15.062447]]]}},{"type":"Feature","properties":{"h3":"88659b9531fffff","tcode":"301016","bldg":21},"geometry":{"type":"Polygon","coordinates":[[[102.29688,15.071579],[102.29738,15.076743],[102.293002,15.079787],[102.288123,15.077666],[102.287622,15.072502],[102.292001,15.069458],[102.29688,15.071579]]]}},{"type":"Feature","properties":{"h3":"88659b9529fffff","tcode":"301016","bldg":43},"geometry":{"type":"Polygon","coordinates":[[[102.324649,15.068808],[102.32515,15.073972],[102.320772,15.077016],[102.315894,15.074896],[102.315393,15.069732],[102.31977,15.066688],[102.324649,15.068808]]]}},{"type":"Feature","properties":{"h3":"88659b953dfffff","tcode":"301016","bldg":139},"geometry":{"type":"Polygon","coordinates":[[[102.306136,15.070655],[102.306637,15.07582],[102.302259,15.078863],[102.29738,15.076743],[102.29688,15.071579],[102.301258,15.068535],[102.306136,15.070655]]]}},{"type":"Feature","properties":{"h3":"88659b95cdfffff","tcode":"301016","bldg":3},"geometry":{"type":"Polygon","coordinates":[[[102.275363,15.042435],[102.275864,15.047601],[102.271485,15.050644],[102.266606,15.048522],[102.266106,15.043357],[102.270485,15.040314],[102.275363,15.042435]]]}},{"type":"Feature","properties":{"h3":"88659b951bfffff","tcode":"301016","bldg":18},"geometry":{"type":"Polygon","coordinates":[[[102.28462,15.041513],[102.28512,15.046678],[102.280742,15.049722],[102.275864,15.047601],[102.275363,15.042435],[102.279742,15.039392],[102.28462,15.041513]]]}},{"type":"Feature","properties":{"h3":"88659b9521fffff","tcode":"301016","bldg":8},"geometry":{"type":"Polygon","coordinates":[[[102.320772,15.077016],[102.321273,15.08218],[102.316895,15.085224],[102.312017,15.083104],[102.311516,15.07794],[102.315894,15.074896],[102.320772,15.077016]]]}},{"type":"Feature","properties":{"h3":"88659b9503fffff","tcode":"301016","bldg":3},"geometry":{"type":"Polygon","coordinates":[[[102.304634,15.055162],[102.305135,15.060327],[102.300757,15.063371],[102.295878,15.06125],[102.295378,15.056085],[102.299756,15.053042],[102.304634,15.055162]]]}},{"type":"Feature","properties":{"h3":"88659b952dfffff","tcode":"301016","bldg":351},"geometry":{"type":"Polygon","coordinates":[[[102.330028,15.076092],[102.330529,15.081255],[102.326152,15.0843],[102.321273,15.08218],[102.320772,15.077016],[102.32515,15.073972],[102.330028,15.076092]]]}},{"type":"Feature","properties":{"h3":"88659b953bfffff","tcode":"301016","bldg":5},"geometry":{"type":"Polygon","coordinates":[[[102.2915,15.064294],[102.292001,15.069458],[102.287622,15.072502],[102.282744,15.070381],[102.282243,15.065216],[102.286622,15.062173],[102.2915,15.064294]]]}},{"type":"Feature","properties":{"h3":"88659b952bfffff","tcode":"301016","bldg":1},"geometry":{"type":"Polygon","coordinates":[[[102.315393,15.069732],[102.315894,15.074896],[102.311516,15.07794],[102.306637,15.07582],[102.306136,15.070655],[102.310514,15.067612],[102.315393,15.069732]]]}},{"type":"Feature","properties":{"h3":"88659b9505fffff","tcode":"301016","bldg":255},"geometry":{"type":"Polygon","coordinates":[[[102.319269,15.061524],[102.31977,15.066688],[102.315393,15.069732],[102.310514,15.067612],[102.310013,15.062447],[102.314391,15.059403],[102.319269,15.061524]]]}},{"type":"Feature","properties":{"h3":"88659b8251fffff","tcode":"301016","bldg":480},"geometry":{"type":"Polygon","coordinates":[[[102.344664,15.08245],[102.345165,15.087614],[102.340788,15.090658],[102.335909,15.088539],[102.335408,15.083375],[102.339785,15.080331],[102.344664,15.08245]]]}},{"type":"Feature","properties":{"h3":"88659b951dfffff","tcode":"301016","bldg":74},"geometry":{"type":"Polygon","coordinates":[[[102.299255,15.047877],[102.299756,15.053042],[102.295378,15.056085],[102.290499,15.053964],[102.289999,15.0488],[102.294377,15.045756],[102.299255,15.047877]]]}},{"type":"Feature","properties":{"h3":"88659b8253fffff","tcode":"301016","bldg":3},"geometry":{"type":"Polygon","coordinates":[[[102.335408,15.083375],[102.335909,15.088539],[102.331532,15.091583],[102.326653,15.089463],[102.326152,15.0843],[102.330529,15.081255],[102.335408,15.083375]]]}},{"type":"Feature","properties":{"h3":"88659b9427fffff","tcode":"301016","bldg":118},"geometry":{"type":"Polygon","coordinates":[[[102.279241,15.034227],[102.279742,15.039392],[102.275363,15.042435],[102.270485,15.040314],[102.269985,15.035149],[102.274363,15.032105],[102.279241,15.034227]]]}},{"type":"Feature","properties":{"h3":"88659b9519fffff","tcode":"301016","bldg":83},"geometry":{"type":"Polygon","coordinates":[[[102.293876,15.040591],[102.294377,15.045756],[102.289999,15.0488],[102.28512,15.046678],[102.28462,15.041513],[102.288998,15.03847],[102.293876,15.040591]]]}},{"type":"Feature","properties":{"h3":"88659b825bfffff","tcode":"301016","bldg":376},"geometry":{"type":"Polygon","coordinates":[[[102.339284,15.075167],[102.339785,15.080331],[102.335408,15.083375],[102.330529,15.081255],[102.330028,15.076092],[102.334406,15.073047],[102.339284,15.075167]]]}},{"type":"Feature","properties":{"h3":"88659b9517fffff","tcode":"301016","bldg":11},"geometry":{"type":"Polygon","coordinates":[[[102.286121,15.057008],[102.286622,15.062173],[102.282243,15.065216],[102.277364,15.063095],[102.276864,15.05793],[102.281243,15.054887],[102.286121,15.057008]]]}},{"type":"Feature","properties":{"h3":"88659b9535fffff","tcode":"301016","bldg":1},"geometry":{"type":"Polygon","coordinates":[[[102.302259,15.078863],[102.30276,15.084028],[102.298381,15.087071],[102.293502,15.084951],[102.293002,15.079787],[102.29738,15.076743],[102.302259,15.078863]]]}},{"type":"Feature","properties":{"h3":"88659b9527fffff","tcode":"301016","bldg":1},"geometry":{"type":"Polygon","coordinates":[[[102.316895,15.085224],[102.317396,15.090388],[102.313018,15.093432],[102.308139,15.091312],[102.307639,15.086148],[102.312017,15.083104],[102.316895,15.085224]]]}}]}