{"type":"FeatureCollection","updated_at":"2026-10-05T02:04:35+00:00","source":"© OpenStreetMap contributors (ODbL)","bbox":[101.81793,14.979299999999999,102.4855,15.434460000000001],"count":{"reservoir":153,"pond":44,"other":448,"basin":6,"wetland":5,"lake":4},"total_rai":20763,"features":[{"type":"Feature","geometry":{"type":"Polygon","coordinates":[[[101.9092,15.22709],[101.91124,15.22781],[101.91094,15.22898],[101.90999,15.22869],[101.90963,15.22817],[101.90921,15.22815],[101.90889,15.22838],[101.90922,15.22886],[101.90928,15.22924],[101.9085,15.23068],[101.90784,15.23152],[101.90728,15.23241],[101.90714,15.23308],[101.90631,15.23464],[101.90486,15.23461],[101.90364,15.23586],[101.90087,15.23892],[101.89943,15.24114],[101.89908,15.24385],[101.89941,15.24602],[101.8997,15.24723],[101.9005,15.24763],[101.90096,15.24847],[101.90093,15.24879],[101.89992,15.24957],[101.8984,15.25018],[101.89739,15.25065],[101.89731,15.25181],[101.89623,15.25235],[101.89717,15.25361],[101.89714,15.25446],[101.89562,15.25413],[101.89451,15.25357],[101.8942,15.25126],[101.89529,15.25125],[101.89558,15.25084],[101.89597,15.25032],[101.89686,15.24957],[101.89673,15.2461],[101.89344,15.24477],[101.89511,15.24175],[101.89171,15.24123],[101.88607,15.24164],[101.87926,15.24388],[101.86949,15.24638],[101.8681,15.24686],[101.86463,15.24805],[101.86374,15.24594],[101.86264,15.24289],[101.86571,15.24091],[101.86655,15.2417],[101.86712,15.2417],[101.86724,15.24137],[101.86899,15.24179],[101.86967,15.24275],[101.87186,15.24225],[101.87299,15.24174],[101.87526,15.24074],[101.87757,15.24092],[101.87864,15.23981],[101.88217,15.24],[101.88567,15.23837],[101.8881,15.23348],[101.88655,15.22958],[101.88242,15.22791],[101.88106,15.22421],[101.88096,15.22393],[101.88016,15.22371],[101.87914,15.22343],[101.87826,15.22319],[101.87508,15.22231],[101.87472,15.22221],[101.87445,15.21901],[101.87729,15.21877],[101.87759,15.22152],[101.87872,15.22166],[101.87917,15.22042],[101.87949,15.21869],[101.88203,15.21747],[101.88509,15.21731],[101.88475,15.21571],[101.88709,15.21535],[101.90809,15.22602],[101.90915,15.22656],[101.9092,15.22709]]]},"properties":{"name":"อ่างเก็บน้ำลำเชียงไกร","type":"reservoir","area_rai":4679.0,"osm":"w183630475"}},{"type":"Feature","geometry":{"type":"Polygon","coordinates":[[[102.50521,15.07546],[102.50344,15.07509],[102.50222,15.07437],[102.50288,15.07308],[102.50438,15.07192],[102.50534,15.07027],[102.50601,15.06999],[102.50675,15.06961],[102.50714,15.06821],[102.5076,15.0675],[102.50804,15.0673],[102.51099,15.06706],[102.51109,15.06592],[102.51115,15.06564],[102.51475,15.06504],[102.51301,15.05769],[102.51153,15.05395],[102.50759,15.05234],[102.5037,15.05157],[102.50164,15.0593],[102.49969,15.0604],[102.49476,15.06061],[102.49177,15.0611],[102.49128,15.06552],[102.49154,15.06983],[102.49136,15.07161],[102.49026,15.07322],[102.48898,15.07464],[102.48786,15.07478],[102.48724,15.07496],[102.48669,15.07532],[102.48583,15.07602],[102.48447,15.07709],[102.48402,15.078],[102.48364,15.07866],[102.48345,15.07918],[102.48345,15.07957],[102.48372,15.07982],[102.48481,15.08041],[102.49109,15.08639],[102.49136,15.08781],[102.49288,15.08924],[102.49404,15.08798],[102.49614,15.08905],[102.49659,15.08783],[102.49825,15.08877],[102.4998,15.08814],[102.49979,15.0866],[102.49932,15.08624],[102.49788,15.08539],[102.49689,15.08386],[102.49559,15.08301],[102.49619,15.08139],[102.49814,15.08031],[102.49947,15.08038],[102.50037,15.08074],[102.50149,15.08194],[102.50322,15.0839],[102.5038,15.08618],[102.50623,15.08723],[102.50801,15.08783],[102.50945,15.08649],[102.51177,15.08641],[102.51237,15.08486],[102.51151,15.08353],[102.50983,15.08247],[102.50975,15.08081],[102.51146,15.0804],[102.51219,15.07926],[102.50885,15.07714],[102.50521,15.07546]]]},"properties":{"name":"","type":"reservoir","area_rai":4436.2,"osm":"w37629499"}},{"type":"Feature","geometry":{"type":"Polygon","coordinates":[[[102.4638,15.30176],[102.46451,15.30092],[102.46594,15.2992],[102.46611,15.29929],[102.46624,15.2992],[102.46688,15.29973],[102.46704,15.29996],[102.46717,15.3021],[102.46848,15.30357],[102.46809,15.30382],[102.46804,15.30494],[102.46917,15.30535],[102.47115,15.30623],[102.47466,15.30821],[102.47388,15.30987],[102.47478,15.31021],[102.47135,15.31582],[102.46822,15.31471],[102.46542,15.31349],[102.46588,15.31252],[102.46269,15.30814],[102.4653,15.3028],[102.4638,15.30176]]]},"properties":{"name":"","type":"reservoir","area_rai":747.6,"osm":"w465381407"}},{"type":"Feature","geometry":{"type":"Polygon","coordinates":[[[102.02808,15.06242],[102.02891,15.06267],[102.02937,15.06281],[102.02956,15.06286],[102.03037,15.06104],[102.03209,15.05901],[102.03314,15.05858],[102.03409,15.0584],[102.03462,15.05804],[102.03521,15.05751],[102.03592,15.05696],[102.03707,15.05662],[102.03748,15.05293],[102.03701,15.05262],[102.0329,15.04987],[102.0327,15.05008],[102.0312,15.04916],[102.03117,15.04895],[102.02985,15.04807],[102.02766,15.04953],[102.02754,15.0496],[102.02748,15.04979],[102.02757,15.05008],[102.02765,15.05026],[102.02762,15.05037],[102.02617,15.05299],[102.02607,15.05332],[102.02597,15.05449],[102.02659,15.0558],[102.0286,15.05871],[102.02954,15.05996],[102.02808,15.06242]]]},"properties":{"name":"บึงพุดซา","type":"reservoir","area_rai":688.4,"osm":"w392358642"}},{"type":"Feature","geometry":{"type":"Polygon","coordinates":[[[102.2212,15.06441],[102.22178,15.06432],[102.22197,15.06559],[102.2221,15.06579],[102.22216,15.0658],[102.22238,15.06577],[102.2224,15.06573],[102.22363,15.06557],[102.22366,15.06552],[102.2251,15.06536],[102.22512,15.06532],[102.22798,15.06492],[102.22824,15.0633],[102.2283,15.06329],[102.22928,15.06359],[102.22946,15.06323],[102.22945,15.06309],[102.22814,15.06106],[102.22743,15.06106],[102.22732,15.061],[102.22698,15.06079],[102.2269,15.06076],[102.22304,15.06078],[102.22272,15.05974],[102.22298,15.0594],[102.22303,15.05932],[102.22483,15.0569],[102.22493,15.05675],[102.22499,15.05671],[102.2258,15.05691],[102.22611,15.05702],[102.22651,15.05715],[102.22749,15.05747],[102.22753,15.05755],[102.22835,15.05783],[102.22874,15.0586],[102.22868,15.05869],[102.22844,15.05884],[102.22915,15.06005],[102.22998,15.05947],[102.23023,15.05999],[102.23034,15.06003],[102.23109,15.05973],[102.22901,15.05556],[102.22898,15.05555],[102.22853,15.05607],[102.22843,15.05606],[102.21945,15.05292],[102.2194,15.05294],[102.21888,15.05521],[102.21888,15.05537],[102.21963,15.05813],[102.22024,15.05995],[102.22106,15.05982],[102.22114,15.05988],[102.22173,15.0617],[102.22096,15.06177],[102.22092,15.06181],[102.22102,15.06279],[102.22112,15.06399],[102.2212,15.06441]]]},"properties":{"name":"","type":"reservoir","area_rai":567.9,"osm":"w1230743161"}},{"type":"Feature","geometry":{"type":"Polygon","coordinates":[[[102.0303,15.04779],[102.03719,15.05238],[102.03749,15.05256],[102.03773,15.05271],[102.03807,15.05278],[102.03815,15.05278],[102.03864,15.05274],[102.03848,15.05004],[102.0413,15.04558],[102.04127,15.04543],[102.03601,15.04156],[102.03345,15.04497],[102.0303,15.04779]]]},"properties":{"name":"บึงพุดซา","type":"reservoir","area_rai":453.5,"osm":"w392358643"}},{"type":"Feature","geometry":{"type":"Polygon","coordinates":[[[102.28524,15.11189],[102.28488,15.11185],[102.28502,15.11128],[102.28443,15.11106],[102.2844,15.11092],[102.28314,15.1107],[102.28191,15.10962],[102.28184,15.10949],[102.28158,15.10954],[102.28154,15.10916],[102.28191,15.10908],[102.28197,15.10863],[102.27976,15.10803],[102.28001,15.10685],[102.27955,15.10678],[102.27957,15.10494],[102.27986,15.10373],[102.2801,15.10354],[102.27898,15.10304],[102.2809,15.09929],[102.28214,15.09999],[102.28293,15.1009],[102.28297,15.10175],[102.28524,15.1032],[102.28488,15.1039],[102.28432,15.10382],[102.28427,15.10395],[102.28599,15.1039],[102.28649,15.10378],[102.28666,15.10654],[102.28575,15.1097],[102.28524,15.11189]]]},"properties":{"name":"","type":"pond","area_rai":412.8,"osm":"w884011721"}},{"type":"Feature","geometry":{"type":"Polygon","coordinates":[[[102.47033,15.17428],[102.47008,15.17353],[102.4705,15.17268],[102.47083,15.1727],[102.472,15.17368],[102.47241,15.17416],[102.47205,15.17534],[102.47237,15.17567],[102.47271,15.17544],[102.47339,15.17534],[102.47349,15.17585],[102.47352,15.17616],[102.47345,15.17633],[102.47219,15.17684],[102.47194,15.17684],[102.47188,15.17674],[102.47147,15.17657],[102.47119,15.17669],[102.47113,15.17689],[102.47121,15.17711],[102.47135,15.17708],[102.47139,15.17717],[102.47126,15.17738],[102.47102,15.17747],[102.47059,15.17728],[102.47065,15.17719],[102.4704,15.17695],[102.47016,15.17692],[102.47016,15.17673],[102.46972,15.17645],[102.46961,15.17661],[102.46932,15.17657],[102.46914,15.17627],[102.46886,15.17645],[102.46838,15.17715],[102.46783,15.17783],[102.46768,15.17804],[102.46617,15.17873],[102.46565,15.17895],[102.46473,15.17968],[102.46436,15.1799],[102.46414,15.17989],[102.46418,15.17978],[102.46375,15.17989],[102.46322,15.17986],[102.46198,15.17911],[102.46179,15.17877],[102.46182,15.17849],[102.46197,15.17834],[102.46198,15.17818],[102.46188,15.1782],[102.46183,15.17811],[102.46196,15.17803],[102.46197,15.17798],[102.46188,15.17789],[102.46134,15.17796],[102.4611,15.17794],[102.4604,15.17712],[102.46061,15.17692],[102.4605,15.17684],[102.45927,15.17679],[102.45857,15.17671],[102.45868,15.17631],[102.45881,15.17649],[102.45913,15.17647],[102.45898,15.17605],[102.45917,15.17606],[102.45949,15.17652],[102.46,15.17651],[102.46032,15.17641],[102.46094,15.17682],[102.46106,15.17724],[102.4612,15.17763],[102.46148,15.17748],[102.46173,15.17738],[102.46213,15.17749],[102.46206,15.17715],[102.46219,15.17686],[102.46158,15.17682],[102.46137,15.17666],[102.46158,15.17583],[102.46154,15.1756],[102.46182,15.17529],[102.46199,15.17534],[102.46213,15.17519],[102.46243,15.1753],[102.46286,15.17494],[102.46325,15.17512],[102.46326,15.17543],[102.46356,15.17576],[102.46395,15.17592],[102.4639,15.17663],[102.46397,15.17707],[102.46407,15.1771],[102.46386,15.17741],[102.4642,15.17756],[102.46436,15.1781],[102.46502,15.17818],[102.46517,15.17802],[102.46542,15.1783],[102.46598,15.17828],[102.46612,15.17807],[102.46583,15.1779],[102.46585,15.17774],[102.46572,15.17749],[102.46584,15.17729],[102.46572,15.17669],[102.4664,15.1762],[102.46676,15.17499],[102.46742,15.17445],[102.46776,15.17457],[102.46804,15.17428],[102.46799,15.17392],[102.46845,15.17364],[102.46898,15.17379],[102.46918,15.17425],[102.46978,15.17443],[102.47033,15.17428]]]},"properties":{"name":"","type":"other","area_rai":261.5,"osm":"w244093271"}},{"type":"Feature","geometry":{"type":"Polygon","coordinates":[[[102.49049,15.18699],[102.49083,15.18659],[102.49084,15.18634],[102.49096,15.18632],[102.49116,15.18661],[102.49158,15.18681],[102.49226,15.18675],[102.49256,15.18679],[102.4929,15.18692],[102.49305,15.18682],[102.49335,15.18707],[102.49378,15.18709],[102.49408,15.18757],[102.49385,15.1877],[102.49294,15.18764],[102.49145,15.18828],[102.49084,15.18825],[102.49049,15.18807],[102.48992,15.18802],[102.48905,15.18825],[102.48866,15.18817],[102.48875,15.18805],[102.48924,15.18804],[102.48945,15.18797],[102.49003,15.18784],[102.49006,15.18773],[102.48998,15.18758],[102.48924,15.18732],[102.48911,15.18734],[102.48906,15.1872],[102.48887,15.18708],[102.48875,15.18709],[102.48868,15.18694],[102.48848,15.18658],[102.48821,15.18673],[102.48821,15.18684],[102.48816,15.18687],[102.48806,15.18702],[102.48788,15.18708],[102.48776,15.18723],[102.48765,15.18724],[102.48762,15.18705],[102.4877,15.18688],[102.48764,15.18684],[102.48767,15.18674],[102.48743,15.18666],[102.48731,15.1867],[102.48714,15.18661],[102.48707,15.18665],[102.4871,15.18689],[102.48724,15.18698],[102.48722,15.18707],[102.48713,15.18707],[102.48705,15.18713],[102.48686,15.18697],[102.48671,15.18697],[102.48662,15.18689],[102.48662,15.18683],[102.48649,15.18679],[102.48593,15.18634],[102.48545,15.18555],[102.48534,15.18493],[102.48534,15.18453],[102.48548,15.18452],[102.48557,15.18475],[102.48567,15.18464],[102.48567,15.1845],[102.48559,15.18448],[102.4856,15.18398],[102.48536,15.18347],[102.48518,15.1834],[102.48466,15.18341],[102.48406,15.1836],[102.4836,15.1839],[102.48271,15.18467],[102.48226,15.18504],[102.48144,15.18521],[102.48146,15.18483],[102.48112,15.18457],[102.48082,15.18445],[102.48059,15.1847],[102.48035,15.18437],[102.48006,15.18437],[102.47923,15.18337],[102.47928,15.18304],[102.47782,15.18157],[102.47694,15.18066],[102.47632,15.18048],[102.47608,15.18013],[102.47541,15.17975],[102.4746,15.18013],[102.4736,15.18018],[102.47258,15.18031],[102.47194,15.1799],[102.47186,15.17886],[102.4724,15.17796],[102.47316,15.177],[102.47305,15.17675],[102.47336,15.17654],[102.47384,15.17696],[102.47439,15.17706],[102.47469,15.17687],[102.47454,15.17646],[102.47481,15.17645],[102.47493,15.17696],[102.47486,15.17772],[102.47518,15.17809],[102.47563,15.17836],[102.47585,15.17832],[102.47614,15.17774],[102.47646,15.17769],[102.47698,15.17802],[102.47717,15.17796],[102.47775,15.17866],[102.47749,15.17868],[102.47736,15.17903],[102.47758,15.17919],[102.47714,15.17978],[102.47746,15.1804],[102.47781,15.18054],[102.47784,15.18095],[102.47795,15.18123],[102.4782,15.18151],[102.47845,15.18153],[102.47884,15.18201],[102.47991,15.18319],[102.48059,15.18336],[102.48077,15.18314],[102.48045,15.18237],[102.48057,15.18211],[102.48087,15.18259],[102.48104,15.18331],[102.48176,15.18354],[102.48339,15.18302],[102.48378,15.18285],[102.48409,15.18294],[102.4844,15.18269],[102.48472,15.18297],[102.48538,15.18301],[102.48575,15.18342],[102.48604,15.18416],[102.48616,15.185],[102.48636,15.1853],[102.48651,15.18516],[102.48639,15.18498],[102.48709,15.18475],[102.48835,15.18542],[102.48933,15.18624],[102.48954,15.18672],[102.48989,15.18707],[102.49049,15.18699]]]},"properties":{"name":"","type":"other","area_rai":257.3,"osm":"w244093273"}},{"type":"Feature","geometry":{"type":"Polygon","coordinates":[[[102.25044,14.98553],[102.25108,14.98551],[102.25125,14.98553],[102.25182,14.98566],[102.25299,14.98603],[102.25304,14.98602],[102.25306,14.98596],[102.2535,14.98417],[102.25357,14.98414],[102.25442,14.98424],[102.25448,14.98421],[102.25452,14.98407],[102.25457,14.98403],[102.2564,14.98416],[102.25684,14.98435],[102.25696,14.98417],[102.25732,14.98393],[102.25667,14.98351],[102.25609,14.98275],[102.25608,14.98264],[102.25618,14.98226],[102.25621,14.98224],[102.25656,14.98231],[102.2566,14.9823],[102.25662,14.98225],[102.25668,14.98076],[102.25631,14.97963],[102.25632,14.97959],[102.25695,14.97943],[102.25689,14.9789],[102.25678,14.97885],[102.25637,14.9788],[102.25594,14.97837],[102.25581,14.97831],[102.25565,14.97826],[102.25544,14.97826],[102.25532,14.97827],[102.25414,14.97857],[102.25394,14.97813],[102.25391,14.97802],[102.2539,14.97788],[102.25387,14.97776],[102.25383,14.97777],[102.25312,14.97793],[102.25309,14.97796],[102.2531,14.97832],[102.25307,14.97833],[102.25229,14.97843],[102.25223,14.97848],[102.25222,14.97854],[102.25215,14.97945],[102.25171,14.97938],[102.25168,14.97939],[102.25164,14.97944],[102.25152,14.97981],[102.25142,14.97999],[102.25104,14.98059],[102.251,14.98064],[102.25101,14.98069],[102.25115,14.98147],[102.25127,14.98149],[102.25169,14.9815],[102.25176,14.9827],[102.25168,14.98288],[102.2516,14.98303],[102.25124,14.98409],[102.25119,14.98414],[102.25067,14.98437],[102.25065,14.98485],[102.2503,14.98476],[102.25026,14.98478],[102.25044,14.98553]]]},"properties":{"name":"","type":"other","area_rai":249.6,"osm":"w1230739629"}},{"type":"Feature","geometry":{"type":"Polygon","coordinates":[[[101.92477,15.16524],[101.92452,15.16417],[101.9249,15.16213],[101.92469,15.16178],[101.92434,15.16192],[101.92416,15.16147],[101.92452,15.16111],[101.92911,15.16099],[101.92954,15.16399],[101.93055,15.16461],[101.93039,15.16564],[101.92974,15.16596],[101.92812,15.166],[101.92809,15.16627],[101.92603,15.16621],[101.92477,15.16524]]]},"properties":{"name":"","type":"other","area_rai":186.9,"osm":"w816612690"}},{"type":"Feature","geometry":{"type":"Polygon","coordinates":[[[102.44239,15.33168],[102.44277,15.33168],[102.44421,15.3315],[102.4445,15.33179],[102.44443,15.33217],[102.4457,15.33233],[102.44588,15.33197],[102.44831,15.33167],[102.44848,15.33162],[102.44841,15.33103],[102.44884,15.33102],[102.44887,15.33118],[102.44896,15.33126],[102.44999,15.33018],[102.45134,15.32903],[102.45234,15.32862],[102.45262,15.32809],[102.45281,15.32802],[102.45408,15.32813],[102.45483,15.32649],[102.45497,15.32619],[102.45487,15.32619],[102.45488,15.32612],[102.45344,15.32605],[102.45318,15.32558],[102.45236,15.3257],[102.45168,15.32763],[102.45076,15.32745],[102.44967,15.32753],[102.44902,15.3276],[102.44858,15.32777],[102.44813,15.3281],[102.44752,15.32863],[102.44711,15.32869],[102.44676,15.32982],[102.44598,15.33016],[102.44506,15.33135],[102.44483,15.33134],[102.44454,15.33123],[102.44425,15.33093],[102.44261,15.33072],[102.44239,15.33168]]]},"properties":{"name":"","type":"reservoir","area_rai":184.6,"osm":"w465070462"}},{"type":"Feature","geometry":{"type":"Polygon","coordinates":[[[102.03933,15.04395],[102.04097,15.04028],[102.04104,15.03789],[102.04367,15.0374],[102.04332,15.03548],[102.04378,15.03493],[102.04483,15.03508],[102.04506,15.03472],[102.04531,15.03465],[102.04574,15.03493],[102.04134,15.04542],[102.03933,15.04395]]]},"properties":{"name":"","type":"reservoir","area_rai":177.7,"osm":"w1229011593"}},{"type":"Feature","geometry":{"type":"Polygon","coordinates":[[[102.03784,15.06785],[102.03744,15.06627],[102.03755,15.06571],[102.03884,15.06596],[102.04002,15.06528],[102.04147,15.06538],[102.04172,15.06522],[102.0447,15.0651],[102.0455,15.06561],[102.04551,15.06648],[102.04725,15.06666],[102.04701,15.06792],[102.04662,15.0678],[102.04189,15.06772],[102.04047,15.06869],[102.03887,15.06828],[102.03784,15.06785]]]},"properties":{"name":"","type":"reservoir","area_rai":169.7,"osm":"w1229012332"}},{"type":"Feature","geometry":{"type":"Polygon","coordinates":[[[102.43481,15.39735],[102.43488,15.39692],[102.43563,15.39569],[102.43594,15.39569],[102.43645,15.39577],[102.43685,15.39602],[102.43784,15.39628],[102.43877,15.39636],[102.44162,15.39724],[102.4417,15.39737],[102.44171,15.39759],[102.44164,15.39764],[102.44116,15.39866],[102.44126,15.39875],[102.44182,15.39893],[102.44198,15.39868],[102.44238,15.39892],[102.44338,15.3993],[102.44305,15.40107],[102.44292,15.40117],[102.44136,15.40061],[102.43826,15.3992],[102.43843,15.39893],[102.43828,15.39863],[102.43799,15.39847],[102.43765,15.39848],[102.43749,15.39886],[102.43686,15.39863],[102.43603,15.39835],[102.43603,15.39784],[102.43586,15.39773],[102.43481,15.39735]]]},"properties":{"name":"","type":"reservoir","area_rai":156.7,"osm":"w465068221"}},{"type":"Feature","geometry":{"type":"Polygon","coordinates":[[[102.42931,15.23788],[102.42938,15.23694],[102.43179,15.23683],[102.43196,15.23795],[102.43133,15.23795],[102.43134,15.23809],[102.43194,15.23811],[102.43214,15.23991],[102.43176,15.24004],[102.43187,15.24037],[102.43249,15.24017],[102.43259,15.24028],[102.43413,15.24011],[102.43422,15.24033],[102.43515,15.24018],[102.4352,15.24027],[102.43528,15.24027],[102.43523,15.23936],[102.43746,15.23917],[102.43755,15.24174],[102.43535,15.24201],[102.43529,15.24032],[102.43518,15.24032],[102.43521,15.24157],[102.43282,15.24184],[102.43274,15.2404],[102.43256,15.2404],[102.43262,15.24238],[102.43227,15.24228],[102.43197,15.24181],[102.43172,15.24165],[102.43027,15.24105],[102.43018,15.24087],[102.43184,15.24038],[102.43172,15.24004],[102.43066,15.24034],[102.4306,15.24028],[102.43043,15.2403],[102.43039,15.24042],[102.42974,15.24062],[102.42933,15.23802],[102.43126,15.23808],[102.43125,15.23795],[102.42931,15.23788]]]},"properties":{"name":"","type":"basin","area_rai":150.4,"osm":"w244093231"}},{"type":"Feature","geometry":{"type":"Polygon","coordinates":[[[102.2429,14.98734],[102.24338,14.9864],[102.24393,14.98665],[102.24549,14.98613],[102.2457,14.98598],[102.24681,14.98582],[102.24678,14.98697],[102.2479,14.9871],[102.24976,14.98763],[102.2505,14.98609],[102.25079,14.98608],[102.25111,14.98612],[102.25144,14.98619],[102.25175,14.98627],[102.2498,14.99052],[102.2429,14.98734]]]},"properties":{"name":"","type":"other","area_rai":142.4,"osm":"w647640921"}},{"type":"Feature","geometry":{"type":"Polygon","coordinates":[[[102.25077,15.19124],[102.25197,15.18866],[102.25068,15.18765],[102.25058,15.18694],[102.24576,15.18709],[102.24543,15.18785],[102.24637,15.18969],[102.25077,15.19124]]]},"properties":{"name":"","type":"other","area_rai":138.8,"osm":"w1121969357"}},{"type":"Feature","geometry":{"type":"Polygon","coordinates":[[[102.2586,15.14163],[102.25929,15.14202],[102.25978,15.14251],[102.25991,15.14263],[102.26004,15.14271],[102.26048,15.14296],[102.26113,15.14339],[102.26311,15.14469],[102.26315,15.14473],[102.26317,15.14475],[102.26318,15.14478],[102.26317,15.1451],[102.26318,15.14516],[102.2632,15.14519],[102.26324,15.14521],[102.26344,15.14519],[102.26347,15.14518],[102.26349,15.14516],[102.2636,15.14482],[102.26363,15.1448],[102.26367,15.14479],[102.26377,15.14478],[102.26378,15.14478],[102.26379,15.14477],[102.26403,15.14422],[102.26423,15.14371],[102.26442,15.14301],[102.26463,15.14213],[102.26463,15.14209],[102.26461,15.14206],[102.26457,15.14203],[102.26396,15.14193],[102.26381,15.14187],[102.26223,15.14096],[102.26154,15.14065],[102.26084,15.14038],[102.25909,15.14],[102.2586,15.14163]]]},"properties":{"name":"","type":"other","area_rai":113.7,"osm":"w467577102"}},{"type":"Feature","geometry":{"type":"Polygon","coordinates":[[[102.06186,15.21339],[102.06205,15.21326],[102.06417,15.2131],[102.06425,15.21316],[102.06448,15.21476],[102.06452,15.21482],[102.06471,15.21486],[102.06475,15.21499],[102.06429,15.21696],[102.06431,15.21706],[102.06441,15.21715],[102.0653,15.2174],[102.06539,15.21747],[102.06546,15.2176],[102.0654,15.2182],[102.06537,15.21825],[102.06529,15.2183],[102.06505,15.21836],[102.06491,15.21831],[102.06445,15.21816],[102.0611,15.21702],[102.061,15.21696],[102.06095,15.21687],[102.0609,15.21598],[102.06089,15.21558],[102.0609,15.21532],[102.06099,15.21506],[102.06165,15.21412],[102.06174,15.21388],[102.06186,15.21339]]]},"properties":{"name":"","type":"reservoir","area_rai":113.0,"osm":"w564152390"}},{"type":"Feature","geometry":{"type":"Polygon","coordinates":[[[102.00224,15.12547],[102.0024,15.1254],[102.00247,15.12523],[102.00617,15.12575],[102.00636,15.12776],[102.00626,15.12786],[102.0044,15.12742],[102.00425,15.12708],[102.004,15.12696],[102.0037,15.12706],[102.00357,15.12733],[102.00138,15.12753],[102.00117,15.1275],[101.99958,15.12617],[101.99951,15.12567],[101.99965,15.12538],[102.00003,15.12498],[102.00025,15.12489],[102.00172,15.12509],[102.00191,15.1254],[102.00207,15.12547],[102.00224,15.12547]]]},"properties":{"name":"","type":"other","area_rai":98.1,"osm":"w816612685"}},{"type":"Feature","geometry":{"type":"Polygon","coordinates":[[[102.25101,14.99149],[102.25101,14.99157],[102.251,14.99164],[102.25098,14.99172],[102.25095,14.99182],[102.2509,14.99191],[102.25083,14.99197],[102.25073,14.992],[102.2499,14.99202],[102.24987,14.99189],[102.24993,14.99095],[102.25005,14.9907],[102.25201,14.98629],[102.25266,14.98647],[102.25271,14.98705],[102.25277,14.9873],[102.25322,14.9881],[102.25331,14.98818],[102.25343,14.98823],[102.25353,14.98823],[102.25369,14.98813],[102.25391,14.98793],[102.25406,14.98788],[102.25424,14.98789],[102.25422,14.98959],[102.2542,14.98968],[102.25415,14.98976],[102.25391,14.99004],[102.25386,14.99007],[102.2536,14.99008],[102.25365,14.99064],[102.25265,14.99089],[102.25236,14.99039],[102.25228,14.99033],[102.25218,14.99029],[102.25207,14.9903],[102.252,14.99037],[102.25192,14.99046],[102.25189,14.99057],[102.25188,14.99066],[102.25202,14.99102],[102.25212,14.99157],[102.25214,14.99176],[102.25202,14.99166],[102.25199,14.99161],[102.25192,14.99153],[102.25186,14.99149],[102.25178,14.99149],[102.25165,14.99154],[102.25157,14.99151],[102.25147,14.99129],[102.25101,14.99149]]]},"properties":{"name":"","type":"other","area_rai":97.8,"osm":"w647640923"}},{"type":"Feature","geometry":{"type":"Polygon","coordinates":[[[102.32673,15.17044],[102.32676,15.17034],[102.32723,15.17045],[102.32753,15.16999],[102.32821,15.17005],[102.33037,15.17085],[102.33204,15.17147],[102.33145,15.17417],[102.33125,15.17531],[102.33101,15.17632],[102.33079,15.17625],[102.33055,15.17585],[102.33034,15.17574],[102.33031,15.17524],[102.32953,15.17424],[102.32993,15.17432],[102.32993,15.17421],[102.32954,15.17411],[102.32997,15.1716],[102.32981,15.17154],[102.32945,15.17383],[102.32916,15.17355],[102.32928,15.17332],[102.32911,15.17326],[102.3289,15.17344],[102.3285,15.17303],[102.32845,15.17194],[102.32882,15.17188],[102.32904,15.17142],[102.32911,15.17121],[102.32673,15.17044]]]},"properties":{"name":"","type":"pond","area_rai":94.8,"osm":"w884009961"}},{"type":"Feature","geometry":{"type":"Polygon","coordinates":[[[102.30478,15.04803],[102.3076,15.04914],[102.30851,15.04804],[102.30972,15.04703],[102.30917,15.0461],[102.30886,15.0458],[102.30849,15.04555],[102.30827,15.04545],[102.30817,15.0453],[102.30753,15.04489],[102.30695,15.04469],[102.30676,15.0447],[102.30656,15.04483],[102.30625,15.04658],[102.30607,15.04662],[102.30538,15.04653],[102.30531,15.04656],[102.30475,15.0479],[102.30478,15.04803]]]},"properties":{"name":"","type":"other","area_rai":90.6,"osm":"w1227992178"}},{"type":"Feature","geometry":{"type":"Polygon","coordinates":[[[101.84166,15.09892],[101.83891,15.09992],[101.8385,15.10115],[101.8395,15.1042],[101.83995,15.10392],[101.84146,15.10259],[101.84124,15.10219],[101.84245,15.10037],[101.84201,15.09964],[101.84166,15.09892]]]},"properties":{"name":"หนองหมัน","type":"pond","area_rai":89.6,"osm":"w420151419"}},{"type":"Feature","geometry":{"type":"Polygon","coordinates":[[[102.16032,15.22372],[102.16022,15.22566],[102.15544,15.22716],[102.15397,15.22669],[102.15404,15.22567],[102.16032,15.22372]]]},"properties":{"name":"","type":"other","area_rai":84.4,"osm":"w1127451512"}},{"type":"Feature","geometry":{"type":"Polygon","coordinates":[[[102.05934,15.06852],[102.0592,15.0679],[102.05926,15.06755],[102.05946,15.06683],[102.05957,15.06678],[102.05967,15.06671],[102.06,15.06565],[102.0601,15.06554],[102.06047,15.06554],[102.06243,15.06522],[102.06261,15.06641],[102.06274,15.06641],[102.06277,15.06691],[102.06273,15.06693],[102.06269,15.06889],[102.06292,15.06918],[102.06252,15.06939],[102.0615,15.06908],[102.06138,15.06898],[102.05934,15.06852]]]},"properties":{"name":"","type":"reservoir","area_rai":82.7,"osm":"w1229272891"}},{"type":"Feature","geometry":{"type":"Polygon","coordinates":[[[102.2557,15.01235],[102.25555,15.01217],[102.25539,15.0117],[102.25526,15.01151],[102.25539,15.01119],[102.25582,15.01097],[102.25592,15.01109],[102.25605,15.01108],[102.25607,15.01094],[102.25624,15.01082],[102.25693,15.01078],[102.25723,15.01083],[102.25739,15.01072],[102.25734,15.01048],[102.25773,15.01027],[102.25786,15.01036],[102.25855,15.01031],[102.25889,15.01031],[102.25917,15.01037],[102.25943,15.01071],[102.25945,15.011],[102.25958,15.01129],[102.25982,15.01155],[102.26019,15.01166],[102.2603,15.01151],[102.26036,15.01128],[102.26044,15.01111],[102.26073,15.01106],[102.26122,15.01118],[102.26108,15.01189],[102.26112,15.01249],[102.26119,15.01278],[102.26134,15.0131],[102.26105,15.01322],[102.26085,15.01295],[102.26052,15.01268],[102.26026,15.01267],[102.26,15.01265],[102.25977,15.01268],[102.25951,15.01259],[102.25936,15.01269],[102.25927,15.01291],[102.25912,15.01286],[102.25893,15.01288],[102.25881,15.01312],[102.25864,15.01313],[102.25855,15.01295],[102.25892,15.01241],[102.25884,15.01234],[102.25876,15.01219],[102.25845,15.01223],[102.25816,15.01244],[102.25796,15.01244],[102.25758,15.01268],[102.25748,15.01282],[102.25756,15.01296],[102.25733,15.0131],[102.25707,15.01316],[102.25679,15.01293],[102.25666,15.0129],[102.25653,15.01276],[102.25642,15.01265],[102.25632,15.01259],[102.25616,15.01254],[102.25595,15.01251],[102.2557,15.01235]]]},"properties":{"name":"","type":"other","area_rai":79.8,"osm":"w338203320"}},{"type":"Feature","geometry":{"type":"Polygon","coordinates":[[[102.0152,15.09246],[102.01523,15.09199],[102.01513,15.09183],[102.01463,15.09178],[102.01432,15.09164],[102.01395,15.09102],[102.01395,15.0908],[102.01438,15.09079],[102.0145,15.08993],[102.01287,15.09002],[102.01288,15.08893],[102.01136,15.08901],[102.01045,15.08961],[102.01034,15.08974],[102.0103,15.09001],[102.01036,15.09028],[102.0109,15.09127],[102.01203,15.09133],[102.01248,15.09178],[102.01246,15.09204],[102.01287,15.09276],[102.01342,15.09279],[102.01453,15.09258],[102.0152,15.09246]]]},"properties":{"name":"","type":"other","area_rai":76.8,"osm":"w467580528"}},{"type":"Feature","geometry":{"type":"Polygon","coordinates":[[[102.25248,15.07641],[102.25155,15.07624],[102.25064,15.07595],[102.2505,15.07608],[102.24978,15.07856],[102.24989,15.07905],[102.24975,15.07963],[102.24962,15.08035],[102.25155,15.0809],[102.2525,15.07844],[102.25246,15.07798],[102.25238,15.07723],[102.25248,15.07641]]]},"properties":{"name":"","type":"pond","area_rai":76.2,"osm":"w884266091"}},{"type":"Feature","geometry":{"type":"Polygon","coordinates":[[[102.06743,15.06946],[102.06954,15.06923],[102.06911,15.0652],[102.06685,15.06553],[102.06673,15.06557],[102.06666,15.06562],[102.06663,15.06569],[102.06665,15.06661],[102.06685,15.06843],[102.06701,15.06843],[102.06701,15.06838],[102.06714,15.06835],[102.06716,15.06823],[102.06724,15.06821],[102.06728,15.06861],[102.06792,15.06853],[102.06792,15.06861],[102.06725,15.06869],[102.06721,15.06894],[102.06731,15.06922],[102.06725,15.06926],[102.06725,15.06934],[102.06737,15.06933],[102.06743,15.06946]]]},"properties":{"name":"","type":"reservoir","area_rai":73.2,"osm":"w1229272898"}},{"type":"Feature","geometry":{"type":"Polygon","coordinates":[[[102.04859,15.08195],[102.04885,15.08031],[102.04997,15.08048],[102.05041,15.08051],[102.0508,15.08046],[102.05099,15.08033],[102.05229,15.08006],[102.05309,15.08018],[102.0532,15.08093],[102.05358,15.0811],[102.05357,15.08189],[102.05269,15.08195],[102.05276,15.08224],[102.05239,15.08237],[102.05205,15.08256],[102.05177,15.08272],[102.05115,15.08286],[102.0504,15.08278],[102.05049,15.08218],[102.04953,15.08194],[102.04859,15.08195]]]},"properties":{"name":"","type":"reservoir","area_rai":69.8,"osm":"w1229272901"}},{"type":"Feature","geometry":{"type":"Polygon","coordinates":[[[102.04245,15.08219],[102.04451,15.08261],[102.04535,15.07858],[102.04245,15.07815],[102.04214,15.07836],[102.04305,15.07936],[102.04245,15.08219]]]},"properties":{"name":"","type":"reservoir","area_rai":68.5,"osm":"w1229272899"}},{"type":"Feature","geometry":{"type":"Polygon","coordinates":[[[102.38381,15.36186],[102.38116,15.36218],[102.38076,15.35883],[102.3834,15.35836],[102.38381,15.36186]]]},"properties":{"name":"","type":"other","area_rai":68.4,"osm":"w1127449596"}},{"type":"Feature","geometry":{"type":"Polygon","coordinates":[[[102.33569,15.07266],[102.33521,15.0719],[102.33538,15.07173],[102.33566,15.07157],[102.33817,15.071],[102.33937,15.07211],[102.33944,15.07274],[102.34009,15.07269],[102.34044,15.0721],[102.34009,15.07187],[102.34017,15.07095],[102.34003,15.06989],[102.34107,15.06967],[102.34131,15.0697],[102.3412,15.07016],[102.34083,15.07012],[102.34081,15.07055],[102.34097,15.07134],[102.34075,15.07203],[102.34095,15.07213],[102.34039,15.0732],[102.34017,15.07338],[102.33957,15.07352],[102.33881,15.07372],[102.33798,15.07356],[102.33759,15.07272],[102.33666,15.07218],[102.33569,15.07266]]]},"properties":{"name":"","type":"other","area_rai":68.1,"osm":"w1227992183"}},{"type":"Feature","geometry":{"type":"Polygon","coordinates":[[[102.06817,15.10944],[102.06855,15.10868],[102.0703,15.10907],[102.07021,15.10951],[102.07045,15.10969],[102.07064,15.10981],[102.07113,15.11044],[102.07035,15.11119],[102.07071,15.11173],[102.07162,15.1118],[102.07185,15.11232],[102.07278,15.1133],[102.07281,15.11421],[102.07353,15.11486],[102.07404,15.11467],[102.0747,15.11414],[102.07493,15.11475],[102.07565,15.11514],[102.0757,15.11526],[102.07565,15.11544],[102.07544,15.11582],[102.07449,15.1155],[102.07443,15.11541],[102.07435,15.11538],[102.07419,15.11538],[102.07387,15.11542],[102.0733,15.115],[102.07288,15.1152],[102.07278,15.11523],[102.07266,15.11525],[102.07253,15.11523],[102.07239,15.11518],[102.07237,15.11525],[102.07221,15.1152],[102.07203,15.11515],[102.07188,15.11506],[102.07175,15.11495],[102.07168,15.11486],[102.07169,15.11479],[102.07171,15.1147],[102.07257,15.11445],[102.07241,15.1133],[102.07237,15.11322],[102.07231,15.11317],[102.0714,15.11233],[102.07127,15.11224],[102.07114,15.11217],[102.07066,15.11199],[102.07053,15.11192],[102.07044,15.11183],[102.07031,15.11174],[102.07023,15.11165],[102.07013,15.11156],[102.06992,15.11119],[102.06982,15.11114],[102.0692,15.11095],[102.06885,15.11064],[102.06853,15.11058],[102.0684,15.1099],[102.06817,15.10944]]]},"properties":{"name":"คลองเสว","type":"reservoir","area_rai":67.3,"osm":"w1229282017"}},{"type":"Feature","geometry":{"type":"Polygon","coordinates":[[[102.27261,15.02958],[102.27277,15.02932],[102.27316,15.02952],[102.27378,15.02969],[102.27462,15.03178],[102.27392,15.03207],[102.27398,15.03229],[102.27354,15.03244],[102.27316,15.03268],[102.27206,15.03314],[102.27188,15.03338],[102.27188,15.03345],[102.2713,15.03409],[102.27107,15.0349],[102.27091,15.03621],[102.26876,15.03722],[102.26781,15.03638],[102.269,15.03544],[102.26987,15.03596],[102.26999,15.03594],[102.27036,15.03537],[102.27036,15.03518],[102.27,15.03495],[102.27083,15.03364],[102.27162,15.03262],[102.27235,15.03254],[102.27362,15.03151],[102.27357,15.03125],[102.27314,15.03018],[102.27311,15.02999],[102.27309,15.02985],[102.27302,15.02978],[102.27295,15.02973],[102.27284,15.02972],[102.27279,15.02971],[102.27261,15.02958]]]},"properties":{"name":"","type":"other","area_rai":64.9,"osm":"w1227993151"}},{"type":"Feature","geometry":{"type":"Polygon","coordinates":[[[102.19767,15.02703],[102.19809,15.02486],[102.20199,15.02545],[102.20163,15.02757],[102.19767,15.02703]]]},"properties":{"name":"สระน้ำโบราณ","type":"reservoir","area_rai":64.3,"osm":"w338163523"}},{"type":"Feature","geometry":{"type":"Polygon","coordinates":[[[102.44515,15.40187],[102.44794,15.40295],[102.44851,15.40324],[102.44933,15.40159],[102.44832,15.40112],[102.44834,15.40098],[102.44765,15.40069],[102.44777,15.40038],[102.44626,15.39948],[102.44599,15.39952],[102.44595,15.39995],[102.44557,15.40042],[102.44543,15.40068],[102.44515,15.40187]]]},"properties":{"name":"","type":"reservoir","area_rai":62.0,"osm":"w465068218"}},{"type":"Feature","geometry":{"type":"Polygon","coordinates":[[[101.86042,15.02135],[101.86053,15.02229],[101.86066,15.02282],[101.86095,15.02365],[101.86115,15.02409],[101.86124,15.02412],[101.86204,15.02396],[101.86332,15.02373],[101.86363,15.02367],[101.86378,15.02359],[101.86363,15.0228],[101.86349,15.02193],[101.8633,15.02116],[101.8631,15.02117],[101.86278,15.02113],[101.86258,15.02108],[101.86243,15.021],[101.86229,15.02099],[101.86227,15.02088],[101.86191,15.02094],[101.8618,15.02092],[101.86166,15.02096],[101.86158,15.02103],[101.86147,15.0211],[101.86132,15.0211],[101.86107,15.02117],[101.86058,15.02129],[101.86042,15.02135]]]},"properties":{"name":"","type":"other","area_rai":60.9,"osm":"w414514690"}},{"type":"Feature","geometry":{"type":"Polygon","coordinates":[[[102.36134,15.01844],[102.36112,15.01672],[102.36138,15.01669],[102.36146,15.01579],[102.36341,15.01567],[102.36356,15.01581],[102.3636,15.01625],[102.3639,15.01799],[102.36395,15.01858],[102.36385,15.01883],[102.36364,15.01915],[102.36343,15.01925],[102.36309,15.01919],[102.36146,15.0186],[102.36134,15.01844]]]},"properties":{"name":"หนองมโนรม","type":"wetland","area_rai":59.0,"osm":"w1278067361"}},{"type":"Feature","geometry":{"type":"Polygon","coordinates":[[[102.19492,15.05321],[102.19675,15.05321],[102.19674,15.04894],[102.19492,15.04894],[102.19492,15.05321]]]},"properties":{"name":"","type":"other","area_rai":57.9,"osm":"w1232644766"}},{"type":"Feature","geometry":{"type":"Polygon","coordinates":[[[102.26603,15.08904],[102.26594,15.08888],[102.26666,15.08753],[102.26677,15.08748],[102.26688,15.08755],[102.2706,15.08954],[102.27063,15.08971],[102.26989,15.09097],[102.26968,15.09104],[102.26603,15.08904]]]},"properties":{"name":"","type":"lake","area_rai":57.8,"osm":"w884261621"}},{"type":"Feature","geometry":{"type":"Polygon","coordinates":[[[102.06404,15.0656],[102.064,15.06538],[102.06408,15.06513],[102.06426,15.06502],[102.06437,15.06509],[102.06491,15.06512],[102.06524,15.06506],[102.0654,15.06512],[102.06557,15.06512],[102.06598,15.0654],[102.06602,15.06555],[102.06614,15.06561],[102.06613,15.06573],[102.06625,15.06573],[102.0664,15.06614],[102.06636,15.06639],[102.06629,15.06644],[102.06627,15.0667],[102.06613,15.06704],[102.06613,15.06709],[102.0662,15.0671],[102.06628,15.06739],[102.06633,15.06741],[102.06637,15.06752],[102.06635,15.06758],[102.06615,15.06773],[102.06619,15.06794],[102.06633,15.06797],[102.06643,15.06819],[102.06638,15.06828],[102.06627,15.06837],[102.06636,15.06869],[102.06641,15.0687],[102.06645,15.06897],[102.06639,15.06898],[102.06632,15.06908],[102.06572,15.06913],[102.06547,15.06892],[102.06563,15.06863],[102.06564,15.06842],[102.06553,15.06781],[102.06534,15.06785],[102.06545,15.06821],[102.06548,15.06841],[102.06545,15.06852],[102.06541,15.0686],[102.06532,15.06864],[102.0651,15.06863],[102.065,15.06857],[102.06493,15.06825],[102.06489,15.0682],[102.06471,15.0682],[102.06468,15.06828],[102.0643,15.06834],[102.06429,15.0682],[102.0641,15.06814],[102.06403,15.06789],[102.06408,15.06779],[102.06409,15.06751],[102.06417,15.06735],[102.06402,15.06733],[102.06384,15.06723],[102.06379,15.06669],[102.06384,15.06646],[102.06388,15.06624],[102.06397,15.06616],[102.06411,15.06591],[102.06419,15.06572],[102.06412,15.06558],[102.06404,15.0656]]]},"properties":{"name":"","type":"reservoir","area_rai":57.7,"osm":"w1229272895"}},{"type":"Feature","geometry":{"type":"Polygon","coordinates":[[[102.06332,15.10126],[102.06357,15.10126],[102.06375,15.10028],[102.06385,15.09997],[102.06432,15.0992],[102.06414,15.09772],[102.06445,15.09415],[102.0647,15.09327],[102.06481,15.0928],[102.0646,15.09134],[102.06395,15.09144],[102.06383,15.09273],[102.06387,15.09294],[102.0638,15.09308],[102.06356,15.09545],[102.06316,15.09779],[102.06316,15.09798],[102.06321,15.09819],[102.06356,15.0991],[102.06352,15.09927],[102.06317,15.10047],[102.06312,15.1006],[102.0632,15.1009],[102.06325,15.10115],[102.06332,15.10126]]]},"properties":{"name":"","type":"other","area_rai":57.7,"osm":"w1229282016"}},{"type":"Feature","geometry":{"type":"Polygon","coordinates":[[[102.24681,15.0137],[102.24682,15.01382],[102.24689,15.0139],[102.24699,15.01394],[102.24711,15.01392],[102.24722,15.01385],[102.24731,15.01369],[102.24735,15.01347],[102.2474,15.01338],[102.24748,15.01333],[102.24822,15.01345],[102.24867,15.01346],[102.24878,15.01348],[102.24891,15.01366],[102.24918,15.01376],[102.24946,15.01376],[102.24951,15.01371],[102.24953,15.01365],[102.2495,15.01318],[102.2495,15.0131],[102.24945,15.01302],[102.2494,15.01297],[102.24907,15.01289],[102.24898,15.01284],[102.24896,15.01276],[102.24893,15.01271],[102.24888,15.01268],[102.24893,15.01259],[102.24894,15.01251],[102.24879,15.01204],[102.24875,15.01202],[102.24877,15.01181],[102.24911,15.01186],[102.24929,15.0118],[102.24933,15.01183],[102.2494,15.01178],[102.24948,15.01096],[102.24946,15.01083],[102.24943,15.01074],[102.24937,15.0107],[102.24929,15.0107],[102.24881,15.01047],[102.24873,15.01043],[102.2482,15.01036],[102.24798,15.01038],[102.2478,15.01042],[102.24756,15.01041],[102.24736,15.01033],[102.24728,15.01024],[102.24723,15.01019],[102.24712,15.01011],[102.24698,15.01007],[102.24687,15.0101],[102.24659,15.01028],[102.24663,15.0104],[102.24667,15.01047],[102.24664,15.01063],[102.2466,15.01066],[102.24654,15.01073],[102.2465,15.01078],[102.2465,15.01085],[102.24656,15.01093],[102.24663,15.01102],[102.24668,15.01114],[102.24669,15.01123],[102.24677,15.01132],[102.24681,15.01147],[102.24688,15.01158],[102.24689,15.0117],[102.2468,15.01177],[102.24674,15.01197],[102.24677,15.01223],[102.24693,15.01234],[102.24702,15.01239],[102.24703,15.0125],[102.24709,15.01267],[102.24708,15.01304],[102.24703,15.01319],[102.24683,15.01355],[102.24681,15.0137]]]},"properties":{"name":"","type":"other","area_rai":57.7,"osm":"w1230741322"}},{"type":"Feature","geometry":{"type":"Polygon","coordinates":[[[102.16928,15.19909],[102.17094,15.19936],[102.17115,15.19794],[102.16842,15.1975],[102.16841,15.19738],[102.16797,15.19732],[102.16794,15.19744],[102.16765,15.1988],[102.16741,15.20011],[102.16744,15.20023],[102.16899,15.20052],[102.16913,15.20052],[102.16932,15.1993],[102.16925,15.19925],[102.16928,15.19909]]]},"properties":{"name":"","type":"other","area_rai":53.9,"osm":"w1041977462"}},{"type":"Feature","geometry":{"type":"Polygon","coordinates":[[[102.16959,15.33632],[102.17028,15.33874],[102.17037,15.33886],[102.17092,15.33876],[102.17105,15.33881],[102.17122,15.33903],[102.1714,15.33942],[102.17153,15.33959],[102.17239,15.33951],[102.17223,15.33902],[102.17206,15.33873],[102.17175,15.3383],[102.17164,15.33803],[102.1716,15.33712],[102.17162,15.33638],[102.17177,15.33554],[102.17097,15.33519],[102.16951,15.33489],[102.16946,15.33567],[102.17024,15.33578],[102.1702,15.33638],[102.16959,15.33632]]]},"properties":{"name":"","type":"other","area_rai":53.6,"osm":"w292101692"}},{"type":"Feature","geometry":{"type":"Polygon","coordinates":[[[102.14094,15.07373],[102.14032,15.07325],[102.13996,15.07297],[102.13973,15.07269],[102.13951,15.07232],[102.13944,15.07143],[102.13948,15.07124],[102.13998,15.07124],[102.14024,15.07125],[102.14025,15.07136],[102.14013,15.07144],[102.14011,15.07156],[102.14026,15.07164],[102.14038,15.07161],[102.1404,15.07154],[102.14037,15.07136],[102.14042,15.07131],[102.14058,15.07131],[102.14101,15.07131],[102.14202,15.07139],[102.14294,15.0716],[102.14346,15.07175],[102.14328,15.07215],[102.14293,15.07267],[102.14256,15.07313],[102.14212,15.07364],[102.14196,15.07376],[102.14164,15.07383],[102.14138,15.07382],[102.14094,15.07373]]]},"properties":{"name":"อ่างเก็บน้ำบึงทับช้าง","type":"reservoir","area_rai":53.1,"osm":"w862419309"}},{"type":"Feature","geometry":{"type":"Polygon","coordinates":[[[102.33319,15.2543],[102.33519,15.25435],[102.33538,15.25427],[102.33602,15.25322],[102.33631,15.25311],[102.3375,15.25321],[102.33752,15.25301],[102.3355,15.2513],[102.33323,15.25323],[102.33319,15.2543]]]},"properties":{"name":"","type":"other","area_rai":51.6,"osm":"w466067856"}},{"type":"Feature","geometry":{"type":"Polygon","coordinates":[[[102.32325,15.15092],[102.32276,15.15079],[102.32245,15.15072],[102.32117,15.15019],[102.3208,15.14971],[102.32131,15.14864],[102.32166,15.14809],[102.32175,15.14787],[102.32248,15.14782],[102.32325,15.14793],[102.32354,15.14794],[102.32366,15.14804],[102.32379,15.15004],[102.32366,15.15031],[102.32353,15.15029],[102.32325,15.15092]]]},"properties":{"name":"บึงหนองบอน","type":"pond","area_rai":50.5,"osm":"w884010061"}},{"type":"Feature","geometry":{"type":"Polygon","coordinates":[[[101.92031,15.12778],[101.92033,15.12749],[101.92274,15.12734],[101.9234,15.12718],[101.92387,15.12699],[101.9234,15.12559],[101.92249,15.12583],[101.9198,15.12647],[101.91888,15.12685],[101.91826,15.12682],[101.91805,15.12684],[101.91894,15.12775],[101.92031,15.12778]]]},"properties":{"name":"","type":"other","area_rai":50.3,"osm":"w816612688"}},{"type":"Feature","geometry":{"type":"Polygon","coordinates":[[[102.31229,15.3843],[102.31275,15.38628],[102.31363,15.38642],[102.31374,15.386],[102.31418,15.38611],[102.31409,15.38657],[102.3157,15.3869],[102.31587,15.38458],[102.31229,15.3843]]]},"properties":{"name":"","type":"other","area_rai":49.8,"osm":"w1127449592"}},{"type":"Feature","geometry":{"type":"Polygon","coordinates":[[[102.28269,15.0304],[102.28322,15.03136],[102.28471,15.02947],[102.28462,15.0293],[102.2847,15.02921],[102.28665,15.02943],[102.28703,15.02859],[102.28755,15.02869],[102.28756,15.02816],[102.28695,15.02797],[102.28685,15.02777],[102.285,15.02743],[102.2847,15.02814],[102.28383,15.02876],[102.28453,15.02916],[102.28461,15.02925],[102.2845,15.02933],[102.28396,15.02902],[102.28384,15.0293],[102.28269,15.0304]]]},"properties":{"name":"","type":"other","area_rai":48.3,"osm":"w1227990065"}},{"type":"Feature","geometry":{"type":"Polygon","coordinates":[[[102.29335,15.14464],[102.29397,15.14507],[102.29446,15.14442],[102.29531,15.145],[102.29631,15.14366],[102.29361,15.1418],[102.29249,15.14332],[102.29371,15.14416],[102.29335,15.14464]]]},"properties":{"name":"","type":"other","area_rai":47.6,"osm":"w467577091"}},{"type":"Feature","geometry":{"type":"Polygon","coordinates":[[[102.24422,14.9988],[102.24491,14.9991],[102.24571,14.99912],[102.24578,14.99846],[102.24588,14.99827],[102.24595,14.99765],[102.24586,14.99744],[102.24569,14.99742],[102.24567,14.99723],[102.24579,14.99726],[102.246,14.99718],[102.24606,14.99692],[102.24613,14.99656],[102.24622,14.99653],[102.24666,14.99587],[102.24712,14.99572],[102.24739,14.99572],[102.24782,14.99559],[102.2481,14.99556],[102.24846,14.99563],[102.24861,14.99559],[102.24883,14.99561],[102.24912,14.99507],[102.24942,14.99484],[102.24942,14.99466],[102.24924,14.99457],[102.24798,14.99468],[102.24783,14.99467],[102.24764,14.99467],[102.24747,14.99472],[102.24703,14.99517],[102.24698,14.9952],[102.24615,14.99519],[102.24611,14.99544],[102.246,14.99565],[102.24598,14.99575],[102.24578,14.99603],[102.24557,14.99617],[102.24519,14.99634],[102.24512,14.9966],[102.24506,14.99663],[102.24503,14.99671],[102.24508,14.99678],[102.24502,14.99697],[102.24497,14.99701],[102.24496,14.99713],[102.24507,14.99711],[102.24514,14.99703],[102.24513,14.99716],[102.24504,14.99721],[102.24503,14.99737],[102.24512,14.99744],[102.24537,14.99743],[102.24545,14.99754],[102.2453,14.99751],[102.24524,14.99753],[102.24522,14.99763],[102.24473,14.99761],[102.24455,14.99767],[102.24451,14.99809],[102.24437,14.99834],[102.24431,14.99836],[102.24419,14.99874],[102.24422,14.9988]]]},"properties":{"name":"","type":"other","area_rai":46.3,"osm":"w1230739436"}},{"type":"Feature","geometry":{"type":"Polygon","coordinates":[[[102.42966,15.36061],[102.43137,15.36088],[102.43222,15.35776],[102.42954,15.35789],[102.42975,15.35949],[102.42966,15.36061]]]},"properties":{"name":"","type":"reservoir","area_rai":46.3,"osm":"w1484481263"}},{"type":"Feature","geometry":{"type":"Polygon","coordinates":[[[102.32474,15.18225],[102.32699,15.18272],[102.32757,15.18151],[102.3263,15.1801],[102.32507,15.18019],[102.32428,15.18046],[102.32432,15.18144],[102.32474,15.18225]]]},"properties":{"name":"","type":"other","area_rai":45.8,"osm":"w467577069"}},{"type":"Feature","geometry":{"type":"Polygon","coordinates":[[[102.27702,15.03336],[102.27727,15.03348],[102.27743,15.03332],[102.27751,15.03339],[102.27784,15.03344],[102.27804,15.03373],[102.27839,15.03376],[102.27857,15.03407],[102.27937,15.03414],[102.27957,15.03395],[102.27998,15.03383],[102.27998,15.0337],[102.28034,15.03382],[102.28075,15.03367],[102.28106,15.03322],[102.28099,15.0329],[102.28095,15.03277],[102.28088,15.03248],[102.28085,15.03238],[102.28097,15.03227],[102.28015,15.03215],[102.28007,15.03228],[102.27981,15.03222],[102.27961,15.03241],[102.27957,15.03249],[102.27965,15.03252],[102.2796,15.03265],[102.27952,15.03264],[102.27944,15.03257],[102.27939,15.03256],[102.2793,15.03261],[102.27916,15.03257],[102.27916,15.03252],[102.27908,15.03245],[102.27902,15.03237],[102.27887,15.03229],[102.27873,15.03179],[102.27856,15.0318],[102.27841,15.03173],[102.27832,15.03173],[102.27806,15.0319],[102.2777,15.03205],[102.27732,15.03247],[102.27711,15.03285],[102.27702,15.03336]]]},"properties":{"name":"","type":"other","area_rai":45.1,"osm":"w1227990068"}},{"type":"Feature","geometry":{"type":"Polygon","coordinates":[[[102.42963,15.35755],[102.42955,15.35606],[102.43312,15.3556],[102.4331,15.35626],[102.4335,15.35654],[102.43323,15.35737],[102.42963,15.35755]]]},"properties":{"name":"","type":"reservoir","area_rai":44.7,"osm":"w1484481262"}},{"type":"Feature","geometry":{"type":"Polygon","coordinates":[[[102.37348,15.27393],[102.37322,15.27377],[102.3742,15.27253],[102.37477,15.27192],[102.37478,15.27172],[102.37422,15.27144],[102.37472,15.27111],[102.3747,15.27058],[102.37608,15.26979],[102.37694,15.26745],[102.37741,15.26742],[102.37717,15.26885],[102.37694,15.26999],[102.37589,15.2718],[102.37534,15.27222],[102.37441,15.27289],[102.37393,15.2733],[102.37348,15.27393]]]},"properties":{"name":"","type":"other","area_rai":44.4,"osm":"w862780240"}},{"type":"Feature","geometry":{"type":"Polygon","coordinates":[[[102.03573,15.09695],[102.03749,15.09727],[102.03809,15.09751],[102.03775,15.09948],[102.03632,15.09956],[102.03597,15.0991],[102.03526,15.09888],[102.03508,15.09786],[102.03573,15.09695]]]},"properties":{"name":"","type":"reservoir","area_rai":43.8,"osm":"w1232132087"}},{"type":"Feature","geometry":{"type":"Polygon","coordinates":[[[102.30241,15.34998],[102.29908,15.34953],[102.29944,15.34786],[102.30271,15.34827],[102.30241,15.34998]]]},"properties":{"name":"","type":"other","area_rai":42.4,"osm":"w1127448914"}},{"type":"Feature","geometry":{"type":"Polygon","coordinates":[[[102.17517,15.20009],[102.17548,15.1987],[102.17142,15.19804],[102.17124,15.19937],[102.17395,15.19991],[102.17517,15.20009]]]},"properties":{"name":"","type":"other","area_rai":42.2,"osm":"w1126002879"}},{"type":"Feature","geometry":{"type":"Polygon","coordinates":[[[101.97559,15.11551],[101.97504,15.11471],[101.97506,15.11461],[101.97526,15.11442],[101.97518,15.11423],[101.97536,15.11386],[101.97602,15.11166],[101.97609,15.11161],[101.97677,15.11167],[101.97682,15.11172],[101.97682,15.11189],[101.97694,15.11191],[101.97699,15.11195],[101.977,15.11233],[101.97703,15.11264],[101.97709,15.11275],[101.97723,15.11304],[101.97729,15.11319],[101.97717,15.11449],[101.97626,15.11491],[101.9763,15.11509],[101.97571,15.11553],[101.97559,15.11551]]]},"properties":{"name":"","type":"reservoir","area_rai":40.5,"osm":"w1004680815"}},{"type":"Feature","geometry":{"type":"Polygon","coordinates":[[[102.33729,15.1864],[102.33659,15.18635],[102.3359,15.18617],[102.33489,15.18572],[102.3346,15.18558],[102.33438,15.18491],[102.33443,15.18436],[102.33457,15.18428],[102.3366,15.18445],[102.33691,15.18468],[102.33785,15.18557],[102.33787,15.18582],[102.33729,15.1864]]]},"properties":{"name":"","type":"pond","area_rai":37.7,"osm":"w883989960"}},{"type":"Feature","geometry":{"type":"Polygon","coordinates":[[[102.1709,15.20087],[102.17113,15.1996],[102.17503,15.20023],[102.17475,15.2015],[102.1709,15.20087]]]},"properties":{"name":"","type":"other","area_rai":37.7,"osm":"w1041977463"}},{"type":"Feature","geometry":{"type":"Polygon","coordinates":[[[102.40337,15.01676],[102.40491,15.01674],[102.40488,15.01517],[102.40491,15.01444],[102.40511,15.01412],[102.40517,15.01366],[102.40423,15.01372],[102.40429,15.01414],[102.40284,15.01489],[102.40305,15.01671],[102.40337,15.01676]]]},"properties":{"name":"","type":"reservoir","area_rai":37.5,"osm":"w426930039"}},{"type":"Feature","geometry":{"type":"Polygon","coordinates":[[[102.28666,15.14079],[102.28842,15.14125],[102.28859,15.14062],[102.28982,15.14078],[102.29017,15.13991],[102.28892,15.13936],[102.28712,15.13894],[102.28666,15.14079]]]},"properties":{"name":"","type":"other","area_rai":37.0,"osm":"w467577065"}},{"type":"Feature","geometry":{"type":"Polygon","coordinates":[[[102.03557,15.03436],[102.03712,15.0345],[102.03758,15.03262],[102.03744,15.03257],[102.03434,15.03222],[102.0344,15.03264],[102.0347,15.03314],[102.03507,15.03361],[102.03544,15.03403],[102.03557,15.03436]]]},"properties":{"name":"","type":"reservoir","area_rai":36.7,"osm":"w1004677413"}},{"type":"Feature","geometry":{"type":"Polygon","coordinates":[[[102.03938,15.26675],[102.04049,15.26374],[102.04058,15.26338],[102.03867,15.26369],[102.03852,15.26375],[102.03848,15.2638],[102.03839,15.26428],[102.03839,15.26449],[102.03867,15.26458],[102.03824,15.26664],[102.03938,15.26675]]]},"properties":{"name":"","type":"reservoir","area_rai":35.7,"osm":"w1005696790"}},{"type":"Feature","geometry":{"type":"Polygon","coordinates":[[[102.25581,15.14099],[102.25672,15.14091],[102.2571,15.14095],[102.25827,15.14149],[102.25854,15.14051],[102.25869,15.13968],[102.25857,15.13955],[102.25783,15.13939],[102.25702,15.13923],[102.25604,15.13909],[102.25581,15.14099]]]},"properties":{"name":"","type":"other","area_rai":35.2,"osm":"w467577071"}},{"type":"Feature","geometry":{"type":"Polygon","coordinates":[[[102.00356,15.04264],[102.00545,15.0429],[102.00525,15.04362],[102.00529,15.0438],[102.00535,15.04398],[102.00526,15.04474],[102.00531,15.04504],[102.00545,15.04534],[102.00544,15.04544],[102.00511,15.04537],[102.0039,15.04535],[102.00328,15.0439],[102.00356,15.04264]]]},"properties":{"name":"","type":"reservoir","area_rai":35.1,"osm":"w1232122523"}},{"type":"Feature","geometry":{"type":"Polygon","coordinates":[[[102.021,15.07796],[102.02149,15.07594],[102.02212,15.07601],[102.02288,15.07561],[102.02305,15.07573],[102.02294,15.07601],[102.02274,15.07803],[102.02283,15.07805],[102.02276,15.07837],[102.022,15.07866],[102.02144,15.07872],[102.0214,15.07861],[102.02118,15.07855],[102.02095,15.07832],[102.021,15.07796]]]},"properties":{"name":"","type":"other","area_rai":33.1,"osm":"w1232125314"}},{"type":"Feature","geometry":{"type":"Polygon","coordinates":[[[102.06587,15.12626],[102.06592,15.12588],[102.06661,15.12627],[102.06694,15.12656],[102.06804,15.12645],[102.06823,15.12697],[102.06808,15.12704],[102.06825,15.1276],[102.0684,15.1281],[102.06865,15.12803],[102.06882,15.1288],[102.0684,15.12925],[102.06826,15.12957],[102.06719,15.12895],[102.06703,15.1284],[102.06676,15.12699],[102.06641,15.12652],[102.06587,15.12626]]]},"properties":{"name":"","type":"other","area_rai":32.9,"osm":"w816612674"}},{"type":"Feature","geometry":{"type":"Polygon","coordinates":[[[102.19999,15.07588],[102.19675,15.07464],[102.19659,15.07452],[102.19648,15.07434],[102.19647,15.07414],[102.19652,15.07394],[102.19658,15.07383],[102.19675,15.0737],[102.19697,15.07366],[102.19741,15.07378],[102.19868,15.07416],[102.19856,15.07453],[102.19855,15.07463],[102.19869,15.07475],[102.19886,15.07474],[102.19894,15.07469],[102.19904,15.07441],[102.19908,15.07434],[102.20031,15.07478],[102.20043,15.07492],[102.20053,15.0751],[102.20056,15.07535],[102.20054,15.07546],[102.20045,15.0757],[102.20032,15.0758],[102.20014,15.07588],[102.19999,15.07588]]]},"properties":{"name":"","type":"lake","area_rai":31.8,"osm":"w862768816"}},{"type":"Feature","geometry":{"type":"Polygon","coordinates":[[[102.0504,15.0424],[102.05093,15.04242],[102.05104,15.04236],[102.05109,15.04224],[102.05153,15.03926],[102.05152,15.03912],[102.05144,15.03899],[102.05126,15.03882],[102.05111,15.03877],[102.05096,15.03876],[102.05081,15.03879],[102.05066,15.03882],[102.05055,15.03893],[102.05051,15.03907],[102.05038,15.04001],[102.0503,15.0401],[102.05018,15.04011],[102.04944,15.04001],[102.04935,15.04006],[102.04929,15.04018],[102.04909,15.04166],[102.04914,15.04179],[102.04959,15.04222],[102.04979,15.04233],[102.05024,15.04239],[102.05025,15.0423],[102.04998,15.04225],[102.04966,15.0421],[102.04937,15.04175],[102.04932,15.04157],[102.04938,15.04136],[102.04978,15.04064],[102.04988,15.04059],[102.05054,15.04069],[102.05064,15.04076],[102.05065,15.04089],[102.0504,15.04227],[102.0504,15.0424]]]},"properties":{"name":"","type":"pond","area_rai":31.2,"osm":"w1258154672"}},{"type":"Feature","geometry":{"type":"Polygon","coordinates":[[[102.2827,15.02429],[102.28291,15.02429],[102.28278,15.02393],[102.28257,15.02365],[102.28225,15.02348],[102.28184,15.02339],[102.28164,15.02331],[102.28152,15.02317],[102.28143,15.02292],[102.28156,15.02275],[102.28189,15.02249],[102.28212,15.02244],[102.28248,15.02235],[102.28279,15.02239],[102.28295,15.02239],[102.28328,15.02232],[102.28353,15.0221],[102.28367,15.02192],[102.28367,15.02177],[102.28364,15.02168],[102.2837,15.02121],[102.28358,15.02075],[102.28345,15.02064],[102.28321,15.02053],[102.28276,15.02039],[102.28242,15.02016],[102.28215,15.01994],[102.28201,15.01982],[102.28197,15.01971],[102.28174,15.01956],[102.28167,15.01951],[102.28164,15.01941],[102.28164,15.01936],[102.28142,15.01915],[102.2814,15.01905],[102.28146,15.01899],[102.28155,15.01902],[102.28167,15.01922],[102.28177,15.01931],[102.28213,15.01946],[102.28216,15.01942],[102.28214,15.01926],[102.28211,15.01917],[102.28214,15.01909],[102.28216,15.01905],[102.28223,15.01903],[102.28231,15.019],[102.28239,15.01886],[102.28239,15.01877],[102.28242,15.01861],[102.28242,15.01854],[102.28191,15.01796],[102.28183,15.01802],[102.28173,15.01796],[102.28145,15.018],[102.28129,15.01795],[102.28123,15.01797],[102.28116,15.01804],[102.28108,15.01816],[102.28095,15.0183],[102.28098,15.01842],[102.28095,15.01861],[102.28102,15.01867],[102.28118,15.01882],[102.28122,15.01896],[102.28126,15.01904],[102.28126,15.01911],[102.28115,15.01906],[102.28101,15.01905],[102.28089,15.0189],[102.28091,15.01905],[102.281,15.01922],[102.28095,15.01926],[102.28099,15.01948],[102.28095,15.01963],[102.28088,15.01974],[102.28126,15.01997],[102.28134,15.01975],[102.28137,15.01963],[102.28131,15.01938],[102.28126,15.01925],[102.2813,15.01917],[102.2814,15.01922],[102.2815,15.01943],[102.28149,15.01966],[102.28165,15.01973],[102.28173,15.01996],[102.28185,15.02005],[102.28211,15.0203],[102.28165,15.02031],[102.28179,15.02046],[102.28229,15.02043],[102.28244,15.0205],[102.28252,15.02061],[102.28263,15.0207],[102.28281,15.02067],[102.2832,15.02081],[102.28329,15.02087],[102.28328,15.02105],[102.28322,15.02112],[102.28333,15.02118],[102.28338,15.02132],[102.28322,15.02145],[102.28326,15.02159],[102.28324,15.02162],[102.28329,15.02195],[102.28322,15.02206],[102.28307,15.02213],[102.28297,15.02217],[102.28283,15.02218],[102.28258,15.02214],[102.28216,15.0221],[102.28197,15.0221],[102.28185,15.02224],[102.28163,15.0224],[102.28147,15.02258],[102.28134,15.02275],[102.28128,15.02292],[102.28124,15.02305],[102.28127,15.02325],[102.28133,15.02343],[102.28136,15.02353],[102.28139,15.02364],[102.28143,15.02368],[102.28151,15.02371],[102.2816,15.02363],[102.28172,15.02365],[102.28185,15.02369],[102.28194,15.02369],[102.28205,15.02369],[102.28211,15.02371],[102.28246,15.02387],[102.28256,15.02397],[102.28262,15.024],[102.28266,15.02417],[102.2827,15.02429]]]},"properties":{"name":"","type":"other","area_rai":30.6,"osm":"w1227990063"}},{"type":"Feature","geometry":{"type":"Polygon","coordinates":[[[101.98621,15.24627],[101.98619,15.2468],[101.98595,15.24775],[101.98808,15.24832],[101.98875,15.24682],[101.98876,15.2467],[101.98874,15.24657],[101.98869,15.24651],[101.98856,15.24646],[101.98659,15.24632],[101.98621,15.24627]]]},"properties":{"name":"","type":"other","area_rai":30.4,"osm":"w444772813"}},{"type":"Feature","geometry":{"type":"Polygon","coordinates":[[[101.98518,15.00361],[101.98711,15.00418],[101.98822,15.00456],[101.98834,15.0043],[101.98846,15.00383],[101.98848,15.00348],[101.98832,15.00329],[101.98771,15.00309],[101.98531,15.00238],[101.98521,15.00307],[101.98518,15.00361]]]},"properties":{"name":"","type":"other","area_rai":30.0,"osm":"w816953852"}},{"type":"Feature","geometry":{"type":"Polygon","coordinates":[[[102.35052,15.10827],[102.35025,15.10812],[102.35014,15.10804],[102.35008,15.10795],[102.35004,15.10785],[102.35005,15.10773],[102.3501,15.10752],[102.35018,15.10735],[102.35025,15.10728],[102.35037,15.10724],[102.35051,15.10726],[102.35064,15.10731],[102.35074,15.10743],[102.35079,15.10753],[102.35086,15.10761],[102.35093,15.10768],[102.35094,15.10776],[102.35098,15.10783],[102.35106,15.10788],[102.35116,15.10788],[102.35126,15.10785],[102.35138,15.10785],[102.35152,15.10792],[102.35171,15.108],[102.35198,15.10804],[102.35224,15.1081],[102.35232,15.10815],[102.35235,15.10824],[102.35236,15.10841],[102.35239,15.10863],[102.35249,15.10883],[102.35265,15.10905],[102.35284,15.10925],[102.35302,15.10939],[102.35325,15.10952],[102.35338,15.10957],[102.35343,15.10965],[102.35346,15.10978],[102.35332,15.11016],[102.35323,15.11023],[102.35314,15.11026],[102.35302,15.11026],[102.35276,15.11018],[102.35265,15.11017],[102.35247,15.11019],[102.35198,15.11029],[102.35168,15.11035],[102.35151,15.11036],[102.35143,15.11034],[102.35138,15.11028],[102.35136,15.11023],[102.35138,15.11014],[102.35145,15.11005],[102.35157,15.10997],[102.35168,15.10985],[102.35175,15.10961],[102.35178,15.10952],[102.35183,15.10946],[102.35179,15.10929],[102.35158,15.10893],[102.35146,15.10879],[102.35128,15.10867],[102.35096,15.10846],[102.35052,15.10827]]]},"properties":{"name":"","type":"other","area_rai":29.4,"osm":"w641853947"}},{"type":"Feature","geometry":{"type":"Polygon","coordinates":[[[101.92313,14.99259],[101.92327,14.99219],[101.92155,14.9916],[101.92147,14.99195],[101.92162,14.992],[101.92162,14.9921],[101.92156,14.99223],[101.92147,14.99235],[101.92123,14.99304],[101.92242,14.99363],[101.92253,14.99358],[101.92294,14.99271],[101.92309,14.99277],[101.92264,14.99371],[101.92354,14.99416],[101.924,14.99346],[101.92438,14.99302],[101.92313,14.99259]]]},"properties":{"name":"","type":"reservoir","area_rai":28.8,"osm":"w1128253823"}},{"type":"Feature","geometry":{"type":"Polygon","coordinates":[[[102.45895,15.27345],[102.45954,15.27261],[102.46171,15.27425],[102.46106,15.27601],[102.45985,15.27558],[102.46058,15.27438],[102.45895,15.27345]]]},"properties":{"name":"","type":"reservoir","area_rai":28.7,"osm":"w550530668"}},{"type":"Feature","geometry":{"type":"Polygon","coordinates":[[[101.83586,15.14928],[101.83377,15.14652],[101.83401,15.14626],[101.83441,15.14618],[101.83463,15.14629],[101.83528,15.1461],[101.83543,15.14662],[101.83556,15.14711],[101.83609,15.14783],[101.8367,15.14866],[101.83586,15.14928]]]},"properties":{"name":"","type":"other","area_rai":28.1,"osm":"w816612687"}},{"type":"Feature","geometry":{"type":"Polygon","coordinates":[[[102.34059,15.0351],[102.34005,15.03556],[102.33975,15.03554],[102.33964,15.0366],[102.33759,15.03647],[102.33776,15.03489],[102.33879,15.03502],[102.33882,15.03483],[102.33965,15.0348],[102.34045,15.03504],[102.34059,15.0351]]]},"properties":{"name":"","type":"reservoir","area_rai":27.8,"osm":"w542276585"}},{"type":"Feature","geometry":{"type":"Polygon","coordinates":[[[102.26645,15.01041],[102.26671,15.01056],[102.26732,15.01063],[102.26865,15.01019],[102.2688,15.01029],[102.26882,15.0104],[102.26968,15.01086],[102.26993,15.01095],[102.27035,15.01117],[102.27047,15.01131],[102.27045,15.01171],[102.27024,15.01193],[102.26966,15.01231],[102.2692,15.01246],[102.26924,15.01278],[102.2693,15.01288],[102.2696,15.01311],[102.26973,15.0133],[102.26985,15.01336],[102.26996,15.01332],[102.26997,15.01299],[102.26987,15.01263],[102.27068,15.01194],[102.27107,15.01197],[102.27153,15.01191],[102.27162,15.0113],[102.27143,15.01119],[102.27084,15.01105],[102.2697,15.01032],[102.26963,15.01013],[102.26966,15.01001],[102.26971,15.00989],[102.26921,15.0096],[102.26834,15.00995],[102.26734,15.0103],[102.26685,15.01026],[102.26657,15.01012],[102.26645,15.01041]]]},"properties":{"name":"","type":"other","area_rai":27.8,"osm":"w1227986795"}},{"type":"Feature","geometry":{"type":"Polygon","coordinates":[[[102.14446,15.22102],[102.1444,15.22093],[102.14433,15.22033],[102.14438,15.21984],[102.14478,15.21986],[102.14509,15.21985],[102.14609,15.21971],[102.14641,15.21956],[102.1468,15.21952],[102.14754,15.21955],[102.14735,15.22004],[102.14703,15.22081],[102.14688,15.22112],[102.14672,15.22113],[102.14633,15.22094],[102.14602,15.22097],[102.14446,15.22102]]]},"properties":{"name":"","type":"other","area_rai":27.7,"osm":"w1127453271"}},{"type":"Feature","geometry":{"type":"Polygon","coordinates":[[[102.36754,15.05275],[102.3682,15.05088],[102.36831,15.05086],[102.37019,15.05193],[102.37025,15.05299],[102.36754,15.05275]]]},"properties":{"name":"","type":"reservoir","area_rai":27.6,"osm":"w542274311"}},{"type":"Feature","geometry":{"type":"Polygon","coordinates":[[[102.23615,15.10276],[102.23588,15.10255],[102.23542,15.10257],[102.23538,15.10226],[102.23512,15.10186],[102.23491,15.10151],[102.23472,15.1013],[102.23454,15.10093],[102.23468,15.10066],[102.23573,15.10031],[102.23648,15.1008],[102.23684,15.10119],[102.23673,15.10206],[102.23664,15.10239],[102.23646,15.10264],[102.23615,15.10276]]]},"properties":{"name":"","type":"pond","area_rai":26.9,"osm":"w884012270"}},{"type":"Feature","geometry":{"type":"Polygon","coordinates":[[[102.1456,15.18727],[102.1456,15.18699],[102.14556,15.18656],[102.14549,15.1863],[102.14554,15.18614],[102.14549,15.18575],[102.14556,15.18566],[102.14583,15.18554],[102.14613,15.18556],[102.14637,15.18553],[102.14662,15.18544],[102.14673,15.1853],[102.14685,15.18489],[102.14708,15.18414],[102.14736,15.18384],[102.14756,15.18371],[102.14783,15.18369],[102.14802,15.18352],[102.14807,15.1834],[102.14816,15.1831],[102.14827,15.18294],[102.14845,15.18281],[102.14872,15.18254],[102.14884,15.18235],[102.14902,15.18215],[102.14949,15.18197],[102.14981,15.18199],[102.15022,15.18213],[102.15047,15.18218],[102.15084,15.18234],[102.15091,15.18249],[102.15093,15.18293],[102.15097,15.18352],[102.15104,15.18385],[102.15108,15.18397],[102.1512,15.18412],[102.15121,15.18416],[102.15108,15.18421],[102.15098,15.18413],[102.15092,15.18397],[102.15078,15.18357],[102.15073,15.18309],[102.15068,15.18267],[102.15061,15.18249],[102.15026,15.18238],[102.14985,15.18229],[102.14951,15.18218],[102.1492,15.18225],[102.14902,15.18251],[102.14887,15.1828],[102.14894,15.18288],[102.14896,15.18299],[102.1489,15.18313],[102.14887,15.18323],[102.14881,15.1833],[102.14866,15.18331],[102.14853,15.18321],[102.14841,15.18315],[102.14832,15.18325],[102.14828,15.18346],[102.14827,15.18361],[102.14797,15.18383],[102.14759,15.18394],[102.14747,15.18401],[102.14732,15.18418],[102.14719,15.18438],[102.147,15.18499],[102.14695,15.18553],[102.1469,15.18564],[102.14665,15.18576],[102.14652,15.18571],[102.14611,15.18573],[102.14573,15.18576],[102.1457,15.18581],[102.1457,15.18634],[102.14582,15.18672],[102.14586,15.18701],[102.14618,15.18707],[102.14628,15.18689],[102.14629,15.18649],[102.14644,15.18619],[102.14663,15.186],[102.14668,15.18583],[102.14652,15.18572],[102.14678,15.18586],[102.14673,15.18605],[102.14658,15.18618],[102.14653,15.18639],[102.14648,15.1867],[102.14646,15.18686],[102.1464,15.18712],[102.14637,15.18735],[102.14633,15.18748],[102.1463,15.18744],[102.14621,15.1872],[102.14594,15.18724],[102.14608,15.18731],[102.14628,15.18749],[102.14631,15.18755],[102.14649,15.1877],[102.14675,15.18764],[102.14697,15.18745],[102.14718,15.18704],[102.14742,15.18685],[102.14774,15.18684],[102.148,15.18699],[102.14809,15.18711],[102.14817,15.18727],[102.14836,15.18762],[102.14869,15.18779],[102.14858,15.18792],[102.1483,15.18783],[102.14811,15.18762],[102.14789,15.18719],[102.14754,15.18703],[102.14737,15.18714],[102.14727,15.18732],[102.1472,15.18746],[102.14709,15.18769],[102.14696,15.18779],[102.14663,15.18791],[102.14642,15.1879],[102.14613,15.18792],[102.14605,15.18752],[102.14592,15.1874],[102.14569,15.18732],[102.1456,15.18727]]]},"properties":{"name":"","type":"other","area_rai":26.9,"osm":"w1124385937"}},{"type":"Feature","geometry":{"type":"Polygon","coordinates":[[[102.236,15.32048],[102.23364,15.31891],[102.23192,15.31841],[102.23221,15.31741],[102.23288,15.31772],[102.23334,15.31823],[102.23424,15.31859],[102.23497,15.31886],[102.23583,15.31928],[102.23638,15.31963],[102.236,15.32048]]]},"properties":{"name":"","type":"other","area_rai":26.9,"osm":"w1127448897"}},{"type":"Feature","geometry":{"type":"Polygon","coordinates":[[[102.13962,15.27466],[102.14096,15.27475],[102.14091,15.27542],[102.14069,15.27544],[102.14085,15.27659],[102.14188,15.27632],[102.14201,15.27406],[102.13971,15.27389],[102.13962,15.27466]]]},"properties":{"name":"","type":"other","area_rai":26.8,"osm":"w822487233"}},{"type":"Feature","geometry":{"type":"Polygon","coordinates":[[[102.44169,15.34982],[102.44309,15.34996],[102.44323,15.34824],[102.44179,15.34793],[102.4408,15.34772],[102.44067,15.34864],[102.44172,15.34878],[102.44169,15.34982]]]},"properties":{"name":"","type":"other","area_rai":26.2,"osm":"w466053851"}},{"type":"Feature","geometry":{"type":"Polygon","coordinates":[[[102.42075,15.318],[102.42261,15.31793],[102.42296,15.31706],[102.42215,15.31683],[102.42279,15.31529],[102.42203,15.31493],[102.42075,15.318]]]},"properties":{"name":"","type":"other","area_rai":26.2,"osm":"w466054207"}},{"type":"Feature","geometry":{"type":"Polygon","coordinates":[[[102.01201,15.24796],[102.01183,15.2492],[102.01168,15.24945],[102.01145,15.25033],[102.01073,15.25021],[102.01064,15.25016],[102.01023,15.25007],[102.01042,15.24934],[102.01056,15.24814],[102.01056,15.248],[102.01047,15.24796],[102.0103,15.24796],[102.00984,15.24796],[102.00977,15.24763],[102.01072,15.24765],[102.01091,15.24768],[102.01142,15.24792],[102.01179,15.24792],[102.01201,15.24796]]]},"properties":{"name":"","type":"other","area_rai":26.1,"osm":"w444771078"}},{"type":"Feature","geometry":{"type":"Polygon","coordinates":[[[102.37034,15.43438],[102.37217,15.43421],[102.37218,15.43468],[102.3727,15.43475],[102.37294,15.43427],[102.37309,15.4342],[102.37394,15.43461],[102.37462,15.43342],[102.37412,15.43309],[102.37375,15.43285],[102.37319,15.43387],[102.37298,15.43394],[102.37065,15.4334],[102.37054,15.4338],[102.37012,15.43414],[102.37034,15.43438]]]},"properties":{"name":"","type":"reservoir","area_rai":25.5,"osm":"w600632944"}},{"type":"Feature","geometry":{"type":"Polygon","coordinates":[[[101.88125,15.12683],[101.88133,15.12673],[101.88142,15.12668],[101.88162,15.12666],[101.88241,15.12661],[101.88279,15.12663],[101.88308,15.12666],[101.88315,15.1267],[101.88321,15.12677],[101.88325,15.12692],[101.88332,15.12789],[101.88298,15.12795],[101.88294,15.12774],[101.88214,15.12791],[101.88208,15.12798],[101.88188,15.12846],[101.88079,15.12868],[101.88078,15.12855],[101.88082,15.12836],[101.88125,15.12683]]]},"properties":{"name":"","type":"other","area_rai":25.1,"osm":"w609084325"}},{"type":"Feature","geometry":{"type":"Polygon","coordinates":[[[101.82913,15.26146],[101.82871,15.26149],[101.82842,15.26168],[101.82826,15.26169],[101.8282,15.26163],[101.82764,15.26152],[101.8274,15.26122],[101.82742,15.26052],[101.82795,15.26042],[101.82807,15.25984],[101.82886,15.25983],[101.82956,15.25973],[101.82942,15.26113],[101.82942,15.26137],[101.82939,15.2616],[101.82933,15.26205],[101.82922,15.26219],[101.82888,15.26224],[101.82866,15.26207],[101.82895,15.26205],[101.82916,15.26199],[101.8292,15.26191],[101.82922,15.2616],[101.82913,15.26146]]]},"properties":{"name":"","type":"basin","area_rai":24.8,"osm":"w816612709"}},{"type":"Feature","geometry":{"type":"Polygon","coordinates":[[[102.29076,15.1418],[102.29254,15.143],[102.2934,15.14166],[102.2916,15.14053],[102.29076,15.1418]]]},"properties":{"name":"","type":"other","area_rai":24.7,"osm":"w467577094"}},{"type":"Feature","geometry":{"type":"Polygon","coordinates":[[[102.3089,15.05196],[102.3102,15.052],[102.3104,15.05208],[102.31047,15.05213],[102.31132,15.05308],[102.31148,15.05298],[102.31182,15.05212],[102.31174,15.05192],[102.31165,15.05167],[102.31158,15.05153],[102.31138,15.05133],[102.31109,15.05108],[102.31073,15.05098],[102.31048,15.05097],[102.31031,15.05098],[102.3101,15.05103],[102.30956,15.05091],[102.30934,15.05121],[102.30899,15.05119],[102.3089,15.05196]]]},"properties":{"name":"","type":"other","area_rai":24.6,"osm":"w1227992181"}},{"type":"Feature","geometry":{"type":"Polygon","coordinates":[[[102.13157,15.22917],[102.13282,15.22956],[102.13323,15.22859],[102.13338,15.22785],[102.13335,15.22757],[102.13325,15.22722],[102.13166,15.22743],[102.13157,15.22917]]]},"properties":{"name":"","type":"other","area_rai":24.5,"osm":"w1120535003"}},{"type":"Feature","geometry":{"type":"Polygon","coordinates":[[[101.86851,15.08265],[101.8695,15.08335],[101.87109,15.08184],[101.87028,15.08127],[101.86841,15.08169],[101.86851,15.08265]]]},"properties":{"name":"","type":"other","area_rai":24.4,"osm":"w820516322"}},{"type":"Feature","geometry":{"type":"Polygon","coordinates":[[[102.38788,15.38294],[102.39046,15.38318],[102.39057,15.38245],[102.39023,15.38226],[102.38975,15.38158],[102.38916,15.38137],[102.38798,15.38216],[102.38788,15.38294]]]},"properties":{"name":"","type":"pond","area_rai":24.3,"osm":"w775708676"}},{"type":"Feature","geometry":{"type":"Polygon","coordinates":[[[102.34591,15.03447],[102.34654,15.03364],[102.34665,15.03361],[102.34758,15.03359],[102.34741,15.03468],[102.34757,15.03469],[102.34763,15.03434],[102.34777,15.03432],[102.34828,15.03437],[102.34826,15.0345],[102.3481,15.03568],[102.34723,15.03557],[102.34707,15.03562],[102.34691,15.03554],[102.34597,15.03459],[102.34591,15.03447]]]},"properties":{"name":"","type":"reservoir","area_rai":23.6,"osm":"w1278067360"}},{"type":"Feature","geometry":{"type":"Polygon","coordinates":[[[102.42932,15.24114],[102.4299,15.24115],[102.43035,15.24132],[102.43127,15.24169],[102.43169,15.24197],[102.4317,15.24232],[102.43149,15.24258],[102.43095,15.24273],[102.43012,15.24285],[102.42973,15.24281],[102.42949,15.24267],[102.4294,15.24252],[102.42922,15.24184],[102.42933,15.24158],[102.42932,15.24153],[102.42925,15.24144],[102.42924,15.2413],[102.42932,15.24114]]]},"properties":{"name":"","type":"basin","area_rai":23.0,"osm":"w244093224"}},{"type":"Feature","geometry":{"type":"Polygon","coordinates":[[[102.45478,15.38153],[102.45643,15.38243],[102.45727,15.38093],[102.4555,15.38018],[102.45478,15.38153]]]},"properties":{"name":"","type":"reservoir","area_rai":22.8,"osm":"w465067607"}},{"type":"Feature","geometry":{"type":"Polygon","coordinates":[[[102.11246,14.9971],[102.11274,14.99716],[102.1132,14.99723],[102.11356,14.99728],[102.11406,14.99735],[102.11449,14.9975],[102.11499,14.99758],[102.11553,14.99765],[102.11597,14.99772],[102.11606,14.99774],[102.11628,14.99778],[102.11636,14.99778],[102.11643,14.99779],[102.11649,14.99778],[102.11655,14.99781],[102.11662,14.99779],[102.1167,14.99782],[102.11681,14.99785],[102.11695,14.99786],[102.11711,14.99788],[102.11745,14.99793],[102.11765,14.99796],[102.11796,14.99801],[102.11832,14.99807],[102.11848,14.99809],[102.11868,14.99808],[102.11883,14.99805],[102.11906,14.99794],[102.11933,14.99773],[102.11938,14.99768],[102.11945,14.99751],[102.11951,14.99742],[102.11966,14.99727],[102.11979,14.99716],[102.12027,14.99669],[102.12044,14.9965],[102.12057,14.99635],[102.12072,14.99617],[102.12106,14.9957],[102.12126,14.99547],[102.12172,14.9949],[102.12215,14.99437],[102.12236,14.9941],[102.12255,14.9939],[102.1232,14.99305],[102.12322,14.99301],[102.1232,14.99296],[102.12314,14.99293],[102.12306,14.99293],[102.12299,14.99297],[102.12288,14.99308],[102.12239,14.99374],[102.12188,14.99429],[102.12148,14.9948],[102.12128,14.9951],[102.12115,14.99526],[102.1209,14.99554],[102.12071,14.99572],[102.12049,14.99596],[102.12036,14.99619],[102.12029,14.99629],[102.12019,14.9964],[102.12002,14.99656],[102.11986,14.99676],[102.11973,14.99688],[102.11961,14.99699],[102.1195,14.99715],[102.1194,14.99729],[102.11928,14.99744],[102.11916,14.99755],[102.11895,14.99771],[102.11883,14.99777],[102.11872,14.99781],[102.11854,14.99783],[102.1182,14.9978],[102.11786,14.99774],[102.11753,14.99773],[102.11717,14.99768],[102.11632,14.99754],[102.11579,14.9975],[102.11537,14.99742],[102.11493,14.99736],[102.11467,14.99732],[102.11452,14.99727],[102.11421,14.99727],[102.1141,14.99718],[102.11334,14.99709],[102.11288,14.997],[102.11273,14.99705],[102.11261,14.99699],[102.11248,14.99701],[102.11246,14.9971]]]},"properties":{"name":"","type":"other","area_rai":21.5,"osm":"w546498850"}},{"type":"Feature","geometry":{"type":"Polygon","coordinates":[[[102.34015,15.06964],[102.341,15.06946],[102.34086,15.06771],[102.34018,15.06661],[102.33973,15.06626],[102.33931,15.06711],[102.33951,15.06728],[102.3401,15.06809],[102.34001,15.06833],[102.34015,15.06964]]]},"properties":{"name":"","type":"other","area_rai":21.1,"osm":"w1227992184"}},{"type":"Feature","geometry":{"type":"Polygon","coordinates":[[[101.99831,15.0968],[101.99839,15.09631],[101.99869,15.09631],[101.99879,15.09617],[101.99883,15.09603],[101.99892,15.09594],[101.99944,15.096],[101.99986,15.09587],[102.0,15.09587],[102.00009,15.09593],[102.0002,15.09638],[102.00026,15.09643],[102.00053,15.09648],[102.00055,15.09653],[102.00052,15.09679],[102.00056,15.09725],[101.99977,15.09748],[101.99925,15.09759],[101.9988,15.09765],[101.99876,15.09753],[101.99867,15.09702],[101.99831,15.0968]]]},"properties":{"name":"","type":"reservoir","area_rai":21.0,"osm":"w1232132089"}},{"type":"Feature","geometry":{"type":"Polygon","coordinates":[[[102.40394,15.29592],[102.40682,15.29523],[102.40614,15.29438],[102.40568,15.29452],[102.4051,15.29451],[102.4042,15.2947],[102.40373,15.29537],[102.40373,15.29562],[102.40394,15.29592]]]},"properties":{"name":"","type":"pond","area_rai":20.9,"osm":"w775708654"}},{"type":"Feature","geometry":{"type":"Polygon","coordinates":[[[102.20034,15.31951],[102.20247,15.3202],[102.20275,15.32019],[102.20284,15.31905],[102.20068,15.3184],[102.20034,15.31951]]]},"properties":{"name":"","type":"other","area_rai":20.9,"osm":"w822487227"}},{"type":"Feature","geometry":{"type":"Polygon","coordinates":[[[102.09061,15.11984],[102.09088,15.11992],[102.09069,15.12134],[102.09092,15.12303],[102.09057,15.12391],[102.09057,15.12429],[102.09067,15.12478],[102.09109,15.12498],[102.09149,15.12525],[102.09184,15.12575],[102.09198,15.126],[102.09216,15.127],[102.09187,15.12701],[102.09174,15.12612],[102.09128,15.12561],[102.09101,15.12535],[102.0904,15.12507],[102.09018,15.12487],[102.08998,15.12443],[102.09006,15.12388],[102.09056,15.12308],[102.09046,15.1222],[102.09042,15.12139],[102.09061,15.11984]]]},"properties":{"name":"","type":"other","area_rai":20.8,"osm":"w816612670"}},{"type":"Feature","geometry":{"type":"Polygon","coordinates":[[[102.02361,15.09907],[102.02409,15.09928],[102.02496,15.09834],[102.02535,15.09834],[102.02586,15.09672],[102.0246,15.09688],[102.02444,15.09746],[102.02392,15.09806],[102.02361,15.09907]]]},"properties":{"name":"","type":"other","area_rai":20.5,"osm":"w467580545"}},{"type":"Feature","geometry":{"type":"Polygon","coordinates":[[[102.05461,15.05722],[102.05478,15.05723],[102.05499,15.05713],[102.05506,15.05699],[102.05538,15.05678],[102.05539,15.0567],[102.05518,15.05626],[102.05511,15.05591],[102.05493,15.05564],[102.05442,15.0543],[102.0542,15.0545],[102.05413,15.05468],[102.05359,15.05444],[102.05363,15.05502],[102.05366,15.05532],[102.05382,15.05574],[102.05461,15.05722]]]},"properties":{"name":"","type":"other","area_rai":20.3,"osm":"w1234256410"}},{"type":"Feature","geometry":{"type":"Polygon","coordinates":[[[102.2126,15.14513],[102.21381,15.14586],[102.21411,15.14635],[102.21495,15.14531],[102.21399,15.14506],[102.21393,15.1441],[102.21249,15.14416],[102.2126,15.14513]]]},"properties":{"name":"","type":"other","area_rai":20.0,"osm":"w467582514"}},{"type":"Feature","geometry":{"type":"Polygon","coordinates":[[[102.0806,15.12907],[102.0811,15.12899],[102.08109,15.12876],[102.08132,15.12878],[102.08164,15.12896],[102.08187,15.12913],[102.08217,15.12921],[102.08241,15.12924],[102.08289,15.12916],[102.08289,15.1289],[102.08241,15.12901],[102.08208,15.12901],[102.08177,15.12885],[102.08154,15.12863],[102.08122,15.12853],[102.0809,15.12858],[102.08061,15.12864],[102.08036,15.12877],[102.08019,15.12895],[102.0801,15.12914],[102.0802,15.12941],[102.08058,15.12974],[102.08085,15.12994],[102.08138,15.13013],[102.0815,15.13029],[102.08155,15.13054],[102.08169,15.13071],[102.08195,15.13111],[102.08215,15.13126],[102.08258,15.13138],[102.08295,15.13136],[102.08322,15.13125],[102.08308,15.13031],[102.0826,15.13043],[102.08225,15.13043],[102.08202,15.13026],[102.08173,15.13006],[102.08135,15.12982],[102.081,15.12967],[102.08068,15.1295],[102.08047,15.12924],[102.0806,15.12907]]]},"properties":{"name":"","type":"other","area_rai":20.0,"osm":"w816612671"}},{"type":"Feature","geometry":{"type":"Polygon","coordinates":[[[102.23268,15.0062],[102.23263,15.00608],[102.23231,15.00614],[102.23218,15.00621],[102.23213,15.00637],[102.23217,15.00656],[102.23222,15.00669],[102.23225,15.00673],[102.23229,15.00681],[102.23244,15.00694],[102.23261,15.00703],[102.23273,15.00712],[102.23281,15.00724],[102.23282,15.00743],[102.23277,15.00754],[102.23273,15.00758],[102.23242,15.00837],[102.23239,15.00853],[102.23243,15.00867],[102.23247,15.00873],[102.23251,15.00884],[102.23254,15.00886],[102.23261,15.00893],[102.23277,15.00902],[102.23292,15.00904],[102.23307,15.009],[102.23366,15.00866],[102.23374,15.00856],[102.23375,15.00849],[102.23375,15.0084],[102.23372,15.00809],[102.23374,15.00794],[102.23378,15.00786],[102.23383,15.00782],[102.23395,15.00773],[102.23404,15.00768],[102.23413,15.00762],[102.23424,15.00754],[102.23433,15.00743],[102.23439,15.00735],[102.23445,15.00732],[102.23452,15.00731],[102.23468,15.00735],[102.2348,15.00742],[102.23487,15.00741],[102.23493,15.0075],[102.23493,15.00758],[102.23491,15.00771],[102.23489,15.00781],[102.23477,15.00803],[102.23465,15.00817],[102.23435,15.00846],[102.23429,15.00854],[102.23427,15.0086],[102.23428,15.00876],[102.23423,15.00892],[102.23417,15.00908],[102.23418,15.00927],[102.23421,15.0094],[102.23428,15.00952],[102.23441,15.00957],[102.23458,15.00957],[102.23473,15.00952],[102.23499,15.00935],[102.23538,15.00916],[102.2356,15.00909],[102.23635,15.01033],[102.2367,15.01002],[102.23652,15.00977],[102.23644,15.0094],[102.23628,15.00904],[102.23627,15.00897],[102.2361,15.00876],[102.23549,15.00894],[102.23498,15.00912],[102.23475,15.00925],[102.23454,15.00937],[102.23445,15.00935],[102.23443,15.0093],[102.23441,15.00918],[102.23445,15.00892],[102.23449,15.00862],[102.23459,15.00847],[102.23498,15.00798],[102.23503,15.0079],[102.23507,15.00778],[102.23513,15.00759],[102.2351,15.00748],[102.23507,15.00742],[102.23477,15.00715],[102.2346,15.00713],[102.23438,15.00715],[102.23427,15.00721],[102.23398,15.00749],[102.23388,15.00756],[102.23377,15.00761],[102.2337,15.00764],[102.23364,15.00771],[102.23359,15.00779],[102.23357,15.00787],[102.23354,15.008],[102.23357,15.00842],[102.23356,15.00851],[102.2335,15.00856],[102.23288,15.00885],[102.23283,15.00887],[102.23274,15.00884],[102.23265,15.00876],[102.23261,15.00863],[102.23258,15.00853],[102.2326,15.00844],[102.23261,15.00835],[102.23267,15.00821],[102.23281,15.00777],[102.23287,15.00765],[102.23292,15.00756],[102.23295,15.00751],[102.23297,15.00746],[102.23298,15.00738],[102.23298,15.00731],[102.23294,15.00714],[102.23289,15.00706],[102.23284,15.007],[102.23282,15.00697],[102.23273,15.00692],[102.23266,15.00688],[102.23259,15.00685],[102.23251,15.00677],[102.23246,15.00676],[102.23243,15.00676],[102.23233,15.00661],[102.23231,15.00652],[102.23229,15.00638],[102.23232,15.00632],[102.23238,15.00629],[102.23251,15.00626],[102.23269,15.00623],[102.23268,15.0062]]]},"properties":{"name":"","type":"other","area_rai":20.0,"osm":"w1227996917"}},{"type":"Feature","geometry":{"type":"Polygon","coordinates":[[[102.36954,15.26949],[102.37008,15.26936],[102.3708,15.27022],[102.37076,15.27062],[102.37106,15.27091],[102.37124,15.2712],[102.37148,15.27159],[102.37228,15.27211],[102.37172,15.27303],[102.37088,15.27204],[102.37084,15.27138],[102.37059,15.27106],[102.37031,15.27077],[102.37005,15.27025],[102.36946,15.26989],[102.36936,15.2696],[102.36954,15.26949]]]},"properties":{"name":"","type":"other","area_rai":19.8,"osm":"w862780237"}},{"type":"Feature","geometry":{"type":"Polygon","coordinates":[[[101.827,15.11547],[101.82872,15.11461],[101.82908,15.11418],[101.829,15.11384],[101.82843,15.11319],[101.82771,15.11344],[101.82688,15.11516],[101.827,15.11547]]]},"properties":{"name":"หนองตะแก","type":"pond","area_rai":19.4,"osm":"w420151420"}},{"type":"Feature","geometry":{"type":"Polygon","coordinates":[[[102.27249,15.02961],[102.27266,15.02919],[102.27249,15.02899],[102.27244,15.02875],[102.27276,15.02788],[102.27275,15.02782],[102.2721,15.02711],[102.27097,15.0277],[102.27107,15.0286],[102.27177,15.02893],[102.27249,15.02961]]]},"properties":{"name":"","type":"other","area_rai":19.3,"osm":"w1227993150"}},{"type":"Feature","geometry":{"type":"Polygon","coordinates":[[[102.36918,15.2651],[102.36953,15.26499],[102.3698,15.26541],[102.37009,15.26928],[102.36947,15.26932],[102.36918,15.2651]]]},"properties":{"name":"","type":"other","area_rai":19.0,"osm":"w862780236"}},{"type":"Feature","geometry":{"type":"Polygon","coordinates":[[[102.3198,15.33068],[102.32044,15.33269],[102.32057,15.3328],[102.32154,15.33281],[102.32166,15.33269],[102.32131,15.3322],[102.32129,15.33211],[102.3215,15.33165],[102.32145,15.33148],[102.32106,15.33118],[102.32089,15.3309],[102.3208,15.33059],[102.32007,15.33061],[102.3198,15.33068]]]},"properties":{"name":"","type":"other","area_rai":18.8,"osm":"w298277361"}},{"type":"Feature","geometry":{"type":"Polygon","coordinates":[[[102.13427,15.18238],[102.13382,15.18237],[102.13375,15.1822],[102.13313,15.18176],[102.13284,15.18166],[102.13242,15.18193],[102.1324,15.18114],[102.13203,15.18118],[102.13198,15.18061],[102.13243,15.18061],[102.1325,15.18014],[102.1326,15.18],[102.13282,15.1802],[102.13342,15.18066],[102.134,15.18137],[102.13427,15.18238]]]},"properties":{"name":"","type":"other","area_rai":18.8,"osm":"w1120532576"}},{"type":"Feature","geometry":{"type":"Polygon","coordinates":[[[102.26105,15.27133],[102.26314,15.27109],[102.26333,15.27009],[102.26139,15.26984],[102.26105,15.27133]]]},"properties":{"name":"","type":"other","area_rai":18.6,"osm":"w1127447750"}},{"type":"Feature","geometry":{"type":"Polygon","coordinates":[[[102.3094,15.39489],[102.31043,15.3945],[102.31029,15.39283],[102.30877,15.39275],[102.3094,15.39489]]]},"properties":{"name":"","type":"other","area_rai":18.5,"osm":"w1127449595"}},{"type":"Feature","geometry":{"type":"Polygon","coordinates":[[[102.45333,15.38071],[102.45464,15.38153],[102.45542,15.38013],[102.45414,15.37964],[102.45356,15.37952],[102.45333,15.38071]]]},"properties":{"name":"","type":"reservoir","area_rai":18.4,"osm":"w465067606"}},{"type":"Feature","geometry":{"type":"Polygon","coordinates":[[[101.92001,15.19868],[101.92009,15.19882],[101.91989,15.19921],[101.92002,15.19964],[101.92056,15.19986],[101.92087,15.19984],[101.92132,15.19943],[101.92168,15.19882],[101.92172,15.19837],[101.92071,15.19858],[101.92017,15.1984],[101.91901,15.19795],[101.91888,15.19836],[101.91916,15.19848],[101.91917,15.19873],[101.91964,15.19863],[101.91981,15.19871],[101.92001,15.19868]]]},"properties":{"name":"","type":"other","area_rai":18.2,"osm":"w816612696"}},{"type":"Feature","geometry":{"type":"Polygon","coordinates":[[[102.28602,15.02955],[102.28653,15.02962],[102.28649,15.02979],[102.2866,15.03008],[102.28665,15.03016],[102.28667,15.03063],[102.2866,15.03063],[102.28643,15.03093],[102.286,15.03145],[102.28586,15.03132],[102.28546,15.03157],[102.28518,15.03173],[102.28515,15.03184],[102.28519,15.03225],[102.28525,15.03252],[102.2854,15.03266],[102.2855,15.03272],[102.28565,15.03276],[102.28588,15.03274],[102.28622,15.03271],[102.28639,15.03298],[102.28643,15.03314],[102.28644,15.03335],[102.28639,15.0335],[102.28626,15.03357],[102.28608,15.03366],[102.28588,15.03356],[102.28608,15.03332],[102.28614,15.03311],[102.28604,15.03294],[102.28585,15.03284],[102.28569,15.03284],[102.28556,15.0329],[102.28541,15.03291],[102.28533,15.0329],[102.28505,15.03275],[102.28481,15.03182],[102.285,15.03149],[102.28517,15.03131],[102.2853,15.03109],[102.28546,15.0307],[102.28548,15.03051],[102.28552,15.03037],[102.28547,15.03019],[102.28542,15.0301],[102.28563,15.02989],[102.28564,15.02972],[102.28579,15.02962],[102.28587,15.02963],[102.28592,15.03005],[102.28599,15.03034],[102.28603,15.03051],[102.28606,15.03067],[102.28597,15.03085],[102.28575,15.03092],[102.28569,15.031],[102.28574,15.0311],[102.28594,15.03104],[102.28612,15.03088],[102.2863,15.03068],[102.28633,15.03051],[102.28613,15.03012],[102.28606,15.02978],[102.28602,15.02955]]]},"properties":{"name":"","type":"other","area_rai":18.1,"osm":"w1227990067"}},{"type":"Feature","geometry":{"type":"Polygon","coordinates":[[[102.00022,15.24419],[101.99994,15.2451],[101.9998,15.24536],[101.99838,15.24642],[101.99793,15.24583],[101.99862,15.24533],[101.99887,15.24537],[101.9992,15.2449],[101.9994,15.24469],[101.99941,15.24453],[101.99916,15.2443],[101.99852,15.24411],[101.99852,15.24391],[102.00001,15.24401],[102.00022,15.24419]]]},"properties":{"name":"","type":"other","area_rai":17.1,"osm":"w444772138"}},{"type":"Feature","geometry":{"type":"Polygon","coordinates":[[[102.02408,15.09335],[102.02401,15.09291],[102.02443,15.09286],[102.02444,15.09293],[102.02489,15.09295],[102.02484,15.09257],[102.02536,15.09231],[102.02643,15.09243],[102.02663,15.09329],[102.02577,15.09354],[102.02559,15.09357],[102.0255,15.09367],[102.02477,15.09355],[102.02453,15.09336],[102.02408,15.09335]]]},"properties":{"name":"","type":"reservoir","area_rai":17.0,"osm":"w1232132088"}},{"type":"Feature","geometry":{"type":"Polygon","coordinates":[[[102.08325,15.11077],[102.08343,15.11035],[102.08474,15.11074],[102.08563,15.11115],[102.08616,15.11222],[102.08659,15.11323],[102.08652,15.11335],[102.08629,15.11335],[102.08594,15.11277],[102.08547,15.11199],[102.0849,15.11147],[102.08412,15.11109],[102.08325,15.11077]]]},"properties":{"name":"","type":"other","area_rai":16.8,"osm":"w816612669"}},{"type":"Feature","geometry":{"type":"Polygon","coordinates":[[[102.27452,15.01456],[102.27494,15.01474],[102.27509,15.01455],[102.27526,15.01452],[102.27529,15.01414],[102.27562,15.01449],[102.2756,15.01465],[102.27567,15.01468],[102.27579,15.01468],[102.27586,15.01462],[102.27587,15.01458],[102.27597,15.01461],[102.27614,15.01471],[102.27636,15.01463],[102.2762,15.01343],[102.27603,15.01333],[102.27539,15.01354],[102.27535,15.01396],[102.2753,15.01399],[102.27509,15.01385],[102.2748,15.01379],[102.27448,15.01352],[102.27427,15.01352],[102.27415,15.0136],[102.2737,15.01407],[102.27383,15.01423],[102.27452,15.01456]]]},"properties":{"name":"","type":"other","area_rai":16.6,"osm":"w1227990059"}},{"type":"Feature","geometry":{"type":"Polygon","coordinates":[[[102.04014,15.04792],[102.04059,15.04817],[102.04162,15.04655],[102.04265,15.04531],[102.04201,15.04471],[102.04175,15.04534],[102.04148,15.04569],[102.04014,15.04792]]]},"properties":{"name":"","type":"reservoir","area_rai":16.3,"osm":"w1229011592"}},{"type":"Feature","geometry":{"type":"Polygon","coordinates":[[[102.04482,15.04325],[102.04405,15.042],[102.04455,15.04169],[102.04464,15.04169],[102.04492,15.04156],[102.04532,15.042],[102.04544,15.04201],[102.04561,15.04196],[102.04579,15.04186],[102.04586,15.04186],[102.04599,15.04209],[102.04679,15.04167],[102.04684,15.04168],[102.04692,15.04181],[102.04689,15.04192],[102.04628,15.04225],[102.04619,15.04225],[102.04567,15.04256],[102.04563,15.04261],[102.04577,15.04284],[102.04504,15.04326],[102.04498,15.04328],[102.04482,15.04325]]]},"properties":{"name":"","type":"wetland","area_rai":16.3,"osm":"w1232123420"}},{"type":"Feature","geometry":{"type":"Polygon","coordinates":[[[101.98227,15.24805],[101.98198,15.24919],[101.98039,15.24891],[101.98089,15.2474],[101.98227,15.24805]]]},"properties":{"name":"","type":"other","area_rai":16.0,"osm":"w444772518"}},{"type":"Feature","geometry":{"type":"Polygon","coordinates":[[[102.44325,15.40127],[102.44325,15.40138],[102.44342,15.40154],[102.44376,15.40169],[102.44497,15.40193],[102.44536,15.39996],[102.44506,15.39997],[102.44492,15.4008],[102.44333,15.40057],[102.44325,15.40127]]]},"properties":{"name":"","type":"reservoir","area_rai":15.9,"osm":"w465068220"}},{"type":"Feature","geometry":{"type":"Polygon","coordinates":[[[102.42723,15.37081],[102.42874,15.37113],[102.4291,15.36954],[102.42876,15.36954],[102.42847,15.36958],[102.42821,15.36954],[102.42779,15.36941],[102.42723,15.37081]]]},"properties":{"name":"","type":"reservoir","area_rai":15.9,"osm":"w465546256"}},{"type":"Feature","geometry":{"type":"Polygon","coordinates":[[[101.83139,15.41284],[101.83142,15.41288],[101.83288,15.41306],[101.83296,15.41299],[101.8335,15.41304],[101.8336,15.41248],[101.8336,15.4122],[101.83313,15.4121],[101.83215,15.41195],[101.8315,15.41188],[101.83144,15.41191],[101.83142,15.41202],[101.83139,15.41284]]]},"properties":{"name":"","type":"other","area_rai":15.6,"osm":"w125616615"}},{"type":"Feature","geometry":{"type":"Polygon","coordinates":[[[102.04299,15.0442],[102.04293,15.04417],[102.04239,15.04345],[102.04242,15.04336],[102.04399,15.04233],[102.04409,15.04237],[102.04437,15.04275],[102.04461,15.04325],[102.04299,15.0442]]]},"properties":{"name":"","type":"reservoir","area_rai":15.6,"osm":"w1004677305"}},{"type":"Feature","geometry":{"type":"Polygon","coordinates":[[[102.18758,15.11156],[102.18721,15.11114],[102.18694,15.11091],[102.18643,15.11062],[102.18668,15.10975],[102.18675,15.10953],[102.18691,15.10951],[102.18704,15.10954],[102.18718,15.10967],[102.1877,15.10997],[102.18764,15.11009],[102.18808,15.1104],[102.18818,15.11039],[102.1884,15.11056],[102.18789,15.11123],[102.18758,15.11156]]]},"properties":{"name":"","type":"other","area_rai":15.4,"osm":"w862790705"}},{"type":"Feature","geometry":{"type":"Polygon","coordinates":[[[102.27074,15.15654],[102.27164,15.15689],[102.27192,15.15565],[102.27222,15.155],[102.27125,15.15466],[102.27082,15.15547],[102.27074,15.15654]]]},"properties":{"name":"","type":"other","area_rai":15.2,"osm":"w467577086"}},{"type":"Feature","geometry":{"type":"Polygon","coordinates":[[[102.00687,15.37651],[102.00802,15.37637],[102.00758,15.37851],[102.00675,15.37851],[102.00687,15.37651]]]},"properties":{"name":"","type":"other","area_rai":15.1,"osm":"w425225474"}},{"type":"Feature","geometry":{"type":"Polygon","coordinates":[[[101.85364,15.22124],[101.85331,15.22003],[101.85342,15.21984],[101.85494,15.21998],[101.85539,15.22084],[101.85468,15.22105],[101.85364,15.22124]]]},"properties":{"name":"","type":"other","area_rai":15.1,"osm":"w816612699"}},{"type":"Feature","geometry":{"type":"Polygon","coordinates":[[[102.37184,15.27159],[102.37226,15.27083],[102.37284,15.27098],[102.37352,15.27127],[102.37405,15.2708],[102.37446,15.2711],[102.3737,15.27166],[102.37353,15.27175],[102.37367,15.27197],[102.37351,15.27215],[102.37244,15.27208],[102.37184,15.27159]]]},"properties":{"name":"","type":"other","area_rai":15.1,"osm":"w862780238"}},{"type":"Feature","geometry":{"type":"Polygon","coordinates":[[[102.41945,15.31822],[102.42012,15.31846],[102.42103,15.31604],[102.42027,15.31569],[102.41945,15.31822]]]},"properties":{"name":"","type":"other","area_rai":15.0,"osm":"w466054216"}},{"type":"Feature","geometry":{"type":"Polygon","coordinates":[[[102.44172,15.4245],[102.44214,15.4234],[102.44336,15.42374],[102.44333,15.42531],[102.44172,15.4245]]]},"properties":{"name":"","type":"reservoir","area_rai":15.0,"osm":"w1257759132"}},{"type":"Feature","geometry":{"type":"Polygon","coordinates":[[[102.28177,15.03584],[102.28213,15.03593],[102.28203,15.03631],[102.28187,15.03664],[102.28226,15.03779],[102.28241,15.03778],[102.28294,15.03759],[102.28339,15.03793],[102.28336,15.03804],[102.2831,15.0384],[102.28258,15.03849],[102.28238,15.0385],[102.28217,15.03843],[102.28172,15.03805],[102.28144,15.03708],[102.28148,15.03679],[102.28158,15.03626],[102.28165,15.03583],[102.28177,15.03584]]]},"properties":{"name":"","type":"other","area_rai":14.9,"osm":"w1227992175"}},{"type":"Feature","geometry":{"type":"Polygon","coordinates":[[[102.30351,15.05032],[102.30354,15.05069],[102.3032,15.051],[102.30273,15.05124],[102.30262,15.05114],[102.30248,15.05117],[102.30138,15.05073],[102.30098,15.05025],[102.30096,15.05005],[102.30103,15.04988],[102.30109,15.04976],[102.30176,15.04961],[102.30239,15.0498],[102.30351,15.04964],[102.30426,15.04927],[102.30443,15.04956],[102.3044,15.04963],[102.30373,15.04997],[102.3019,15.05007],[102.30173,15.04991],[102.30155,15.04989],[102.30143,15.04996],[102.30133,15.05005],[102.30136,15.05019],[102.30143,15.05031],[102.30161,15.05052],[102.30261,15.05089],[102.30291,15.05091],[102.30308,15.0507],[102.30351,15.05032]]]},"properties":{"name":"","type":"other","area_rai":14.9,"osm":"w1227992180"}},{"type":"Feature","geometry":{"type":"Polygon","coordinates":[[[102.3673,15.12588],[102.36717,15.12571],[102.36707,15.12553],[102.36701,15.12533],[102.36698,15.12512],[102.36698,15.12495],[102.36703,15.12478],[102.3671,15.12462],[102.36722,15.12442],[102.36733,15.12431],[102.36746,15.12425],[102.36759,15.12426],[102.3677,15.12432],[102.36793,15.12441],[102.36809,15.12445],[102.36824,15.12451],[102.36834,15.12458],[102.36845,15.12469],[102.36849,15.12482],[102.36848,15.12505],[102.36843,15.12527],[102.36833,15.12547],[102.3682,15.12569],[102.36807,15.12583],[102.3679,15.12594],[102.36772,15.126],[102.36758,15.126],[102.36741,15.12595],[102.3673,15.12588]]]},"properties":{"name":"","type":"other","area_rai":14.7,"osm":"w641853938"}},{"type":"Feature","geometry":{"type":"Polygon","coordinates":[[[102.4499,15.18437],[102.45019,15.18453],[102.45095,15.18349],[102.4516,15.18278],[102.45198,15.18301],[102.4522,15.1828],[102.45241,15.18255],[102.45252,15.18236],[102.45259,15.18213],[102.45259,15.18201],[102.45257,15.18193],[102.45248,15.18185],[102.45185,15.18143],[102.45161,15.18133],[102.45141,15.18128],[102.45111,15.18125],[102.45112,15.18147],[102.45162,15.18167],[102.45179,15.18178],[102.45186,15.18189],[102.45189,15.182],[102.45184,15.18219],[102.45173,15.1823],[102.45149,15.18248],[102.45125,15.18266],[102.45096,15.18292],[102.45074,15.18317],[102.45038,15.18367],[102.4499,15.18437]]]},"properties":{"name":"","type":"other","area_rai":14.7,"osm":"w649529986"}},{"type":"Feature","geometry":{"type":"Polygon","coordinates":[[[102.00545,15.04498],[102.00555,15.04514],[102.00642,15.04511],[102.00664,15.04321],[102.00559,15.04301],[102.00546,15.04326],[102.00543,15.04364],[102.00546,15.04374],[102.00562,15.04374],[102.00567,15.04395],[102.00568,15.04413],[102.0056,15.04444],[102.00556,15.04479],[102.00554,15.0449],[102.00545,15.04498]]]},"properties":{"name":"","type":"reservoir","area_rai":14.7,"osm":"w1232122524"}},{"type":"Feature","geometry":{"type":"Polygon","coordinates":[[[102.39638,15.246],[102.39746,15.24642],[102.39837,15.24652],[102.39864,15.24564],[102.39687,15.24524],[102.39656,15.24528],[102.39638,15.246]]]},"properties":{"name":"","type":"other","area_rai":14.6,"osm":"w466056031"}},{"type":"Feature","geometry":{"type":"Polygon","coordinates":[[[102.46862,15.41047],[102.46997,15.41112],[102.47041,15.40967],[102.4702,15.40956],[102.47004,15.40973],[102.46888,15.40931],[102.46862,15.41047]]]},"properties":{"name":"","type":"reservoir","area_rai":14.6,"osm":"w780892503"}},{"type":"Feature","geometry":{"type":"Polygon","coordinates":[[[102.33918,15.06693],[102.33949,15.06625],[102.3386,15.0661],[102.33822,15.06575],[102.33747,15.06605],[102.33691,15.06705],[102.33706,15.06736],[102.33769,15.06723],[102.33757,15.06692],[102.33768,15.06674],[102.33791,15.06666],[102.33918,15.06693]]]},"properties":{"name":"","type":"other","area_rai":14.5,"osm":"w1227992185"}},{"type":"Feature","geometry":{"type":"Polygon","coordinates":[[[101.98569,15.25867],[101.98656,15.25882],[101.98649,15.25927],[101.98596,15.25993],[101.98437,15.25994],[101.98451,15.25902],[101.98543,15.25914],[101.98569,15.25867]]]},"properties":{"name":"","type":"other","area_rai":14.2,"osm":"w444772425"}},{"type":"Feature","geometry":{"type":"Polygon","coordinates":[[[102.4536,15.32576],[102.45492,15.32588],[102.45491,15.32572],[102.45471,15.32573],[102.45467,15.32552],[102.4549,15.32551],[102.45487,15.32537],[102.45449,15.32536],[102.45447,15.32521],[102.4548,15.32517],[102.45478,15.32503],[102.45445,15.32504],[102.45446,15.32487],[102.45474,15.32483],[102.45477,15.32459],[102.45349,15.3243],[102.45327,15.3246],[102.45313,15.32486],[102.45316,15.32508],[102.4536,15.32576]]]},"properties":{"name":"","type":"reservoir","area_rai":14.2,"osm":"w1484481737"}},{"type":"Feature","geometry":{"type":"Polygon","coordinates":[[[102.13071,14.98561],[102.12978,14.98417],[102.12972,14.98382],[102.12981,14.98376],[102.13073,14.98378],[102.13137,14.98414],[102.13112,14.98537],[102.13071,14.98561]]]},"properties":{"name":"","type":"other","area_rai":14.0,"osm":"w1228574945"}},{"type":"Feature","geometry":{"type":"Polygon","coordinates":[[[102.16923,15.20049],[102.16945,15.19929],[102.17094,15.19951],[102.17069,15.20074],[102.16923,15.20049]]]},"properties":{"name":"","type":"other","area_rai":13.7,"osm":"w1041977461"}},{"type":"Feature","geometry":{"type":"Polygon","coordinates":[[[102.37417,15.06021],[102.37351,15.06005],[102.373,15.0598],[102.37322,15.05919],[102.37324,15.05896],[102.37324,15.05875],[102.37326,15.05867],[102.37357,15.05868],[102.37445,15.0588],[102.37453,15.05907],[102.37457,15.05964],[102.37427,15.06012],[102.37417,15.06021]]]},"properties":{"name":"","type":"reservoir","area_rai":13.5,"osm":"w542274315"}},{"type":"Feature","geometry":{"type":"Polygon","coordinates":[[[101.90902,15.21848],[101.90921,15.21835],[101.90943,15.21822],[101.90964,15.21812],[101.90985,15.21806],[101.91006,15.21803],[101.9103,15.21796],[101.91046,15.21788],[101.9106,15.21783],[101.91082,15.21783],[101.91106,15.21787],[101.91125,15.21788],[101.91147,15.21788],[101.91173,15.21792],[101.91197,15.21788],[101.91211,15.21788],[101.9121,15.21799],[101.91201,15.21818],[101.91198,15.21838],[101.912,15.21867],[101.91203,15.21901],[101.912,15.21925],[101.91198,15.21934],[101.91142,15.21923],[101.91146,15.21901],[101.91151,15.21885],[101.91152,15.21866],[101.91143,15.21844],[101.91136,15.21826],[101.91115,15.21823],[101.91069,15.21829],[101.91022,15.21844],[101.90991,15.21855],[101.9096,15.21868],[101.90939,15.2187],[101.9092,15.21863],[101.90908,15.21857],[101.90903,15.21853],[101.90902,15.21848]]]},"properties":{"name":"","type":"pond","area_rai":13.5,"osm":"w989066792"}},{"type":"Feature","geometry":{"type":"Polygon","coordinates":[[[102.34644,15.33773],[102.34621,15.33803],[102.34629,15.33816],[102.34727,15.33843],[102.34817,15.33934],[102.3489,15.33816],[102.34854,15.33798],[102.34839,15.33795],[102.34756,15.338],[102.3471,15.33794],[102.34644,15.33773]]]},"properties":{"name":"","type":"other","area_rai":13.3,"osm":"w298277388"}},{"type":"Feature","geometry":{"type":"Polygon","coordinates":[[[102.31381,15.3883],[102.31315,15.38812],[102.31285,15.38654],[102.31448,15.38684],[102.31381,15.3883]]]},"properties":{"name":"","type":"other","area_rai":13.2,"osm":"w1127449593"}},{"type":"Feature","geometry":{"type":"Polygon","coordinates":[[[101.98433,15.24874],[101.98426,15.24908],[101.98404,15.24963],[101.98217,15.24884],[101.98238,15.24809],[101.98433,15.24874]]]},"properties":{"name":"","type":"other","area_rai":13.1,"osm":"w444772519"}},{"type":"Feature","geometry":{"type":"Polygon","coordinates":[[[102.11136,14.97971],[102.11135,14.97944],[102.10766,14.97958],[102.10766,14.97963],[102.10729,14.97964],[102.10729,14.97959],[102.1056,14.97964],[102.10554,14.97968],[102.10535,14.97968],[102.10534,14.97994],[102.10724,14.97989],[102.10726,14.97986],[102.10772,14.97986],[102.10772,14.97989],[102.10774,14.97991],[102.11136,14.97971]]]},"properties":{"name":"","type":"other","area_rai":13.1,"osm":"w544097462"}},{"type":"Feature","geometry":{"type":"Polygon","coordinates":[[[102.11185,15.19689],[102.11066,15.19682],[102.11054,15.19542],[102.11162,15.19528],[102.11186,15.19651],[102.11185,15.19689]]]},"properties":{"name":"","type":"other","area_rai":13.1,"osm":"w1124394223"}},{"type":"Feature","geometry":{"type":"Polygon","coordinates":[[[102.07571,15.19971],[102.07568,15.20036],[102.07373,15.2008],[102.07366,15.19976],[102.07546,15.19968],[102.07571,15.19971]]]},"properties":{"name":"","type":"other","area_rai":12.9,"osm":"w444768649"}},{"type":"Feature","geometry":{"type":"Polygon","coordinates":[[[102.43873,15.33046],[102.43869,15.33021],[102.43909,15.33016],[102.43945,15.32979],[102.44054,15.33031],[102.44059,15.33094],[102.44231,15.33095],[102.44217,15.33166],[102.44092,15.33135],[102.44086,15.33167],[102.44091,15.33196],[102.44072,15.33205],[102.44059,15.33143],[102.44037,15.33139],[102.44039,15.33043],[102.43956,15.33021],[102.43873,15.33046]]]},"properties":{"name":"","type":"reservoir","area_rai":12.9,"osm":"w465070391"}},{"type":"Feature","geometry":{"type":"Polygon","coordinates":[[[101.83066,15.26137],[101.8305,15.26153],[101.82949,15.26146],[101.82948,15.26136],[101.82949,15.26117],[101.82999,15.26123],[101.83068,15.26097],[101.83143,15.26069],[101.8325,15.26116],[101.83246,15.26172],[101.83243,15.26181],[101.83144,15.2617],[101.83134,15.26137],[101.83066,15.26137]]]},"properties":{"name":"","type":"basin","area_rai":12.7,"osm":"w816612710"}},{"type":"Feature","geometry":{"type":"Polygon","coordinates":[[[102.28,15.02697],[102.27994,15.02688],[102.27997,15.02667],[102.28009,15.0266],[102.28021,15.02659],[102.28032,15.02653],[102.28028,15.02643],[102.28059,15.0264],[102.28079,15.02643],[102.28097,15.02637],[102.28119,15.02642],[102.28126,15.02648],[102.28133,15.02654],[102.28137,15.02671],[102.28147,15.02682],[102.28148,15.02697],[102.28155,15.02688],[102.2816,15.02681],[102.28166,15.02677],[102.28159,15.02672],[102.28151,15.02662],[102.28149,15.02653],[102.28153,15.02647],[102.2816,15.02644],[102.28172,15.02649],[102.28177,15.02658],[102.28178,15.02662],[102.28179,15.02671],[102.28179,15.0268],[102.28177,15.02684],[102.28177,15.02695],[102.28179,15.02704],[102.28179,15.02717],[102.28175,15.02721],[102.28165,15.0273],[102.28158,15.02736],[102.28148,15.02744],[102.28141,15.02757],[102.28128,15.02765],[102.2812,15.02767],[102.28115,15.02777],[102.28108,15.02782],[102.28095,15.02785],[102.28064,15.02787],[102.28063,15.02782],[102.28084,15.02768],[102.28081,15.02756],[102.28076,15.02755],[102.28072,15.02756],[102.28066,15.02757],[102.28057,15.02756],[102.28049,15.02748],[102.28045,15.02734],[102.28046,15.02724],[102.28048,15.02711],[102.28042,15.0271],[102.28004,15.02698],[102.28,15.02697]]]},"properties":{"name":"","type":"other","area_rai":12.7,"osm":"w1227990064"}},{"type":"Feature","geometry":{"type":"Polygon","coordinates":[[[102.31146,15.0571],[102.31135,15.05689],[102.31103,15.05702],[102.31073,15.05716],[102.31054,15.05727],[102.3104,15.05741],[102.31011,15.0579],[102.30998,15.05822],[102.30995,15.05837],[102.30995,15.05855],[102.31001,15.0587],[102.31012,15.05884],[102.3103,15.05897],[102.31046,15.05905],[102.31065,15.05911],[102.31084,15.05912],[102.31105,15.0591],[102.31185,15.05897],[102.31206,15.05892],[102.31221,15.05886],[102.31236,15.05878],[102.31246,15.05868],[102.3125,15.05859],[102.31254,15.05844],[102.31253,15.05827],[102.31248,15.05804],[102.31232,15.05772],[102.31212,15.05738],[102.3119,15.05749],[102.31211,15.05791],[102.31222,15.05824],[102.31222,15.05841],[102.31215,15.05853],[102.31201,15.05862],[102.31185,15.0587],[102.3117,15.05874],[102.31082,15.05883],[102.31066,15.05881],[102.31054,15.05878],[102.31044,15.05873],[102.31037,15.05863],[102.3103,15.05849],[102.31031,15.05831],[102.31036,15.0581],[102.31049,15.05782],[102.31064,15.05755],[102.31072,15.05747],[102.31089,15.05737],[102.31146,15.0571]]]},"properties":{"name":"","type":"other","area_rai":12.6,"osm":"w647939064"}},{"type":"Feature","geometry":{"type":"Polygon","coordinates":[[[102.303,15.04275],[102.3032,15.04238],[102.30359,15.04274],[102.3043,15.04426],[102.30446,15.04548],[102.30472,15.04604],[102.30437,15.04627],[102.30403,15.04545],[102.30387,15.04432],[102.30351,15.04361],[102.30319,15.04303],[102.303,15.04275]]]},"properties":{"name":"","type":"other","area_rai":12.6,"osm":"w1227992177"}},{"type":"Feature","geometry":{"type":"Polygon","coordinates":[[[102.24328,15.06122],[102.2428,15.06118],[102.24267,15.0613],[102.24235,15.06124],[102.24192,15.06102],[102.24187,15.06073],[102.24226,15.06064],[102.2423,15.06041],[102.2422,15.06017],[102.24235,15.06017],[102.24215,15.05988],[102.24212,15.05975],[102.24225,15.0596],[102.24225,15.05941],[102.2423,15.05946],[102.24239,15.05975],[102.24272,15.05969],[102.24286,15.05988],[102.24299,15.05999],[102.24311,15.06039],[102.24335,15.06052],[102.24347,15.06052],[102.24345,15.06095],[102.24357,15.06096],[102.24357,15.06119],[102.24328,15.06122]]]},"properties":{"name":"","type":"wetland","area_rai":12.5,"osm":"w884268498"}},{"type":"Feature","geometry":{"type":"Polygon","coordinates":[[[102.2543,15.19468],[102.25589,15.19502],[102.25637,15.19324],[102.25563,15.19317],[102.25526,15.19447],[102.25441,15.1943],[102.2543,15.19468]]]},"properties":{"name":"","type":"other","area_rai":12.5,"osm":"w1121787385"}},{"type":"Feature","geometry":{"type":"Polygon","coordinates":[[[101.86699,14.98434],[101.86706,14.98444],[101.8675,14.98441],[101.86781,14.98444],[101.86815,14.98442],[101.86839,14.98431],[101.86857,14.98426],[101.86862,14.9839],[101.86861,14.98378],[101.86854,14.9837],[101.86809,14.98361],[101.86745,14.98341],[101.8667,14.98317],[101.86649,14.9831],[101.86641,14.98315],[101.86638,14.98323],[101.8664,14.9833],[101.86647,14.98332],[101.86672,14.98347],[101.86679,14.98347],[101.8669,14.98357],[101.86691,14.98368],[101.86688,14.98376],[101.86681,14.98387],[101.86688,14.98403],[101.86689,14.98414],[101.86699,14.98434]]]},"properties":{"name":"","type":"other","area_rai":12.4,"osm":"w414514687"}},{"type":"Feature","geometry":{"type":"Polygon","coordinates":[[[102.18804,15.11151],[102.18847,15.11088],[102.18871,15.11069],[102.18992,15.1114],[102.18927,15.1124],[102.18804,15.11151]]]},"properties":{"name":"","type":"other","area_rai":12.4,"osm":"w862790706"}},{"type":"Feature","geometry":{"type":"Polygon","coordinates":[[[102.2471,14.99979],[102.24739,14.9998],[102.24806,14.99969],[102.2481,14.99956],[102.24818,14.99949],[102.24832,14.9991],[102.24839,14.99856],[102.24819,14.99842],[102.2472,14.99841],[102.24707,14.99865],[102.247,14.99895],[102.24699,14.99955],[102.2471,14.99979]]]},"properties":{"name":"","type":"other","area_rai":12.3,"osm":"w1230739437"}},{"type":"Feature","geometry":{"type":"Polygon","coordinates":[[[102.09654,14.98126],[102.09675,14.98125],[102.09717,14.98145],[102.09723,14.98156],[102.09709,14.98174],[102.09714,14.98189],[102.09743,14.98197],[102.0974,14.98219],[102.09745,14.9822],[102.09744,14.98235],[102.09745,14.98271],[102.09721,14.98268],[102.0971,14.98268],[102.09701,14.98271],[102.09687,14.98284],[102.09673,14.98281],[102.09667,14.98268],[102.09642,14.98261],[102.09629,14.9828],[102.09625,14.9828],[102.09602,14.98268],[102.09596,14.9826],[102.09596,14.98249],[102.09595,14.98219],[102.09603,14.98197],[102.09617,14.98176],[102.09638,14.98173],[102.09654,14.98126]]]},"properties":{"name":"คลองตะคองเก่า","type":"other","area_rai":12.2,"osm":"w412501690"}},{"type":"Feature","geometry":{"type":"Polygon","coordinates":[[[101.98442,15.24876],[101.98428,15.24932],[101.98399,15.25],[101.98386,15.25023],[101.98524,15.25033],[101.98541,15.24938],[101.98552,15.2492],[101.98442,15.24876]]]},"properties":{"name":"","type":"other","area_rai":12.0,"osm":"w444772788"}},{"type":"Feature","geometry":{"type":"Polygon","coordinates":[[[102.40425,15.08741],[102.40438,15.08714],[102.4045,15.08728],[102.40462,15.08736],[102.40494,15.08757],[102.40506,15.08769],[102.40514,15.08782],[102.4052,15.08796],[102.40528,15.08823],[102.40533,15.08836],[102.40539,15.08845],[102.4055,15.08853],[102.40562,15.08857],[102.40576,15.0886],[102.4059,15.08857],[102.40599,15.08852],[102.40605,15.08844],[102.40609,15.08833],[102.40614,15.08804],[102.40613,15.0879],[102.40612,15.0877],[102.40612,15.08746],[102.40614,15.08723],[102.40617,15.08713],[102.40623,15.08703],[102.40626,15.08693],[102.40629,15.08671],[102.40629,15.08654],[102.40625,15.08623],[102.40622,15.08613],[102.40613,15.08601],[102.40603,15.08592],[102.40587,15.08584],[102.40588,15.08564],[102.40605,15.08567],[102.40621,15.08575],[102.40637,15.08587],[102.40646,15.086],[102.40652,15.08614],[102.40655,15.08634],[102.40653,15.08678],[102.40647,15.08712],[102.40644,15.08736],[102.40643,15.08752],[102.40644,15.08766],[102.40646,15.08795],[102.40646,15.08813],[102.4064,15.08845],[102.40635,15.08857],[102.40627,15.08867],[102.40619,15.08875],[102.40606,15.08881],[102.40589,15.08884],[102.40569,15.08885],[102.40553,15.08882],[102.40537,15.08877],[102.40524,15.08869],[102.40512,15.08857],[102.40504,15.08845],[102.40497,15.08829],[102.40495,15.08816],[102.40494,15.08804],[102.40488,15.08793],[102.40479,15.0878],[102.40466,15.08768],[102.40446,15.08755],[102.40425,15.08741]]]},"properties":{"name":"","type":"other","area_rai":12.0,"osm":"w648470421"}},{"type":"Feature","geometry":{"type":"Polygon","coordinates":[[[102.39491,15.21365],[102.39467,15.21346],[102.39408,15.21352],[102.3936,15.21354],[102.39292,15.21347],[102.39233,15.21327],[102.39161,15.21291],[102.39093,15.2124],[102.39029,15.21195],[102.39003,15.21224],[102.39089,15.21276],[102.39114,15.21305],[102.39179,15.2134],[102.39253,15.21368],[102.39293,15.21376],[102.39333,15.2138],[102.39391,15.21383],[102.39441,15.21378],[102.39491,15.21365]]]},"properties":{"name":"","type":"other","area_rai":12.0,"osm":"w1239000771"}},{"type":"Feature","geometry":{"type":"Polygon","coordinates":[[[102.06239,15.20023],[102.06283,15.20109],[102.06093,15.20116],[102.06053,15.20035],[102.06239,15.20023]]]},"properties":{"name":"","type":"other","area_rai":11.9,"osm":"w444768866"}},{"type":"Feature","geometry":{"type":"Polygon","coordinates":[[[102.17387,15.03501],[102.1741,15.03503],[102.17443,15.03509],[102.17492,15.03512],[102.1753,15.03516],[102.17567,15.03506],[102.17573,15.03445],[102.17563,15.03429],[102.17522,15.03427],[102.17478,15.03431],[102.17458,15.03421],[102.17428,15.03418],[102.17385,15.03416],[102.1738,15.03423],[102.17381,15.0349],[102.17387,15.03501]]]},"properties":{"name":"","type":"pond","area_rai":11.9,"osm":"w1415097227"}},{"type":"Feature","geometry":{"type":"Polygon","coordinates":[[[102.47232,15.41566],[102.47236,15.41529],[102.47306,15.41534],[102.47311,15.4146],[102.47433,15.41462],[102.47412,15.41541],[102.47391,15.41567],[102.4736,15.41583],[102.47331,15.41587],[102.47232,15.41566]]]},"properties":{"name":"","type":"reservoir","area_rai":11.8,"osm":"w501370885"}},{"type":"Feature","geometry":{"type":"Polygon","coordinates":[[[102.30006,15.04632],[102.30029,15.04638],[102.30012,15.04735],[102.29992,15.04753],[102.2991,15.04767],[102.29844,15.04774],[102.29813,15.04773],[102.29785,15.04763],[102.29761,15.04751],[102.29752,15.04714],[102.29759,15.04684],[102.29771,15.04671],[102.29828,15.04649],[102.29859,15.04646],[102.29886,15.04647],[102.29925,15.04645],[102.29937,15.04636],[102.29957,15.04627],[102.29971,15.04611],[102.29975,15.04608],[102.2998,15.04621],[102.29979,15.04635],[102.29954,15.04654],[102.29925,15.04664],[102.29836,15.0467],[102.29786,15.04695],[102.29782,15.04709],[102.29783,15.04731],[102.29789,15.04735],[102.29826,15.04748],[102.29983,15.04722],[102.29991,15.04702],[102.30001,15.04668],[102.30003,15.04644],[102.30006,15.04632]]]},"properties":{"name":"","type":"other","area_rai":11.8,"osm":"w1227992179"}},{"type":"Feature","geometry":{"type":"Polygon","coordinates":[[[102.0626,15.06579],[102.06247,15.06492],[102.063,15.06466],[102.0633,15.06461],[102.06405,15.06478],[102.06391,15.06531],[102.0639,15.06548],[102.06398,15.06575],[102.06368,15.06574],[102.06354,15.06562],[102.06342,15.06578],[102.06343,15.06588],[102.06296,15.06589],[102.0626,15.06579]]]},"properties":{"name":"","type":"reservoir","area_rai":11.7,"osm":"w1229272893"}},{"type":"Feature","geometry":{"type":"Polygon","coordinates":[[[102.31951,15.06032],[102.31953,15.06042],[102.31958,15.0605],[102.31965,15.06056],[102.31983,15.06064],[102.31995,15.06068],[102.32,15.06066],[102.32002,15.0606],[102.32,15.06052],[102.31989,15.06033],[102.31987,15.06028],[102.31987,15.06021],[102.3199,15.06014],[102.32001,15.05989],[102.32006,15.05972],[102.32016,15.05937],[102.32021,15.05929],[102.32032,15.05923],[102.32047,15.05922],[102.32061,15.05927],[102.32068,15.05936],[102.32074,15.05951],[102.32081,15.05976],[102.32079,15.05987],[102.32076,15.06001],[102.32069,15.06016],[102.32031,15.06086],[102.32054,15.06104],[102.32067,15.06091],[102.3208,15.0607],[102.32108,15.06015],[102.32115,15.05997],[102.32118,15.05984],[102.32118,15.0597],[102.32116,15.05958],[102.32099,15.05914],[102.32085,15.05899],[102.32071,15.05891],[102.32054,15.05887],[102.32019,15.05889],[102.32004,15.05893],[102.31996,15.05897],[102.31987,15.05908],[102.31979,15.05925],[102.31973,15.05952],[102.31965,15.05983],[102.31955,15.06003],[102.31952,15.06016],[102.31951,15.06032]]]},"properties":{"name":"","type":"other","area_rai":11.6,"osm":"w648166560"}},{"type":"Feature","geometry":{"type":"Polygon","coordinates":[[[102.29551,15.15662],[102.29694,15.15711],[102.29739,15.15627],[102.29575,15.15568],[102.29551,15.15662]]]},"properties":{"name":"","type":"other","area_rai":11.5,"osm":"w467577075"}},{"type":"Feature","geometry":{"type":"Polygon","coordinates":[[[102.26749,15.29098],[102.26808,15.29109],[102.26834,15.28948],[102.26734,15.28922],[102.26699,15.29026],[102.26761,15.29031],[102.26749,15.29098]]]},"properties":{"name":"","type":"other","area_rai":11.3,"osm":"w466069174"}},{"type":"Feature","geometry":{"type":"Polygon","coordinates":[[[102.24327,15.00007],[102.24377,14.9991],[102.24556,14.99979],[102.24431,15.00036],[102.24379,15.00022],[102.24327,15.00007]]]},"properties":{"name":"","type":"other","area_rai":11.3,"osm":"w1230739435"}},{"type":"Feature","geometry":{"type":"Polygon","coordinates":[[[102.42949,15.36163],[102.43116,15.36196],[102.43135,15.36105],[102.4296,15.36082],[102.42949,15.36163]]]},"properties":{"name":"","type":"reservoir","area_rai":11.2,"osm":"w465546268"}},{"type":"Feature","geometry":{"type":"Polygon","coordinates":[[[101.99921,15.14184],[102.00035,15.14199],[102.00049,15.14111],[102.00029,15.14101],[102.00016,15.14078],[102.00001,15.14041],[101.99945,15.14034],[101.99921,15.14184]]]},"properties":{"name":"","type":"other","area_rai":11.2,"osm":"w467580552"}},{"type":"Feature","geometry":{"type":"Polygon","coordinates":[[[102.43193,15.42072],[102.43216,15.41996],[102.4324,15.41993],[102.43357,15.42044],[102.4337,15.42036],[102.43417,15.42045],[102.43403,15.42103],[102.43213,15.42083],[102.43193,15.42072]]]},"properties":{"name":"","type":"reservoir","area_rai":11.1,"osm":"w500594667"}},{"type":"Feature","geometry":{"type":"Polygon","coordinates":[[[101.98216,15.24895],[101.98399,15.24972],[101.98378,15.25011],[101.9837,15.25047],[101.98277,15.25011],[101.98201,15.24951],[101.98216,15.24895]]]},"properties":{"name":"","type":"other","area_rai":10.9,"osm":"w444772767"}},{"type":"Feature","geometry":{"type":"Polygon","coordinates":[[[102.44318,15.31252],[102.44317,15.31185],[102.44261,15.31148],[102.44222,15.31122],[102.44214,15.31109],[102.44206,15.31095],[102.44162,15.31081],[102.44123,15.31134],[102.44136,15.31155],[102.44318,15.31252]]]},"properties":{"name":"","type":"reservoir","area_rai":10.6,"osm":"w598879133"}},{"type":"Feature","geometry":{"type":"Polygon","coordinates":[[[102.01643,15.03591],[102.01671,15.0358],[102.01675,15.0356],[102.01682,15.03564],[102.0169,15.03577],[102.01747,15.0357],[102.01719,15.03456],[102.01671,15.03456],[102.01652,15.03473],[102.01652,15.03493],[102.01643,15.03499],[102.01663,15.03535],[102.01656,15.03538],[102.01599,15.03499],[102.01595,15.03481],[102.01608,15.03468],[102.01607,15.03454],[102.01599,15.03448],[102.01586,15.03448],[102.01575,15.03465],[102.01586,15.03533],[102.01607,15.03557],[102.01623,15.03576],[102.01643,15.03591]]]},"properties":{"name":"","type":"other","area_rai":10.6,"osm":"w1234254438"}},{"type":"Feature","geometry":{"type":"Polygon","coordinates":[[[102.46717,15.2372],[102.46868,15.23729],[102.46873,15.23641],[102.46712,15.23632],[102.46705,15.23704],[102.46717,15.2372]]]},"properties":{"name":"","type":"other","area_rai":10.5,"osm":"w244093232"}},{"type":"Feature","geometry":{"type":"Polygon","coordinates":[[[102.27289,15.01399],[102.27309,15.01376],[102.27295,15.01366],[102.27291,15.01347],[102.27299,15.0133],[102.27331,15.01325],[102.27353,15.01333],[102.27427,15.01329],[102.27458,15.01334],[102.27493,15.01345],[102.27532,15.01349],[102.27581,15.01335],[102.27611,15.01325],[102.27639,15.01325],[102.27663,15.0133],[102.27676,15.01292],[102.27655,15.01283],[102.27625,15.01283],[102.27587,15.01295],[102.27549,15.01316],[102.27523,15.01321],[102.27508,15.01316],[102.27487,15.01309],[102.27464,15.01306],[102.27404,15.01302],[102.27303,15.01305],[102.27281,15.01316],[102.27269,15.0132],[102.27265,15.01348],[102.27268,15.01368],[102.27274,15.01393],[102.27279,15.01398],[102.27289,15.01399]]]},"properties":{"name":"","type":"other","area_rai":10.4,"osm":"w1227990057"}},{"type":"Feature","geometry":{"type":"Polygon","coordinates":[[[102.47941,15.25941],[102.48017,15.25962],[102.48045,15.25969],[102.48075,15.25835],[102.48055,15.25828],[102.47992,15.25804],[102.47941,15.25941]]]},"properties":{"name":"","type":"reservoir","area_rai":10.3,"osm":"w464840887"}},{"type":"Feature","geometry":{"type":"Polygon","coordinates":[[[102.07049,15.19916],[102.0694,15.19924],[102.06926,15.19932],[102.06923,15.19947],[102.06906,15.20055],[102.06916,15.20061],[102.06969,15.20061],[102.06985,15.20044],[102.07036,15.19952],[102.07057,15.19925],[102.07049,15.19916]]]},"properties":{"name":"","type":"other","area_rai":10.2,"osm":"w444768647"}},{"type":"Feature","geometry":{"type":"Polygon","coordinates":[[[102.14948,15.19144],[102.14982,15.19099],[102.14964,15.19092],[102.14915,15.19019],[102.14876,15.19003],[102.14844,15.18998],[102.14811,15.19049],[102.14856,15.19085],[102.14862,15.19125],[102.14948,15.19144]]]},"properties":{"name":"","type":"other","area_rai":10.2,"osm":"w1124385938"}},{"type":"Feature","geometry":{"type":"Polygon","coordinates":[[[102.31895,15.06131],[102.31913,15.06144],[102.31866,15.06191],[102.31848,15.06195],[102.31841,15.06193],[102.31823,15.06183],[102.31795,15.06173],[102.31749,15.06173],[102.31738,15.06166],[102.31732,15.06159],[102.31728,15.06152],[102.31723,15.06148],[102.31639,15.06126],[102.31629,15.06118],[102.31604,15.06107],[102.31594,15.06117],[102.31588,15.06131],[102.3159,15.06147],[102.31602,15.06162],[102.31616,15.06172],[102.3164,15.0619],[102.31633,15.06197],[102.31604,15.06205],[102.31576,15.06184],[102.31564,15.06171],[102.31555,15.06151],[102.31556,15.06136],[102.31576,15.06089],[102.31603,15.06076],[102.31625,15.06079],[102.31643,15.06091],[102.31662,15.06107],[102.31683,15.06114],[102.31724,15.06121],[102.31763,15.06136],[102.31776,15.06141],[102.318,15.06146],[102.31809,15.06147],[102.31852,15.06167],[102.31866,15.06167],[102.31877,15.0615],[102.31895,15.06131]]]},"properties":{"name":"","type":"other","area_rai":10.2,"osm":"w1227992182"}},{"type":"Feature","geometry":{"type":"Polygon","coordinates":[[[102.31943,15.05859],[102.31933,15.05861],[102.31927,15.05858],[102.31922,15.05851],[102.31918,15.05842],[102.31919,15.05834],[102.31922,15.05824],[102.31944,15.05791],[102.31955,15.05778],[102.3199,15.05755],[102.31994,15.0575],[102.31995,15.05744],[102.31998,15.05715],[102.31999,15.05708],[102.32002,15.05697],[102.32004,15.05687],[102.32003,15.05677],[102.31998,15.05663],[102.31987,15.05637],[102.31978,15.05619],[102.31967,15.0561],[102.31975,15.05592],[102.31986,15.05593],[102.32001,15.05603],[102.3201,15.05614],[102.32018,15.0563],[102.3203,15.05674],[102.32033,15.05693],[102.32039,15.05711],[102.32042,15.0573],[102.32042,15.05767],[102.32039,15.05781],[102.32032,15.05799],[102.32023,15.05815],[102.32013,15.05824],[102.31998,15.05832],[102.31943,15.05859]]]},"properties":{"name":"","type":"other","area_rai":10.1,"osm":"w648166561"}},{"type":"Feature","geometry":{"type":"Polygon","coordinates":[[[102.11749,14.98385],[102.11759,14.98385],[102.11767,14.98376],[102.11781,14.98364],[102.11802,14.98358],[102.11848,14.98346],[102.11876,14.98344],[102.11902,14.9833],[102.11945,14.98319],[102.1195,14.98322],[102.11954,14.98334],[102.11958,14.98335],[102.11956,14.98324],[102.11961,14.98322],[102.12018,14.98327],[102.12055,14.98339],[102.12074,14.98344],[102.12096,14.9834],[102.12112,14.98336],[102.12116,14.98325],[102.12111,14.9832],[102.12091,14.98315],[102.12069,14.98314],[102.12048,14.9831],[102.12023,14.98302],[102.1199,14.98298],[102.11964,14.98295],[102.11946,14.98295],[102.11925,14.98297],[102.11914,14.98295],[102.11901,14.98295],[102.11895,14.98298],[102.1189,14.98298],[102.11889,14.98296],[102.11891,14.98293],[102.11898,14.98289],[102.11901,14.98284],[102.11899,14.98279],[102.11875,14.98279],[102.1187,14.98283],[102.11838,14.98286],[102.11815,14.98302],[102.11794,14.98319],[102.1178,14.98329],[102.11765,14.98339],[102.11753,14.98364],[102.11749,14.98385]]]},"properties":{"name":"","type":"other","area_rai":9.9,"osm":"w549288648"}},{"type":"Feature","geometry":{"type":"Polygon","coordinates":[[[102.06261,15.27834],[102.0626,15.27829],[102.06266,15.27771],[102.06434,15.278],[102.06437,15.27804],[102.06422,15.27869],[102.06394,15.27867],[102.0639,15.27883],[102.06387,15.27886],[102.06261,15.27834]]]},"properties":{"name":"","type":"reservoir","area_rai":9.7,"osm":"w1005697125"}},{"type":"Feature","geometry":{"type":"Polygon","coordinates":[[[102.03995,15.06235],[102.04013,15.06235],[102.04015,15.06237],[102.04066,15.06217],[102.0407,15.06187],[102.04133,15.06155],[102.04143,15.06142],[102.04125,15.06078],[102.04023,15.06107],[102.04025,15.0612],[102.04003,15.06187],[102.03995,15.06235]]]},"properties":{"name":"","type":"other","area_rai":9.7,"osm":"w1229268816"}},{"type":"Feature","geometry":{"type":"Polygon","coordinates":[[[102.06434,15.06492],[102.06435,15.06452],[102.06477,15.06448],[102.06542,15.06434],[102.0661,15.06463],[102.06678,15.06535],[102.06628,15.06556],[102.06573,15.06506],[102.06552,15.06495],[102.06542,15.06489],[102.06529,15.06489],[102.06506,15.06495],[102.06475,15.06502],[102.06446,15.06498],[102.06434,15.06492]]]},"properties":{"name":"","type":"reservoir","area_rai":9.7,"osm":"w1229272894"}},{"type":"Feature","geometry":{"type":"Polygon","coordinates":[[[102.19278,15.03345],[102.19303,15.03358],[102.19322,15.03392],[102.19389,15.03394],[102.19407,15.03374],[102.19416,15.03335],[102.19411,15.03308],[102.19391,15.03285],[102.19374,15.03283],[102.19282,15.03278],[102.19278,15.03345]]]},"properties":{"name":"","type":"other","area_rai":9.6,"osm":"w806940033"}},{"type":"Feature","geometry":{"type":"Polygon","coordinates":[[[102.1308,14.98753],[102.13099,14.98664],[102.12959,14.98441],[102.12934,14.98453],[102.1308,14.98753]]]},"properties":{"name":"","type":"other","area_rai":9.6,"osm":"w1228574946"}},{"type":"Feature","geometry":{"type":"Polygon","coordinates":[[[102.40297,15.02219],[102.40311,15.02249],[102.40321,15.02271],[102.40326,15.02292],[102.40344,15.02362],[102.40347,15.02459],[102.4034,15.025],[102.40367,15.02493],[102.40391,15.02397],[102.40415,15.02391],[102.40412,15.02363],[102.40356,15.02273],[102.40329,15.02198],[102.40306,15.02211],[102.40297,15.02219]]]},"properties":{"name":"","type":"reservoir","area_rai":9.4,"osm":"w440424265"}},{"type":"Feature","geometry":{"type":"Polygon","coordinates":[[[101.98203,15.24971],[101.98275,15.25027],[101.98384,15.25069],[101.98379,15.25088],[101.98286,15.25085],[101.98217,15.25081],[101.98161,15.25069],[101.9818,15.25018],[101.98203,15.24971]]]},"properties":{"name":"","type":"other","area_rai":9.3,"osm":"w444772766"}},{"type":"Feature","geometry":{"type":"Polygon","coordinates":[[[102.26646,15.01712],[102.26671,15.01695],[102.26691,15.01714],[102.26715,15.01735],[102.26747,15.01753],[102.26769,15.0176],[102.26783,15.01761],[102.26796,15.01751],[102.26803,15.01739],[102.26806,15.01714],[102.26808,15.01708],[102.26818,15.01695],[102.26823,15.01674],[102.26803,15.01621],[102.26826,15.01607],[102.26847,15.01643],[102.26849,15.01669],[102.26848,15.01704],[102.26838,15.01755],[102.26822,15.01791],[102.26795,15.01802],[102.26758,15.01801],[102.26735,15.0179],[102.26704,15.01768],[102.2669,15.01763],[102.26679,15.01757],[102.26668,15.01746],[102.26646,15.01712]]]},"properties":{"name":"","type":"other","area_rai":9.3,"osm":"w1227993152"}},{"type":"Feature","geometry":{"type":"Polygon","coordinates":[[[102.00817,15.37644],[102.00881,15.37693],[102.00838,15.37825],[102.00821,15.37855],[102.00771,15.37852],[102.00817,15.37644]]]},"properties":{"name":"","type":"other","area_rai":9.2,"osm":"w425225466"}},{"type":"Feature","geometry":{"type":"Polygon","coordinates":[[[102.39675,15.38489],[102.39772,15.3853],[102.39826,15.38419],[102.39729,15.38385],[102.39675,15.38489]]]},"properties":{"name":"","type":"pond","area_rai":9.2,"osm":"w775708665"}},{"type":"Feature","geometry":{"type":"Polygon","coordinates":[[[102.21087,15.35485],[102.21139,15.35494],[102.21131,15.35562],[102.21212,15.35562],[102.21204,15.35444],[102.21098,15.35415],[102.21087,15.35485]]]},"properties":{"name":"","type":"reservoir","area_rai":9.1,"osm":"w334736776"}},{"type":"Feature","geometry":{"type":"Polygon","coordinates":[[[102.12133,14.98328],[102.1213,14.98337],[102.12132,14.98343],[102.1215,14.98347],[102.12157,14.98343],[102.12165,14.98341],[102.12184,14.98344],[102.12187,14.98349],[102.12188,14.98358],[102.12183,14.98385],[102.12174,14.98425],[102.12161,14.98478],[102.12154,14.98504],[102.12154,14.98516],[102.12151,14.98529],[102.12146,14.98537],[102.1214,14.98577],[102.12132,14.98626],[102.12125,14.98659],[102.1212,14.98668],[102.12106,14.98676],[102.12103,14.98692],[102.12107,14.98701],[102.12114,14.98706],[102.12138,14.9871],[102.12191,14.98715],[102.12224,14.9872],[102.12214,14.98759],[102.12212,14.9877],[102.12202,14.98768],[102.12197,14.98772],[102.12196,14.98777],[102.12202,14.98778],[102.12203,14.98776],[102.12215,14.98779],[102.12212,14.98792],[102.12203,14.9879],[102.12201,14.98796],[102.12202,14.98799],[102.12206,14.98799],[102.12195,14.98839],[102.12195,14.98844],[102.12188,14.9888],[102.1219,14.98884],[102.12197,14.98885],[102.12199,14.98882],[102.12209,14.9884],[102.12206,14.98839],[102.12214,14.98805],[102.12216,14.98805],[102.12224,14.98771],[102.12223,14.98771],[102.12237,14.98713],[102.12194,14.98707],[102.12179,14.98706],[102.12137,14.98702],[102.12135,14.987],[102.12136,14.98683],[102.12138,14.98667],[102.1214,14.98645],[102.12151,14.98604],[102.12155,14.98579],[102.12169,14.98529],[102.12175,14.98506],[102.12182,14.98473],[102.12187,14.98469],[102.12201,14.98415],[102.12213,14.98372],[102.12224,14.98325],[102.12227,14.98315],[102.12225,14.98309],[102.12211,14.98305],[102.12205,14.98305],[102.12203,14.98308],[102.12206,14.98312],[102.12205,14.98319],[102.1221,14.98323],[102.1221,14.98328],[102.12207,14.98331],[102.12196,14.98332],[102.12188,14.98332],[102.12182,14.98334],[102.12166,14.9833],[102.12149,14.98328],[102.12133,14.98328]]]},"properties":{"name":"","type":"other","area_rai":9.1,"osm":"w549288649"}},{"type":"Feature","geometry":{"type":"Polygon","coordinates":[[[102.27685,15.01344],[102.27687,15.01294],[102.27721,15.01321],[102.27744,15.01373],[102.27722,15.01414],[102.27702,15.01527],[102.2768,15.01557],[102.2767,15.01585],[102.27658,15.01591],[102.27615,15.01549],[102.27666,15.01513],[102.27675,15.01449],[102.27679,15.01445],[102.27687,15.01418],[102.27684,15.01399],[102.27688,15.01394],[102.27687,15.01367],[102.27692,15.01364],[102.27683,15.01348],[102.27685,15.01344]]]},"properties":{"name":"","type":"other","area_rai":9.1,"osm":"w1227990058"}},{"type":"Feature","geometry":{"type":"Polygon","coordinates":[[[101.98026,15.24894],[101.98003,15.24966],[101.97874,15.24946],[101.97842,15.24939],[101.97855,15.24872],[101.98026,15.24894]]]},"properties":{"name":"","type":"other","area_rai":9.0,"osm":"w444772768"}},{"type":"Feature","geometry":{"type":"Polygon","coordinates":[[[102.28982,15.14131],[102.29047,15.14164],[102.29116,15.14036],[102.29034,15.13995],[102.28982,15.14131]]]},"properties":{"name":"","type":"other","area_rai":8.9,"osm":"w467577106"}},{"type":"Feature","geometry":{"type":"Polygon","coordinates":[[[101.91757,15.12847],[101.91811,15.12847],[101.91827,15.1285],[101.91813,15.12953],[101.9185,15.12955],[101.9185,15.12988],[101.91772,15.12999],[101.91741,15.12999],[101.91737,15.12975],[101.91731,15.12962],[101.91721,15.12944],[101.91754,15.1294],[101.91757,15.12847]]]},"properties":{"name":"","type":"other","area_rai":8.9,"osm":"w1346953982"}},{"type":"Feature","geometry":{"type":"Polygon","coordinates":[[[102.13213,15.19799],[102.1333,15.1979],[102.13361,15.19698],[102.13235,15.19697],[102.13213,15.19799]]]},"properties":{"name":"","type":"other","area_rai":8.7,"osm":"w1120532574"}},{"type":"Feature","geometry":{"type":"Polygon","coordinates":[[[102.04245,15.08338],[102.04286,15.08358],[102.04362,15.08359],[102.04366,15.0827],[102.04249,15.08241],[102.04245,15.08338]]]},"properties":{"name":"","type":"reservoir","area_rai":8.7,"osm":"w1229272900"}},{"type":"Feature","geometry":{"type":"Polygon","coordinates":[[[102.15352,15.22694],[102.15358,15.22685],[102.15301,15.22665],[102.15261,15.22643],[102.15227,15.22624],[102.15219,15.22603],[102.15211,15.22586],[102.15185,15.22575],[102.15096,15.22559],[102.1509,15.22554],[102.15094,15.22539],[102.15099,15.22463],[102.15096,15.22414],[102.15094,15.22358],[102.15095,15.22324],[102.15106,15.22292],[102.1511,15.22283],[102.15105,15.22239],[102.15097,15.22194],[102.15111,15.22159],[102.15135,15.22089],[102.15146,15.22053],[102.15145,15.22043],[102.15138,15.22041],[102.15131,15.22042],[102.15128,15.22046],[102.15126,15.22063],[102.15119,15.22091],[102.15111,15.22101],[102.15082,15.22179],[102.15079,15.22197],[102.15083,15.2223],[102.1509,15.2226],[102.15088,15.22284],[102.15075,15.22317],[102.15071,15.22355],[102.15074,15.22388],[102.15076,15.2242],[102.15081,15.22434],[102.1509,15.22445],[102.15092,15.22489],[102.1509,15.22516],[102.15088,15.22531],[102.15084,15.22542],[102.1508,15.22551],[102.15079,15.22559],[102.15086,15.22565],[102.15098,15.22568],[102.15128,15.22572],[102.15176,15.22581],[102.15202,15.22591],[102.15211,15.22601],[102.15212,15.22613],[102.15214,15.22621],[102.15221,15.2263],[102.15253,15.22651],[102.1529,15.22668],[102.15305,15.22676],[102.15352,15.22694]]]},"properties":{"name":"","type":"other","area_rai":8.6,"osm":"w1127451513"}},{"type":"Feature","geometry":{"type":"Polygon","coordinates":[[[102.11172,14.9797],[102.11265,14.97964],[102.1132,14.9796],[102.1133,14.97959],[102.11337,14.97956],[102.11344,14.97951],[102.11349,14.97945],[102.11353,14.97939],[102.11356,14.97931],[102.11358,14.97922],[102.11364,14.97818],[102.11365,14.97776],[102.11325,14.97777],[102.11317,14.9783],[102.1132,14.9783],[102.11316,14.97873],[102.11313,14.97873],[102.11308,14.97924],[102.11308,14.97929],[102.11306,14.97933],[102.11304,14.97936],[102.11301,14.97938],[102.11298,14.97939],[102.11193,14.97944],[102.11171,14.97944],[102.11172,14.9797]]]},"properties":{"name":"","type":"other","area_rai":8.5,"osm":"w544097461"}},{"type":"Feature","geometry":{"type":"Polygon","coordinates":[[[102.01569,15.0378],[102.016,15.03781],[102.01604,15.0379],[102.01569,15.03879],[102.0156,15.0392],[102.01554,15.03933],[102.01565,15.03941],[102.01593,15.03955],[102.01599,15.03963],[102.016,15.03987],[102.01596,15.03998],[102.01588,15.04002],[102.01576,15.04003],[102.01498,15.03957],[102.01501,15.03938],[102.01507,15.03919],[102.01507,15.03908],[102.01518,15.03885],[102.01528,15.03878],[102.01556,15.03812],[102.01569,15.0378]]]},"properties":{"name":"","type":"other","area_rai":8.4,"osm":"w1234254436"}},{"type":"Feature","geometry":{"type":"Polygon","coordinates":[[[101.98039,15.24901],[101.98022,15.24949],[101.9802,15.24969],[101.98169,15.24995],[101.98194,15.24954],[101.98194,15.24929],[101.98039,15.24901]]]},"properties":{"name":"","type":"other","area_rai":8.3,"osm":"w444772769"}},{"type":"Feature","geometry":{"type":"Polygon","coordinates":[[[102.13176,15.05174],[102.13189,15.0518],[102.13239,15.0519],[102.13267,15.05192],[102.13283,15.05189],[102.13298,15.05179],[102.1331,15.05168],[102.13317,15.05154],[102.1332,15.05133],[102.13318,15.05122],[102.1331,15.05107],[102.13299,15.05095],[102.13283,15.05087],[102.13256,15.05084],[102.13237,15.0509],[102.13231,15.05097],[102.13229,15.05109],[102.13234,15.0512],[102.13253,15.0513],[102.13256,15.05154],[102.1325,15.05161],[102.13242,15.05165],[102.13233,15.05164],[102.13218,15.05152],[102.1321,15.0514],[102.13202,15.05134],[102.13189,15.05135],[102.13177,15.05131],[102.13182,15.05116],[102.13187,15.0511],[102.13182,15.05101],[102.13152,15.05092],[102.13142,15.05099],[102.13137,15.05114],[102.13157,15.0512],[102.13164,15.05128],[102.13164,15.05131],[102.13176,15.05174]]]},"properties":{"name":"","type":"other","area_rai":8.1,"osm":"w389423773"}},{"type":"Feature","geometry":{"type":"Polygon","coordinates":[[[102.26652,15.08437],[102.26659,15.08441],[102.26667,15.08438],[102.26671,15.08435],[102.2673,15.08328],[102.26731,15.08319],[102.26725,15.08309],[102.2663,15.08301],[102.26624,15.08306],[102.26614,15.08363],[102.26619,15.08396],[102.2663,15.08421],[102.26652,15.08437]]]},"properties":{"name":"","type":"pond","area_rai":8.1,"osm":"w884261623"}},{"type":"Feature","geometry":{"type":"Polygon","coordinates":[[[102.26412,15.01101],[102.26453,15.01052],[102.26492,15.00997],[102.26475,15.0097],[102.26453,15.00966],[102.26419,15.00985],[102.26368,15.00979],[102.26359,15.00993],[102.26377,15.01045],[102.26371,15.01057],[102.26377,15.01082],[102.26396,15.01099],[102.26412,15.01101]]]},"properties":{"name":"","type":"other","area_rai":8.0,"osm":"w1227986793"}},{"type":"Feature","geometry":{"type":"Polygon","coordinates":[[[102.0282,15.07674],[102.02843,15.07672],[102.02847,15.07683],[102.02838,15.07771],[102.0284,15.07785],[102.02852,15.07816],[102.02904,15.07813],[102.02921,15.07675],[102.02913,15.07668],[102.02878,15.07672],[102.02873,15.07659],[102.02831,15.07654],[102.02825,15.07662],[102.0282,15.07674]]]},"properties":{"name":"","type":"other","area_rai":8.0,"osm":"w1232126605"}},{"type":"Feature","geometry":{"type":"Polygon","coordinates":[[[102.08212,15.01124],[102.08219,15.01127],[102.08283,15.01103],[102.08293,15.01094],[102.08337,15.01076],[102.08354,15.01076],[102.08363,15.01073],[102.0836,15.01059],[102.08447,15.01017],[102.08436,15.00989],[102.08426,15.00984],[102.08411,15.00988],[102.08383,15.01003],[102.08339,15.01025],[102.08315,15.0104],[102.08276,15.01058],[102.08234,15.01076],[102.08218,15.01083],[102.08206,15.01092],[102.08205,15.01104],[102.08212,15.01124]]]},"properties":{"name":"","type":"reservoir","area_rai":8.0,"osm":"w1396139979"}},{"type":"Feature","geometry":{"type":"Polygon","coordinates":[[[102.4179,15.31538],[102.41998,15.31607],[102.42016,15.31556],[102.41839,15.31498],[102.41827,15.31532],[102.41796,15.31521],[102.4179,15.31538]]]},"properties":{"name":"","type":"other","area_rai":7.9,"osm":"w466054206"}},{"type":"Feature","geometry":{"type":"Polygon","coordinates":[[[102.2433,15.06496],[102.24281,15.06496],[102.24241,15.0651],[102.24224,15.06513],[102.24179,15.06503],[102.24171,15.06489],[102.24172,15.06464],[102.24171,15.06452],[102.24264,15.06452],[102.24264,15.06412],[102.24327,15.0642],[102.24333,15.06464],[102.2433,15.06496]]]},"properties":{"name":"","type":"other","area_rai":7.8,"osm":"w884268497"}},{"type":"Feature","geometry":{"type":"Polygon","coordinates":[[[102.06503,15.06962],[102.06486,15.06907],[102.06487,15.06893],[102.06493,15.06884],[102.06571,15.06924],[102.06707,15.06917],[102.0671,15.06921],[102.06717,15.06956],[102.06574,15.06968],[102.06561,15.06968],[102.06543,15.06948],[102.06533,15.06951],[102.06538,15.06966],[102.06528,15.06969],[102.06523,15.06958],[102.06503,15.06962]]]},"properties":{"name":"","type":"reservoir","area_rai":7.7,"osm":"w1229272896"}},{"type":"Feature","geometry":{"type":"Polygon","coordinates":[[[102.06077,15.07418],[102.06068,15.07379],[102.06072,15.07343],[102.06076,15.07341],[102.06122,15.07342],[102.06167,15.07351],[102.06214,15.07349],[102.06226,15.07356],[102.06226,15.07406],[102.06222,15.0741],[102.06199,15.07412],[102.06174,15.07409],[102.06077,15.07418]]]},"properties":{"name":"","type":"reservoir","area_rai":7.6,"osm":"w1229272902"}},{"type":"Feature","geometry":{"type":"Polygon","coordinates":[[[102.05467,15.06087],[102.05483,15.06039],[102.05465,15.05954],[102.05431,15.05964],[102.05429,15.06003],[102.05423,15.0601],[102.05409,15.06065],[102.054,15.06081],[102.05393,15.06105],[102.05363,15.06189],[102.0539,15.06195],[102.05438,15.06074],[102.05442,15.06072],[102.05467,15.06087]]]},"properties":{"name":"","type":"other","area_rai":7.5,"osm":"w1234256412"}},{"type":"Feature","geometry":{"type":"Polygon","coordinates":[[[102.2637,15.00054],[102.26387,15.00054],[102.26398,14.99971],[102.2636,14.99968],[102.2632,14.99981],[102.26301,15.00031],[102.26315,15.00069],[102.26307,15.00075],[102.26298,15.00073],[102.26293,15.00067],[102.26274,15.00035],[102.26227,14.9999],[102.26198,15.00002],[102.26192,15.00011],[102.26202,15.0002],[102.26218,15.00009],[102.26234,15.00028],[102.2625,15.00051],[102.26274,15.00085],[102.26293,15.00098],[102.26315,15.00102],[102.26331,15.00092],[102.2634,15.00079],[102.26343,15.00069],[102.26343,15.0006],[102.26331,15.00025],[102.26334,15.00008],[102.26342,14.99998],[102.2635,14.99996],[102.26359,15.00001],[102.2637,15.00054]]]},"properties":{"name":"","type":"other","area_rai":7.4,"osm":"w1227990055"}},{"type":"Feature","geometry":{"type":"Polygon","coordinates":[[[102.03588,15.02922],[102.03605,15.02882],[102.03638,15.02924],[102.0368,15.02938],[102.03713,15.02935],[102.03744,15.02928],[102.03768,15.02923],[102.03772,15.02923],[102.03789,15.02947],[102.03785,15.02979],[102.03711,15.02979],[102.03705,15.02975],[102.03691,15.0298],[102.03677,15.02973],[102.03661,15.02977],[102.03642,15.0297],[102.03596,15.02964],[102.03588,15.02922]]]},"properties":{"name":"","type":"reservoir","area_rai":7.3,"osm":"w1228542604"}},{"type":"Feature","geometry":{"type":"Polygon","coordinates":[[[102.30425,15.16993],[102.30454,15.16995],[102.30467,15.16916],[102.30473,15.16796],[102.30421,15.16793],[102.30413,15.16924],[102.30425,15.16993]]]},"properties":{"name":"","type":"other","area_rai":7.2,"osm":"w467577096"}},{"type":"Feature","geometry":{"type":"Polygon","coordinates":[[[102.08416,15.01163],[102.08482,15.01121],[102.08498,15.01109],[102.08502,15.011],[102.085,15.01089],[102.08467,15.01024],[102.08444,15.01032],[102.08385,15.0106],[102.08394,15.01092],[102.08416,15.01163]]]},"properties":{"name":"","type":"reservoir","area_rai":7.2,"osm":"w1396139977"}},{"type":"Feature","geometry":{"type":"Polygon","coordinates":[[[102.3175,15.05735],[102.31775,15.05751],[102.3186,15.05654],[102.31892,15.05614],[102.31901,15.05607],[102.31914,15.05604],[102.31933,15.05603],[102.31951,15.05606],[102.31965,15.0558],[102.31948,15.05571],[102.31934,15.05568],[102.31918,15.05567],[102.319,15.05568],[102.31883,15.05573],[102.31871,15.05581],[102.31856,15.05597],[102.31829,15.05632],[102.3175,15.05735]]]},"properties":{"name":"","type":"other","area_rai":7.1,"osm":"w647940622"}},{"type":"Feature","geometry":{"type":"Polygon","coordinates":[[[102.24866,15.00028],[102.2488,14.99994],[102.249,15.0001],[102.24929,15.00006],[102.24942,15.00013],[102.24987,15.00015],[102.24989,14.99996],[102.25003,15.00008],[102.25018,15.00002],[102.25045,15.00006],[102.25051,15.00012],[102.25053,15.00034],[102.25065,15.00054],[102.25079,15.0007],[102.25049,15.00076],[102.25043,15.0006],[102.2502,15.00056],[102.25017,15.00043],[102.24996,15.0004],[102.24965,15.0005],[102.24963,15.00042],[102.2495,15.00055],[102.24949,15.00061],[102.2494,15.00066],[102.24939,15.00079],[102.24931,15.00084],[102.24921,15.00078],[102.24912,15.00077],[102.24895,15.00063],[102.24894,15.00054],[102.24885,15.00048],[102.24882,15.00051],[102.24866,15.00028]]]},"properties":{"name":"","type":"other","area_rai":7.1,"osm":"w1230739438"}},{"type":"Feature","geometry":{"type":"Polygon","coordinates":[[[102.41977,15.17301],[102.42108,15.17288],[102.42114,15.17356],[102.41975,15.17372],[102.41977,15.17301]]]},"properties":{"name":"","type":"basin","area_rai":7.0,"osm":"w244093228"}},{"type":"Feature","geometry":{"type":"Polygon","coordinates":[[[102.37723,15.26733],[102.37666,15.26716],[102.37657,15.26639],[102.37662,15.26584],[102.37682,15.26524],[102.37711,15.26535],[102.377,15.26609],[102.37728,15.26696],[102.37723,15.26733]]]},"properties":{"name":"","type":"other","area_rai":7.0,"osm":"w862780241"}},{"type":"Feature","geometry":{"type":"Polygon","coordinates":[[[102.13754,15.26499],[102.13866,15.26491],[102.13875,15.26415],[102.1376,15.26408],[102.13754,15.26499]]]},"properties":{"name":"","type":"pond","area_rai":7.0,"osm":"w893908945"}},{"type":"Feature","geometry":{"type":"Polygon","coordinates":[[[102.44204,15.20554],[102.44251,15.20562],[102.44289,15.20563],[102.44328,15.20554],[102.44371,15.20537],[102.44452,15.20491],[102.44432,15.20458],[102.44384,15.20488],[102.44341,15.20509],[102.4431,15.20522],[102.44276,15.20524],[102.44209,15.20518],[102.44204,15.20554]]]},"properties":{"name":"","type":"other","area_rai":7.0,"osm":"w1008761720"}},{"type":"Feature","geometry":{"type":"Polygon","coordinates":[[[102.07534,15.11952],[102.07518,15.11949],[102.07521,15.11916],[102.07548,15.11865],[102.0757,15.11837],[102.07588,15.11829],[102.07617,15.11833],[102.07636,15.11833],[102.07682,15.11852],[102.07703,15.11877],[102.07709,15.11947],[102.07702,15.11955],[102.07688,15.11958],[102.07679,15.11953],[102.07678,15.11908],[102.07666,15.1188],[102.07644,15.1187],[102.07626,15.11866],[102.07583,15.11871],[102.07571,15.11886],[102.07542,15.1193],[102.07534,15.11952]]]},"properties":{"name":"","type":"other","area_rai":6.9,"osm":"w816612676"}},{"type":"Feature","geometry":{"type":"Polygon","coordinates":[[[101.98008,15.2499],[101.98038,15.25052],[101.97943,15.25033],[101.97915,15.25078],[101.97881,15.25061],[101.97898,15.24972],[101.98008,15.2499]]]},"properties":{"name":"","type":"other","area_rai":6.8,"osm":"w444772592"}},{"type":"Feature","geometry":{"type":"Polygon","coordinates":[[[102.10303,15.19785],[102.10218,15.1978],[102.10225,15.19671],[102.10295,15.19675],[102.10295,15.19682],[102.10309,15.19686],[102.10303,15.19785]]]},"properties":{"name":"","type":"other","area_rai":6.8,"osm":"w1452332329"}},{"type":"Feature","geometry":{"type":"Polygon","coordinates":[[[102.21046,15.03941],[102.21067,15.03946],[102.21134,15.03937],[102.21133,15.03922],[102.21118,15.03896],[102.21134,15.03806],[102.21073,15.03791],[102.21061,15.03859],[102.21088,15.03867],[102.2109,15.03882],[102.21081,15.0389],[102.21057,15.03887],[102.21046,15.03941]]]},"properties":{"name":"","type":"other","area_rai":6.7,"osm":"w806940031"}},{"type":"Feature","geometry":{"type":"Polygon","coordinates":[[[101.95599,15.18076],[101.95591,15.17978],[101.95628,15.17973],[101.95636,15.17937],[101.95649,15.17925],[101.95694,15.17921],[101.95701,15.17925],[101.95702,15.17949],[101.9567,15.17997],[101.95661,15.18009],[101.95632,15.18011],[101.95642,15.18045],[101.95656,15.18063],[101.95644,15.18075],[101.95599,15.18076]]]},"properties":{"name":"","type":"other","area_rai":6.7,"osm":"w816612694"}},{"type":"Feature","geometry":{"type":"Polygon","coordinates":[[[102.26577,15.08888],[102.2663,15.08786],[102.2663,15.08777],[102.26571,15.08748],[102.2651,15.08845],[102.26511,15.08853],[102.26577,15.08888]]]},"properties":{"name":"","type":"pond","area_rai":6.7,"osm":"w884261622"}},{"type":"Feature","geometry":{"type":"Polygon","coordinates":[[[102.01505,15.03657],[102.01546,15.03642],[102.01555,15.03637],[102.0154,15.03508],[102.01527,15.035],[102.01482,15.03504],[102.01477,15.03511],[102.01481,15.03519],[102.01472,15.0353],[102.01505,15.03657]]]},"properties":{"name":"","type":"other","area_rai":6.7,"osm":"w1234254437"}},{"type":"Feature","geometry":{"type":"Polygon","coordinates":[[[101.82936,15.41121],[101.82937,15.41081],[101.82925,15.41025],[101.82906,15.41016],[101.82872,15.41011],[101.82836,15.41013],[101.82838,15.41038],[101.82849,15.41086],[101.82858,15.41113],[101.829,15.41121],[101.82936,15.41121]]]},"properties":{"name":"","type":"reservoir","area_rai":6.7,"osm":"w1449636566"}},{"type":"Feature","geometry":{"type":"Polygon","coordinates":[[[102.44354,15.40027],[102.44429,15.4004],[102.44439,15.40036],[102.44458,15.39933],[102.44379,15.39926],[102.44354,15.40027]]]},"properties":{"name":"","type":"reservoir","area_rai":6.5,"osm":"w465068219"}},{"type":"Feature","geometry":{"type":"Polygon","coordinates":[[[102.36753,15.05298],[102.36748,15.05338],[102.36939,15.05362],[102.36947,15.05313],[102.36753,15.05298]]]},"properties":{"name":"","type":"reservoir","area_rai":6.5,"osm":"w542274312"}},{"type":"Feature","geometry":{"type":"Polygon","coordinates":[[[102.13363,15.06243],[102.13356,15.06239],[102.13346,15.06143],[102.13347,15.06134],[102.134,15.06127],[102.13405,15.06135],[102.13441,15.06213],[102.13446,15.06244],[102.13363,15.06243]]]},"properties":{"name":"","type":"lake","area_rai":6.5,"osm":"w862761854"}},{"type":"Feature","geometry":{"type":"Polygon","coordinates":[[[102.13698,15.19568],[102.13782,15.19579],[102.13802,15.1949],[102.13778,15.19473],[102.13734,15.19459],[102.1372,15.1948],[102.13698,15.19568]]]},"properties":{"name":"","type":"other","area_rai":6.5,"osm":"w1120532577"}},{"type":"Feature","geometry":{"type":"Polygon","coordinates":[[[102.31771,15.05958],[102.3179,15.0596],[102.31795,15.05913],[102.318,15.05896],[102.31807,15.0588],[102.31815,15.05868],[102.31822,15.05863],[102.3183,15.05861],[102.31839,15.05863],[102.31875,15.05881],[102.31878,15.05885],[102.31878,15.05895],[102.3185,15.05949],[102.31836,15.05962],[102.31821,15.05979],[102.3184,15.05991],[102.31891,15.0594],[102.31895,15.05932],[102.31901,15.05916],[102.31909,15.05875],[102.31907,15.05868],[102.31901,15.05862],[102.31871,15.05845],[102.31851,15.05837],[102.31839,15.05834],[102.3183,15.05834],[102.3182,15.05837],[102.318,15.05852],[102.31789,15.05862],[102.31781,15.05875],[102.31776,15.0589],[102.31772,15.05918],[102.31771,15.05958]]]},"properties":{"name":"","type":"other","area_rai":6.4,"osm":"w647940614"}},{"type":"Feature","geometry":{"type":"Polygon","coordinates":[[[102.27878,15.01648],[102.2787,15.01622],[102.27917,15.01587],[102.2792,15.01563],[102.27914,15.0154],[102.27906,15.01523],[102.27888,15.01502],[102.27877,15.01495],[102.27866,15.01494],[102.27837,15.01504],[102.27825,15.01504],[102.2782,15.01497],[102.27815,15.01477],[102.27856,15.01461],[102.27874,15.01458],[102.2789,15.01465],[102.27907,15.01471],[102.27929,15.015],[102.27947,15.01542],[102.27952,15.0157],[102.27952,15.01585],[102.27939,15.01608],[102.27931,15.01617],[102.27878,15.01648]]]},"properties":{"name":"","type":"other","area_rai":6.4,"osm":"w1227990062"}},{"type":"Feature","geometry":{"type":"Polygon","coordinates":[[[102.28101,15.03393],[102.28106,15.03379],[102.28113,15.03378],[102.28121,15.03367],[102.28146,15.03348],[102.28151,15.03348],[102.2814,15.03329],[102.28157,15.03337],[102.2817,15.0333],[102.28206,15.03337],[102.28195,15.03359],[102.28204,15.03373],[102.28215,15.03384],[102.28225,15.03393],[102.28231,15.034],[102.2823,15.03405],[102.28222,15.03409],[102.28217,15.03411],[102.28195,15.03413],[102.28172,15.03419],[102.28163,15.03429],[102.28154,15.03429],[102.2815,15.03426],[102.28147,15.03431],[102.28102,15.03438],[102.28093,15.03426],[102.28104,15.03407],[102.28101,15.03401],[102.28101,15.03393]]]},"properties":{"name":"","type":"other","area_rai":6.4,"osm":"w1227990069"}},{"type":"Feature","geometry":{"type":"Polygon","coordinates":[[[102.41214,15.25889],[102.41212,15.25875],[102.41301,15.25837],[102.41394,15.25846],[102.41407,15.259],[102.41377,15.25933],[102.41355,15.25929],[102.41356,15.25894],[102.41335,15.25887],[102.41293,15.25877],[102.41265,15.25877],[102.41255,15.25885],[102.41214,15.25889]]]},"properties":{"name":"","type":"basin","area_rai":6.3,"osm":"w244093222"}},{"type":"Feature","geometry":{"type":"Polygon","coordinates":[[[102.24915,14.9976],[102.24898,14.99753],[102.24891,14.99745],[102.24889,14.99725],[102.24895,14.9971],[102.24913,14.99695],[102.24967,14.99673],[102.24978,14.99672],[102.25016,14.99687],[102.25019,14.99713],[102.25008,14.99717],[102.25008,14.9973],[102.24982,14.99746],[102.24976,14.99757],[102.24926,14.99768],[102.24918,14.99772],[102.24919,14.99762],[102.24915,14.9976]]]},"properties":{"name":"","type":"other","area_rai":6.3,"osm":"w1230739439"}},{"type":"Feature","geometry":{"type":"Polygon","coordinates":[[[102.45791,15.35416],[102.4577,15.35338],[102.45881,15.35352],[102.4589,15.35437],[102.45791,15.35416]]]},"properties":{"name":"","type":"reservoir","area_rai":6.2,"osm":"w465068857"}},{"type":"Feature","geometry":{"type":"Polygon","coordinates":[[[102.0472,15.09806],[102.04786,15.09805],[102.04792,15.09693],[102.04772,15.09697],[102.04724,15.09654],[102.0472,15.09806]]]},"properties":{"name":"","type":"other","area_rai":6.2,"osm":"w467581999"}},{"type":"Feature","geometry":{"type":"Polygon","coordinates":[[[102.1174,14.98745],[102.11735,14.98743],[102.11729,14.9874],[102.11728,14.98737],[102.11728,14.98733],[102.11732,14.98724],[102.11741,14.98711],[102.11742,14.98708],[102.11741,14.98706],[102.11732,14.987],[102.11729,14.987],[102.11725,14.98701],[102.11702,14.98732],[102.11679,14.98757],[102.11668,14.98773],[102.11664,14.9878],[102.11663,14.98787],[102.11672,14.98802],[102.11688,14.98815],[102.11704,14.98821],[102.11708,14.98823],[102.11715,14.98823],[102.11727,14.98831],[102.11731,14.98832],[102.11739,14.98842],[102.1174,14.98846],[102.11751,14.98856],[102.11767,14.9886],[102.11773,14.98858],[102.1178,14.98852],[102.11793,14.98834],[102.11799,14.98829],[102.11803,14.98819],[102.11734,14.98803],[102.11731,14.98801],[102.11729,14.98797],[102.1174,14.98745]]]},"properties":{"name":"","type":"other","area_rai":6.2,"osm":"w549288650"}},{"type":"Feature","geometry":{"type":"Polygon","coordinates":[[[101.98996,15.24696],[101.98991,15.24827],[101.98909,15.24816],[101.98955,15.24688],[101.98996,15.24696]]]},"properties":{"name":"","type":"other","area_rai":6.1,"osm":"w444772424"}},{"type":"Feature","geometry":{"type":"Polygon","coordinates":[[[102.07924,14.98242],[102.07925,14.98246],[102.07929,14.98249],[102.07959,14.98249],[102.08,14.98237],[102.08067,14.98242],[102.08066,14.98187],[102.08062,14.98184],[102.08052,14.98182],[102.07983,14.98182],[102.07961,14.98186],[102.07923,14.98202],[102.0792,14.98208],[102.07924,14.98242]]]},"properties":{"name":"","type":"pond","area_rai":6.1,"osm":"w854090405"}},{"type":"Feature","geometry":{"type":"Polygon","coordinates":[[[102.30285,15.04256],[102.30299,15.04227],[102.30194,15.04175],[102.30174,15.04174],[102.30129,15.04177],[102.30116,15.04183],[102.30117,15.04205],[102.3012,15.04214],[102.30113,15.04265],[102.30134,15.04265],[102.30153,15.04219],[102.30192,15.04214],[102.30251,15.04242],[102.30285,15.04256]]]},"properties":{"name":"","type":"other","area_rai":6.1,"osm":"w1227992176"}},{"type":"Feature","geometry":{"type":"Polygon","coordinates":[[[102.05782,15.06507],[102.05852,15.06536],[102.05862,15.06425],[102.05858,15.06415],[102.0578,15.0642],[102.05782,15.06507]]]},"properties":{"name":"","type":"other","area_rai":5.9,"osm":"w1234256414"}},{"type":"Feature","geometry":{"type":"Polygon","coordinates":[[[102.2494,15.05409],[102.2501,15.05409],[102.25031,15.05304],[102.24946,15.05313],[102.2494,15.05409]]]},"properties":{"name":"","type":"other","area_rai":5.7,"osm":"w467585534"}},{"type":"Feature","geometry":{"type":"Polygon","coordinates":[[[102.26379,15.00141],[102.26413,15.0015],[102.2643,15.00114],[102.26456,14.99976],[102.26446,14.9997],[102.26411,14.99972],[102.26397,15.00056],[102.26379,15.00141]]]},"properties":{"name":"","type":"other","area_rai":5.7,"osm":"w1227990054"}},{"type":"Feature","geometry":{"type":"Polygon","coordinates":[[[102.2774,15.01656],[102.27787,15.01678],[102.27825,15.01634],[102.27832,15.01634],[102.27834,15.01638],[102.27834,15.01647],[102.27833,15.01671],[102.27844,15.01698],[102.27871,15.01695],[102.27879,15.01675],[102.27863,15.01646],[102.27863,15.01613],[102.27846,15.016],[102.27787,15.01603],[102.27779,15.01606],[102.27765,15.01629],[102.27745,15.01641],[102.2774,15.01656]]]},"properties":{"name":"","type":"other","area_rai":5.5,"osm":"w1227990061"}},{"type":"Feature","geometry":{"type":"Polygon","coordinates":[[[102.20694,15.01581],[102.20707,15.01583],[102.20732,15.01581],[102.2074,15.01529],[102.20728,15.01437],[102.2072,15.01434],[102.20666,15.01442],[102.20682,15.01492],[102.20688,15.01513],[102.20687,15.01523],[102.20694,15.01581]]]},"properties":{"name":"","type":"other","area_rai":5.5,"osm":"w1232410755"}},{"type":"Feature","geometry":{"type":"Polygon","coordinates":[[[102.11317,15.00456],[102.11321,15.00457],[102.11326,15.00456],[102.11324,15.00439],[102.11327,15.00424],[102.11332,15.00396],[102.11346,15.00331],[102.11358,15.00311],[102.1137,15.00295],[102.11373,15.00277],[102.11374,15.00256],[102.11376,15.00244],[102.11381,15.00226],[102.11384,15.00211],[102.11385,15.00189],[102.11379,15.00179],[102.11373,15.0017],[102.11375,15.0015],[102.11382,15.00138],[102.11386,15.00126],[102.11384,15.00116],[102.11388,15.00106],[102.11395,15.00093],[102.11402,15.00082],[102.11411,15.00067],[102.11416,15.00067],[102.11427,15.00072],[102.11434,15.00082],[102.11448,15.00095],[102.11459,15.00101],[102.11465,15.0012],[102.11473,15.00141],[102.11486,15.00152],[102.11504,15.00156],[102.1153,15.00151],[102.11546,15.00156],[102.11558,15.00161],[102.1157,15.00162],[102.11585,15.00163],[102.11596,15.00161],[102.11599,15.00159],[102.11595,15.00153],[102.11589,15.00151],[102.11587,15.00144],[102.11583,15.00138],[102.11576,15.00133],[102.11564,15.00131],[102.11559,15.00132],[102.11558,15.00137],[102.11549,15.0014],[102.11546,15.00147],[102.11533,15.00147],[102.11521,15.00143],[102.11509,15.00142],[102.11504,15.00137],[102.11501,15.00121],[102.11496,15.00113],[102.11496,15.00101],[102.11489,15.00094],[102.11475,15.00092],[102.11461,15.00097],[102.1145,15.00088],[102.11438,15.00075],[102.11428,15.00064],[102.11415,15.00058],[102.11404,15.00063],[102.11394,15.00081],[102.11386,15.00094],[102.11378,15.00102],[102.11376,15.00119],[102.1138,15.00127],[102.11376,15.00139],[102.11372,15.00148],[102.11368,15.00166],[102.1137,15.00175],[102.11376,15.00185],[102.11379,15.0019],[102.11377,15.00211],[102.11373,15.00221],[102.11369,15.00232],[102.11368,15.00245],[102.11365,15.00258],[102.11359,15.00277],[102.11356,15.00289],[102.11348,15.00307],[102.11338,15.00327],[102.1133,15.0036],[102.11325,15.00389],[102.11318,15.00429],[102.11315,15.00447],[102.11317,15.00456]]]},"properties":{"name":"","type":"other","area_rai":5.5,"osm":"w1474322626"}},{"type":"Feature","geometry":{"type":"Polygon","coordinates":[[[101.82572,15.26364],[101.82581,15.26305],[101.82667,15.26319],[101.82663,15.2635],[101.82665,15.26372],[101.82657,15.2641],[101.82639,15.26408],[101.82572,15.26364]]]},"properties":{"name":"","type":"other","area_rai":5.3,"osm":"w816612707"}},{"type":"Feature","geometry":{"type":"Polygon","coordinates":[[[102.05674,14.98511],[102.05666,14.98604],[102.05679,14.98626],[102.05686,14.98645],[102.05683,14.98656],[102.05672,14.98658],[102.0563,14.98634],[102.05623,14.9862],[102.05619,14.98605],[102.0562,14.9859],[102.05625,14.98503],[102.05674,14.98511]]]},"properties":{"name":"","type":"other","area_rai":5.2,"osm":"w701045029"}},{"type":"Feature","geometry":{"type":"Polygon","coordinates":[[[102.26522,15.18407],[102.26417,15.18373],[102.26437,15.18315],[102.26545,15.18348],[102.26522,15.18407]]]},"properties":{"name":"","type":"other","area_rai":5.2,"osm":"w1121742800"}},{"type":"Feature","geometry":{"type":"Polygon","coordinates":[[[102.26106,14.99929],[102.26137,14.99929],[102.26133,14.99874],[102.26179,14.99877],[102.2619,14.99823],[102.2609,14.99825],[102.26077,14.99879],[102.26098,14.99878],[102.26106,14.99929]]]},"properties":{"name":"","type":"other","area_rai":5.2,"osm":"w1227990056"}},{"type":"Feature","geometry":{"type":"Polygon","coordinates":[[[101.9803,15.24993],[101.9817,15.2502],[101.98148,15.25076],[101.9806,15.25056],[101.9803,15.24993]]]},"properties":{"name":"","type":"other","area_rai":5.0,"osm":"w444772591"}},{"type":"Feature","geometry":{"type":"Polygon","coordinates":[[[102.19409,15.02588],[102.19495,15.0261],[102.19531,15.02614],[102.19549,15.02613],[102.1956,15.02611],[102.19568,15.02605],[102.19576,15.02597],[102.19605,15.02551],[102.19551,15.02539],[102.19539,15.02569],[102.19532,15.02579],[102.19521,15.02585],[102.19503,15.02586],[102.19476,15.02579],[102.19413,15.02563],[102.19409,15.02588]]]},"properties":{"name":"","type":"other","area_rai":4.9,"osm":"w1413260394"}},{"type":"Feature","geometry":{"type":"Polygon","coordinates":[[[102.13126,15.05845],[102.13253,15.05862],[102.13224,15.05805],[102.13195,15.05755],[102.13126,15.05845]]]},"properties":{"name":"","type":"other","area_rai":4.8,"osm":"w862761855"}},{"type":"Feature","geometry":{"type":"Polygon","coordinates":[[[102.37154,15.27408],[102.37163,15.27338],[102.37272,15.27451],[102.37252,15.27479],[102.37154,15.27408]]]},"properties":{"name":"","type":"other","area_rai":4.8,"osm":"w862780239"}},{"type":"Feature","geometry":{"type":"Polygon","coordinates":[[[102.14717,15.19013],[102.14647,15.18994],[102.14643,15.18936],[102.14723,15.18953],[102.14766,15.18964],[102.14758,15.19004],[102.1472,15.18999],[102.14717,15.19013]]]},"properties":{"name":"","type":"other","area_rai":4.7,"osm":"w1124383921"}},{"type":"Feature","geometry":{"type":"Polygon","coordinates":[[[102.06065,15.06548],[102.06243,15.06516],[102.06236,15.06482],[102.06058,15.06514],[102.06065,15.06548]]]},"properties":{"name":"","type":"other","area_rai":4.7,"osm":"w1229272892"}},{"type":"Feature","geometry":{"type":"Polygon","coordinates":[[[102.05502,15.06018],[102.05514,15.06037],[102.05545,15.06076],[102.0556,15.06085],[102.05585,15.06062],[102.05558,15.06016],[102.05502,15.05931],[102.05488,15.05932],[102.05495,15.05949],[102.0549,15.05954],[102.05488,15.05977],[102.05502,15.06018]]]},"properties":{"name":"","type":"other","area_rai":4.7,"osm":"w1234256411"}},{"type":"Feature","geometry":{"type":"Polygon","coordinates":[[[101.9792,15.24707],[101.97887,15.24774],[101.97819,15.24746],[101.97828,15.24673],[101.9792,15.24707]]]},"properties":{"name":"","type":"other","area_rai":4.6,"osm":"w444772585"}},{"type":"Feature","geometry":{"type":"Polygon","coordinates":[[[101.90853,15.23429],[101.90852,15.23376],[101.90855,15.23363],[101.90866,15.23348],[101.90869,15.23344],[101.90909,15.23349],[101.9092,15.23441],[101.90919,15.23445],[101.90908,15.23446],[101.90908,15.23455],[101.90909,15.2346],[101.90912,15.23464],[101.90926,15.235],[101.90912,15.23499],[101.90901,15.23473],[101.90901,15.23463],[101.90902,15.23461],[101.90893,15.23436],[101.90884,15.23436],[101.9087,15.23434],[101.90853,15.23429]]]},"properties":{"name":"","type":"reservoir","area_rai":4.6,"osm":"w720251342"}},{"type":"Feature","geometry":{"type":"Polygon","coordinates":[[[102.26459,15.01273],[102.26474,15.01246],[102.26503,15.01237],[102.26527,15.01245],[102.26531,15.01255],[102.2654,15.01255],[102.26554,15.01285],[102.26577,15.0131],[102.26586,15.01325],[102.26574,15.01331],[102.26553,15.01307],[102.2654,15.01321],[102.26523,15.01317],[102.26518,15.01313],[102.26494,15.01316],[102.26475,15.01302],[102.26475,15.01286],[102.26459,15.01273]]]},"properties":{"name":"","type":"other","area_rai":4.6,"osm":"w1227986797"}},{"type":"Feature","geometry":{"type":"Polygon","coordinates":[[[102.42339,15.01382],[102.42348,15.01391],[102.42354,15.01401],[102.42347,15.01421],[102.42337,15.01433],[102.42325,15.01445],[102.42308,15.01448],[102.42295,15.01443],[102.42282,15.01439],[102.42271,15.0143],[102.42261,15.01419],[102.42252,15.01405],[102.42254,15.0139],[102.42268,15.01379],[102.42278,15.0137],[102.4229,15.01364],[102.42304,15.01362],[102.42318,15.01365],[102.4233,15.01371],[102.42339,15.01382]]]},"properties":{"name":"","type":"reservoir","area_rai":4.5,"osm":"w427035389"}},{"type":"Feature","geometry":{"type":"Polygon","coordinates":[[[102.24686,15.1642],[102.24786,15.16445],[102.24755,15.16364],[102.24685,15.16351],[102.24686,15.1642]]]},"properties":{"name":"","type":"other","area_rai":4.5,"osm":"w467577629"}},{"type":"Feature","geometry":{"type":"Polygon","coordinates":[[[102.36906,15.26263],[102.36968,15.26265],[102.36959,15.26371],[102.36906,15.26367],[102.36906,15.26263]]]},"properties":{"name":"","type":"other","area_rai":4.5,"osm":"w862780234"}},{"type":"Feature","geometry":{"type":"Polygon","coordinates":[[[102.46285,15.35339],[102.4633,15.35355],[102.46388,15.35234],[102.46335,15.35235],[102.46285,15.35339]]]},"properties":{"name":"","type":"reservoir","area_rai":4.4,"osm":"w465068851"}},{"type":"Feature","geometry":{"type":"Polygon","coordinates":[[[102.05251,15.26159],[102.05242,15.26162],[102.05234,15.26241],[102.05178,15.26238],[102.05178,15.2625],[102.05281,15.26264],[102.05295,15.26167],[102.05291,15.2616],[102.05251,15.26159]]]},"properties":{"name":"","type":"reservoir","area_rai":4.4,"osm":"w1005696961"}},{"type":"Feature","geometry":{"type":"Polygon","coordinates":[[[102.00989,15.25021],[102.00982,15.25085],[102.00893,15.25076],[102.009,15.25012],[102.00989,15.25021]]]},"properties":{"name":"","type":"other","area_rai":4.3,"osm":"w444771343"}},{"type":"Feature","geometry":{"type":"Polygon","coordinates":[[[102.14702,15.22102],[102.14738,15.22115],[102.14795,15.2198],[102.14754,15.21969],[102.14702,15.22102]]]},"properties":{"name":"","type":"other","area_rai":4.3,"osm":"w1127453272"}},{"type":"Feature","geometry":{"type":"Polygon","coordinates":[[[102.48457,15.23969],[102.48471,15.23927],[102.4848,15.23923],[102.48523,15.23934],[102.48564,15.23948],[102.48571,15.23958],[102.48557,15.23999],[102.48552,15.24002],[102.48512,15.23989],[102.48461,15.23972],[102.48457,15.23969]]]},"properties":{"name":"","type":"reservoir","area_rai":4.2,"osm":"w260067107"}},{"type":"Feature","geometry":{"type":"Polygon","coordinates":[[[102.4543,15.35235],[102.45547,15.35263],[102.45558,15.35215],[102.45436,15.35192],[102.4543,15.35235]]]},"properties":{"name":"","type":"reservoir","area_rai":4.2,"osm":"w465068916"}},{"type":"Feature","geometry":{"type":"Polygon","coordinates":[[[102.10534,14.97994],[102.10535,14.97968],[102.10379,14.97968],[102.10379,14.97972],[102.10349,14.97972],[102.10349,14.97968],[102.10315,14.97968],[102.10315,14.97994],[102.10319,14.97995],[102.10534,14.97994]]]},"properties":{"name":"","type":"other","area_rai":4.2,"osm":"w544097463"}},{"type":"Feature","geometry":{"type":"Polygon","coordinates":[[[102.26516,15.00777],[102.26574,15.00779],[102.26577,15.00721],[102.26561,15.00688],[102.26502,15.00693],[102.26516,15.00777]]]},"properties":{"name":"","type":"other","area_rai":4.2,"osm":"w1227986796"}},{"type":"Feature","geometry":{"type":"Polygon","coordinates":[[[102.08218,15.01169],[102.08288,15.01148],[102.08383,15.01113],[102.08372,15.01082],[102.08353,15.0109],[102.08342,15.01092],[102.08309,15.011],[102.08294,15.01112],[102.08208,15.01142],[102.08218,15.01169]]]},"properties":{"name":"","type":"reservoir","area_rai":4.2,"osm":"w1396139978"}},{"type":"Feature","geometry":{"type":"Polygon","coordinates":[[[102.06199,15.21301],[102.06324,15.21293],[102.06325,15.21251],[102.06212,15.21252],[102.06204,15.21259],[102.06199,15.21301]]]},"properties":{"name":"","type":"reservoir","area_rai":4.1,"osm":"w564152391"}},{"type":"Feature","geometry":{"type":"Polygon","coordinates":[[[102.47456,15.33368],[102.47473,15.33327],[102.47513,15.33347],[102.47505,15.33371],[102.4754,15.33386],[102.47535,15.33396],[102.47592,15.33441],[102.47568,15.33466],[102.47552,15.33439],[102.47531,15.33419],[102.475,15.3341],[102.47473,15.33408],[102.47482,15.33376],[102.47456,15.33368]]]},"properties":{"name":"","type":"other","area_rai":4.1,"osm":"w1155380418"}},{"type":"Feature","geometry":{"type":"Polygon","coordinates":[[[102.22871,15.00251],[102.22875,15.00193],[102.22983,15.002],[102.22981,15.00243],[102.22871,15.00251]]]},"properties":{"name":"","type":"other","area_rai":4.1,"osm":"w1232411604"}},{"type":"Feature","geometry":{"type":"Polygon","coordinates":[[[102.4736,15.42957],[102.4742,15.42978],[102.47456,15.42898],[102.474,15.42874],[102.4736,15.42957]]]},"properties":{"name":"","type":"reservoir","area_rai":4.1,"osm":"w1381316203"}},{"type":"Feature","geometry":{"type":"Polygon","coordinates":[[[102.36995,15.26254],[102.36934,15.26236],[102.36923,15.26227],[102.36933,15.26194],[102.36943,15.26164],[102.37002,15.2618],[102.37013,15.26189],[102.36995,15.26254]]]},"properties":{"name":"","type":"other","area_rai":4.0,"osm":"w862780233"}},{"type":"Feature","geometry":{"type":"Polygon","coordinates":[[[102.00977,15.02098],[102.0099,15.02042],[102.01082,15.02064],[102.01054,15.02123],[102.00977,15.02098]]]},"properties":{"name":"","type":"reservoir","area_rai":4.0,"osm":"w1004678605"}},{"type":"Feature","geometry":{"type":"Polygon","coordinates":[[[102.25902,15.00041],[102.25932,14.99986],[102.26009,15.00033],[102.25972,15.00084],[102.25902,15.00041]]]},"properties":{"name":"","type":"other","area_rai":4.0,"osm":"w1227990053"}},{"type":"Feature","geometry":{"type":"Polygon","coordinates":[[[102.10294,14.97995],[102.10296,14.97993],[102.10296,14.97969],[102.10197,14.97968],[102.10197,14.97971],[102.10154,14.97971],[102.10154,14.97967],[102.10083,14.97965],[102.1008,14.97969],[102.1008,14.97986],[102.10084,14.9799],[102.10123,14.97991],[102.10294,14.97995]]]},"properties":{"name":"","type":"other","area_rai":3.9,"osm":"w544097464"}},{"type":"Feature","geometry":{"type":"Polygon","coordinates":[[[102.11925,14.986],[102.1192,14.98595],[102.11889,14.98585],[102.11883,14.98588],[102.11878,14.98593],[102.1187,14.98617],[102.11859,14.98629],[102.11845,14.9864],[102.11837,14.98647],[102.11827,14.98676],[102.11823,14.98686],[102.11819,14.9869],[102.11812,14.98693],[102.11806,14.98692],[102.11779,14.98678],[102.11768,14.98674],[102.11761,14.9867],[102.11755,14.98667],[102.1175,14.98663],[102.11744,14.98662],[102.1174,14.98664],[102.11738,14.98667],[102.11737,14.98671],[102.1174,14.98677],[102.11745,14.98681],[102.1176,14.98691],[102.11777,14.98697],[102.11792,14.98705],[102.11802,14.98709],[102.11808,14.9871],[102.11831,14.98695],[102.1184,14.98683],[102.11846,14.98673],[102.11853,14.98663],[102.11872,14.98647],[102.11889,14.98637],[102.11901,14.98633],[102.1191,14.98627],[102.11918,14.98618],[102.11925,14.986]]]},"properties":{"name":"","type":"other","area_rai":3.9,"osm":"w549288646"}},{"type":"Feature","geometry":{"type":"Polygon","coordinates":[[[102.40101,15.09529],[102.40132,15.09496],[102.40177,15.09544],[102.40188,15.09559],[102.40197,15.09575],[102.40201,15.09587],[102.40202,15.09595],[102.402,15.09603],[102.40196,15.09611],[102.40193,15.09613],[102.40188,15.09614],[102.40183,15.09613],[102.40178,15.09609],[102.40173,15.09601],[102.40158,15.09587],[102.40149,15.09573],[102.40141,15.09568],[102.40131,15.09565],[102.40121,15.09558],[102.40099,15.09533],[102.40101,15.09529]]]},"properties":{"name":"","type":"other","area_rai":3.9,"osm":"w648470426"}},{"type":"Feature","geometry":{"type":"Polygon","coordinates":[[[102.45165,15.17982],[102.45195,15.17986],[102.45199,15.17964],[102.45203,15.17949],[102.45212,15.17926],[102.45218,15.17912],[102.45221,15.17903],[102.45222,15.17893],[102.45222,15.17882],[102.45219,15.17871],[102.45212,15.17858],[102.45158,15.1786],[102.45162,15.17874],[102.45173,15.17905],[102.45175,15.17913],[102.45177,15.17921],[102.45177,15.1793],[102.45175,15.17937],[102.45171,15.17945],[102.4517,15.17949],[102.45171,15.17956],[102.45171,15.17964],[102.45169,15.17971],[102.45165,15.17982]]]},"properties":{"name":"","type":"other","area_rai":3.9,"osm":"w649529987"}},{"type":"Feature","geometry":{"type":"Polygon","coordinates":[[[102.1379,15.19588],[102.13852,15.19596],[102.13868,15.19516],[102.13808,15.19502],[102.1379,15.19588]]]},"properties":{"name":"","type":"other","area_rai":3.9,"osm":"w1120532578"}},{"type":"Feature","geometry":{"type":"Polygon","coordinates":[[[102.18482,14.99225],[102.18541,14.99259],[102.18549,14.99258],[102.18587,14.99222],[102.18584,14.99217],[102.18509,14.99171],[102.18502,14.99172],[102.18497,14.99175],[102.18482,14.99225]]]},"properties":{"name":"","type":"other","area_rai":3.9,"osm":"w1227977739"}},{"type":"Feature","geometry":{"type":"Polygon","coordinates":[[[102.10057,14.97986],[102.10058,14.97964],[102.09996,14.97959],[102.0996,14.97954],[102.0996,14.97957],[102.0992,14.97951],[102.0992,14.97948],[102.0986,14.97938],[102.09845,14.97936],[102.09843,14.97953],[102.09845,14.9796],[102.09929,14.97977],[102.10057,14.97986]]]},"properties":{"name":"","type":"other","area_rai":3.8,"osm":"w544097465"}},{"type":"Feature","geometry":{"type":"Polygon","coordinates":[[[102.45335,15.35151],[102.45412,15.35171],[102.45434,15.35115],[102.45328,15.35103],[102.45335,15.35151]]]},"properties":{"name":"","type":"reservoir","area_rai":3.6,"osm":"w465068917"}},{"type":"Feature","geometry":{"type":"Polygon","coordinates":[[[102.05787,14.98381],[102.0579,14.98383],[102.05795,14.98385],[102.05831,14.98392],[102.05836,14.98395],[102.05847,14.984],[102.05853,14.98403],[102.05858,14.98404],[102.05863,14.98405],[102.0587,14.98404],[102.05876,14.98403],[102.05881,14.98404],[102.05885,14.98405],[102.0589,14.98406],[102.05894,14.98409],[102.05899,14.98412],[102.05905,14.98416],[102.0591,14.98418],[102.05915,14.9842],[102.0592,14.98421],[102.05925,14.98422],[102.05929,14.98421],[102.05934,14.98419],[102.05939,14.98417],[102.05942,14.98413],[102.05944,14.98408],[102.05945,14.98402],[102.05945,14.98397],[102.05943,14.98394],[102.0594,14.98391],[102.05934,14.98389],[102.05926,14.98387],[102.05904,14.98384],[102.05899,14.98384],[102.05892,14.98383],[102.05886,14.98382],[102.05881,14.98379],[102.05872,14.98374],[102.05864,14.9837],[102.05852,14.98365],[102.05827,14.98362],[102.05822,14.9836],[102.05814,14.98356],[102.05807,14.98354],[102.058,14.98353],[102.05796,14.98353],[102.05792,14.98354],[102.05789,14.98357],[102.05787,14.98361],[102.05785,14.98368],[102.05785,14.98375],[102.05787,14.98381]]]},"properties":{"name":"","type":"other","area_rai":3.6,"osm":"w545208422"}},{"type":"Feature","geometry":{"type":"Polygon","coordinates":[[[102.33831,15.18748],[102.33791,15.18732],[102.33813,15.18654],[102.33881,15.1866],[102.33831,15.18748]]]},"properties":{"name":"","type":"pond","area_rai":3.6,"osm":"w883989961"}},{"type":"Feature","geometry":{"type":"Polygon","coordinates":[[[102.0503,15.05985],[102.05053,15.05979],[102.05091,15.05983],[102.05064,15.06071],[102.05017,15.06069],[102.0503,15.05985]]]},"properties":{"name":"","type":"other","area_rai":3.6,"osm":"w1234256413"}},{"type":"Feature","geometry":{"type":"Polygon","coordinates":[[[102.2643,15.01231],[102.26394,15.01194],[102.26394,15.01177],[102.26408,15.01168],[102.26412,15.01156],[102.26431,15.01145],[102.26467,15.01169],[102.26473,15.01218],[102.26447,15.01233],[102.2643,15.01231]]]},"properties":{"name":"","type":"other","area_rai":3.5,"osm":"w1227986794"}},{"type":"Feature","geometry":{"type":"Polygon","coordinates":[[[102.22022,14.99716],[102.22021,14.99635],[102.22079,14.99632],[102.22077,14.99715],[102.22022,14.99716]]]},"properties":{"name":"","type":"reservoir","area_rai":3.4,"osm":"w338296073"}},{"type":"Feature","geometry":{"type":"Polygon","coordinates":[[[102.07143,15.35172],[102.07161,15.35252],[102.07107,15.35264],[102.07089,15.35188],[102.07114,15.35177],[102.07143,15.35172]]]},"properties":{"name":"","type":"other","area_rai":3.4,"osm":"w478871500"}},{"type":"Feature","geometry":{"type":"Polygon","coordinates":[[[102.41691,15.37285],[102.41737,15.37302],[102.41745,15.37305],[102.41751,15.37214],[102.41751,15.37204],[102.41707,15.37205],[102.41691,15.37285]]]},"properties":{"name":"","type":"reservoir","area_rai":3.4,"osm":"w501163136"}},{"type":"Feature","geometry":{"type":"Polygon","coordinates":[[[102.21016,14.99929],[102.21033,14.99921],[102.21041,14.99876],[102.21018,14.99858],[102.20969,14.99855],[102.20966,14.99897],[102.20972,14.99911],[102.20984,14.99924],[102.20997,14.9993],[102.21007,14.99931],[102.21016,14.99929]]]},"properties":{"name":"","type":"other","area_rai":3.4,"osm":"w1227979426"}},{"type":"Feature","geometry":{"type":"Polygon","coordinates":[[[102.44444,15.36038],[102.44514,15.36063],[102.44536,15.36006],[102.44465,15.3598],[102.44444,15.36038]]]},"properties":{"name":"","type":"pond","area_rai":3.4,"osm":"w1376689633"}},{"type":"Feature","geometry":{"type":"Polygon","coordinates":[[[102.23252,15.01374],[102.23264,15.01316],[102.23342,15.01344],[102.23337,15.01387],[102.23297,15.01384],[102.23252,15.01374]]]},"properties":{"name":"","type":"reservoir","area_rai":3.3,"osm":"w338331769"}},{"type":"Feature","geometry":{"type":"Polygon","coordinates":[[[102.21983,15.08118],[102.22043,15.0814],[102.22068,15.08075],[102.22009,15.08053],[102.21983,15.08118]]]},"properties":{"name":"","type":"other","area_rai":3.3,"osm":"w467585548"}},{"type":"Feature","geometry":{"type":"Polygon","coordinates":[[[102.12184,15.04081],[102.12179,15.04075],[102.12189,15.04038],[102.12195,15.04038],[102.12268,15.04063],[102.1228,15.0408],[102.12293,15.04098],[102.12295,15.04119],[102.1229,15.04121],[102.12275,15.04111],[102.12253,15.04098],[102.12236,15.04093],[102.12213,15.04087],[102.12184,15.04081]]]},"properties":{"name":"","type":"other","area_rai":3.3,"osm":"w862761858"}},{"type":"Feature","geometry":{"type":"Polygon","coordinates":[[[102.36902,15.26389],[102.36949,15.26387],[102.36941,15.26491],[102.36905,15.26501],[102.36902,15.26389]]]},"properties":{"name":"","type":"other","area_rai":3.3,"osm":"w862780235"}},{"type":"Feature","geometry":{"type":"Polygon","coordinates":[[[102.13788,15.00055],[102.13768,15.00045],[102.13748,15.00037],[102.13748,15.0003],[102.13761,14.99964],[102.13761,14.9995],[102.13812,14.9995],[102.13788,15.00055]]]},"properties":{"name":"","type":"other","area_rai":3.3,"osm":"w969574366"}},{"type":"Feature","geometry":{"type":"Polygon","coordinates":[[[101.97885,15.24779],[101.97855,15.24841],[101.97804,15.2482],[101.97816,15.24753],[101.97885,15.24779]]]},"properties":{"name":"","type":"other","area_rai":3.2,"osm":"w444772814"}},{"type":"Feature","geometry":{"type":"Polygon","coordinates":[[[102.28387,15.03182],[102.28378,15.03153],[102.28432,15.03116],[102.28428,15.03105],[102.28437,15.031],[102.2846,15.03155],[102.28461,15.03181],[102.28395,15.03188],[102.28387,15.03182]]]},"properties":{"name":"","type":"other","area_rai":3.2,"osm":"w1227990066"}},{"type":"Feature","geometry":{"type":"Polygon","coordinates":[[[102.04543,15.03413],[102.04555,15.03413],[102.04594,15.03397],[102.04601,15.03383],[102.04601,15.03337],[102.04596,15.03329],[102.04549,15.03324],[102.04543,15.03413]]]},"properties":{"name":"","type":"other","area_rai":3.2,"osm":"w1234254441"}},{"type":"Feature","geometry":{"type":"Polygon","coordinates":[[[102.44963,15.3526],[102.45022,15.35247],[102.45046,15.35257],[102.4507,15.35212],[102.45005,15.35188],[102.44963,15.3526]]]},"properties":{"name":"","type":"reservoir","area_rai":3.1,"osm":"w465069048"}},{"type":"Feature","geometry":{"type":"Polygon","coordinates":[[[102.4525,15.34821],[102.45337,15.34847],[102.45351,15.34803],[102.45263,15.34778],[102.4525,15.34821]]]},"properties":{"name":"","type":"other","area_rai":3.1,"osm":"w466053572"}},{"type":"Feature","geometry":{"type":"Polygon","coordinates":[[[102.31412,15.3882],[102.31458,15.38843],[102.31486,15.3876],[102.31445,15.38742],[102.31412,15.3882]]]},"properties":{"name":"","type":"other","area_rai":3.1,"osm":"w1127449594"}},{"type":"Feature","geometry":{"type":"Polygon","coordinates":[[[102.09762,14.97928],[102.09766,14.97928],[102.09766,14.97926],[102.09773,14.97926],[102.09773,14.97923],[102.09775,14.97923],[102.09775,14.97921],[102.09778,14.9792],[102.09779,14.9792],[102.09782,14.9792],[102.09782,14.9792],[102.09785,14.97921],[102.09786,14.97921],[102.09787,14.97922],[102.09787,14.97925],[102.09789,14.97925],[102.09789,14.97928],[102.09796,14.97928],[102.09796,14.97931],[102.09799,14.97931],[102.098,14.97922],[102.09791,14.97916],[102.09793,14.97901],[102.09799,14.97895],[102.09805,14.97814],[102.09768,14.97811],[102.09762,14.97887],[102.09762,14.97904],[102.09762,14.97917],[102.09762,14.97928]]]},"properties":{"name":"","type":"other","area_rai":3.0,"osm":"w544097467"}},{"type":"Feature","geometry":{"type":"Polygon","coordinates":[[[102.20678,14.99898],[102.2071,14.99918],[102.20753,14.99935],[102.20777,14.99939],[102.20782,14.999],[102.20746,14.99895],[102.20739,14.99892],[102.2073,14.99883],[102.20684,14.99864],[102.20678,14.99898]]]},"properties":{"name":"","type":"other","area_rai":2.9,"osm":"w1227979424"}},{"type":"Feature","geometry":{"type":"Polygon","coordinates":[[[102.44136,15.39859],[102.44172,15.39874],[102.44182,15.39868],[102.44198,15.39814],[102.44206,15.39793],[102.44201,15.39785],[102.44187,15.39779],[102.44163,15.39791],[102.44136,15.39859]]]},"properties":{"name":"","type":"reservoir","area_rai":2.8,"osm":"w465068538"}},{"type":"Feature","geometry":{"type":"Polygon","coordinates":[[[102.22196,15.008],[102.22206,15.00785],[102.22205,15.00767],[102.22199,15.0076],[102.22188,15.00747],[102.22183,15.00731],[102.22139,15.00721],[102.2214,15.00759],[102.22151,15.00792],[102.22161,15.00797],[102.22182,15.00799],[102.22196,15.008]]]},"properties":{"name":"","type":"other","area_rai":2.8,"osm":"w1227996916"}},{"type":"Feature","geometry":{"type":"Polygon","coordinates":[[[101.83554,15.41308],[101.83548,15.4127],[101.8364,15.41253],[101.83652,15.41285],[101.83594,15.41303],[101.83554,15.41308]]]},"properties":{"name":"","type":"reservoir","area_rai":2.8,"osm":"w1449636563"}},{"type":"Feature","geometry":{"type":"Polygon","coordinates":[[[102.1117,15.00563],[102.11177,15.00562],[102.11179,15.00567],[102.11182,15.00565],[102.11185,15.00561],[102.112,15.0056],[102.11198,15.00592],[102.11192,15.00622],[102.11178,15.00657],[102.11178,15.00652],[102.1117,15.00662],[102.11168,15.00682],[102.1117,15.00691],[102.11166,15.00706],[102.11154,15.00715],[102.11147,15.00712],[102.11139,15.00703],[102.11146,15.00671],[102.1116,15.00676],[102.11166,15.00671],[102.11167,15.00656],[102.11155,15.00649],[102.11175,15.00644],[102.11175,15.00636],[102.11161,15.00632],[102.11161,15.0061],[102.11165,15.00591],[102.11164,15.00581],[102.1117,15.00563]]]},"properties":{"name":"","type":"other","area_rai":2.7,"osm":"w862764037"}},{"type":"Feature","geometry":{"type":"Polygon","coordinates":[[[102.25782,15.19027],[102.25684,15.19048],[102.25713,15.18968],[102.25782,15.19027]]]},"properties":{"name":"","type":"other","area_rai":2.7,"osm":"w1121787384"}},{"type":"Feature","geometry":{"type":"Polygon","coordinates":[[[102.17426,15.0649],[102.17407,15.06479],[102.17391,15.06473],[102.17381,15.0647],[102.17373,15.06446],[102.17378,15.06428],[102.17391,15.06422],[102.1746,15.06446],[102.17449,15.06474],[102.17427,15.06477],[102.17426,15.0649]]]},"properties":{"name":"","type":"other","area_rai":2.6,"osm":"w862768817"}},{"type":"Feature","geometry":{"type":"Polygon","coordinates":[[[102.19245,15.10719],[102.19259,15.10707],[102.19252,15.10685],[102.19348,15.10682],[102.19351,15.10716],[102.19321,15.10723],[102.19245,15.10719]]]},"properties":{"name":"","type":"other","area_rai":2.6,"osm":"w862790710"}},{"type":"Feature","geometry":{"type":"Polygon","coordinates":[[[102.13861,15.19596],[102.13904,15.19598],[102.13924,15.19534],[102.13901,15.19524],[102.13878,15.19514],[102.13861,15.19596]]]},"properties":{"name":"","type":"other","area_rai":2.6,"osm":"w1120532579"}},{"type":"Feature","geometry":{"type":"Polygon","coordinates":[[[102.26478,15.18238],[102.265,15.18247],[102.26528,15.1812],[102.26498,15.1811],[102.26478,15.18238]]]},"properties":{"name":"","type":"other","area_rai":2.6,"osm":"w1121849364"}},{"type":"Feature","geometry":{"type":"Polygon","coordinates":[[[102.26985,15.08862],[102.26989,15.0886],[102.27,15.08834],[102.26905,15.08795],[102.26897,15.08814],[102.26895,15.08827],[102.26985,15.08862]]]},"properties":{"name":"","type":"wetland","area_rai":2.5,"osm":"w884261624"}},{"type":"Feature","geometry":{"type":"Polygon","coordinates":[[[102.43754,15.39894],[102.43805,15.39924],[102.43828,15.39897],[102.43819,15.39869],[102.43797,15.39855],[102.43773,15.39853],[102.43754,15.39894]]]},"properties":{"name":"","type":"reservoir","area_rai":2.4,"osm":"w465068539"}},{"type":"Feature","geometry":{"type":"Polygon","coordinates":[[[102.4659,15.33282],[102.46617,15.33224],[102.46658,15.33183],[102.46652,15.33181],[102.46636,15.33189],[102.46598,15.33221],[102.46552,15.33245],[102.46537,15.33237],[102.46525,15.33237],[102.46533,15.3325],[102.4659,15.33282]]]},"properties":{"name":"","type":"lake","area_rai":2.4,"osm":"w1155380420"}},{"type":"Feature","geometry":{"type":"Polygon","coordinates":[[[102.27732,15.01623],[102.27745,15.01619],[102.27769,15.01539],[102.27799,15.01515],[102.27814,15.01507],[102.2781,15.0149],[102.27803,15.01489],[102.27799,15.01487],[102.27774,15.01506],[102.27766,15.0152],[102.27759,15.01524],[102.27747,15.01539],[102.2773,15.01584],[102.27732,15.01623]]]},"properties":{"name":"","type":"other","area_rai":2.4,"osm":"w1227990060"}},{"type":"Feature","geometry":{"type":"Polygon","coordinates":[[[101.82846,15.41085],[101.82835,15.41038],[101.82833,15.41013],[101.82788,15.41014],[101.82802,15.41088],[101.82846,15.41085]]]},"properties":{"name":"","type":"reservoir","area_rai":2.4,"osm":"w1449636567"}},{"type":"Feature","geometry":{"type":"Polygon","coordinates":[[[102.03256,15.22233],[102.03251,15.22291],[102.03198,15.2228],[102.03203,15.22222],[102.03256,15.22233]]]},"properties":{"name":"","type":"other","area_rai":2.3,"osm":"w444769165"}},{"type":"Feature","geometry":{"type":"Polygon","coordinates":[[[102.1182,14.98822],[102.11817,14.98822],[102.11815,14.98823],[102.11813,14.98824],[102.11813,14.98828],[102.11814,14.9883],[102.11818,14.98831],[102.11827,14.98832],[102.11837,14.98837],[102.11839,14.98837],[102.11849,14.98833],[102.11853,14.98833],[102.11868,14.98835],[102.11871,14.98832],[102.11874,14.98826],[102.11876,14.98822],[102.11877,14.98818],[102.11879,14.98817],[102.11892,14.98817],[102.11893,14.98817],[102.11896,14.98813],[102.11898,14.98813],[102.11907,14.98814],[102.11909,14.98815],[102.11913,14.98819],[102.11917,14.98826],[102.11927,14.98833],[102.11934,14.9884],[102.11943,14.98841],[102.11947,14.98843],[102.11949,14.98847],[102.11951,14.98852],[102.11956,14.98857],[102.11969,14.98861],[102.1198,14.98861],[102.11986,14.98859],[102.11989,14.98856],[102.11988,14.9885],[102.11984,14.98849],[102.1197,14.98849],[102.11961,14.98847],[102.11941,14.98833],[102.11938,14.98829],[102.11933,14.98824],[102.11932,14.98819],[102.11932,14.98814],[102.11925,14.98808],[102.11923,14.98804],[102.11921,14.98804],[102.11883,14.98794],[102.11871,14.98796],[102.11857,14.98797],[102.11852,14.98801],[102.11851,14.98807],[102.11848,14.98813],[102.11847,14.98816],[102.11844,14.98818],[102.11842,14.98819],[102.11838,14.98822],[102.11829,14.98823],[102.1182,14.98822]]]},"properties":{"name":"","type":"other","area_rai":2.3,"osm":"w549288651"}},{"type":"Feature","geometry":{"type":"Polygon","coordinates":[[[102.1188,14.98741],[102.11911,14.98751],[102.11931,14.98758],[102.1195,14.98763],[102.11954,14.98749],[102.11947,14.98747],[102.11954,14.98716],[102.11933,14.98709],[102.11917,14.98705],[102.11902,14.98702],[102.11893,14.98701],[102.11888,14.98717],[102.1189,14.9872],[102.11886,14.98721],[102.1188,14.98741]]]},"properties":{"name":"","type":"other","area_rai":2.3,"osm":"w549288652"}},{"type":"Feature","geometry":{"type":"Polygon","coordinates":[[[102.14547,15.18772],[102.14525,15.18764],[102.14501,15.18822],[102.14487,15.18876],[102.14514,15.18883],[102.14522,15.18868],[102.14516,15.18862],[102.14547,15.18772]]]},"properties":{"name":"","type":"other","area_rai":2.3,"osm":"w1124385936"}},{"type":"Feature","geometry":{"type":"Polygon","coordinates":[[[102.13017,15.05113],[102.13028,15.05117],[102.13054,15.05114],[102.13093,15.0511],[102.13116,15.05103],[102.1312,15.05091],[102.13115,15.05082],[102.13081,15.05072],[102.13073,15.05082],[102.1306,15.05084],[102.13039,15.05083],[102.13022,15.05086],[102.13015,15.051],[102.13017,15.05113]]]},"properties":{"name":"","type":"other","area_rai":2.3,"osm":"w1418904081"}},{"type":"Feature","geometry":{"type":"Polygon","coordinates":[[[102.16808,14.99527],[102.16798,14.99524],[102.168,14.99505],[102.16808,14.99491],[102.1682,14.99484],[102.16835,14.99489],[102.16844,14.99479],[102.16862,14.99475],[102.16875,14.99481],[102.16876,14.9949],[102.1687,14.99525],[102.16854,14.9952],[102.16839,14.99521],[102.16821,14.99527],[102.16808,14.99527]]]},"properties":{"name":"","type":"reservoir","area_rai":2.2,"osm":"w338327593"}},{"type":"Feature","geometry":{"type":"Polygon","coordinates":[[[102.11032,15.1896],[102.11092,15.18967],[102.11105,15.18919],[102.11039,15.18915],[102.11032,15.1896]]]},"properties":{"name":"","type":"other","area_rai":2.2,"osm":"w1124402099"}},{"type":"Feature","geometry":{"type":"Polygon","coordinates":[[[102.3849,15.36203],[102.38503,15.36202],[102.38513,15.35969],[102.38501,15.35969],[102.3849,15.36203]]]},"properties":{"name":"","type":"other","area_rai":2.2,"osm":"w1127449607"}},{"type":"Feature","geometry":{"type":"Polygon","coordinates":[[[102.09873,15.01292],[102.09868,15.01247],[102.09906,15.01245],[102.09905,15.01262],[102.09949,15.01264],[102.09939,15.01301],[102.09877,15.01291],[102.09873,15.01292]]]},"properties":{"name":"","type":"pond","area_rai":2.2,"osm":"w1415094549"}},{"type":"Feature","geometry":{"type":"Polygon","coordinates":[[[101.82756,15.41918],[101.82761,15.41866],[101.82814,15.41861],[101.82818,15.41866],[101.82812,15.4191],[101.82806,15.41914],[101.82756,15.41918]]]},"properties":{"name":"","type":"reservoir","area_rai":2.2,"osm":"w1449636580"}},{"type":"Feature","geometry":{"type":"Polygon","coordinates":[[[102.36986,15.05318],[102.37041,15.0532],[102.37034,15.05372],[102.36982,15.05371],[102.36986,15.05318]]]},"properties":{"name":"","type":"reservoir","area_rai":2.1,"osm":"w542274313"}},{"type":"Feature","geometry":{"type":"Polygon","coordinates":[[[102.26189,15.17966],[102.26183,15.17961],[102.26186,15.17925],[102.26246,15.17931],[102.26254,15.17941],[102.26247,15.17976],[102.26189,15.17966]]]},"properties":{"name":"","type":"other","area_rai":2.1,"osm":"w1121875019"}},{"type":"Feature","geometry":{"type":"Polygon","coordinates":[[[101.98053,15.24526],[101.98106,15.24546],[101.98084,15.2459],[101.98033,15.24566],[101.98053,15.24526]]]},"properties":{"name":"","type":"other","area_rai":2.0,"osm":"w444772890"}},{"type":"Feature","geometry":{"type":"Polygon","coordinates":[[[102.46073,15.35342],[102.46137,15.35344],[102.46144,15.3534],[102.46141,15.35306],[102.46072,15.35304],[102.46073,15.35342]]]},"properties":{"name":"","type":"reservoir","area_rai":2.0,"osm":"w465068852"}},{"type":"Feature","geometry":{"type":"Polygon","coordinates":[[[102.12841,15.04948],[102.12834,15.04943],[102.12827,15.0494],[102.12819,15.04941],[102.1281,15.04946],[102.12805,15.0495],[102.128,15.04963],[102.12798,15.04975],[102.12799,15.04983],[102.12801,15.04992],[102.12806,15.05001],[102.12814,15.05009],[102.12821,15.05011],[102.12828,15.0501],[102.12835,15.05006],[102.12841,15.04997],[102.12844,15.04986],[102.12846,15.04978],[102.12846,15.04967],[102.12845,15.04957],[102.12841,15.04948]]]},"properties":{"name":"","type":"other","area_rai":2.0,"osm":"w1418903214"}},{"type":"Feature","geometry":{"type":"Polygon","coordinates":[[[102.03186,15.221],[102.03183,15.22127],[102.0309,15.22126],[102.03097,15.22097],[102.03186,15.221]]]},"properties":{"name":"","type":"other","area_rai":1.9,"osm":"w444769166"}},{"type":"Feature","geometry":{"type":"Polygon","coordinates":[[[101.98044,15.24464],[101.98031,15.24494],[101.97958,15.24464],[101.97971,15.24434],[101.98044,15.24464]]]},"properties":{"name":"","type":"other","area_rai":1.9,"osm":"w444773062"}},{"type":"Feature","geometry":{"type":"Polygon","coordinates":[[[102.46008,15.35491],[102.4601,15.35457],[102.46098,15.35466],[102.46095,15.35491],[102.46008,15.35491]]]},"properties":{"name":"","type":"reservoir","area_rai":1.9,"osm":"w465068855"}},{"type":"Feature","geometry":{"type":"Polygon","coordinates":[[[102.19028,15.1081],[102.19028,15.10788],[102.19079,15.10784],[102.19126,15.10794],[102.19117,15.10818],[102.19028,15.1081]]]},"properties":{"name":"","type":"other","area_rai":1.9,"osm":"w862790707"}},{"type":"Feature","geometry":{"type":"Polygon","coordinates":[[[102.18355,15.0101],[102.18368,15.01043],[102.18396,15.01052],[102.18408,15.01062],[102.18419,15.0108],[102.18425,15.0111],[102.18441,15.01133],[102.18464,15.01141],[102.1848,15.01154],[102.18487,15.01153],[102.18475,15.01138],[102.18458,15.01131],[102.18442,15.01107],[102.18439,15.011],[102.1842,15.01067],[102.18417,15.01056],[102.18422,15.01042],[102.18412,15.01032],[102.18403,15.01039],[102.18376,15.01032],[102.18368,15.01013],[102.18359,15.01006],[102.18355,15.0101]]]},"properties":{"name":"","type":"other","area_rai":1.9,"osm":"w1228574947"}},{"type":"Feature","geometry":{"type":"Polygon","coordinates":[[[102.08416,15.03384],[102.08446,15.034],[102.08448,15.03407],[102.08451,15.03409],[102.08457,15.03409],[102.08463,15.03395],[102.08465,15.03383],[102.08465,15.03369],[102.08463,15.03358],[102.0846,15.03347],[102.08455,15.03338],[102.08435,15.03313],[102.08431,15.03311],[102.08428,15.03313],[102.08427,15.03322],[102.08428,15.03327],[102.08433,15.03338],[102.08435,15.03345],[102.08435,15.03354],[102.08434,15.0336],[102.08431,15.03365],[102.08426,15.03369],[102.08421,15.03373],[102.08416,15.03377],[102.08414,15.03381],[102.08416,15.03384]]]},"properties":{"name":"","type":"pond","area_rai":1.9,"osm":"w1258158937"}},{"type":"Feature","geometry":{"type":"Polygon","coordinates":[[[101.83961,15.4202],[101.83956,15.42019],[101.83939,15.41982],[101.8394,15.41976],[101.83985,15.41958],[101.83991,15.4196],[101.84005,15.41996],[101.84003,15.42002],[101.83961,15.4202]]]},"properties":{"name":"","type":"reservoir","area_rai":1.9,"osm":"w1449636564"}},{"type":"Feature","geometry":{"type":"Polygon","coordinates":[[[102.46003,15.35555],[102.46004,15.35527],[102.46091,15.35527],[102.46086,15.35555],[102.46003,15.35555]]]},"properties":{"name":"","type":"reservoir","area_rai":1.8,"osm":"w465068853"}},{"type":"Feature","geometry":{"type":"Polygon","coordinates":[[[102.46013,15.35447],[102.46015,15.35418],[102.46102,15.35435],[102.461,15.35461],[102.46013,15.35447]]]},"properties":{"name":"","type":"reservoir","area_rai":1.8,"osm":"w465068856"}},{"type":"Feature","geometry":{"type":"Polygon","coordinates":[[[102.35959,15.05778],[102.3601,15.058],[102.35974,15.05843],[102.35939,15.05823],[102.35959,15.05778]]]},"properties":{"name":"","type":"reservoir","area_rai":1.8,"osm":"w542274314"}},{"type":"Feature","geometry":{"type":"Polygon","coordinates":[[[102.08092,14.98312],[102.08073,14.98312],[102.08066,14.98274],[102.08002,14.98268],[102.08008,14.98249],[102.0809,14.98258],[102.08092,14.98312]]]},"properties":{"name":"","type":"pond","area_rai":1.8,"osm":"w854090407"}},{"type":"Feature","geometry":{"type":"Polygon","coordinates":[[[102.14763,15.23186],[102.14759,15.23198],[102.147,15.23188],[102.14624,15.23179],[102.14578,15.23165],[102.14584,15.23153],[102.14629,15.23168],[102.14681,15.2317],[102.14763,15.23186]]]},"properties":{"name":"","type":"other","area_rai":1.8,"osm":"w1127453278"}},{"type":"Feature","geometry":{"type":"Polygon","coordinates":[[[102.18421,15.00963],[102.18425,15.00884],[102.18402,15.00878],[102.18396,15.00911],[102.1837,15.00908],[102.18368,15.00918],[102.18421,15.00963]]]},"properties":{"name":"","type":"other","area_rai":1.8,"osm":"w1228574948"}},{"type":"Feature","geometry":{"type":"Polygon","coordinates":[[[102.20517,14.97935],[102.20519,14.97924],[102.20565,14.97924],[102.20619,14.97936],[102.20606,14.97968],[102.20517,14.97935]]]},"properties":{"name":"","type":"other","area_rai":1.8,"osm":"w1229044275"}},{"type":"Feature","geometry":{"type":"Polygon","coordinates":[[[102.18693,15.0306],[102.18766,15.0306],[102.18769,15.0303],[102.18728,15.03028],[102.1871,15.03023],[102.18693,15.03022],[102.18693,15.0306]]]},"properties":{"name":"","type":"other","area_rai":1.8,"osm":"w1232410383"}},{"type":"Feature","geometry":{"type":"Polygon","coordinates":[[[102.48465,15.36641],[102.48512,15.36642],[102.48551,15.36636],[102.48553,15.36617],[102.48504,15.36611],[102.48469,15.3661],[102.48465,15.36641]]]},"properties":{"name":"","type":"reservoir","area_rai":1.8,"osm":"w1379214998"}},{"type":"Feature","geometry":{"type":"Polygon","coordinates":[[[102.1942,15.0244],[102.19413,15.02434],[102.19408,15.02431],[102.19409,15.02424],[102.19409,15.02414],[102.19416,15.02397],[102.1942,15.02392],[102.19424,15.02393],[102.19463,15.02405],[102.19465,15.02409],[102.19465,15.02412],[102.19458,15.02451],[102.19456,15.02453],[102.1945,15.02451],[102.19446,15.02449],[102.19444,15.02447],[102.19438,15.02446],[102.19434,15.02446],[102.19429,15.02443],[102.19425,15.02442],[102.1942,15.0244]]]},"properties":{"name":"","type":"reservoir","area_rai":1.8,"osm":"w1464911096"}},{"type":"Feature","geometry":{"type":"Polygon","coordinates":[[[102.11718,14.98644],[102.11726,14.98637],[102.11731,14.98614],[102.11722,14.98612],[102.11723,14.98603],[102.11731,14.98604],[102.11734,14.9859],[102.11734,14.98581],[102.11731,14.98575],[102.11714,14.98572],[102.11706,14.98578],[102.11698,14.98591],[102.11689,14.98629],[102.11691,14.98636],[102.11695,14.9864],[102.11718,14.98644]]]},"properties":{"name":"","type":"other","area_rai":1.7,"osm":"w549288645"}},{"type":"Feature","geometry":{"type":"Polygon","coordinates":[[[102.12851,15.20363],[102.12905,15.20366],[102.12906,15.20342],[102.12918,15.20343],[102.12921,15.20328],[102.1288,15.20323],[102.12863,15.20318],[102.12856,15.20338],[102.12851,15.20363]]]},"properties":{"name":"","type":"other","area_rai":1.7,"osm":"w1120532487"}},{"type":"Feature","geometry":{"type":"Polygon","coordinates":[[[102.25828,15.18315],[102.2588,15.18329],[102.25884,15.18282],[102.25834,15.18276],[102.25828,15.18315]]]},"properties":{"name":"","type":"other","area_rai":1.7,"osm":"w1121742797"}},{"type":"Feature","geometry":{"type":"Polygon","coordinates":[[[102.14463,15.18963],[102.14482,15.1897],[102.14486,15.18938],[102.145,15.1894],[102.14514,15.18893],[102.14492,15.18886],[102.14481,15.18892],[102.14469,15.18925],[102.14463,15.18963]]]},"properties":{"name":"","type":"other","area_rai":1.7,"osm":"w1124385935"}},{"type":"Feature","geometry":{"type":"Polygon","coordinates":[[[102.14433,15.19902],[102.14495,15.1991],[102.14493,15.19869],[102.14436,15.19868],[102.14433,15.19902]]]},"properties":{"name":"","type":"other","area_rai":1.7,"osm":"w1125820629"}},{"type":"Feature","geometry":{"type":"Polygon","coordinates":[[[102.20615,14.97969],[102.2063,14.97936],[102.20686,14.97964],[102.20667,14.97997],[102.20615,14.97969]]]},"properties":{"name":"","type":"other","area_rai":1.7,"osm":"w1229044276"}},{"type":"Feature","geometry":{"type":"Polygon","coordinates":[[[102.04317,15.04271],[102.04391,15.04222],[102.04381,15.04208],[102.04368,15.04202],[102.04316,15.04238],[102.04317,15.04271]]]},"properties":{"name":"","type":"wetland","area_rai":1.7,"osm":"w1232123421"}},{"type":"Feature","geometry":{"type":"Polygon","coordinates":[[[102.41791,15.01074],[102.41794,15.01052],[102.417,15.0104],[102.41697,15.01062],[102.41791,15.01074]]]},"properties":{"name":"","type":"pond","area_rai":1.6,"osm":"w427047115"}},{"type":"Feature","geometry":{"type":"Polygon","coordinates":[[[102.46007,15.35521],[102.46008,15.35499],[102.46098,15.35496],[102.46093,15.35522],[102.46007,15.35521]]]},"properties":{"name":"","type":"reservoir","area_rai":1.6,"osm":"w465068854"}},{"type":"Feature","geometry":{"type":"Polygon","coordinates":[[[102.46692,15.35281],[102.46804,15.35305],[102.46809,15.35286],[102.46698,15.35264],[102.46692,15.35281]]]},"properties":{"name":"","type":"reservoir","area_rai":1.6,"osm":"w465068915"}},{"type":"Feature","geometry":{"type":"Polygon","coordinates":[[[102.45182,15.35121],[102.45317,15.35146],[102.45316,15.35127],[102.4518,15.35107],[102.45182,15.35121]]]},"properties":{"name":"","type":"reservoir","area_rai":1.6,"osm":"w465069050"}},{"type":"Feature","geometry":{"type":"Polygon","coordinates":[[[102.07885,14.98346],[102.07913,14.98351],[102.07929,14.98292],[102.07887,14.98283],[102.07885,14.98346]]]},"properties":{"name":"","type":"pond","area_rai":1.6,"osm":"w854090408"}},{"type":"Feature","geometry":{"type":"Polygon","coordinates":[[[102.13758,15.19812],[102.1383,15.19809],[102.13839,15.19795],[102.1383,15.19783],[102.13759,15.19781],[102.13758,15.19812]]]},"properties":{"name":"","type":"other","area_rai":1.6,"osm":"w1120511378"}},{"type":"Feature","geometry":{"type":"Polygon","coordinates":[[[102.14415,15.20335],[102.14404,15.20328],[102.144,15.2031],[102.14369,15.20306],[102.14371,15.20299],[102.14376,15.20281],[102.14382,15.20246],[102.14412,15.20255],[102.14408,15.20268],[102.14411,15.20282],[102.14408,15.20293],[102.14405,15.20306],[102.14407,15.20316],[102.14417,15.2032],[102.14415,15.20335]]]},"properties":{"name":"","type":"other","area_rai":1.6,"osm":"w1125798381"}},{"type":"Feature","geometry":{"type":"Polygon","coordinates":[[[102.12423,15.20117],[102.12399,15.20118],[102.12383,15.20041],[102.12415,15.20038],[102.12423,15.20117]]]},"properties":{"name":"","type":"other","area_rai":1.6,"osm":"w1126961006"}},{"type":"Feature","geometry":{"type":"Polygon","coordinates":[[[102.12236,15.19846],[102.12264,15.19833],[102.12263,15.19772],[102.12257,15.19766],[102.12246,15.19773],[102.12228,15.19773],[102.12234,15.19824],[102.12236,15.19846]]]},"properties":{"name":"","type":"other","area_rai":1.6,"osm":"w1127394682"}},{"type":"Feature","geometry":{"type":"Polygon","coordinates":[[[102.12739,15.04965],[102.1274,15.04956],[102.12738,15.04948],[102.12734,15.0494],[102.12727,15.04935],[102.12719,15.04932],[102.1271,15.04931],[102.12702,15.04934],[102.12695,15.04938],[102.12689,15.04945],[102.12687,15.04953],[102.12687,15.04962],[102.1269,15.0497],[102.12696,15.04976],[102.12703,15.04981],[102.12712,15.04982],[102.1272,15.04982],[102.12728,15.04978],[102.12735,15.04972],[102.12739,15.04965]]]},"properties":{"name":"","type":"other","area_rai":1.6,"osm":"w1418903213"}},{"type":"Feature","geometry":{"type":"Polygon","coordinates":[[[102.12869,15.05012],[102.12878,15.05017],[102.12888,15.05015],[102.12894,15.0501],[102.12899,15.04998],[102.12903,15.0498],[102.12901,15.04965],[102.12893,15.04956],[102.12885,15.04954],[102.12878,15.04956],[102.12869,15.0496],[102.12864,15.04969],[102.1286,15.04979],[102.12859,15.04992],[102.12862,15.05005],[102.12869,15.05012]]]},"properties":{"name":"","type":"other","area_rai":1.6,"osm":"w1418903215"}},{"type":"Feature","geometry":{"type":"Polygon","coordinates":[[[102.07232,15.17245],[102.07251,15.1725],[102.07315,15.17262],[102.0732,15.17242],[102.07277,15.17233],[102.07277,15.1723],[102.07233,15.17219],[102.07232,15.17245]]]},"properties":{"name":"","type":"other","area_rai":1.5,"osm":"w163210142"}},{"type":"Feature","geometry":{"type":"Polygon","coordinates":[[[101.97954,15.24474],[101.98027,15.24504],[101.98017,15.24528],[101.97943,15.24498],[101.97954,15.24474]]]},"properties":{"name":"","type":"other","area_rai":1.5,"osm":"w444772894"}},{"type":"Feature","geometry":{"type":"Polygon","coordinates":[[[101.97945,15.24512],[101.98012,15.24541],[101.98001,15.24565],[101.97934,15.24536],[101.97945,15.24512]]]},"properties":{"name":"","type":"other","area_rai":1.4,"osm":"w444772926"}},{"type":"Feature","geometry":{"type":"Polygon","coordinates":[[[101.97934,15.24546],[101.97993,15.2457],[101.9798,15.24598],[101.97922,15.24574],[101.97934,15.24546]]]},"properties":{"name":"","type":"other","area_rai":1.4,"osm":"w444773150"}},{"type":"Feature","geometry":{"type":"Polygon","coordinates":[[[102.46112,15.35648],[102.46112,15.35622],[102.46173,15.35624],[102.4617,15.35663],[102.46112,15.35648]]]},"properties":{"name":"","type":"reservoir","area_rai":1.4,"osm":"w465068858"}},{"type":"Feature","geometry":{"type":"Polygon","coordinates":[[[102.13787,15.0059],[102.13812,15.00592],[102.13817,15.00659],[102.13785,15.00656],[102.13787,15.0059]]]},"properties":{"name":"","type":"other","area_rai":1.4,"osm":"w669457392"}},{"type":"Feature","geometry":{"type":"Polygon","coordinates":[[[102.07919,14.98353],[102.07944,14.9836],[102.07963,14.98313],[102.0796,14.98308],[102.07962,14.98297],[102.07934,14.9829],[102.07919,14.98353]]]},"properties":{"name":"","type":"pond","area_rai":1.4,"osm":"w854090409"}},{"type":"Feature","geometry":{"type":"Polygon","coordinates":[[[102.28101,15.11014],[102.28093,15.11017],[102.28081,15.11012],[102.28078,15.11005],[102.28068,15.1101],[102.28057,15.11007],[102.28052,15.11001],[102.28051,15.10992],[102.28054,15.10986],[102.28067,15.10981],[102.28077,15.10985],[102.2808,15.10987],[102.28085,15.10981],[102.28103,15.10976],[102.28111,15.10977],[102.28118,15.10983],[102.28118,15.10993],[102.28114,15.11003],[102.28101,15.11014]]]},"properties":{"name":"","type":"pond","area_rai":1.4,"osm":"w884011722"}},{"type":"Feature","geometry":{"type":"Polygon","coordinates":[[[102.1396,15.19799],[102.13998,15.19803],[102.14014,15.19762],[102.13966,15.19757],[102.1396,15.19799]]]},"properties":{"name":"","type":"other","area_rai":1.4,"osm":"w1120532575"}},{"type":"Feature","geometry":{"type":"Polygon","coordinates":[[[102.145,15.20137],[102.1451,15.20103],[102.14467,15.20087],[102.14452,15.20128],[102.145,15.20137]]]},"properties":{"name":"","type":"other","area_rai":1.4,"osm":"w1125788066"}},{"type":"Feature","geometry":{"type":"Polygon","coordinates":[[[102.37992,15.36075],[102.3798,15.36071],[102.3801,15.35938],[102.38022,15.3594],[102.38023,15.35946],[102.37992,15.36075]]]},"properties":{"name":"","type":"other","area_rai":1.4,"osm":"w1127449599"}},{"type":"Feature","geometry":{"type":"Polygon","coordinates":[[[102.38494,15.21066],[102.38524,15.21047],[102.38558,15.21075],[102.38552,15.21081],[102.38535,15.21105],[102.38503,15.2108],[102.38494,15.21066]]]},"properties":{"name":"","type":"other","area_rai":1.4,"osm":"w1445763673"}},{"type":"Feature","geometry":{"type":"Polygon","coordinates":[[[101.98029,15.24393],[101.98073,15.24409],[101.9806,15.24445],[101.98015,15.24429],[101.98029,15.24393]]]},"properties":{"name":"","type":"other","area_rai":1.3,"osm":"w444772928"}},{"type":"Feature","geometry":{"type":"Polygon","coordinates":[[[102.45003,15.35445],[102.45022,15.35447],[102.45045,15.3538],[102.45042,15.35371],[102.45024,15.35365],[102.45003,15.35445]]]},"properties":{"name":"","type":"reservoir","area_rai":1.3,"osm":"w465069046"}},{"type":"Feature","geometry":{"type":"Polygon","coordinates":[[[102.42807,15.37353],[102.42837,15.37373],[102.42872,15.37355],[102.42847,15.37335],[102.42823,15.37322],[102.4281,15.37317],[102.42816,15.37327],[102.42815,15.37337],[102.42807,15.37353]]]},"properties":{"name":"","type":"reservoir","area_rai":1.3,"osm":"w465546486"}},{"type":"Feature","geometry":{"type":"Polygon","coordinates":[[[102.17391,15.06589],[102.17379,15.06583],[102.17355,15.06574],[102.17351,15.06564],[102.17349,15.06549],[102.17355,15.06534],[102.17403,15.06557],[102.17408,15.06562],[102.17394,15.06579],[102.17391,15.06589]]]},"properties":{"name":"","type":"other","area_rai":1.3,"osm":"w862768818"}},{"type":"Feature","geometry":{"type":"Polygon","coordinates":[[[102.16781,15.06329],[102.16762,15.06317],[102.16757,15.06303],[102.1675,15.06292],[102.16759,15.06281],[102.16775,15.06269],[102.16781,15.0627],[102.16787,15.06291],[102.16794,15.06298],[102.16801,15.06306],[102.16797,15.06316],[102.16788,15.06326],[102.16781,15.06329]]]},"properties":{"name":"","type":"other","area_rai":1.3,"osm":"w862768820"}},{"type":"Feature","geometry":{"type":"Polygon","coordinates":[[[102.14038,15.20664],[102.1402,15.2066],[102.14008,15.20668],[102.13988,15.20645],[102.13997,15.20638],[102.13991,15.2062],[102.1403,15.20618],[102.14036,15.20652],[102.14038,15.20664]]]},"properties":{"name":"","type":"other","area_rai":1.3,"osm":"w1120532521"}},{"type":"Feature","geometry":{"type":"Polygon","coordinates":[[[102.14513,15.20099],[102.14471,15.20081],[102.14481,15.20052],[102.14501,15.20053],[102.14514,15.20058],[102.1453,15.20065],[102.14513,15.20099]]]},"properties":{"name":"","type":"other","area_rai":1.3,"osm":"w1125788067"}},{"type":"Feature","geometry":{"type":"Polygon","coordinates":[[[102.37988,15.36083],[102.37973,15.36082],[102.37967,15.36123],[102.37938,15.36135],[102.37961,15.36206],[102.3797,15.36202],[102.37955,15.36139],[102.37978,15.3613],[102.37988,15.36083]]]},"properties":{"name":"","type":"other","area_rai":1.3,"osm":"w1127449600"}},{"type":"Feature","geometry":{"type":"Polygon","coordinates":[[[102.23204,15.01338],[102.23248,15.01345],[102.23255,15.01318],[102.23236,15.01312],[102.23228,15.013],[102.23214,15.01302],[102.23204,15.01307],[102.232,15.01332],[102.23204,15.01338]]]},"properties":{"name":"","type":"other","area_rai":1.3,"osm":"w1227979429"}},{"type":"Feature","geometry":{"type":"Polygon","coordinates":[[[102.41174,15.01009],[102.41169,15.00985],[102.41232,15.00974],[102.41237,15.00998],[102.41174,15.01009]]]},"properties":{"name":"","type":"other","area_rai":1.2,"osm":"w445406542"}},{"type":"Feature","geometry":{"type":"Polygon","coordinates":[[[102.14423,15.20251],[102.14381,15.20238],[102.14392,15.20201],[102.14422,15.20216],[102.14435,15.20223],[102.14423,15.20251]]]},"properties":{"name":"","type":"other","area_rai":1.2,"osm":"w1125788055"}},{"type":"Feature","geometry":{"type":"Polygon","coordinates":[[[102.38405,15.3623],[102.38402,15.3624],[102.3849,15.36276],[102.38496,15.36272],[102.38501,15.36211],[102.38492,15.3621],[102.38489,15.36262],[102.38405,15.3623]]]},"properties":{"name":"","type":"other","area_rai":1.2,"osm":"w1127449606"}},{"type":"Feature","geometry":{"type":"Polygon","coordinates":[[[102.2069,14.99845],[102.20739,14.99868],[102.20739,14.99859],[102.2073,14.99828],[102.20711,14.9982],[102.20704,14.99813],[102.20693,14.99812],[102.2069,14.99845]]]},"properties":{"name":"","type":"other","area_rai":1.2,"osm":"w1227979425"}},{"type":"Feature","geometry":{"type":"Polygon","coordinates":[[[102.06488,15.07028],[102.06483,15.06996],[102.06534,15.06989],[102.06539,15.07021],[102.06488,15.07028]]]},"properties":{"name":"","type":"reservoir","area_rai":1.2,"osm":"w1229272897"}},{"type":"Feature","geometry":{"type":"Polygon","coordinates":[[[102.18696,15.03086],[102.18694,15.03065],[102.18765,15.03065],[102.18763,15.0309],[102.18755,15.03091],[102.18753,15.03089],[102.18696,15.03086]]]},"properties":{"name":"","type":"other","area_rai":1.2,"osm":"w1232410382"}},{"type":"Feature","geometry":{"type":"Polygon","coordinates":[[[102.23259,15.09414],[102.23288,15.09421],[102.23296,15.0939],[102.23262,15.09375],[102.23235,15.0937],[102.23234,15.09378],[102.23244,15.09382],[102.23248,15.09391],[102.2326,15.09395],[102.23259,15.09414]]]},"properties":{"name":"","type":"pond","area_rai":1.2,"osm":"w1258038729"}},{"type":"Feature","geometry":{"type":"Polygon","coordinates":[[[102.11339,14.98301],[102.11333,14.98231],[102.11354,14.9823],[102.1136,14.98299],[102.11358,14.98301],[102.11342,14.98303],[102.11339,14.98301]]]},"properties":{"name":"","type":"other","area_rai":1.1,"osm":"w378408800"}},{"type":"Feature","geometry":{"type":"Polygon","coordinates":[[[102.11333,14.98227],[102.11354,14.98226],[102.11354,14.98214],[102.11364,14.98156],[102.11345,14.98153],[102.11333,14.98223],[102.11333,14.98227]]]},"properties":{"name":"","type":"other","area_rai":1.1,"osm":"w378408801"}},{"type":"Feature","geometry":{"type":"Polygon","coordinates":[[[101.98114,15.24557],[101.98146,15.24568],[101.98135,15.2461],[101.981,15.24596],[101.98114,15.24557]]]},"properties":{"name":"","type":"other","area_rai":1.1,"osm":"w444772891"}},{"type":"Feature","geometry":{"type":"Polygon","coordinates":[[[102.45001,15.3535],[102.4501,15.35358],[102.45036,15.35354],[102.45044,15.35363],[102.45052,15.35362],[102.45046,15.35336],[102.45034,15.35325],[102.44999,15.35319],[102.45001,15.3535]]]},"properties":{"name":"","type":"reservoir","area_rai":1.1,"osm":"w465069047"}},{"type":"Feature","geometry":{"type":"Polygon","coordinates":[[[102.12032,14.9861],[102.12031,14.98606],[102.12013,14.98599],[102.11983,14.9859],[102.1197,14.98587],[102.11964,14.98587],[102.11949,14.98584],[102.11943,14.9858],[102.11932,14.98576],[102.1193,14.98573],[102.11929,14.9857],[102.11932,14.98558],[102.1194,14.98528],[102.11938,14.98526],[102.11935,14.98528],[102.11928,14.98543],[102.11922,14.98571],[102.11922,14.98578],[102.11925,14.98583],[102.11949,14.98592],[102.11955,14.98591],[102.11966,14.98595],[102.11969,14.98599],[102.12012,14.98613],[102.12027,14.98615],[102.12032,14.9861]]]},"properties":{"name":"","type":"other","area_rai":1.1,"osm":"w549288647"}},{"type":"Feature","geometry":{"type":"Polygon","coordinates":[[[102.11004,15.00418],[102.10989,15.00398],[102.10989,15.00377],[102.10982,15.00371],[102.10984,15.00347],[102.10988,15.00341],[102.11004,15.00358],[102.11014,15.00365],[102.11011,15.004],[102.11009,15.00404],[102.11004,15.00418]]]},"properties":{"name":"","type":"other","area_rai":1.1,"osm":"w862762096"}},{"type":"Feature","geometry":{"type":"Polygon","coordinates":[[[102.16557,15.06215],[102.16542,15.0618],[102.16576,15.06172],[102.16584,15.06199],[102.16605,15.06198],[102.16607,15.06205],[102.16585,15.06213],[102.1656,15.06216],[102.16557,15.06215]]]},"properties":{"name":"","type":"other","area_rai":1.1,"osm":"w862768819"}},{"type":"Feature","geometry":{"type":"Polygon","coordinates":[[[102.2646,15.17949],[102.26474,15.17953],[102.26507,15.17854],[102.26497,15.17851],[102.26495,15.17859],[102.26497,15.17863],[102.2649,15.17888],[102.26478,15.17925],[102.26472,15.1794],[102.26469,15.17939],[102.26478,15.179],[102.26496,15.17849],[102.26488,15.17847],[102.26468,15.17909],[102.2646,15.17949]]]},"properties":{"name":"","type":"other","area_rai":1.1,"osm":"w1121954647"}},{"type":"Feature","geometry":{"type":"Polygon","coordinates":[[[102.14319,15.1979],[102.14316,15.19784],[102.14324,15.19774],[102.14349,15.19776],[102.14348,15.19766],[102.14367,15.19764],[102.14384,15.19756],[102.14388,15.19766],[102.14395,15.1977],[102.14366,15.19793],[102.14319,15.1979]]]},"properties":{"name":"","type":"other","area_rai":1.1,"osm":"w1124383918"}},{"type":"Feature","geometry":{"type":"Polygon","coordinates":[[[102.1421,15.20612],[102.14221,15.20612],[102.14219,15.20539],[102.14215,15.20526],[102.14165,15.20519],[102.14151,15.20517],[102.1415,15.2053],[102.14209,15.20534],[102.1421,15.20612]]]},"properties":{"name":"","type":"other","area_rai":1.1,"osm":"w1125817376"}},{"type":"Feature","geometry":{"type":"Polygon","coordinates":[[[102.14288,15.20446],[102.1428,15.20446],[102.1428,15.20454],[102.14283,15.20484],[102.14424,15.20478],[102.14425,15.20461],[102.14411,15.20462],[102.1441,15.20472],[102.14355,15.20473],[102.1429,15.20476],[102.14288,15.20446]]]},"properties":{"name":"","type":"other","area_rai":1.1,"osm":"w1125821774"}},{"type":"Feature","geometry":{"type":"Polygon","coordinates":[[[102.13117,15.20125],[102.13144,15.20136],[102.13164,15.20098],[102.13131,15.20083],[102.13117,15.20125]]]},"properties":{"name":"","type":"other","area_rai":1.1,"osm":"w1125824639"}},{"type":"Feature","geometry":{"type":"Polygon","coordinates":[[[102.3827,15.3578],[102.38267,15.35765],[102.3816,15.35824],[102.38167,15.35833],[102.3827,15.3578]]]},"properties":{"name":"","type":"other","area_rai":1.1,"osm":"w1127449601"}},{"type":"Feature","geometry":{"type":"Polygon","coordinates":[[[102.07543,15.01442],[102.07556,15.01442],[102.07567,15.01383],[102.0756,15.01382],[102.07573,15.01305],[102.07572,15.01273],[102.07543,15.01442]]]},"properties":{"name":"","type":"reservoir","area_rai":1.1,"osm":"w1396137598"}},{"type":"Feature","geometry":{"type":"Polygon","coordinates":[[[102.40859,14.99759],[102.40878,14.99755],[102.4086,14.99685],[102.40841,14.9969],[102.40859,14.99759]]]},"properties":{"name":"","type":"reservoir","area_rai":1.0,"osm":"w427012204"}},{"type":"Feature","geometry":{"type":"Polygon","coordinates":[[[102.45183,15.35098],[102.45318,15.35113],[102.45318,15.35103],[102.45181,15.35088],[102.45183,15.35098]]]},"properties":{"name":"","type":"reservoir","area_rai":1.0,"osm":"w465069051"}},{"type":"Feature","geometry":{"type":"Polygon","coordinates":[[[102.12013,14.98846],[102.12021,14.98849],[102.12031,14.9885],[102.12037,14.98849],[102.12044,14.9885],[102.1205,14.98843],[102.12055,14.98835],[102.12058,14.98834],[102.12062,14.98836],[102.12068,14.98843],[102.12071,14.98847],[102.12082,14.98856],[102.12085,14.98856],[102.12088,14.98853],[102.1209,14.98853],[102.12089,14.98859],[102.12093,14.9886],[102.12095,14.98852],[102.12091,14.98849],[102.12082,14.98843],[102.12073,14.98829],[102.1207,14.98824],[102.12063,14.9882],[102.12052,14.9882],[102.12033,14.98828],[102.12017,14.98839],[102.12013,14.98846]]]},"properties":{"name":"","type":"other","area_rai":1.0,"osm":"w549288653"}},{"type":"Feature","geometry":{"type":"Polygon","coordinates":[[[102.10321,14.98083],[102.10327,14.98086],[102.10334,14.98087],[102.10341,14.98086],[102.10347,14.98082],[102.10352,14.98077],[102.10354,14.98071],[102.10355,14.98064],[102.10353,14.98058],[102.10349,14.98052],[102.10344,14.98048],[102.10337,14.98046],[102.1033,14.98046],[102.10323,14.98048],[102.10317,14.98052],[102.10313,14.98058],[102.10312,14.98065],[102.10313,14.98072],[102.10316,14.98078],[102.10321,14.98083]]]},"properties":{"name":"","type":"other","area_rai":1.0,"osm":"w549397542"}},{"type":"Feature","geometry":{"type":"Polygon","coordinates":[[[102.19125,15.1082],[102.19132,15.108],[102.1919,15.10811],[102.19183,15.10835],[102.19125,15.1082]]]},"properties":{"name":"","type":"other","area_rai":1.0,"osm":"w862790708"}},{"type":"Feature","geometry":{"type":"Polygon","coordinates":[[[102.14082,15.19812],[102.14062,15.19799],[102.14079,15.19754],[102.14098,15.1976],[102.14106,15.19776],[102.14087,15.19781],[102.14101,15.19791],[102.14082,15.19812]]]},"properties":{"name":"","type":"other","area_rai":1.0,"osm":"w1124383909"}},{"type":"Feature","geometry":{"type":"Polygon","coordinates":[[[102.12825,15.19722],[102.12786,15.19721],[102.12729,15.19721],[102.12711,15.19721],[102.1271,15.19712],[102.12827,15.19707],[102.12825,15.19722]]]},"properties":{"name":"","type":"other","area_rai":1.0,"osm":"w1125994803"}},{"type":"Feature","geometry":{"type":"Polygon","coordinates":[[[102.38502,15.35962],[102.38512,15.35962],[102.38537,15.35841],[102.38525,15.35838],[102.38502,15.35962]]]},"properties":{"name":"","type":"other","area_rai":1.0,"osm":"w1127449608"}},{"type":"Feature","geometry":{"type":"Polygon","coordinates":[[[102.2034,14.99789],[102.20339,14.99763],[102.20396,14.99767],[102.20392,14.99787],[102.20386,14.9979],[102.2034,14.99789]]]},"properties":{"name":"","type":"other","area_rai":1.0,"osm":"w1228384472"}},{"type":"Feature","geometry":{"type":"Polygon","coordinates":[[[102.23969,15.00344],[102.23971,15.00346],[102.23975,15.00346],[102.23986,15.00335],[102.23995,15.00325],[102.24005,15.00316],[102.24014,15.00312],[102.24016,15.00308],[102.2401,15.00303],[102.23983,15.003],[102.23973,15.00301],[102.23967,15.00305],[102.23966,15.00313],[102.23968,15.00323],[102.23969,15.00333],[102.23969,15.00344]]]},"properties":{"name":"","type":"pond","area_rai":1.0,"osm":"w1258033780"}},{"type":"Feature","geometry":{"type":"Polygon","coordinates":[[[102.0758,15.01296],[102.07648,15.013],[102.07648,15.01281],[102.0758,15.01276],[102.0758,15.01296]]]},"properties":{"name":"","type":"reservoir","area_rai":1.0,"osm":"w1396137596"}},{"type":"Feature","geometry":{"type":"Polygon","coordinates":[[[102.09812,15.0146],[102.09843,15.01461],[102.09846,15.0142],[102.09812,15.01415],[102.09812,15.0146]]]},"properties":{"name":"","type":"pond","area_rai":1.0,"osm":"w1415094543"}},{"type":"Feature","geometry":{"type":"Polygon","coordinates":[[[102.45127,15.35109],[102.45165,15.35118],[102.4517,15.35085],[102.45135,15.35077],[102.45127,15.35109]]]},"properties":{"name":"","type":"reservoir","area_rai":0.9,"osm":"w465069049"}},{"type":"Feature","geometry":{"type":"Polygon","coordinates":[[[102.46145,15.27546],[102.46159,15.27497],[102.46182,15.27432],[102.46191,15.27438],[102.46171,15.27485],[102.46158,15.27549],[102.46145,15.27546]]]},"properties":{"name":"","type":"reservoir","area_rai":0.9,"osm":"w550530670"}},{"type":"Feature","geometry":{"type":"Polygon","coordinates":[[[102.13893,15.20126],[102.13925,15.2013],[102.13932,15.20091],[102.13903,15.20086],[102.13893,15.20126]]]},"properties":{"name":"","type":"other","area_rai":0.9,"osm":"w1120532552"}},{"type":"Feature","geometry":{"type":"Polygon","coordinates":[[[102.15102,15.19115],[102.15121,15.1911],[102.15124,15.19128],[102.15064,15.19157],[102.15062,15.19153],[102.15062,15.19135],[102.15102,15.19124],[102.15102,15.19115]]]},"properties":{"name":"","type":"other","area_rai":0.9,"osm":"w1124385939"}},{"type":"Feature","geometry":{"type":"Polygon","coordinates":[[[102.15056,15.19136],[102.15058,15.1916],[102.15032,15.19172],[102.15008,15.19162],[102.15014,15.19138],[102.15019,15.19139],[102.15025,15.19143],[102.15056,15.19136]]]},"properties":{"name":"","type":"other","area_rai":0.9,"osm":"w1124385942"}},{"type":"Feature","geometry":{"type":"Polygon","coordinates":[[[102.38073,15.35876],[102.38069,15.35869],[102.38025,15.35887],[102.3802,15.35891],[102.38011,15.35929],[102.38023,15.35935],[102.38031,15.35903],[102.38043,15.35894],[102.38062,15.35887],[102.38073,15.35876]]]},"properties":{"name":"","type":"other","area_rai":0.9,"osm":"w1127449598"}},{"type":"Feature","geometry":{"type":"Polygon","coordinates":[[[102.02806,15.07714],[102.02811,15.0773],[102.02821,15.07741],[102.02823,15.07749],[102.02829,15.07752],[102.02834,15.07692],[102.0281,15.07689],[102.02806,15.07703],[102.02806,15.07714]]]},"properties":{"name":"","type":"other","area_rai":0.9,"osm":"w1232126604"}},{"type":"Feature","geometry":{"type":"Polygon","coordinates":[[[102.06753,15.01786],[102.0676,15.01791],[102.06755,15.01796],[102.06751,15.01797],[102.06752,15.01804],[102.06757,15.01803],[102.06764,15.01808],[102.06759,15.01813],[102.06767,15.01819],[102.06754,15.01837],[102.06718,15.01815],[102.06753,15.01786]]]},"properties":{"name":"","type":"pond","area_rai":0.9,"osm":"w1396137582"}},{"type":"Feature","geometry":{"type":"Polygon","coordinates":[[[102.07108,15.0135],[102.07151,15.01361],[102.07157,15.01332],[102.07111,15.01328],[102.07108,15.0135]]]},"properties":{"name":"","type":"reservoir","area_rai":0.9,"osm":"w1396137587"}},{"type":"Feature","geometry":{"type":"Polygon","coordinates":[[[102.07165,15.0132],[102.07186,15.01321],[102.07189,15.01266],[102.07167,15.01265],[102.07164,15.01308],[102.07165,15.0132]]]},"properties":{"name":"","type":"reservoir","area_rai":0.9,"osm":"w1396137591"}},{"type":"Feature","geometry":{"type":"Polygon","coordinates":[[[101.83443,15.41855],[101.83445,15.41864],[101.83448,15.41868],[101.83474,15.41868],[101.83477,15.41863],[101.83475,15.41852],[101.83472,15.4184],[101.83463,15.41834],[101.83452,15.41833],[101.83425,15.41841],[101.83424,15.41845],[101.83426,15.41851],[101.83428,15.41853],[101.8344,15.41852],[101.83443,15.41855]]]},"properties":{"name":"","type":"reservoir","area_rai":0.9,"osm":"w1449636565"}},{"type":"Feature","geometry":{"type":"Polygon","coordinates":[[[102.41071,15.01239],[102.41071,15.01218],[102.41125,15.01217],[102.41125,15.01238],[102.41071,15.01239]]]},"properties":{"name":"","type":"pond","area_rai":0.8,"osm":"w440429925"}},{"type":"Feature","geometry":{"type":"Polygon","coordinates":[[[101.90855,15.23496],[101.90857,15.23474],[101.90898,15.23475],[101.90907,15.235],[101.90855,15.23496]]]},"properties":{"name":"","type":"reservoir","area_rai":0.8,"osm":"w720251473"}},{"type":"Feature","geometry":{"type":"Polygon","coordinates":[[[101.91191,15.23501],[101.91178,15.23459],[101.91198,15.23455],[101.91219,15.23492],[101.91191,15.23501]]]},"properties":{"name":"","type":"pond","area_rai":0.8,"osm":"w989066570"}},{"type":"Feature","geometry":{"type":"Polygon","coordinates":[[[102.26145,15.19091],[102.26137,15.19085],[102.26122,15.19106],[102.26162,15.19152],[102.26171,15.19141],[102.2614,15.19105],[102.26145,15.19091]]]},"properties":{"name":"","type":"other","area_rai":0.8,"osm":"w1121954640"}},{"type":"Feature","geometry":{"type":"Polygon","coordinates":[[[102.14051,15.19965],[102.14029,15.19961],[102.1403,15.1992],[102.14042,15.19918],[102.1405,15.19915],[102.14057,15.19919],[102.14051,15.19965]]]},"properties":{"name":"","type":"other","area_rai":0.8,"osm":"w1124383905"}},{"type":"Feature","geometry":{"type":"Polygon","coordinates":[[[102.15117,15.19107],[102.15064,15.19123],[102.15061,15.19102],[102.15112,15.1909],[102.15117,15.19107]]]},"properties":{"name":"","type":"other","area_rai":0.8,"osm":"w1124385940"}},{"type":"Feature","geometry":{"type":"Polygon","coordinates":[[[102.14273,15.20209],[102.1425,15.20201],[102.14253,15.20161],[102.14283,15.20172],[102.14273,15.20209]]]},"properties":{"name":"","type":"other","area_rai":0.8,"osm":"w1125788057"}},{"type":"Feature","geometry":{"type":"Polygon","coordinates":[[[102.1438,15.19859],[102.14426,15.1986],[102.14427,15.19852],[102.14419,15.1985],[102.1442,15.19829],[102.14432,15.19831],[102.14432,15.19858],[102.14449,15.19857],[102.14448,15.19852],[102.1444,15.19845],[102.14439,15.19827],[102.14414,15.19821],[102.14413,15.19824],[102.14407,15.19823],[102.14407,15.19825],[102.14413,15.19826],[102.14412,15.19843],[102.14407,15.19849],[102.1438,15.19851],[102.1438,15.19859]]]},"properties":{"name":"","type":"other","area_rai":0.8,"osm":"w1125820627"}},{"type":"Feature","geometry":{"type":"Polygon","coordinates":[[[102.13816,15.19939],[102.13772,15.19926],[102.13777,15.19906],[102.13821,15.19913],[102.13816,15.19939]]]},"properties":{"name":"","type":"other","area_rai":0.8,"osm":"w1126003340"}},{"type":"Feature","geometry":{"type":"Polygon","coordinates":[[[102.38357,15.35768],[102.38354,15.35755],[102.38274,15.35766],[102.38275,15.35778],[102.38357,15.35768]]]},"properties":{"name":"","type":"other","area_rai":0.8,"osm":"w1127449602"}},{"type":"Feature","geometry":{"type":"Polygon","coordinates":[[[102.38547,15.35759],[102.38562,15.35763],[102.38568,15.35719],[102.38511,15.35724],[102.38512,15.35737],[102.38553,15.35734],[102.38547,15.35759]]]},"properties":{"name":"","type":"other","area_rai":0.8,"osm":"w1127449605"}},{"type":"Feature","geometry":{"type":"Polygon","coordinates":[[[102.14585,15.23224],[102.14564,15.23218],[102.14577,15.23175],[102.14601,15.2318],[102.14585,15.23224]]]},"properties":{"name":"","type":"other","area_rai":0.8,"osm":"w1127453273"}},{"type":"Feature","geometry":{"type":"Polygon","coordinates":[[[102.20635,14.97927],[102.20687,14.97957],[102.20695,14.97938],[102.2064,14.97914],[102.20635,14.97927]]]},"properties":{"name":"","type":"other","area_rai":0.8,"osm":"w1229044277"}},{"type":"Feature","geometry":{"type":"Polygon","coordinates":[[[102.43208,15.29902],[102.43226,15.29913],[102.43286,15.29897],[102.43285,15.29882],[102.43208,15.29902]]]},"properties":{"name":"","type":"reservoir","area_rai":0.8,"osm":"w1379270214"}},{"type":"Feature","geometry":{"type":"Polygon","coordinates":[[[102.07515,15.0139],[102.07533,15.01394],[102.07528,15.01442],[102.07522,15.01446],[102.07509,15.01446],[102.07509,15.01423],[102.0751,15.01411],[102.07515,15.0139]]]},"properties":{"name":"","type":"reservoir","area_rai":0.8,"osm":"w1396137600"}},{"type":"Feature","geometry":{"type":"Polygon","coordinates":[[[102.09854,15.01477],[102.09877,15.01475],[102.0988,15.01432],[102.09856,15.01431],[102.09854,15.01477]]]},"properties":{"name":"","type":"pond","area_rai":0.8,"osm":"w1415094542"}},{"type":"Feature","geometry":{"type":"Polygon","coordinates":[[[102.39602,15.41999],[102.39622,15.4199],[102.39613,15.4195],[102.39589,15.41957],[102.39602,15.41999]]]},"properties":{"name":"","type":"reservoir","area_rai":0.7,"osm":"w600625452"}},{"type":"Feature","geometry":{"type":"Polygon","coordinates":[[[102.12614,15.04695],[102.12586,15.04644],[102.12601,15.04636],[102.12628,15.04689],[102.12614,15.04695]]]},"properties":{"name":"","type":"other","area_rai":0.7,"osm":"w862761856"}},{"type":"Feature","geometry":{"type":"Polygon","coordinates":[[[102.18954,15.10813],[102.18957,15.10803],[102.19016,15.10793],[102.19019,15.10811],[102.18979,15.10816],[102.18954,15.10813]]]},"properties":{"name":"","type":"other","area_rai":0.7,"osm":"w862790709"}},{"type":"Feature","geometry":{"type":"Polygon","coordinates":[[[102.2651,15.17963],[102.26529,15.1797],[102.26536,15.17921],[102.26516,15.17918],[102.2651,15.17963]]]},"properties":{"name":"","type":"other","area_rai":0.7,"osm":"w1121954645"}},{"type":"Feature","geometry":{"type":"Polygon","coordinates":[[[102.14544,15.2322],[102.14555,15.23202],[102.14509,15.23184],[102.14499,15.23198],[102.14544,15.2322]]]},"properties":{"name":"","type":"other","area_rai":0.7,"osm":"w1127453274"}},{"type":"Feature","geometry":{"type":"Polygon","coordinates":[[[102.1542,14.9824],[102.15455,14.98245],[102.1546,14.9822],[102.15425,14.98214],[102.1542,14.9824]]]},"properties":{"name":"","type":"other","area_rai":0.7,"osm":"w1228601560"}},{"type":"Feature","geometry":{"type":"Polygon","coordinates":[[[102.07117,15.01276],[102.07162,15.01278],[102.07163,15.01261],[102.07161,15.01256],[102.07118,15.01255],[102.07117,15.01276]]]},"properties":{"name":"","type":"reservoir","area_rai":0.7,"osm":"w1396137590"}},{"type":"Feature","geometry":{"type":"Polygon","coordinates":[[[102.0748,15.01455],[102.075,15.01453],[102.07501,15.0141],[102.07481,15.01408],[102.0748,15.01455]]]},"properties":{"name":"","type":"reservoir","area_rai":0.7,"osm":"w1396137601"}},{"type":"Feature","geometry":{"type":"Polygon","coordinates":[[[102.07235,15.17173],[102.07239,15.17158],[102.07223,15.17155],[102.07221,15.17145],[102.072,15.17144],[102.07198,15.17165],[102.07235,15.17173]]]},"properties":{"name":"","type":"other","area_rai":0.6,"osm":"w163210141"}},{"type":"Feature","geometry":{"type":"Polygon","coordinates":[[[102.41229,15.02081],[102.41206,15.02025],[102.41218,15.02021],[102.41241,15.02076],[102.41229,15.02081]]]},"properties":{"name":"","type":"pond","area_rai":0.6,"osm":"w426932353"}},{"type":"Feature","geometry":{"type":"Polygon","coordinates":[[[101.9107,15.22557],[101.91079,15.22531],[101.91096,15.22532],[101.91106,15.22534],[101.91094,15.22568],[101.91082,15.22564],[101.9107,15.22557]]]},"properties":{"name":"","type":"pond","area_rai":0.6,"osm":"w989066838"}},{"type":"Feature","geometry":{"type":"Polygon","coordinates":[[[102.13365,15.20616],[102.13394,15.20619],[102.13397,15.20589],[102.13374,15.20585],[102.13365,15.20616]]]},"properties":{"name":"","type":"other","area_rai":0.6,"osm":"w1120532500"}},{"type":"Feature","geometry":{"type":"Polygon","coordinates":[[[102.13744,15.20201],[102.13766,15.20212],[102.13783,15.2018],[102.13772,15.20177],[102.1375,15.20182],[102.13744,15.20201]]]},"properties":{"name":"","type":"other","area_rai":0.6,"osm":"w1120532546"}},{"type":"Feature","geometry":{"type":"Polygon","coordinates":[[[102.26135,15.18445],[102.26166,15.18447],[102.26167,15.18419],[102.26138,15.1842],[102.26135,15.18445]]]},"properties":{"name":"","type":"other","area_rai":0.6,"osm":"w1121954630"}},{"type":"Feature","geometry":{"type":"Polygon","coordinates":[[[102.26204,15.19109],[102.26189,15.19104],[102.26183,15.19133],[102.2618,15.19143],[102.26173,15.19159],[102.2618,15.19173],[102.26204,15.19109]]]},"properties":{"name":"","type":"other","area_rai":0.6,"osm":"w1121954642"}},{"type":"Feature","geometry":{"type":"Polygon","coordinates":[[[102.14112,15.19828],[102.14124,15.19826],[102.14132,15.19794],[102.1411,15.19791],[102.14101,15.19808],[102.14112,15.19828]]]},"properties":{"name":"","type":"other","area_rai":0.6,"osm":"w1124383910"}},{"type":"Feature","geometry":{"type":"Polygon","coordinates":[[[102.15057,15.19123],[102.15015,15.19135],[102.15012,15.19134],[102.15016,15.1913],[102.15026,15.19106],[102.15055,15.19103],[102.15057,15.19123]]]},"properties":{"name":"","type":"other","area_rai":0.6,"osm":"w1124385941"}},{"type":"Feature","geometry":{"type":"Polygon","coordinates":[[[102.144,15.20439],[102.14364,15.20439],[102.14361,15.20421],[102.14399,15.20417],[102.144,15.20439]]]},"properties":{"name":"","type":"other","area_rai":0.6,"osm":"w1125788064"}},{"type":"Feature","geometry":{"type":"Polygon","coordinates":[[[102.14125,15.20613],[102.1412,15.20582],[102.14143,15.20579],[102.1415,15.2061],[102.14125,15.20613]]]},"properties":{"name":"","type":"other","area_rai":0.6,"osm":"w1125817365"}},{"type":"Feature","geometry":{"type":"Polygon","coordinates":[[[102.13273,15.19874],[102.13257,15.19901],[102.13278,15.19907],[102.13301,15.19877],[102.13276,15.19871],[102.13273,15.19874]]]},"properties":{"name":"","type":"other","area_rai":0.6,"osm":"w1125824608"}},{"type":"Feature","geometry":{"type":"Polygon","coordinates":[[[102.13199,15.19795],[102.13158,15.19805],[102.13159,15.19782],[102.13201,15.19777],[102.13199,15.19795]]]},"properties":{"name":"","type":"other","area_rai":0.6,"osm":"w1125994801"}},{"type":"Feature","geometry":{"type":"Polygon","coordinates":[[[102.12469,15.19718],[102.1247,15.19723],[102.12485,15.19727],[102.12503,15.19726],[102.12511,15.19729],[102.12559,15.19724],[102.12555,15.19715],[102.12469,15.19718]]]},"properties":{"name":"","type":"other","area_rai":0.6,"osm":"w1125994805"}},{"type":"Feature","geometry":{"type":"Polygon","coordinates":[[[102.12564,15.19725],[102.12565,15.19715],[102.12644,15.19712],[102.12643,15.19722],[102.12564,15.19725]]]},"properties":{"name":"","type":"other","area_rai":0.6,"osm":"w1125994806"}},{"type":"Feature","geometry":{"type":"Polygon","coordinates":[[[102.13687,15.19438],[102.13686,15.19411],[102.13714,15.19408],[102.13716,15.19435],[102.13687,15.19438]]]},"properties":{"name":"","type":"other","area_rai":0.6,"osm":"w1126004020"}},{"type":"Feature","geometry":{"type":"Polygon","coordinates":[[[102.13916,15.19112],[102.13939,15.19112],[102.1394,15.19078],[102.13917,15.19078],[102.13916,15.19112]]]},"properties":{"name":"","type":"other","area_rai":0.6,"osm":"w1126010718"}},{"type":"Feature","geometry":{"type":"Polygon","coordinates":[[[102.12421,15.2],[102.12443,15.20002],[102.12443,15.1996],[102.12423,15.19965],[102.12421,15.2]]]},"properties":{"name":"","type":"other","area_rai":0.6,"osm":"w1126960992"}},{"type":"Feature","geometry":{"type":"Polygon","coordinates":[[[102.38159,15.35837],[102.38154,15.35829],[102.38077,15.35867],[102.38081,15.35876],[102.38159,15.35837]]]},"properties":{"name":"","type":"other","area_rai":0.6,"osm":"w1127449597"}},{"type":"Feature","geometry":{"type":"Polygon","coordinates":[[[102.38434,15.35752],[102.38432,15.35741],[102.38359,15.35752],[102.38362,15.35763],[102.38434,15.35752]]]},"properties":{"name":"","type":"other","area_rai":0.6,"osm":"w1127449603"}},{"type":"Feature","geometry":{"type":"Polygon","coordinates":[[[102.38508,15.35739],[102.38506,15.35726],[102.38436,15.3574],[102.38441,15.35751],[102.38508,15.35739]]]},"properties":{"name":"","type":"other","area_rai":0.6,"osm":"w1127449604"}},{"type":"Feature","geometry":{"type":"Polygon","coordinates":[[[102.21039,15.00449],[102.21081,15.00463],[102.21086,15.00443],[102.21051,15.00432],[102.21039,15.00449]]]},"properties":{"name":"","type":"other","area_rai":0.6,"osm":"w1227997219"}},{"type":"Feature","geometry":{"type":"Polygon","coordinates":[[[102.15479,14.98246],[102.15493,14.98249],[102.15505,14.98198],[102.15491,14.98195],[102.15479,14.98246]]]},"properties":{"name":"","type":"other","area_rai":0.6,"osm":"w1228601559"}},{"type":"Feature","geometry":{"type":"Polygon","coordinates":[[[102.19709,15.02619],[102.19721,15.02621],[102.19724,15.02619],[102.19731,15.02584],[102.19721,15.0258],[102.19712,15.02581],[102.19706,15.02588],[102.19705,15.02599],[102.19706,15.02607],[102.19704,15.02609],[102.19704,15.02616],[102.19709,15.02619]]]},"properties":{"name":"","type":"other","area_rai":0.6,"osm":"w1232406934"}},{"type":"Feature","geometry":{"type":"Polygon","coordinates":[[[102.07114,15.01323],[102.07158,15.01326],[102.0716,15.01307],[102.07114,15.01305],[102.07114,15.01323]]]},"properties":{"name":"","type":"reservoir","area_rai":0.6,"osm":"w1396137588"}},{"type":"Feature","geometry":{"type":"Polygon","coordinates":[[[102.07115,15.01298],[102.07161,15.013],[102.07162,15.01283],[102.07117,15.0128],[102.07115,15.01298]]]},"properties":{"name":"","type":"reservoir","area_rai":0.6,"osm":"w1396137589"}},{"type":"Feature","geometry":{"type":"Polygon","coordinates":[[[102.07441,15.01593],[102.07477,15.01599],[102.0748,15.01581],[102.07477,15.01576],[102.07444,15.01571],[102.07441,15.01581],[102.07441,15.01593]]]},"properties":{"name":"","type":"reservoir","area_rai":0.6,"osm":"w1396137611"}},{"type":"Feature","geometry":{"type":"Polygon","coordinates":[[[102.07891,14.98254],[102.07894,14.98258],[102.07911,14.98258],[102.07915,14.98254],[102.07914,14.98231],[102.0791,14.98225],[102.079,14.98225],[102.07891,14.98254]]]},"properties":{"name":"","type":"pond","area_rai":0.5,"osm":"w854090404"}},{"type":"Feature","geometry":{"type":"Polygon","coordinates":[[[102.12619,15.04707],[102.1264,15.04744],[102.12653,15.04735],[102.12633,15.04699],[102.12619,15.04707]]]},"properties":{"name":"","type":"other","area_rai":0.5,"osm":"w862761857"}},{"type":"Feature","geometry":{"type":"Polygon","coordinates":[[[102.1116,15.00585],[102.11156,15.00584],[102.11157,15.00578],[102.11136,15.00573],[102.11142,15.00551],[102.11153,15.00553],[102.11164,15.00553],[102.11168,15.00555],[102.11165,15.00571],[102.1116,15.00585]]]},"properties":{"name":"","type":"other","area_rai":0.5,"osm":"w862764035"}},{"type":"Feature","geometry":{"type":"Polygon","coordinates":[[[102.13534,15.20287],[102.13572,15.20284],[102.13571,15.20263],[102.13532,15.2027],[102.13534,15.20287]]]},"properties":{"name":"","type":"other","area_rai":0.5,"osm":"w1120532515"}},{"type":"Feature","geometry":{"type":"Polygon","coordinates":[[[102.26076,15.18533],[102.26105,15.18534],[102.26103,15.1851],[102.26077,15.18509],[102.26076,15.18533]]]},"properties":{"name":"","type":"other","area_rai":0.5,"osm":"w1121675869"}},{"type":"Feature","geometry":{"type":"Polygon","coordinates":[[[102.26043,15.18741],[102.26044,15.18741],[102.26044,15.18741],[102.26061,15.18741],[102.26062,15.18741],[102.26062,15.18739],[102.26068,15.18739],[102.26068,15.18739],[102.26069,15.18714],[102.26068,15.18713],[102.26067,15.18713],[102.26045,15.18713],[102.26044,15.18713],[102.26043,15.18713],[102.26043,15.18714],[102.26043,15.18741]]]},"properties":{"name":"","type":"other","area_rai":0.5,"osm":"w1121954636"}},{"type":"Feature","geometry":{"type":"Polygon","coordinates":[[[102.25998,15.18886],[102.26026,15.18899],[102.26031,15.18877],[102.26,15.18866],[102.25998,15.18886]]]},"properties":{"name":"","type":"other","area_rai":0.5,"osm":"w1121954638"}},{"type":"Feature","geometry":{"type":"Polygon","coordinates":[[[102.26109,15.19062],[102.26132,15.19074],[102.26118,15.19094],[102.26095,15.19079],[102.26109,15.19062]]]},"properties":{"name":"","type":"other","area_rai":0.5,"osm":"w1121954639"}},{"type":"Feature","geometry":{"type":"Polygon","coordinates":[[[102.14312,15.19766],[102.14299,15.19758],[102.1432,15.1972],[102.14331,15.19728],[102.14312,15.19766]]]},"properties":{"name":"","type":"other","area_rai":0.5,"osm":"w1124383916"}},{"type":"Feature","geometry":{"type":"Polygon","coordinates":[[[102.14427,15.19762],[102.14398,15.19765],[102.14391,15.19751],[102.1439,15.19744],[102.14427,15.19742],[102.14427,15.19762]]]},"properties":{"name":"","type":"other","area_rai":0.5,"osm":"w1124383919"}},{"type":"Feature","geometry":{"type":"Polygon","coordinates":[[[102.15019,15.19107],[102.15,15.19106],[102.14988,15.19141],[102.15005,15.19146],[102.15019,15.19107]]]},"properties":{"name":"","type":"other","area_rai":0.5,"osm":"w1124385943"}},{"type":"Feature","geometry":{"type":"Polygon","coordinates":[[[102.14515,15.19936],[102.14467,15.19927],[102.14467,15.19915],[102.14515,15.1992],[102.14515,15.19936]]]},"properties":{"name":"","type":"other","area_rai":0.5,"osm":"w1125788101"}},{"type":"Feature","geometry":{"type":"Polygon","coordinates":[[[102.14321,15.19821],[102.14338,15.19821],[102.14343,15.19797],[102.14322,15.19795],[102.14311,15.19814],[102.14321,15.19821]]]},"properties":{"name":"","type":"other","area_rai":0.5,"osm":"w1125820612"}},{"type":"Feature","geometry":{"type":"Polygon","coordinates":[[[102.14454,15.19857],[102.14477,15.1986],[102.14478,15.19844],[102.14467,15.19833],[102.14446,15.1983],[102.14441,15.19842],[102.14454,15.19848],[102.14454,15.19857]]]},"properties":{"name":"","type":"other","area_rai":0.5,"osm":"w1125820628"}},{"type":"Feature","geometry":{"type":"Polygon","coordinates":[[[102.14278,15.20559],[102.14287,15.20559],[102.14288,15.20523],[102.14289,15.20487],[102.1428,15.20488],[102.14279,15.20523],[102.14278,15.20559]]]},"properties":{"name":"","type":"other","area_rai":0.5,"osm":"w1125821777"}},{"type":"Feature","geometry":{"type":"Polygon","coordinates":[[[102.13582,15.19167],[102.13589,15.1917],[102.13641,15.19093],[102.13634,15.1909],[102.13582,15.19167]]]},"properties":{"name":"","type":"other","area_rai":0.5,"osm":"w1126009459"}},{"type":"Feature","geometry":{"type":"Polygon","coordinates":[[[102.11813,15.1988],[102.11776,15.19874],[102.11773,15.19855],[102.11816,15.19868],[102.11814,15.19872],[102.11813,15.1988]]]},"properties":{"name":"","type":"other","area_rai":0.5,"osm":"w1127402589"}},{"type":"Feature","geometry":{"type":"Polygon","coordinates":[[[102.12264,15.2094],[102.1222,15.20924],[102.12226,15.2091],[102.12269,15.20925],[102.12264,15.2094]]]},"properties":{"name":"","type":"other","area_rai":0.5,"osm":"w1127428408"}},{"type":"Feature","geometry":{"type":"Polygon","coordinates":[[[102.38529,15.35829],[102.3854,15.35832],[102.38558,15.35771],[102.38548,15.35769],[102.38529,15.35829]]]},"properties":{"name":"","type":"other","area_rai":0.5,"osm":"w1127449609"}},{"type":"Feature","geometry":{"type":"Polygon","coordinates":[[[102.09358,14.97964],[102.09371,14.97964],[102.09373,14.97962],[102.09373,14.97959],[102.09371,14.97935],[102.09369,14.97931],[102.09367,14.97929],[102.0936,14.97923],[102.09357,14.97923],[102.09355,14.97923],[102.09354,14.97925],[102.09352,14.97926],[102.09352,14.97933],[102.09351,14.97933],[102.09348,14.97934],[102.09349,14.97938],[102.09351,14.9794],[102.09354,14.97941],[102.09354,14.97951],[102.09358,14.97964]]]},"properties":{"name":"","type":"other","area_rai":0.5,"osm":"w1229861764"}},{"type":"Feature","geometry":{"type":"Polygon","coordinates":[[[102.19731,15.02623],[102.19747,15.02623],[102.19753,15.02586],[102.19738,15.02586],[102.19732,15.02603],[102.19729,15.02618],[102.19731,15.02623]]]},"properties":{"name":"","type":"other","area_rai":0.5,"osm":"w1232406935"}},{"type":"Feature","geometry":{"type":"Polygon","coordinates":[[[102.07508,15.01483],[102.07548,15.01478],[102.07548,15.01463],[102.07508,15.01467],[102.07508,15.01483]]]},"properties":{"name":"","type":"reservoir","area_rai":0.5,"osm":"w1396137605"}},{"type":"Feature","geometry":{"type":"Polygon","coordinates":[[[102.07456,15.01488],[102.07489,15.01494],[102.07488,15.01502],[102.07486,15.01514],[102.07454,15.01508],[102.07456,15.01488]]]},"properties":{"name":"","type":"reservoir","area_rai":0.5,"osm":"w1396137608"}},{"type":"Feature","geometry":{"type":"Polygon","coordinates":[[[102.07449,15.01532],[102.07453,15.01535],[102.0748,15.01539],[102.07483,15.01527],[102.07484,15.01519],[102.07452,15.01514],[102.07449,15.01532]]]},"properties":{"name":"","type":"reservoir","area_rai":0.5,"osm":"w1396137609"}},{"type":"Feature","geometry":{"type":"Polygon","coordinates":[[[102.07444,15.01562],[102.07476,15.0157],[102.07479,15.01546],[102.07449,15.01541],[102.07444,15.01562]]]},"properties":{"name":"","type":"reservoir","area_rai":0.5,"osm":"w1396137610"}},{"type":"Feature","geometry":{"type":"Polygon","coordinates":[[[102.07439,15.01617],[102.07471,15.01624],[102.07478,15.01621],[102.07478,15.01607],[102.07441,15.01601],[102.07439,15.01617]]]},"properties":{"name":"","type":"reservoir","area_rai":0.5,"osm":"w1396137612"}},{"type":"Feature","geometry":{"type":"Polygon","coordinates":[[[102.29239,15.24944],[102.29234,15.24901],[102.2925,15.249],[102.29257,15.24943],[102.29239,15.24944]]]},"properties":{"name":"","type":"other","area_rai":0.5,"osm":"w1416285365"}},{"type":"Feature","geometry":{"type":"Polygon","coordinates":[[[102.4085,15.01466],[102.40847,15.01439],[102.40865,15.01437],[102.40867,15.01464],[102.4085,15.01466]]]},"properties":{"name":"","type":"other","area_rai":0.4,"osm":"w445397701"}},{"type":"Feature","geometry":{"type":"Polygon","coordinates":[[[102.46339,15.35484],[102.46358,15.35485],[102.46364,15.35458],[102.46341,15.35456],[102.46339,15.35484]]]},"properties":{"name":"","type":"reservoir","area_rai":0.4,"osm":"w465068914"}},{"type":"Feature","geometry":{"type":"Polygon","coordinates":[[[102.47461,15.27866],[102.47471,15.27836],[102.47485,15.27839],[102.47475,15.27871],[102.47461,15.27866]]]},"properties":{"name":"","type":"reservoir","area_rai":0.4,"osm":"w550530673"}},{"type":"Feature","geometry":{"type":"Polygon","coordinates":[[[102.46451,15.27417],[102.46484,15.27409],[102.46482,15.27394],[102.46447,15.27402],[102.46451,15.27417]]]},"properties":{"name":"","type":"reservoir","area_rai":0.4,"osm":"w550530675"}},{"type":"Feature","geometry":{"type":"Polygon","coordinates":[[[102.4637,15.27478],[102.4639,15.27466],[102.46381,15.27449],[102.46359,15.27454],[102.4637,15.27478]]]},"properties":{"name":"","type":"reservoir","area_rai":0.4,"osm":"w550530677"}},{"type":"Feature","geometry":{"type":"Polygon","coordinates":[[[101.90652,15.25733],[101.9067,15.2573],[101.90676,15.25758],[101.90657,15.25761],[101.90652,15.25733]]]},"properties":{"name":"","type":"pond","area_rai":0.4,"osm":"w989066551"}},{"type":"Feature","geometry":{"type":"Polygon","coordinates":[[[102.13596,15.20523],[102.13617,15.20515],[102.13611,15.2049],[102.1359,15.20497],[102.13596,15.20523]]]},"properties":{"name":"","type":"other","area_rai":0.4,"osm":"w1120511360"}},{"type":"Feature","geometry":{"type":"Polygon","coordinates":[[[102.13687,15.2058],[102.13682,15.20567],[102.13675,15.20568],[102.13674,15.20569],[102.13658,15.20569],[102.13656,15.20564],[102.13647,15.20565],[102.13642,15.20567],[102.13641,15.20574],[102.13642,15.20577],[102.13645,15.20579],[102.1365,15.2058],[102.13687,15.2058]]]},"properties":{"name":"","type":"other","area_rai":0.4,"osm":"w1120511364"}},{"type":"Feature","geometry":{"type":"Polygon","coordinates":[[[102.13891,15.19768],[102.13923,15.19768],[102.13923,15.19749],[102.13891,15.1975],[102.13891,15.19768]]]},"properties":{"name":"","type":"other","area_rai":0.4,"osm":"w1120511376"}},{"type":"Feature","geometry":{"type":"Polygon","coordinates":[[[102.12657,15.20913],[102.12658,15.20894],[102.12679,15.20895],[102.12689,15.20902],[102.12689,15.20912],[102.12657,15.20913]]]},"properties":{"name":"","type":"other","area_rai":0.4,"osm":"w1120514938"}},{"type":"Feature","geometry":{"type":"Polygon","coordinates":[[[102.13875,15.20161],[102.13911,15.20165],[102.13913,15.2015],[102.13877,15.20147],[102.13875,15.20161]]]},"properties":{"name":"","type":"other","area_rai":0.4,"osm":"w1120532549"}},{"type":"Feature","geometry":{"type":"Polygon","coordinates":[[[102.13812,15.20055],[102.1383,15.20054],[102.13831,15.20025],[102.1381,15.20025],[102.13812,15.20055]]]},"properties":{"name":"","type":"other","area_rai":0.4,"osm":"w1120532566"}},{"type":"Feature","geometry":{"type":"Polygon","coordinates":[[[102.13767,15.20062],[102.13795,15.20061],[102.13794,15.20041],[102.13767,15.20041],[102.13767,15.20062]]]},"properties":{"name":"","type":"other","area_rai":0.4,"osm":"w1120532567"}},{"type":"Feature","geometry":{"type":"Polygon","coordinates":[[[102.26245,15.19225],[102.26259,15.19215],[102.26245,15.19192],[102.26227,15.19198],[102.26245,15.19225]]]},"properties":{"name":"","type":"other","area_rai":0.4,"osm":"w1121954633"}},{"type":"Feature","geometry":{"type":"Polygon","coordinates":[[[102.25934,15.18849],[102.25933,15.18857],[102.25915,15.18862],[102.25915,15.18871],[102.25901,15.18859],[102.25886,15.18844],[102.25913,15.18849],[102.25934,15.18849]]]},"properties":{"name":"","type":"other","area_rai":0.4,"osm":"w1121954637"}},{"type":"Feature","geometry":{"type":"Polygon","coordinates":[[[102.2611,15.18421],[102.26135,15.1842],[102.26136,15.18401],[102.2611,15.18401],[102.2611,15.18421]]]},"properties":{"name":"","type":"other","area_rai":0.4,"osm":"w1121954644"}},{"type":"Feature","geometry":{"type":"Polygon","coordinates":[[[102.26456,15.17993],[102.26453,15.17977],[102.26457,15.17958],[102.26475,15.17959],[102.2647,15.1799],[102.26456,15.17993]]]},"properties":{"name":"","type":"other","area_rai":0.4,"osm":"w1121954646"}},{"type":"Feature","geometry":{"type":"Polygon","coordinates":[[[102.13883,15.19952],[102.13853,15.19949],[102.13851,15.19965],[102.13881,15.19968],[102.13883,15.19952]]]},"properties":{"name":"","type":"other","area_rai":0.4,"osm":"w1124383892"}},{"type":"Feature","geometry":{"type":"Polygon","coordinates":[[[102.1405,15.19967],[102.14027,15.19964],[102.14026,15.19987],[102.14048,15.19987],[102.1405,15.19967]]]},"properties":{"name":"","type":"other","area_rai":0.4,"osm":"w1124383904"}},{"type":"Feature","geometry":{"type":"Polygon","coordinates":[[[102.14102,15.19835],[102.14073,15.19851],[102.14068,15.19843],[102.14064,15.19838],[102.14078,15.1983],[102.14094,15.19821],[102.14102,15.19835]]]},"properties":{"name":"","type":"other","area_rai":0.4,"osm":"w1124383908"}},{"type":"Feature","geometry":{"type":"Polygon","coordinates":[[[102.1441,15.19736],[102.14387,15.19738],[102.14391,15.19711],[102.1441,15.19711],[102.1441,15.19736]]]},"properties":{"name":"","type":"other","area_rai":0.4,"osm":"w1124383920"}},{"type":"Feature","geometry":{"type":"Polygon","coordinates":[[[102.14979,15.1911],[102.1499,15.19113],[102.14986,15.19137],[102.14978,15.19148],[102.14962,15.19145],[102.14979,15.1911]]]},"properties":{"name":"","type":"other","area_rai":0.4,"osm":"w1124385944"}},{"type":"Feature","geometry":{"type":"Polygon","coordinates":[[[102.14381,15.20402],[102.14384,15.20378],[102.14364,15.20376],[102.14361,15.20402],[102.14381,15.20402]]]},"properties":{"name":"","type":"other","area_rai":0.4,"osm":"w1125788063"}},{"type":"Feature","geometry":{"type":"Polygon","coordinates":[[[102.14389,15.20053],[102.14394,15.2004],[102.14355,15.20023],[102.1435,15.20036],[102.14389,15.20053]]]},"properties":{"name":"","type":"other","area_rai":0.4,"osm":"w1125788070"}},{"type":"Feature","geometry":{"type":"Polygon","coordinates":[[[102.14331,15.19914],[102.14359,15.19918],[102.14374,15.19904],[102.1436,15.19902],[102.14335,15.19901],[102.14331,15.19914]]]},"properties":{"name":"","type":"other","area_rai":0.4,"osm":"w1125820605"}},{"type":"Feature","geometry":{"type":"Polygon","coordinates":[[[102.14477,15.19829],[102.1447,15.19832],[102.14442,15.19818],[102.14443,15.19807],[102.14474,15.19816],[102.14477,15.19829]]]},"properties":{"name":"","type":"other","area_rai":0.4,"osm":"w1125820623"}},{"type":"Feature","geometry":{"type":"Polygon","coordinates":[[[102.14382,15.19845],[102.14407,15.19843],[102.14407,15.19825],[102.14407,15.19823],[102.14407,15.1982],[102.14386,15.19821],[102.14382,15.19845]]]},"properties":{"name":"","type":"other","area_rai":0.4,"osm":"w1125820626"}},{"type":"Feature","geometry":{"type":"Polygon","coordinates":[[[102.1441,15.20586],[102.14432,15.20584],[102.14427,15.20561],[102.14406,15.20561],[102.1441,15.20586]]]},"properties":{"name":"","type":"other","area_rai":0.4,"osm":"w1125821788"}},{"type":"Feature","geometry":{"type":"Polygon","coordinates":[[[102.14442,15.20543],[102.14472,15.20543],[102.14472,15.20524],[102.14441,15.20524],[102.14442,15.20543]]]},"properties":{"name":"","type":"other","area_rai":0.4,"osm":"w1125821789"}},{"type":"Feature","geometry":{"type":"Polygon","coordinates":[[[102.13075,15.20122],[102.13105,15.20126],[102.13112,15.20109],[102.13079,15.20105],[102.13075,15.20122]]]},"properties":{"name":"","type":"other","area_rai":0.4,"osm":"w1125824640"}},{"type":"Feature","geometry":{"type":"Polygon","coordinates":[[[102.13011,15.20047],[102.13045,15.20046],[102.13042,15.20028],[102.13007,15.20031],[102.13011,15.20047]]]},"properties":{"name":"","type":"other","area_rai":0.4,"osm":"w1125824641"}},{"type":"Feature","geometry":{"type":"Polygon","coordinates":[[[102.13652,15.1943],[102.13679,15.19429],[102.1368,15.19411],[102.13654,15.19412],[102.13652,15.1943]]]},"properties":{"name":"","type":"other","area_rai":0.4,"osm":"w1126004019"}},{"type":"Feature","geometry":{"type":"Polygon","coordinates":[[[102.13861,15.19086],[102.13896,15.19086],[102.13895,15.19069],[102.13863,15.19068],[102.13861,15.19086]]]},"properties":{"name":"","type":"other","area_rai":0.4,"osm":"w1126010719"}},{"type":"Feature","geometry":{"type":"Polygon","coordinates":[[[102.13365,15.19493],[102.13348,15.19493],[102.13346,15.19463],[102.1336,15.19462],[102.13365,15.19493]]]},"properties":{"name":"","type":"other","area_rai":0.4,"osm":"w1126010725"}},{"type":"Feature","geometry":{"type":"Polygon","coordinates":[[[102.13378,15.19496],[102.13377,15.19481],[102.1341,15.19476],[102.13413,15.1949],[102.13378,15.19496]]]},"properties":{"name":"","type":"other","area_rai":0.4,"osm":"w1126010726"}},{"type":"Feature","geometry":{"type":"Polygon","coordinates":[[[102.13369,15.19238],[102.13394,15.19242],[102.13399,15.19218],[102.13375,15.19215],[102.13369,15.19238]]]},"properties":{"name":"","type":"other","area_rai":0.4,"osm":"w1126010750"}},{"type":"Feature","geometry":{"type":"Polygon","coordinates":[[[102.1208,15.19904],[102.12075,15.19886],[102.12096,15.19877],[102.12104,15.19897],[102.1208,15.19904]]]},"properties":{"name":"","type":"other","area_rai":0.4,"osm":"w1127394688"}},{"type":"Feature","geometry":{"type":"Polygon","coordinates":[[[102.11672,15.19827],[102.11669,15.19811],[102.11645,15.19809],[102.11648,15.19819],[102.11598,15.19812],[102.11599,15.19816],[102.11672,15.19827]]]},"properties":{"name":"","type":"other","area_rai":0.4,"osm":"w1127403390"}},{"type":"Feature","geometry":{"type":"Polygon","coordinates":[[[102.12144,15.20682],[102.12106,15.20672],[102.12107,15.20662],[102.12146,15.20667],[102.12144,15.20682]]]},"properties":{"name":"","type":"other","area_rai":0.4,"osm":"w1127428437"}},{"type":"Feature","geometry":{"type":"Polygon","coordinates":[[[102.20683,15.01646],[102.20686,15.01635],[102.20725,15.01635],[102.20722,15.01652],[102.20683,15.01646]]]},"properties":{"name":"","type":"other","area_rai":0.4,"osm":"w1232410756"}},{"type":"Feature","geometry":{"type":"Polygon","coordinates":[[[102.07192,15.01338],[102.07217,15.0134],[102.0722,15.01321],[102.072,15.0132],[102.07193,15.01322],[102.07192,15.01338]]]},"properties":{"name":"","type":"reservoir","area_rai":0.4,"osm":"w1396137593"}},{"type":"Feature","geometry":{"type":"Polygon","coordinates":[[[102.07193,15.01311],[102.07222,15.01314],[102.07226,15.01296],[102.07195,15.01293],[102.07193,15.01311]]]},"properties":{"name":"","type":"reservoir","area_rai":0.4,"osm":"w1396137594"}},{"type":"Feature","geometry":{"type":"Polygon","coordinates":[[[102.07195,15.01285],[102.07225,15.01287],[102.07227,15.01269],[102.07196,15.01268],[102.07195,15.01285]]]},"properties":{"name":"","type":"reservoir","area_rai":0.4,"osm":"w1396137595"}},{"type":"Feature","geometry":{"type":"Polygon","coordinates":[[[102.07332,15.01346],[102.07336,15.01312],[102.07352,15.01314],[102.07347,15.01353],[102.07332,15.01346]]]},"properties":{"name":"","type":"reservoir","area_rai":0.4,"osm":"w1396137597"}},{"type":"Feature","geometry":{"type":"Polygon","coordinates":[[[102.0752,15.0138],[102.07536,15.01384],[102.07543,15.01351],[102.07527,15.01346],[102.0752,15.0138]]]},"properties":{"name":"","type":"reservoir","area_rai":0.4,"osm":"w1396137599"}},{"type":"Feature","geometry":{"type":"Polygon","coordinates":[[[102.07477,15.01403],[102.07503,15.01405],[102.07505,15.01385],[102.07479,15.01382],[102.07477,15.01403]]]},"properties":{"name":"","type":"reservoir","area_rai":0.4,"osm":"w1396137602"}},{"type":"Feature","geometry":{"type":"Polygon","coordinates":[[[102.07506,15.01503],[102.0755,15.015],[102.0755,15.01487],[102.07509,15.0149],[102.07506,15.01503]]]},"properties":{"name":"","type":"reservoir","area_rai":0.4,"osm":"w1396137606"}},{"type":"Feature","geometry":{"type":"Polygon","coordinates":[[[102.07456,15.01483],[102.07488,15.01487],[102.07489,15.01467],[102.07456,15.01468],[102.07456,15.01483]]]},"properties":{"name":"","type":"reservoir","area_rai":0.4,"osm":"w1396137607"}},{"type":"Feature","geometry":{"type":"Polygon","coordinates":[[[102.07528,15.01227],[102.07542,15.01228],[102.07553,15.01194],[102.07538,15.01192],[102.07527,15.0122],[102.0753,15.01222],[102.07528,15.01227]]]},"properties":{"name":"","type":"reservoir","area_rai":0.4,"osm":"w1396144429"}},{"type":"Feature","geometry":{"type":"Polygon","coordinates":[[[102.10331,15.19767],[102.10362,15.19769],[102.10364,15.19752],[102.10333,15.1975],[102.10331,15.19767]]]},"properties":{"name":"","type":"other","area_rai":0.4,"osm":"w1452332375"}},{"type":"Feature","geometry":{"type":"Polygon","coordinates":[[[102.07682,15.19657],[102.07716,15.19656],[102.07718,15.19673],[102.07683,15.19675],[102.07682,15.19657]]]},"properties":{"name":"","type":"other","area_rai":0.4,"osm":"w1452340818"}},{"type":"Feature","geometry":{"type":"Polygon","coordinates":[[[102.19329,15.02437],[102.19331,15.02437],[102.19334,15.02428],[102.19335,15.02418],[102.19332,15.02416],[102.19315,15.02414],[102.1931,15.02415],[102.19308,15.02417],[102.19306,15.02422],[102.19306,15.02428],[102.19308,15.0243],[102.19317,15.02434],[102.19329,15.02437]]]},"properties":{"name":"","type":"reservoir","area_rai":0.4,"osm":"w1464911097"}},{"type":"Feature","geometry":{"type":"Polygon","coordinates":[[[102.01251,15.25158],[102.0125,15.25172],[102.01221,15.2517],[102.01222,15.25156],[102.01251,15.25158]]]},"properties":{"name":"","type":"other","area_rai":0.3,"osm":"w444771959"}},{"type":"Feature","geometry":{"type":"Polygon","coordinates":[[[102.47576,15.27902],[102.47589,15.27906],[102.47597,15.27881],[102.47584,15.27877],[102.47576,15.27902]]]},"properties":{"name":"","type":"reservoir","area_rai":0.3,"osm":"w550528276"}},{"type":"Feature","geometry":{"type":"Polygon","coordinates":[[[102.08012,14.98276],[102.08009,14.98291],[102.08021,14.98295],[102.08033,14.98296],[102.08034,14.98277],[102.08012,14.98276]]]},"properties":{"name":"","type":"pond","area_rai":0.3,"osm":"w854090406"}},{"type":"Feature","geometry":{"type":"Polygon","coordinates":[[[102.07973,14.98353],[102.07972,14.98372],[102.07953,14.98376],[102.07954,14.98371],[102.07959,14.98366],[102.07954,14.98358],[102.07962,14.9835],[102.07973,14.98353]]]},"properties":{"name":"","type":"pond","area_rai":0.3,"osm":"w854090410"}},{"type":"Feature","geometry":{"type":"Polygon","coordinates":[[[102.13555,15.20472],[102.13531,15.20471],[102.13532,15.20452],[102.13558,15.20454],[102.13555,15.20472]]]},"properties":{"name":"","type":"other","area_rai":0.3,"osm":"w1120511361"}},{"type":"Feature","geometry":{"type":"Polygon","coordinates":[[[102.12934,15.20319],[102.12916,15.20317],[102.12919,15.20296],[102.12936,15.20299],[102.12934,15.20319]]]},"properties":{"name":"","type":"other","area_rai":0.3,"osm":"w1120532488"}},{"type":"Feature","geometry":{"type":"Polygon","coordinates":[[[102.13228,15.20577],[102.13247,15.20581],[102.13257,15.20561],[102.13237,15.20554],[102.13228,15.20577]]]},"properties":{"name":"","type":"other","area_rai":0.3,"osm":"w1120532503"}},{"type":"Feature","geometry":{"type":"Polygon","coordinates":[[[102.13185,15.20649],[102.13205,15.2065],[102.13207,15.20628],[102.13188,15.20629],[102.13185,15.20649]]]},"properties":{"name":"","type":"other","area_rai":0.3,"osm":"w1120532507"}},{"type":"Feature","geometry":{"type":"Polygon","coordinates":[[[102.26141,15.18691],[102.26142,15.18692],[102.26142,15.18693],[102.26144,15.18693],[102.26153,15.18693],[102.26154,15.18693],[102.26154,15.18692],[102.26155,15.18691],[102.26155,15.18682],[102.26155,15.18682],[102.26154,15.18682],[102.26154,15.18678],[102.26154,15.18677],[102.26155,15.18677],[102.26156,15.18676],[102.26157,15.18665],[102.26157,15.18664],[102.26156,15.18664],[102.26156,15.18663],[102.26155,15.18663],[102.26145,15.18662],[102.26144,15.18662],[102.26143,15.18662],[102.26143,15.18662],[102.26142,15.18664],[102.26141,15.18691]]]},"properties":{"name":"","type":"other","area_rai":0.3,"osm":"w1121954631"}},{"type":"Feature","geometry":{"type":"Polygon","coordinates":[[[102.26145,15.19105],[102.26166,15.19127],[102.26175,15.19112],[102.26151,15.19094],[102.26145,15.19105]]]},"properties":{"name":"","type":"other","area_rai":0.3,"osm":"w1121954641"}},{"type":"Feature","geometry":{"type":"Polygon","coordinates":[[[102.13973,15.20263],[102.13954,15.20259],[102.13958,15.20241],[102.13976,15.20245],[102.13973,15.20263]]]},"properties":{"name":"","type":"other","area_rai":0.3,"osm":"w1124383887"}},{"type":"Feature","geometry":{"type":"Polygon","coordinates":[[[102.13561,15.20147],[102.13552,15.20144],[102.13566,15.20107],[102.13575,15.2011],[102.13561,15.20147]]]},"properties":{"name":"","type":"other","area_rai":0.3,"osm":"w1124383889"}},{"type":"Feature","geometry":{"type":"Polygon","coordinates":[[[102.13657,15.19964],[102.13642,15.19958],[102.1365,15.19938],[102.13666,15.19944],[102.13657,15.19964]]]},"properties":{"name":"","type":"other","area_rai":0.3,"osm":"w1124383890"}},{"type":"Feature","geometry":{"type":"Polygon","coordinates":[[[102.14088,15.19876],[102.14058,15.19887],[102.14055,15.1988],[102.14075,15.19866],[102.14082,15.19861],[102.14088,15.19876]]]},"properties":{"name":"","type":"other","area_rai":0.3,"osm":"w1124383907"}},{"type":"Feature","geometry":{"type":"Polygon","coordinates":[[[102.14743,15.19023],[102.14772,15.19035],[102.14776,15.1902],[102.14748,15.19009],[102.14743,15.19023]]]},"properties":{"name":"","type":"other","area_rai":0.3,"osm":"w1124383922"}},{"type":"Feature","geometry":{"type":"Polygon","coordinates":[[[102.1403,15.20213],[102.14039,15.20199],[102.14008,15.20199],[102.14008,15.20212],[102.1403,15.20213]]]},"properties":{"name":"","type":"other","area_rai":0.3,"osm":"w1125785806"}},{"type":"Feature","geometry":{"type":"Polygon","coordinates":[[[102.14241,15.1995],[102.14254,15.19946],[102.14244,15.19921],[102.14232,15.19925],[102.14241,15.1995]]]},"properties":{"name":"","type":"other","area_rai":0.3,"osm":"w1125788437"}},{"type":"Feature","geometry":{"type":"Polygon","coordinates":[[[102.13109,15.19963],[102.13134,15.19952],[102.13133,15.19939],[102.13129,15.19937],[102.13106,15.19946],[102.13109,15.19963]]]},"properties":{"name":"","type":"other","area_rai":0.3,"osm":"w1125824630"}},{"type":"Feature","geometry":{"type":"Polygon","coordinates":[[[102.12636,15.20082],[102.12616,15.20082],[102.12618,15.20063],[102.12634,15.20062],[102.12636,15.20082]]]},"properties":{"name":"","type":"other","area_rai":0.3,"osm":"w1125827141"}},{"type":"Feature","geometry":{"type":"Polygon","coordinates":[[[102.13859,15.19945],[102.1386,15.19933],[102.13885,15.19931],[102.13887,15.19946],[102.13859,15.19945]]]},"properties":{"name":"","type":"other","area_rai":0.3,"osm":"w1126003341"}},{"type":"Feature","geometry":{"type":"Polygon","coordinates":[[[102.12464,15.20183],[102.12463,15.20196],[102.12436,15.20187],[102.12434,15.20175],[102.12464,15.20183]]]},"properties":{"name":"","type":"other","area_rai":0.3,"osm":"w1126960999"}},{"type":"Feature","geometry":{"type":"Polygon","coordinates":[[[102.12363,15.20283],[102.12377,15.20283],[102.12377,15.20248],[102.12365,15.2025],[102.12363,15.20283]]]},"properties":{"name":"","type":"other","area_rai":0.3,"osm":"w1127401333"}},{"type":"Feature","geometry":{"type":"Polygon","coordinates":[[[102.12362,15.20242],[102.12378,15.2024],[102.12374,15.2021],[102.12362,15.20213],[102.12362,15.20242]]]},"properties":{"name":"","type":"other","area_rai":0.3,"osm":"w1127401334"}},{"type":"Feature","geometry":{"type":"Polygon","coordinates":[[[102.12328,15.20235],[102.12344,15.20236],[102.12344,15.2021],[102.12331,15.2021],[102.12328,15.20235]]]},"properties":{"name":"","type":"other","area_rai":0.3,"osm":"w1127401335"}},{"type":"Feature","geometry":{"type":"Polygon","coordinates":[[[102.12179,15.20268],[102.1217,15.20262],[102.12188,15.20236],[102.12201,15.20244],[102.12179,15.20268]]]},"properties":{"name":"","type":"other","area_rai":0.3,"osm":"w1127401361"}},{"type":"Feature","geometry":{"type":"Polygon","coordinates":[[[102.11929,15.20073],[102.11925,15.20063],[102.11958,15.2005],[102.11955,15.20069],[102.11929,15.20073]]]},"properties":{"name":"","type":"other","area_rai":0.3,"osm":"w1127402567"}},{"type":"Feature","geometry":{"type":"Polygon","coordinates":[[[102.11743,15.19839],[102.11719,15.19825],[102.11708,15.19815],[102.11704,15.19817],[102.11698,15.19831],[102.11733,15.19839],[102.11743,15.19839]]]},"properties":{"name":"","type":"other","area_rai":0.3,"osm":"w1127403389"}},{"type":"Feature","geometry":{"type":"Polygon","coordinates":[[[102.45792,15.40727],[102.45797,15.40712],[102.4582,15.40719],[102.45812,15.40734],[102.45792,15.40727]]]},"properties":{"name":"","type":"pond","area_rai":0.3,"osm":"w1253893655"}},{"type":"Feature","geometry":{"type":"Polygon","coordinates":[[[102.06702,15.01843],[102.06713,15.01847],[102.06715,15.01851],[102.06717,15.01852],[102.06727,15.01846],[102.06731,15.01838],[102.06706,15.01826],[102.06703,15.01837],[102.06702,15.01843]]]},"properties":{"name":"","type":"reservoir","area_rai":0.3,"osm":"w1396137585"}},{"type":"Feature","geometry":{"type":"Polygon","coordinates":[[[102.07054,15.01814],[102.07067,15.01814],[102.07069,15.01782],[102.07055,15.01782],[102.07054,15.01814]]]},"properties":{"name":"","type":"reservoir","area_rai":0.3,"osm":"w1396137586"}},{"type":"Feature","geometry":{"type":"Polygon","coordinates":[[[102.0719,15.01365],[102.07211,15.01367],[102.07215,15.0135],[102.07192,15.01348],[102.0719,15.01365]]]},"properties":{"name":"","type":"reservoir","area_rai":0.3,"osm":"w1396137592"}},{"type":"Feature","geometry":{"type":"Polygon","coordinates":[[[102.07468,15.01316],[102.07478,15.01317],[102.07484,15.01274],[102.07473,15.01274],[102.07468,15.01316]]]},"properties":{"name":"","type":"reservoir","area_rai":0.3,"osm":"w1396137603"}},{"type":"Feature","geometry":{"type":"Polygon","coordinates":[[[102.07336,15.01912],[102.07363,15.01911],[102.07363,15.01896],[102.07335,15.01897],[102.07336,15.01912]]]},"properties":{"name":"","type":"reservoir","area_rai":0.3,"osm":"w1396137619"}},{"type":"Feature","geometry":{"type":"Polygon","coordinates":[[[102.07483,15.01925],[102.07493,15.01936],[102.07524,15.01949],[102.07525,15.01946],[102.07523,15.01937],[102.07499,15.01927],[102.07495,15.01924],[102.07488,15.01921],[102.07483,15.01925]]]},"properties":{"name":"","type":"reservoir","area_rai":0.3,"osm":"w1396137622"}},{"type":"Feature","geometry":{"type":"Polygon","coordinates":[[[101.90664,15.2546],[101.90663,15.25442],[101.90679,15.25443],[101.90678,15.2546],[101.90664,15.2546]]]},"properties":{"name":"","type":"pond","area_rai":0.2,"osm":"w989066552"}},{"type":"Feature","geometry":{"type":"Polygon","coordinates":[[[102.13203,15.20127],[102.1322,15.20128],[102.13222,15.20112],[102.13206,15.20112],[102.13203,15.20127]]]},"properties":{"name":"","type":"other","area_rai":0.2,"osm":"w1120532519"}},{"type":"Feature","geometry":{"type":"Polygon","coordinates":[[[102.13906,15.2036],[102.13886,15.20355],[102.1389,15.2034],[102.13908,15.20341],[102.13906,15.2036]]]},"properties":{"name":"","type":"other","area_rai":0.2,"osm":"w1120532536"}},{"type":"Feature","geometry":{"type":"Polygon","coordinates":[[[102.26092,15.185],[102.26104,15.18502],[102.26106,15.18471],[102.26097,15.18472],[102.26092,15.185]]]},"properties":{"name":"","type":"other","area_rai":0.2,"osm":"w1121675873"}},{"type":"Feature","geometry":{"type":"Polygon","coordinates":[[[102.13996,15.20267],[102.13978,15.20264],[102.13982,15.20246],[102.14,15.2025],[102.13996,15.20267]]]},"properties":{"name":"","type":"other","area_rai":0.2,"osm":"w1124383888"}},{"type":"Feature","geometry":{"type":"Polygon","coordinates":[[[102.13999,15.2001],[102.13997,15.20007],[102.1399,15.19999],[102.13995,15.19991],[102.14008,15.19991],[102.14013,15.19996],[102.14013,15.19997],[102.13999,15.2001]]]},"properties":{"name":"","type":"other","area_rai":0.2,"osm":"w1124383906"}},{"type":"Feature","geometry":{"type":"Polygon","coordinates":[[[102.14377,15.19852],[102.14376,15.19857],[102.14367,15.19854],[102.14368,15.19822],[102.14376,15.19819],[102.14377,15.19824],[102.14372,15.19827],[102.14373,15.19847],[102.14377,15.19852]]]},"properties":{"name":"","type":"other","area_rai":0.2,"osm":"w1125820625"}},{"type":"Feature","geometry":{"type":"Polygon","coordinates":[[[102.12867,15.20174],[102.1288,15.20176],[102.12879,15.20196],[102.12862,15.20193],[102.12867,15.20174]]]},"properties":{"name":"","type":"other","area_rai":0.2,"osm":"w1125827118"}},{"type":"Feature","geometry":{"type":"Polygon","coordinates":[[[102.12861,15.19707],[102.1286,15.19719],[102.1283,15.19718],[102.12831,15.19708],[102.12861,15.19707]]]},"properties":{"name":"","type":"other","area_rai":0.2,"osm":"w1125994802"}},{"type":"Feature","geometry":{"type":"Polygon","coordinates":[[[102.12612,15.20453],[102.12599,15.20448],[102.1261,15.2043],[102.12624,15.20435],[102.12612,15.20453]]]},"properties":{"name":"","type":"other","area_rai":0.2,"osm":"w1125994835"}},{"type":"Feature","geometry":{"type":"Polygon","coordinates":[[[102.13399,15.19352],[102.134,15.19339],[102.13424,15.19343],[102.13421,15.19355],[102.13399,15.19352]]]},"properties":{"name":"","type":"other","area_rai":0.2,"osm":"w1126004000"}},{"type":"Feature","geometry":{"type":"Polygon","coordinates":[[[102.13504,15.19379],[102.13508,15.19366],[102.1353,15.1937],[102.13525,15.19383],[102.13504,15.19379]]]},"properties":{"name":"","type":"other","area_rai":0.2,"osm":"w1126004001"}},{"type":"Feature","geometry":{"type":"Polygon","coordinates":[[[102.1356,15.19288],[102.13564,15.19273],[102.13579,15.19274],[102.13584,15.19277],[102.13582,15.1929],[102.13571,15.1929],[102.1356,15.19288]]]},"properties":{"name":"","type":"other","area_rai":0.2,"osm":"w1126004011"}},{"type":"Feature","geometry":{"type":"Polygon","coordinates":[[[102.13713,15.19172],[102.13731,15.19174],[102.13732,15.1916],[102.13716,15.19158],[102.13713,15.19172]]]},"properties":{"name":"","type":"other","area_rai":0.2,"osm":"w1126010717"}},{"type":"Feature","geometry":{"type":"Polygon","coordinates":[[[102.13348,15.19266],[102.13367,15.19266],[102.13367,15.19255],[102.13348,15.19255],[102.13348,15.19266]]]},"properties":{"name":"","type":"other","area_rai":0.2,"osm":"w1126010720"}},{"type":"Feature","geometry":{"type":"Polygon","coordinates":[[[102.12469,15.21032],[102.12455,15.2103],[102.12455,15.21012],[102.12472,15.21013],[102.12469,15.21032]]]},"properties":{"name":"","type":"other","area_rai":0.2,"osm":"w1126961010"}},{"type":"Feature","geometry":{"type":"Polygon","coordinates":[[[102.1192,15.19926],[102.11943,15.19924],[102.11943,15.19912],[102.1192,15.19912],[102.1192,15.19926]]]},"properties":{"name":"","type":"other","area_rai":0.2,"osm":"w1127394705"}},{"type":"Feature","geometry":{"type":"Polygon","coordinates":[[[102.11802,15.20103],[102.11814,15.20102],[102.11813,15.20077],[102.11801,15.20077],[102.11802,15.20103]]]},"properties":{"name":"","type":"other","area_rai":0.2,"osm":"w1127402566"}},{"type":"Feature","geometry":{"type":"Polygon","coordinates":[[[102.07468,15.01327],[102.07475,15.01328],[102.07468,15.01371],[102.07461,15.0137],[102.07468,15.01327]]]},"properties":{"name":"","type":"reservoir","area_rai":0.2,"osm":"w1396137604"}},{"type":"Feature","geometry":{"type":"Polygon","coordinates":[[[102.07332,15.01877],[102.07348,15.01875],[102.07363,15.01875],[102.07371,15.01877],[102.07373,15.01873],[102.07371,15.01871],[102.07347,15.0187],[102.07332,15.01871],[102.07332,15.01877]]]},"properties":{"name":"","type":"reservoir","area_rai":0.2,"osm":"w1396137620"}},{"type":"Feature","geometry":{"type":"Polygon","coordinates":[[[102.11156,15.00606],[102.11146,15.00604],[102.11144,15.00595],[102.11157,15.0059],[102.11156,15.00606]]]},"properties":{"name":"","type":"other","area_rai":0.1,"osm":"w862764036"}},{"type":"Feature","geometry":{"type":"Polygon","coordinates":[[[102.13657,15.19083],[102.13654,15.19088],[102.13643,15.19082],[102.13646,15.19077],[102.13657,15.19083]]]},"properties":{"name":"","type":"other","area_rai":0.1,"osm":"w1121158794"}},{"type":"Feature","geometry":{"type":"Polygon","coordinates":[[[102.1385,15.20109],[102.1384,15.20104],[102.13844,15.20094],[102.1385,15.20094],[102.1385,15.20109]]]},"properties":{"name":"","type":"other","area_rai":0.1,"osm":"w1124383895"}},{"type":"Feature","geometry":{"type":"Polygon","coordinates":[[[102.12785,15.2095],[102.12795,15.2095],[102.12793,15.20966],[102.12783,15.20965],[102.12785,15.2095]]]},"properties":{"name":"","type":"other","area_rai":0.1,"osm":"w1125996531"}},{"type":"Feature","geometry":{"type":"Polygon","coordinates":[[[102.13503,15.19318],[102.13505,15.19311],[102.13515,15.19313],[102.13513,15.19319],[102.13503,15.19318]]]},"properties":{"name":"","type":"other","area_rai":0.1,"osm":"w1126004006"}},{"type":"Feature","geometry":{"type":"Polygon","coordinates":[[[102.13464,15.19014],[102.13454,15.19011],[102.13454,15.18994],[102.13461,15.18999],[102.1347,15.19005],[102.13464,15.19014]]]},"properties":{"name":"","type":"other","area_rai":0.1,"osm":"w1126009453"}},{"type":"Feature","geometry":{"type":"Polygon","coordinates":[[[102.13376,15.19448],[102.13374,15.19458],[102.13366,15.19457],[102.13359,15.19452],[102.13362,15.19446],[102.13369,15.19446],[102.13376,15.19448]]]},"properties":{"name":"","type":"other","area_rai":0.1,"osm":"w1126010723"}},{"type":"Feature","geometry":{"type":"Polygon","coordinates":[[[102.06775,15.01824],[102.06782,15.01829],[102.06793,15.01817],[102.06784,15.01811],[102.06775,15.01824]]]},"properties":{"name":"","type":"pond","area_rai":0.1,"osm":"w1396137583"}},{"type":"Feature","geometry":{"type":"Polygon","coordinates":[[[102.0677,15.01825],[102.06777,15.01828],[102.06779,15.01833],[102.06772,15.01839],[102.0677,15.0184],[102.06765,15.01838],[102.06764,15.01834],[102.06768,15.01826],[102.0677,15.01825]]]},"properties":{"name":"","type":"pond","area_rai":0.1,"osm":"w1396137584"}},{"type":"Feature","geometry":{"type":"Polygon","coordinates":[[[102.07374,15.01876],[102.07375,15.01873],[102.07387,15.01873],[102.07393,15.01875],[102.07392,15.01881],[102.07384,15.01878],[102.07374,15.01876]]]},"properties":{"name":"","type":"reservoir","area_rai":0.1,"osm":"w1396137621"}}]}