{"type":"FeatureCollection","updated_at":"2026-10-05T01:13:24+00:00","source":"© OpenStreetMap contributors (ODbL)","bbox":[101.81793,14.979299999999999,102.4855,15.434460000000001],"count":{"river":91,"canal":338,"stream":2},"features":[{"type":"Feature","properties":{"name":"แม่น้ำมูล","type":"river","osm_id":42203326},"geometry":{"type":"LineString","coordinates":[[102.23936,14.93262],[102.23975,14.93285],[102.24004,14.93279],[102.24045,14.93234],[102.24092,14.93225],[102.24202,14.93295],[102.24224,14.93375],[102.24184,14.93439],[102.24125,14.93524],[102.24119,14.93539],[102.24116,14.93556],[102.24118,14.93579],[102.24116,14.93594],[102.24095,14.93639],[102.24092,14.93667],[102.24105,14.9369],[102.24155,14.93736],[102.24184,14.93752],[102.24213,14.93754],[102.2424,14.93748],[102.24252,14.93748],[102.24261,14.93758],[102.24259,14.93776],[102.24251,14.93789],[102.24233,14.93792],[102.24132,14.938],[102.24103,14.93804],[102.24074,14.93817],[102.24052,14.93839],[102.24026,14.93863],[102.2401,14.93877],[102.23988,14.9389],[102.23966,14.93902],[102.23962,14.93913],[102.23962,14.93922],[102.23969,14.93931],[102.23978,14.93936],[102.23996,14.93937],[102.24037,14.93925],[102.24058,14.93926],[102.24087,14.9393],[102.24113,14.9394],[102.2412,14.9396],[102.24119,14.93979],[102.24116,14.94001],[102.24102,14.94022],[102.2409,14.94029],[102.24078,14.94032],[102.24031,14.94046],[102.24019,14.94053],[102.24007,14.94073],[102.24008,14.94094],[102.24041,14.94132],[102.24056,14.94139],[102.24066,14.94142],[102.24078,14.94147],[102.24085,14.94157],[102.2409,14.94176],[102.24078,14.94197],[102.24069,14.94208],[102.24049,14.94211],[102.24027,14.94215],[102.23931,14.94296],[102.23919,14.94329],[102.23905,14.94393],[102.2391,14.94412],[102.23926,14.94425],[102.23944,14.9443],[102.23969,14.9443],[102.23997,14.94423],[102.24046,14.94389],[102.24066,14.94388],[102.24082,14.94391],[102.24098,14.94399],[102.24106,14.94409],[102.2411,14.9442],[102.24109,14.94437],[102.241,14.94456],[102.24082,14.94479],[102.24052,14.94509],[102.24033,14.94524],[102.24012,14.94538],[102.24005,14.9455],[102.24002,14.94562],[102.24001,14.94579],[102.24005,14.94592],[102.24012,14.94603],[102.24034,14.94615],[102.24057,14.94623],[102.24081,14.9465],[102.24181,14.94752],[102.24186,14.94788],[102.2418,14.94807],[102.24134,14.9485],[102.24116,14.94893],[102.24234,14.952],[102.2418,14.95247],[102.24121,14.95289],[102.24115,14.95317],[102.24123,14.95342],[102.24141,14.9536],[102.24166,14.95366],[102.24288,14.95384],[102.24306,14.95392],[102.24315,14.95405],[102.24329,14.95427],[102.2433,14.95438],[102.24324,14.9545],[102.24217,14.95549],[102.24204,14.95584],[102.24196,14.95616],[102.24202,14.95632],[102.24213,14.95643],[102.24237,14.95656],[102.24271,14.95654],[102.24305,14.95634],[102.24358,14.95624],[102.24372,14.95624],[102.24386,14.95632],[102.24398,14.95654],[102.24416,14.95754],[102.24406,14.9577],[102.24391,14.95782],[102.24351,14.95788],[102.24301,14.95798],[102.24288,14.95821],[102.24287,14.95847],[102.24302,14.95877],[102.24335,14.95889],[102.2436,14.95887],[102.24385,14.95892],[102.24412,14.95909],[102.24427,14.95934],[102.2444,14.95969],[102.24441,14.95988],[102.24432,14.96009],[102.24414,14.96037],[102.24395,14.96055],[102.24378,14.96071],[102.24374,14.9609],[102.24375,14.96106],[102.24396,14.9615],[102.24409,14.96165],[102.24411,14.96188],[102.24408,14.962],[102.244,14.9621],[102.24386,14.96217],[102.24373,14.96214],[102.24354,14.96211],[102.24338,14.96185],[102.24312,14.96148],[102.24286,14.96142],[102.24266,14.96146],[102.24254,14.96168],[102.24253,14.96198],[102.24257,14.9623],[102.24272,14.96241],[102.24285,14.96253],[102.243,14.96274],[102.24304,14.96296],[102.24293,14.96323],[102.24262,14.96342],[102.24213,14.96349],[102.24182,14.96342],[102.24157,14.9635],[102.2414,14.96366],[102.24135,14.96385],[102.24135,14.96419],[102.24127,14.96453],[102.24111,14.96474],[102.24088,14.96481],[102.24071,14.96474],[102.24051,14.96441],[102.24005,14.96433],[102.23986,14.96439],[102.23978,14.96454],[102.23979,14.9648],[102.23975,14.96504],[102.23962,14.96534],[102.23933,14.96555],[102.23899,14.96571],[102.23893,14.96606],[102.23917,14.96641],[102.2394,14.96665],[102.2394,14.96687],[102.23933,14.96703],[102.2392,14.96714],[102.23888,14.96709],[102.23863,14.96686],[102.23824,14.96625],[102.23806,14.9661],[102.23768,14.96598],[102.23728,14.96599],[102.23712,14.96611],[102.23695,14.96649],[102.237,14.96671],[102.23761,14.96762],[102.2383,14.96907],[102.2385,14.9694],[102.23897,14.97017],[102.239,14.97048],[102.23896,14.97061],[102.23896,14.97081],[102.23904,14.97104],[102.23922,14.97118],[102.23948,14.97119],[102.23965,14.97105],[102.23974,14.97081],[102.23985,14.97065],[102.24006,14.97051],[102.24032,14.97048],[102.24052,14.97054],[102.24063,14.97081],[102.24063,14.97105],[102.24047,14.97125],[102.24027,14.97143],[102.24018,14.97158],[102.24012,14.97177],[102.24007,14.972],[102.23998,14.97218],[102.23978,14.97236],[102.23962,14.97252],[102.23954,14.9727],[102.23951,14.97294],[102.23958,14.9731],[102.23967,14.97319],[102.23983,14.97323],[102.24011,14.97325],[102.24034,14.9732],[102.24053,14.97317],[102.24075,14.97324],[102.2409,14.97336],[102.24103,14.97349],[102.24111,14.97365],[102.24115,14.97419],[102.24093,14.97481],[102.24099,14.97496],[102.24114,14.97517],[102.24136,14.97521],[102.24295,14.97517],[102.2433,14.97484],[102.24353,14.97502],[102.24351,14.97643],[102.24313,14.9769],[102.24236,14.97675],[102.24177,14.97586],[102.24112,14.97568],[102.24022,14.97622],[102.24001,14.97693],[102.24069,14.97788],[102.24133,14.97804],[102.24191,14.97743],[102.24238,14.97756],[102.24272,14.97818],[102.2424,14.97862],[102.2421,14.97929],[102.24243,14.98037],[102.24306,14.98105],[102.24316,14.98176],[102.24281,14.98203],[102.24199,14.98196],[102.24162,14.98215],[102.24166,14.98291],[102.24259,14.98384],[102.24254,14.98456],[102.24203,14.9848],[102.24123,14.98409],[102.24079,14.98418],[102.24076,14.98457],[102.24144,14.98526],[102.24252,14.98613]]}},{"type":"Feature","properties":{"name":"","type":"river","osm_id":42203328},"geometry":{"type":"LineString","coordinates":[[102.52343,14.73229],[102.52323,14.73272],[102.52251,14.73428],[102.5198,14.73708],[102.51856,14.73749],[102.51796,14.73864],[102.51773,14.74055],[102.51716,14.7408],[102.51671,14.74138],[102.51613,14.74261],[102.51522,14.74285],[102.51412,14.7424],[102.5132,14.7424],[102.51212,14.74377],[102.51107,14.74383],[102.51012,14.74482],[102.51021,14.74538],[102.50801,14.74677],[102.50769,14.74769],[102.50704,14.74767],[102.50625,14.74719],[102.50115,14.74962],[102.50077,14.74937],[102.50039,14.74943],[102.49985,14.75001],[102.49935,14.75017],[102.49834,14.74975],[102.49815,14.74998],[102.498,14.75037],[102.49753,14.75059],[102.49629,14.75085],[102.49482,14.75192],[102.4942,14.75258],[102.49345,14.75285],[102.49255,14.75345],[102.49153,14.75338],[102.49015,14.7539],[102.48729,14.75521],[102.48667,14.75565],[102.48503,14.75789],[102.48507,14.75825],[102.48487,14.7585],[102.483,14.75888],[102.48265,14.75942],[102.48233,14.75947],[102.48207,14.75975],[102.48075,14.76033],[102.48041,14.76025],[102.48011,14.76021],[102.47997,14.76041],[102.48002,14.76071],[102.47999,14.76091],[102.47983,14.76102],[102.47965,14.76093],[102.47947,14.76055],[102.47918,14.76045],[102.47903,14.76056],[102.4789,14.76104],[102.47869,14.76121],[102.47852,14.7612],[102.47819,14.76102],[102.478,14.76108],[102.47787,14.76134],[102.47771,14.7614],[102.4774,14.76125],[102.47712,14.76117],[102.47704,14.76133],[102.47723,14.76173],[102.47705,14.76191],[102.47679,14.76182],[102.4766,14.7613],[102.47572,14.76163],[102.47449,14.76195],[102.47401,14.76256],[102.47302,14.76302],[102.47204,14.76346],[102.47167,14.76322],[102.47136,14.76314],[102.47124,14.76327],[102.47122,14.76367],[102.47111,14.76407],[102.47083,14.76424],[102.47022,14.76434],[102.46963,14.76455],[102.46918,14.76447],[102.46907,14.7643],[102.46905,14.76386],[102.46876,14.76367],[102.4684,14.76363],[102.46829,14.76346],[102.46833,14.76285],[102.46823,14.76273],[102.46797,14.76286],[102.4679,14.76379],[102.4674,14.76404],[102.46688,14.76407],[102.46638,14.7639],[102.46559,14.76392],[102.46511,14.76376],[102.46475,14.7633],[102.46451,14.76329],[102.46437,14.7635],[102.46453,14.76419],[102.46448,14.76434],[102.46435,14.76438],[102.46383,14.76431],[102.46341,14.7643],[102.46331,14.76451],[102.46346,14.76487],[102.46355,14.7651],[102.46336,14.76523],[102.46286,14.76502],[102.46225,14.76465],[102.4617,14.76459],[102.46128,14.76501],[102.46046,14.7652],[102.4599,14.76542],[102.45979,14.76576],[102.45996,14.76652],[102.45977,14.7668],[102.45918,14.76684],[102.45789,14.76616],[102.4562,14.76647],[102.45545,14.76705],[102.45565,14.76793],[102.45479,14.76823],[102.45385,14.76874],[102.45389,14.76898],[102.45431,14.76918],[102.45442,14.76937],[102.45426,14.76949],[102.45379,14.76946],[102.4534,14.76957],[102.45311,14.76996],[102.45292,14.77003],[102.45271,14.76968],[102.45282,14.76917],[102.45259,14.76908],[102.45202,14.76969],[102.45226,14.77019],[102.45206,14.77059],[102.452,14.77092],[102.45018,14.77325],[102.45041,14.77384],[102.44944,14.77434],[102.44861,14.77521],[102.44859,14.77557],[102.44837,14.77584],[102.44766,14.77572],[102.44761,14.77609],[102.4477,14.77677],[102.4469,14.77728],[102.44519,14.7789],[102.44503,14.77931],[102.44433,14.77906],[102.4439,14.7791],[102.44377,14.77972],[102.4437,14.78037],[102.44264,14.78059],[102.44136,14.78009],[102.44007,14.78014],[102.43943,14.78039],[102.43923,14.78108],[102.43893,14.78213],[102.43868,14.78234],[102.43837,14.78223],[102.43785,14.78217],[102.43767,14.78246],[102.43709,14.78298],[102.43407,14.78422],[102.4347,14.78645],[102.43346,14.78824],[102.43332,14.78846],[102.43307,14.78843],[102.43282,14.78799],[102.4327,14.78798],[102.43255,14.78812],[102.43262,14.78848],[102.43253,14.78871],[102.43205,14.7888],[102.43173,14.78901],[102.43167,14.78947],[102.43115,14.79],[102.43104,14.79049],[102.43088,14.79069],[102.43068,14.79068],[102.43043,14.79041],[102.42976,14.79056],[102.42919,14.79033],[102.42869,14.79088],[102.42741,14.79099],[102.42803,14.79182],[102.42786,14.79216],[102.42646,14.79205],[102.42599,14.79212],[102.42603,14.79313],[102.42523,14.7933],[102.42497,14.79343],[102.42506,14.79413],[102.42443,14.79433],[102.42422,14.79442],[102.42405,14.79468],[102.42425,14.79497],[102.42492,14.79533],[102.42511,14.79586],[102.42176,14.79631],[102.42114,14.79666],[102.42097,14.79742],[102.42056,14.79755],[102.42019,14.7979],[102.41997,14.79772],[102.42014,14.79675],[102.41966,14.79669],[102.41919,14.7969],[102.41884,14.79625],[102.41589,14.80015],[102.41196,14.80816],[102.41112,14.80943],[102.41136,14.811],[102.41,14.81211],[102.40883,14.81468],[102.4099,14.81553],[102.41017,14.81685],[102.41177,14.81752],[102.41129,14.81845],[102.41172,14.8196],[102.40797,14.82404],[102.40783,14.82596],[102.40603,14.82628],[102.40627,14.82769],[102.40541,14.82841],[102.40567,14.82972],[102.40469,14.82981],[102.404,14.83055],[102.40309,14.83079],[102.40206,14.83261],[102.40178,14.83409],[102.40197,14.83504],[102.40266,14.83506],[102.4034,14.83568],[102.40331,14.83691],[102.40235,14.83698],[102.40187,14.83753],[102.40257,14.83779],[102.40266,14.8386],[102.4019,14.83873],[102.40228,14.84017],[102.40147,14.84118],[102.40205,14.84226],[102.40053,14.84265],[102.39972,14.84508],[102.39137,14.85438],[102.39196,14.85656],[102.39243,14.85707],[102.39374,14.85762],[102.39361,14.85811],[102.39376,14.85885],[102.39368,14.85974],[102.39399,14.86089],[102.39443,14.86106],[102.39452,14.86174],[102.3944,14.86188],[102.39387,14.86214],[102.39362,14.86229],[102.39349,14.86291],[102.39365,14.86364],[102.39275,14.86401],[102.39237,14.86371],[102.39217,14.86371],[102.39206,14.86387],[102.39213,14.86438],[102.39177,14.86467],[102.39181,14.86492],[102.39275,14.86611],[102.39254,14.8665],[102.39201,14.86658],[102.39236,14.86726],[102.39156,14.86775],[102.39076,14.86896],[102.3911,14.87027],[102.39201,14.8701],[102.39231,14.8715],[102.393,14.8726],[102.39393,14.87266],[102.39399,14.873],[102.39262,14.87385],[102.39311,14.87442],[102.39243,14.87483],[102.39104,14.87579],[102.39059,14.87651],[102.38983,14.87562],[102.3896,14.87583],[102.38887,14.8758],[102.38838,14.87599],[102.38837,14.87681],[102.38795,14.87679],[102.38778,14.87843],[102.38672,14.87908],[102.38711,14.87945],[102.38714,14.88052],[102.3872,14.88099],[102.38879,14.88238],[102.3898,14.88221],[102.38939,14.8834],[102.38829,14.88447],[102.38925,14.88549],[102.38953,14.88721],[102.39044,14.88863],[102.3898,14.88925],[102.39026,14.88987],[102.39099,14.89036],[102.39104,14.89142],[102.39053,14.89227],[102.39031,14.89261],[102.39012,14.89306],[102.39021,14.89426],[102.3904,14.89497],[102.38985,14.89603],[102.38897,14.89621],[102.3887,14.89736],[102.38916,14.89869],[102.38737,14.90042],[102.38633,14.90138],[102.38635,14.90229],[102.38707,14.90236],[102.38695,14.90279],[102.38755,14.9031],[102.38766,14.90358],[102.38812,14.90363],[102.3883,14.90423],[102.38797,14.90428],[102.38805,14.90475],[102.38781,14.90496],[102.38782,14.90556],[102.38747,14.90598],[102.38755,14.90645],[102.38813,14.90663],[102.38894,14.907],[102.38979,14.9069],[102.39002,14.90697],[102.38994,14.90808],[102.39005,14.90847],[102.39001,14.90883],[102.38957,14.90934],[102.38945,14.90994],[102.38902,14.91012],[102.38861,14.90975],[102.38785,14.90999],[102.38786,14.91071],[102.38783,14.91127],[102.38714,14.91135],[102.38694,14.91071],[102.38622,14.91066],[102.38603,14.91113],[102.38597,14.91164],[102.38645,14.91213],[102.38619,14.9126],[102.38621,14.91287],[102.38593,14.91308],[102.38554,14.91276],[102.38521,14.91283],[102.38515,14.91331],[102.38446,14.91372],[102.38442,14.91454],[102.38494,14.91482],[102.38562,14.9148],[102.38607,14.91524],[102.38604,14.91609],[102.38687,14.91606],[102.38718,14.91615],[102.38819,14.91699],[102.38828,14.9173],[102.38859,14.91788],[102.38798,14.91821],[102.38795,14.91852],[102.38831,14.91849],[102.38885,14.91851],[102.38934,14.91853],[102.38961,14.91909],[102.38901,14.92034],[102.38895,14.92048],[102.38856,14.92091],[102.38796,14.92082],[102.38766,14.92096],[102.38758,14.9212],[102.38734,14.92144],[102.38739,14.92159],[102.38751,14.9218],[102.38737,14.92196],[102.3869,14.92201],[102.38667,14.92232],[102.38695,14.92247],[102.38827,14.92237],[102.38855,14.9228],[102.38892,14.92355],[102.38827,14.92372],[102.38779,14.92417],[102.38827,14.92428],[102.38856,14.92479],[102.3892,14.92487],[102.38988,14.92469],[102.3904,14.92512],[102.39021,14.92543],[102.39022,14.92582],[102.39062,14.92642],[102.39047,14.92664],[102.38993,14.92663],[102.38983,14.92693],[102.39007,14.92736],[102.39019,14.92789],[102.39089,14.92765],[102.39161,14.92786],[102.39173,14.92921],[102.39177,14.93094],[102.39281,14.93237],[102.39253,14.93468],[102.39326,14.93509],[102.39235,14.93581],[102.39245,14.93653],[102.39287,14.93689],[102.39337,14.93715],[102.39289,14.93758],[102.39286,14.93836],[102.39257,14.93855],[102.39231,14.93812],[102.3918,14.93817],[102.3917,14.93845],[102.39135,14.93853],[102.39138,14.93803],[102.39083,14.93794],[102.39049,14.93831],[102.38981,14.93913],[102.39037,14.94004],[102.39002,14.94033],[102.38936,14.94067],[102.38916,14.94125],[102.38979,14.94164],[102.38996,14.94122],[102.39051,14.94119],[102.39018,14.94236],[102.39056,14.94307],[102.39029,14.94337],[102.38948,14.9433],[102.39018,14.94426],[102.39002,14.94513],[102.38983,14.94541],[102.38947,14.94552],[102.38912,14.94603],[102.38947,14.94619],[102.38957,14.94663],[102.38942,14.94736],[102.38976,14.94764],[102.38968,14.94876],[102.38938,14.94857],[102.38906,14.94901],[102.38929,14.94931],[102.38957,14.94967],[102.38988,14.95057],[102.39057,14.95089],[102.39067,14.95167],[102.39165,14.95184],[102.39169,14.9523],[102.39271,14.95279],[102.39342,14.95382],[102.39385,14.95329],[102.39446,14.95328],[102.39484,14.95435],[102.3954,14.95481],[102.39577,14.95652],[102.39629,14.957],[102.39705,14.95672],[102.39738,14.95687],[102.39704,14.95721],[102.3973,14.95817],[102.39711,14.95834],[102.39716,14.95892],[102.39729,14.95931],[102.39699,14.96031],[102.39715,14.96204],[102.39765,14.96285],[102.39731,14.96331],[102.39647,14.96298],[102.3961,14.96369],[102.39558,14.96356],[102.396,14.96462],[102.39646,14.96487],[102.39688,14.96596],[102.39678,14.96647],[102.3964,14.96686],[102.39663,14.96814],[102.39618,14.96867],[102.39535,14.96841],[102.39549,14.9692],[102.39592,14.97033],[102.39619,14.972],[102.39561,14.97212],[102.39552,14.97168],[102.39522,14.9717],[102.39503,14.97192],[102.39481,14.97217],[102.39499,14.97371],[102.39569,14.97353],[102.39711,14.97387],[102.39786,14.97479],[102.3987,14.97434],[102.39898,14.97477],[102.39895,14.97759],[102.39978,14.97876],[102.39989,14.98048],[102.40072,14.98129],[102.40062,14.98218],[102.39939,14.98222],[102.39893,14.98364],[102.39902,14.98524],[102.39994,14.9851],[102.39975,14.98692],[102.39994,14.98776],[102.3992,14.98896],[102.39874,14.99006],[102.39902,14.99135],[102.39856,14.99188],[102.39796,14.99188],[102.39794,14.99238],[102.3988,14.99263],[102.39973,14.9926],[102.39976,14.99311],[102.39918,14.99337],[102.39994,14.99391],[102.40053,14.99351],[102.40126,14.99388],[102.4012,14.99459],[102.40009,14.99538],[102.39938,14.99563],[102.39962,14.99646],[102.40056,14.99666],[102.40061,14.99714],[102.40026,14.99728],[102.40132,14.9981],[102.40132,14.99853],[102.40038,14.99847],[102.40044,14.99881],[102.40129,14.99904],[102.40158,14.99943],[102.40097,14.99955],[102.4007,14.99975],[102.40029,14.99963],[102.4002,15.00006],[102.40079,15.00048],[102.40047,15.00094],[102.40103,15.00128],[102.40147,15.00105],[102.40176,15.00162],[102.40141,15.00232],[102.401,15.00264],[102.40182,15.00315],[102.40282,15.00332],[102.40273,15.00386],[102.40299,15.0042],[102.40334,15.00414],[102.40293,15.00493],[102.40311,15.00564],[102.40396,15.00519],[102.40455,15.00539],[102.40485,15.00616],[102.40453,15.00661],[102.40396,15.00655],[102.40296,15.00742],[102.40293,15.00795],[102.40312,15.00875],[102.40304,15.00889],[102.40294,15.00893],[102.40284,15.0089],[102.40266,15.00878],[102.40212,15.0087],[102.40199,15.00877],[102.40193,15.00883],[102.40188,15.00898],[102.40183,15.00934],[102.40184,15.00943],[102.40191,15.00947],[102.40266,15.00959],[102.40284,15.01008],[102.40335,15.01029],[102.40399,15.01068],[102.40389,15.011],[102.40388,15.01159],[102.40349,15.01186],[102.40325,15.01244],[102.40315,15.01341],[102.40353,15.01399],[102.40285,15.01442],[102.40223,15.01498],[102.40285,15.01541],[102.40338,15.01731],[102.40326,15.01802],[102.40346,15.01858],[102.40332,15.01883],[102.40289,15.01943],[102.40283,15.0203],[102.40263,15.02047],[102.4025,15.02091],[102.4024,15.02128],[102.40265,15.02146],[102.40275,15.02181],[102.40306,15.02211],[102.40259,15.02204],[102.40217,15.02147],[102.40184,15.02133],[102.40112,15.02201],[102.4003,15.02196],[102.39936,15.02148],[102.40009,15.02292],[102.40035,15.02431],[102.39969,15.02686],[102.39997,15.02859],[102.39865,15.03006],[102.39898,15.03236],[102.39821,15.0344],[102.39863,15.03485],[102.39871,15.03532],[102.39918,15.03525],[102.39983,15.03555],[102.39986,15.03572],[102.39954,15.0358],[102.39935,15.03603],[102.39793,15.0359],[102.39773,15.03604],[102.39777,15.0363],[102.39806,15.03634],[102.39925,15.03701],[102.39935,15.0372],[102.39936,15.0377],[102.39989,15.03804],[102.39988,15.03822],[102.39918,15.03869],[102.399,15.03906],[102.3991,15.03941],[102.39957,15.03949],[102.39975,15.03971],[102.39963,15.04001],[102.39908,15.03996],[102.39822,15.0396],[102.39781,15.03983],[102.39715,15.03993],[102.39687,15.04075],[102.3975,15.04157],[102.39684,15.04189],[102.39609,15.04101],[102.39582,15.04101],[102.39551,15.04143],[102.39521,15.0412],[102.3945,15.04154],[102.39447,15.04222],[102.39522,15.04268],[102.39578,15.04322],[102.39562,15.0437],[102.39561,15.04431],[102.39544,15.04499],[102.3955,15.04531],[102.39507,15.04531],[102.39485,15.04552],[102.39497,15.04576],[102.39573,15.04586],[102.3959,15.0461],[102.39573,15.04628],[102.39503,15.04654],[102.39479,15.04729],[102.39505,15.04772],[102.39543,15.04733],[102.39592,15.04725],[102.39643,15.04769],[102.39685,15.04782],[102.39694,15.04818],[102.3967,15.0484],[102.39631,15.04845],[102.39617,15.04896],[102.39623,15.04916],[102.39645,15.04915],[102.39682,15.04898],[102.39745,15.04861],[102.39801,15.04833],[102.39829,15.04847],[102.39831,15.04889],[102.39747,15.04903],[102.39709,15.04929],[102.39678,15.05],[102.397,15.05012],[102.39779,15.04992],[102.39826,15.0502],[102.39859,15.05075]]}},{"type":"Feature","properties":{"name":"คลองบริบูรณ์","type":"canal","osm_id":338200689},"geometry":{"type":"LineString","coordinates":[[101.96448,14.94912],[101.9647,14.9493],[101.96479,14.94941],[101.96482,14.94962],[101.96486,14.94982],[101.96504,14.94997],[101.96523,14.9501],[101.96538,14.95021],[101.96542,14.95043],[101.96544,14.95064],[101.96555,14.95077],[101.96566,14.95082],[101.96589,14.95078],[101.96602,14.95082],[101.96613,14.95094],[101.96615,14.95109],[101.96623,14.95123],[101.96641,14.95122],[101.96662,14.95108],[101.96682,14.95107],[101.96699,14.95117],[101.9672,14.95135],[101.96732,14.9514],[101.96742,14.95149],[101.96752,14.95169],[101.96752,14.95195],[101.9677,14.95208],[101.96788,14.952],[101.96809,14.9518],[101.96821,14.95161],[101.96838,14.95154],[101.96846,14.95162],[101.96847,14.95194],[101.96859,14.95208],[101.96874,14.95216],[101.96894,14.95223],[101.96909,14.95224],[101.9693,14.95213],[101.96951,14.95213],[101.96965,14.95217],[101.9699,14.95237],[101.9701,14.95258],[101.97034,14.95259],[101.97049,14.95256],[101.97069,14.95274],[101.97096,14.95307],[101.97129,14.95332],[101.97147,14.95339],[101.97183,14.95328],[101.97209,14.95326],[101.97218,14.95322],[101.97208,14.95293],[101.9721,14.95276],[101.97216,14.95268],[101.97234,14.95265],[101.97262,14.95267],[101.97275,14.95259],[101.97271,14.9524],[101.97275,14.9522],[101.97283,14.9522],[101.97304,14.95228],[101.97308,14.95256],[101.97316,14.95271],[101.97325,14.95274],[101.97338,14.95268],[101.97357,14.95242],[101.97373,14.95226],[101.97403,14.95237],[101.97427,14.9527],[101.97416,14.95283],[101.97406,14.95298],[101.97412,14.95314],[101.97424,14.95324],[101.97452,14.95324],[101.97502,14.95319],[101.97524,14.9532],[101.97529,14.95334],[101.97543,14.95388],[101.97532,14.95416],[101.97539,14.95455],[101.97556,14.95456],[101.97575,14.95431],[101.97595,14.95414],[101.97612,14.95415],[101.97618,14.95433],[101.97617,14.95456],[101.97623,14.9547],[101.97639,14.95475],[101.97646,14.95466],[101.97662,14.95454],[101.9768,14.95446],[101.97692,14.95453],[101.97691,14.95462],[101.97685,14.95483],[101.97649,14.95506],[101.97643,14.95533],[101.97649,14.95542],[101.97679,14.9555],[101.97708,14.9555],[101.97742,14.95547],[101.9775,14.95549],[101.97773,14.95579],[101.97802,14.95585],[101.97801,14.956],[101.97811,14.95616],[101.97827,14.95622],[101.97839,14.95618],[101.97842,14.95592],[101.97845,14.95575],[101.97848,14.95568],[101.97859,14.95567],[101.97876,14.95582],[101.97885,14.95591],[101.97895,14.95586],[101.97909,14.95571],[101.97923,14.9556],[101.97938,14.95553],[101.97947,14.95561],[101.97944,14.95597],[101.97929,14.95622],[101.97904,14.95639],[101.97882,14.95658],[101.97877,14.95677],[101.97882,14.9569],[101.97896,14.95694],[101.97934,14.95689],[101.97963,14.95713],[101.97995,14.95708],[101.98027,14.95743],[101.98043,14.95741],[101.98057,14.95724],[101.98096,14.95734],[101.98114,14.95747],[101.98131,14.95767],[101.98153,14.95796],[101.98177,14.95817],[101.98203,14.95805],[101.98235,14.9579],[101.98252,14.95794],[101.98263,14.95803],[101.98289,14.95865],[101.98313,14.95901],[101.98328,14.95943],[101.9835,14.95982],[101.98387,14.95997],[101.98395,14.96006],[101.98379,14.9603],[101.98363,14.96044],[101.98355,14.9606],[101.9837,14.96088],[101.98391,14.96114],[101.98403,14.96118],[101.98421,14.9611],[101.98448,14.96084],[101.9849,14.96037],[101.9852,14.96036],[101.98534,14.96039],[101.98549,14.96054],[101.98564,14.96073],[101.98567,14.96098],[101.98563,14.96117],[101.9857,14.96143],[101.98589,14.9615],[101.98614,14.96151],[101.9862,14.96159],[101.98619,14.96187],[101.9861,14.96202],[101.98601,14.96221],[101.98603,14.96254],[101.98599,14.96278],[101.98591,14.96297],[101.98572,14.96311],[101.98556,14.96321],[101.9855,14.96349],[101.98554,14.96386],[101.98581,14.96394],[101.98604,14.96417],[101.98657,14.96481],[101.98707,14.96566],[101.98746,14.96592],[101.98784,14.96611],[101.98817,14.96622],[101.98828,14.96639],[101.98834,14.96697],[101.98885,14.96747],[101.98893,14.96777],[101.98886,14.96806],[101.98849,14.96814],[101.98824,14.96817],[101.98815,14.96837],[101.98823,14.96849],[101.98839,14.9686],[101.98881,14.96886],[101.98909,14.96882],[101.98931,14.96857],[101.98942,14.96844],[101.98986,14.96815],[101.99019,14.96799],[101.99067,14.96804],[101.99091,14.96822],[101.99108,14.96853],[101.99143,14.96896],[101.99139,14.96923],[101.99122,14.9696],[101.99107,14.96973],[101.99094,14.97013],[101.99113,14.97041],[101.99155,14.97089],[101.99171,14.97156],[101.99186,14.97222],[101.9919,14.97297],[101.99216,14.97327],[101.99254,14.97354],[101.99271,14.97368],[101.99295,14.97363],[101.99312,14.9734],[101.99324,14.9733],[101.99345,14.97333],[101.9936,14.97337],[101.99411,14.97378],[101.99443,14.97382],[101.99477,14.97373],[101.9954,14.97364],[101.99574,14.9736],[101.9959,14.97332],[101.99617,14.97314],[101.99657,14.97322],[101.99678,14.97351],[101.99703,14.97407],[101.99731,14.97478],[101.99712,14.97502],[101.99688,14.97534],[101.9969,14.97565],[101.99712,14.97591],[101.99735,14.97595],[101.99779,14.97562],[101.9982,14.97528],[101.9985,14.97522],[101.99893,14.97523],[101.99908,14.97532],[101.99909,14.9756],[101.99921,14.97614],[101.99932,14.97657],[101.99931,14.9769],[101.99897,14.97729],[101.99871,14.9776],[101.99863,14.97789],[101.99863,14.97812],[101.99875,14.97838],[101.99897,14.97842],[101.9994,14.97832],[101.9997,14.97845],[102.00014,14.97873],[102.00041,14.97907],[102.00051,14.97948],[102.00062,14.97958],[102.00086,14.97925],[102.00109,14.97894],[102.00127,14.97884],[102.0016,14.97888],[102.00179,14.97909],[102.00223,14.97934],[102.00253,14.97935],[102.00312,14.97941],[102.0032,14.97953],[102.00319,14.97973],[102.00313,14.97995],[102.0033,14.98017],[102.00363,14.98023],[102.0043,14.98007],[102.00463,14.97992],[102.00503,14.97995],[102.0053,14.97998],[102.00549,14.98007],[102.00552,14.9803],[102.00551,14.98053],[102.00532,14.98086],[102.00521,14.9814],[102.00526,14.98163],[102.00539,14.98203],[102.00566,14.98236],[102.00612,14.98245],[102.00646,14.98263],[102.00691,14.98257],[102.00735,14.98239],[102.00811,14.98212],[102.00863,14.98233],[102.00891,14.98263],[102.00903,14.98311],[102.00921,14.98346],[102.00975,14.98355],[102.01011,14.98356],[102.01043,14.98332],[102.01077,14.98316],[102.01098,14.98315],[102.01135,14.98356],[102.01179,14.98431],[102.01225,14.98442],[102.01299,14.9849],[102.01345,14.98543],[102.01389,14.98572],[102.01455,14.98604],[102.01466,14.98624],[102.01494,14.9868],[102.0154,14.98686],[102.0157,14.98686],[102.01628,14.98709],[102.01727,14.98714],[102.01774,14.98706],[102.01786,14.98686],[102.01818,14.98678],[102.01857,14.98692],[102.01901,14.98688],[102.02044,14.98691],[102.02108,14.98693],[102.02157,14.9871],[102.02205,14.98737],[102.02263,14.98748],[102.02292,14.98757],[102.02316,14.98779],[102.02307,14.98804],[102.02268,14.98833],[102.02251,14.98848],[102.02244,14.98865],[102.02254,14.98879],[102.02259,14.98898],[102.02241,14.98925],[102.02229,14.98957],[102.02231,14.98979],[102.02245,14.98991],[102.02263,14.98993],[102.02284,14.98986],[102.02298,14.98968],[102.02314,14.98945],[102.02339,14.98945],[102.02401,14.98968],[102.02455,14.98979],[102.02487,14.99011],[102.02514,14.99046],[102.02548,14.99058],[102.02593,14.99043],[102.02634,14.9906],[102.02676,14.99103],[102.02695,14.99117],[102.02752,14.99132],[102.0281,14.99163],[102.02858,14.99152],[102.0292,14.99186],[102.02929,14.99188],[102.02937,14.99185],[102.02947,14.99134],[102.02955,14.99107],[102.02971,14.99084],[102.02988,14.99076],[102.03018,14.99075],[102.03031,14.99084],[102.03039,14.99097],[102.03045,14.99111],[102.03042,14.99129],[102.0304,14.9915],[102.03042,14.99171],[102.03051,14.99178],[102.03061,14.99173],[102.03081,14.99163],[102.03094,14.99168],[102.03102,14.99181],[102.03106,14.99194],[102.03115,14.99217],[102.03125,14.99226],[102.03144,14.99228],[102.03169,14.99209],[102.03184,14.9919],[102.03193,14.99187],[102.03206,14.9919],[102.03239,14.99204],[102.03257,14.99207],[102.03271,14.99205],[102.03274,14.99185],[102.03278,14.99154],[102.03285,14.99129],[102.03298,14.99125],[102.03323,14.99134],[102.03355,14.99143],[102.03395,14.9914],[102.03403,14.99114],[102.03417,14.99074],[102.03425,14.99064],[102.03435,14.99059],[102.03452,14.99055],[102.0347,14.99063],[102.03482,14.99075],[102.03503,14.99083],[102.03527,14.99082],[102.03607,14.99041],[102.0364,14.99033],[102.03654,14.99035],[102.03668,14.99038],[102.03688,14.99047],[102.03707,14.99057],[102.03729,14.99062],[102.03834,14.99071],[102.0385,14.99075],[102.0386,14.9908],[102.03865,14.99093],[102.03892,14.99145],[102.03944,14.99161],[102.03957,14.99197],[102.03946,14.99223],[102.0393,14.99244],[102.03926,14.99298],[102.03936,14.99342],[102.03961,14.99372],[102.04041,14.99419],[102.04058,14.99444],[102.04072,14.99505],[102.04077,14.99523],[102.04126,14.99559],[102.04156,14.9957],[102.04219,14.99565],[102.04263,14.99573],[102.04287,14.99584],[102.04302,14.99606],[102.04312,14.99647],[102.04316,14.99703],[102.04333,14.9974],[102.04366,14.99818],[102.04374,14.9984],[102.04378,14.99873],[102.04375,14.999],[102.04376,14.99914],[102.04379,14.99929],[102.0438,14.99934],[102.04384,14.99939],[102.0444,14.99966],[102.04449,14.99973],[102.04452,14.99979],[102.04454,14.99989],[102.04452,15.00006],[102.04446,15.0003],[102.04426,15.00081],[102.04421,15.00113],[102.04405,15.00175],[102.04407,15.00237],[102.04394,15.00261],[102.04382,15.00271],[102.04356,15.00274],[102.0432,15.0028],[102.04306,15.003],[102.04305,15.00325],[102.04324,15.00362],[102.04332,15.00388],[102.04328,15.0043],[102.0432,15.00447],[102.04293,15.00507],[102.0428,15.0052],[102.04227,15.00561],[102.04227,15.00588],[102.04232,15.00599],[102.04298,15.00638],[102.04309,15.00688],[102.04319,15.00713],[102.04333,15.00723],[102.04357,15.00725],[102.04405,15.00731],[102.0443,15.00737],[102.04503,15.00775],[102.04534,15.00781],[102.04578,15.00777],[102.04613,15.00787],[102.04684,15.00829],[102.04765,15.00855],[102.04812,15.00887],[102.04863,15.00913],[102.04878,15.00932],[102.04868,15.00999],[102.04867,15.0106],[102.0488,15.01117],[102.0491,15.01177],[102.04922,15.01244],[102.04916,15.01279],[102.04896,15.01304],[102.04896,15.01326],[102.04916,15.01363],[102.04917,15.01399],[102.04916,15.01426],[102.04925,15.01444],[102.04938,15.01456],[102.04985,15.01433],[102.05008,15.01435],[102.05024,15.01441],[102.05037,15.01452],[102.05054,15.0147],[102.05089,15.0149],[102.05123,15.015],[102.05141,15.01497],[102.05166,15.01491],[102.05203,15.01475],[102.05217,15.01473],[102.05234,15.01476],[102.05251,15.01484],[102.05273,15.01501],[102.05278,15.01514],[102.05276,15.01525],[102.05274,15.01534],[102.05269,15.01542],[102.05255,15.01552],[102.05239,15.01557],[102.05222,15.01558],[102.05206,15.01563],[102.05193,15.01571],[102.05186,15.01582],[102.05189,15.01603],[102.05193,15.01617],[102.05207,15.01631],[102.05226,15.01637],[102.05245,15.01638],[102.05267,15.0163],[102.05276,15.01618],[102.05286,15.01595],[102.05296,15.01564],[102.0531,15.01537],[102.05328,15.01517],[102.05346,15.01512],[102.05366,15.0151],[102.05383,15.01515],[102.05397,15.01528],[102.05414,15.01548],[102.05418,15.01558],[102.05418,15.01569],[102.05411,15.01583],[102.05402,15.01591],[102.05378,15.01602],[102.05359,15.01617],[102.05352,15.0163],[102.05346,15.01651],[102.05343,15.01698],[102.05346,15.01717],[102.05358,15.01746],[102.05367,15.01754],[102.05382,15.01766],[102.05402,15.01771],[102.05417,15.0177],[102.0543,15.01761],[102.05464,15.01741],[102.05474,15.01741],[102.05482,15.01747],[102.05491,15.01756],[102.05498,15.01767],[102.05498,15.01805],[102.05493,15.01816],[102.05486,15.01826],[102.05473,15.01837],[102.05461,15.0185],[102.05469,15.0192],[102.05473,15.01951],[102.05481,15.01971],[102.05509,15.02021],[102.05516,15.0203],[102.05524,15.02036],[102.05535,15.02039],[102.0555,15.02036],[102.05559,15.02029],[102.05565,15.02021],[102.05557,15.01961],[102.05555,15.01951],[102.0556,15.0194],[102.05568,15.01934],[102.05581,15.01933],[102.05608,15.01931],[102.05629,15.01931],[102.05642,15.01938],[102.05658,15.01941],[102.0569,15.0194],[102.057,15.01933],[102.05702,15.01925],[102.05697,15.0189],[102.05701,15.01883],[102.05706,15.01879],[102.05712,15.01875],[102.05718,15.01874],[102.05727,15.0188],[102.05731,15.01888],[102.0574,15.01896],[102.05749,15.01901],[102.05768,15.019],[102.05795,15.01891],[102.05826,15.01885],[102.05855,15.01889],[102.05874,15.01855],[102.05883,15.01847],[102.05895,15.01843],[102.05908,15.01841],[102.05924,15.01847],[102.05928,15.01851],[102.05932,15.01856],[102.0595,15.01889],[102.05961,15.01898],[102.05974,15.01903],[102.06002,15.0191],[102.06025,15.01905],[102.06049,15.01904],[102.06077,15.01908],[102.06104,15.0192],[102.06126,15.01917],[102.06145,15.0191],[102.06162,15.01906],[102.06182,15.01905],[102.06216,15.01916],[102.06229,15.01922],[102.0624,15.0193],[102.06266,15.01975],[102.06278,15.01984],[102.06292,15.01988],[102.06306,15.01988],[102.06313,15.01986],[102.06315,15.0198],[102.06325,15.01967],[102.06333,15.01962],[102.06339,15.01959],[102.06344,15.01959],[102.06357,15.01967],[102.06369,15.01977],[102.06376,15.01992],[102.06378,15.02002],[102.06376,15.02026],[102.06369,15.02049],[102.06367,15.02064],[102.06372,15.02073],[102.06377,15.0208],[102.06394,15.02089],[102.06414,15.02094],[102.06457,15.02095],[102.06506,15.02089],[102.06522,15.02091],[102.06536,15.02097],[102.06547,15.02129],[102.06556,15.02135],[102.06578,15.02138],[102.0661,15.0221],[102.06616,15.02222],[102.06644,15.02226],[102.06703,15.02241],[102.06719,15.02243],[102.06736,15.02237],[102.06763,15.0222],[102.06793,15.02208],[102.06819,15.02202],[102.06872,15.02191],[102.06942,15.02176],[102.06988,15.02174],[102.06998,15.0217],[102.07007,15.02164],[102.07021,15.02142],[102.07027,15.02132],[102.07032,15.02125],[102.07042,15.02122],[102.07053,15.02124],[102.07064,15.02128],[102.07098,15.02147],[102.07107,15.0215],[102.07114,15.02144],[102.07121,15.02135],[102.07124,15.02119],[102.07124,15.02103],[102.07121,15.02074],[102.07124,15.02062],[102.07133,15.02059],[102.07144,15.02059],[102.07156,15.0206],[102.07186,15.02057],[102.07208,15.02065],[102.07221,15.02065],[102.07242,15.02054],[102.07263,15.02037],[102.07271,15.02017],[102.07276,15.01986],[102.07289,15.01976],[102.07324,15.0195],[102.07346,15.0193],[102.07366,15.01925],[102.07382,15.01928],[102.07398,15.01935],[102.07434,15.01956],[102.07461,15.01977],[102.07466,15.01984],[102.07467,15.01993],[102.07459,15.02027],[102.07466,15.02058],[102.07462,15.02078],[102.07464,15.02104],[102.0747,15.02113],[102.07479,15.02118],[102.07493,15.02118],[102.07507,15.02117],[102.07519,15.02113],[102.07532,15.02103],[102.07534,15.02091],[102.07543,15.02083],[102.07552,15.02077],[102.0756,15.02066],[102.07559,15.02054],[102.07555,15.02043],[102.07549,15.0203],[102.07548,15.02017],[102.07552,15.02008],[102.07568,15.02],[102.07589,15.01994],[102.0761,15.01992],[102.07634,15.01994],[102.07651,15.01998],[102.07665,15.02006],[102.07675,15.02023],[102.07677,15.02055],[102.07694,15.02073],[102.07718,15.02109],[102.07736,15.02118],[102.07754,15.02126],[102.07778,15.02132],[102.07796,15.02143],[102.07822,15.02166],[102.07839,15.02162],[102.07863,15.0215],[102.07877,15.02135],[102.07898,15.02115],[102.07899,15.02104],[102.07896,15.02089],[102.07896,15.02073],[102.07905,15.02057],[102.07919,15.02047],[102.07936,15.02032],[102.07943,15.02024],[102.0794,15.02007],[102.07938,15.01996],[102.07934,15.01983],[102.07939,15.0197],[102.0795,15.0196],[102.07963,15.01957],[102.07972,15.01957],[102.07981,15.01958],[102.07991,15.01971],[102.08,15.01992],[102.08009,15.02004],[102.08019,15.0201],[102.08036,15.0201],[102.08049,15.02004],[102.08064,15.01986],[102.08103,15.0195],[102.08111,15.01939],[102.08109,15.01916],[102.08116,15.01895],[102.08126,15.01877],[102.08132,15.01852],[102.08124,15.01829],[102.0812,15.018],[102.08131,15.0178],[102.08151,15.01767],[102.08168,15.01764],[102.08202,15.01773],[102.08236,15.01794],[102.08274,15.01817],[102.08314,15.0183],[102.08346,15.01846],[102.08364,15.01866],[102.08388,15.019],[102.08407,15.01904],[102.08419,15.019],[102.08438,15.01886],[102.08447,15.01872],[102.08448,15.01859],[102.08445,15.01842],[102.08438,15.01813],[102.08436,15.01795],[102.08435,15.01785],[102.08433,15.01769],[102.08433,15.01757],[102.08435,15.01744],[102.08442,15.01724],[102.08452,15.01716],[102.08471,15.01709],[102.08485,15.01707],[102.08496,15.01713],[102.08504,15.01722],[102.08509,15.01727],[102.08522,15.0173],[102.08536,15.01734],[102.08551,15.01743],[102.0858,15.01771],[102.08593,15.0179],[102.086,15.0182],[102.08608,15.01833],[102.08617,15.0184],[102.08643,15.01848],[102.08682,15.0186],[102.08717,15.01848],[102.08735,15.01854],[102.08742,15.0187],[102.08739,15.01929],[102.08755,15.01956],[102.0878,15.01972],[102.08793,15.01986],[102.08809,15.01994],[102.08845,15.02008],[102.0888,15.02018],[102.08903,15.02017],[102.08926,15.02019],[102.08936,15.02026],[102.08959,15.02066],[102.08986,15.021],[102.09001,15.02118],[102.09016,15.02123],[102.09031,15.0212],[102.09049,15.02121],[102.09064,15.0213],[102.09085,15.02159],[102.09098,15.02176],[102.09122,15.02176],[102.09166,15.0218],[102.09203,15.02171],[102.09233,15.02164],[102.09262,15.02166],[102.09288,15.02176],[102.09312,15.02178],[102.09346,15.02176],[102.0938,15.02171],[102.09401,15.02157],[102.09433,15.0213],[102.09445,15.02114],[102.09463,15.02105],[102.0949,15.02102],[102.095,15.02103],[102.0953,15.02109],[102.09551,15.02126],[102.09561,15.02193],[102.09576,15.02236],[102.0959,15.02245],[102.09611,15.02248],[102.09629,15.02245],[102.09636,15.02231],[102.0963,15.02195],[102.09643,15.02187],[102.09681,15.02183],[102.09696,15.0218],[102.0971,15.02175],[102.09713,15.0217],[102.09708,15.02158],[102.09692,15.02147],[102.09682,15.02133],[102.09685,15.02112],[102.09724,15.02073],[102.09728,15.02049],[102.09736,15.02032],[102.0975,15.02025],[102.09761,15.02029],[102.09792,15.02041],[102.09808,15.02053],[102.0982,15.02083],[102.09829,15.02103],[102.09869,15.02128],[102.09884,15.02136],[102.09918,15.02146],[102.09935,15.02143],[102.09949,15.02122],[102.09962,15.02092],[102.09983,15.0207],[102.09998,15.02013],[102.10015,15.02005],[102.10038,15.01995],[102.10058,15.0198],[102.10063,15.01966],[102.10056,15.01953],[102.10033,15.01938],[102.10045,15.0192],[102.10059,15.0191],[102.10068,15.01897],[102.10054,15.01871],[102.10035,15.01854],[102.10036,15.0184],[102.10079,15.018],[102.10098,15.01779],[102.10125,15.01751],[102.10142,15.01746],[102.10159,15.0175],[102.1019,15.01763],[102.10209,15.01768],[102.10236,15.01758],[102.1026,15.01737],[102.10291,15.01722],[102.10315,15.0172],[102.10326,15.01725],[102.10326,15.01741],[102.10325,15.0176],[102.10338,15.01769],[102.10369,15.0178],[102.10372,15.01799],[102.10386,15.01834],[102.10405,15.01858],[102.10481,15.01814],[102.10518,15.01831],[102.10551,15.01834],[102.10583,15.01818],[102.10602,15.01819],[102.10606,15.01865],[102.10625,15.01887],[102.10646,15.01888],[102.1068,15.01864],[102.10707,15.01825],[102.10723,15.01806],[102.10745,15.01802],[102.10758,15.0182],[102.10752,15.01857],[102.10769,15.01882],[102.10792,15.01897],[102.10817,15.01889],[102.10849,15.01857],[102.10876,15.01824],[102.10914,15.01806],[102.1094,15.01818],[102.10966,15.01856],[102.10999,15.0187],[102.11011,15.01867],[102.11091,15.01842],[102.11151,15.01852],[102.11171,15.01846],[102.11203,15.01834],[102.11219,15.01834],[102.11243,15.01873],[102.11266,15.0187],[102.11288,15.01854],[102.11308,15.01827],[102.11318,15.01824],[102.11358,15.01838],[102.11376,15.01848],[102.11409,15.01849],[102.11452,15.0186],[102.11499,15.0185],[102.11531,15.01847],[102.11546,15.01848],[102.11555,15.01855],[102.11564,15.01866],[102.11564,15.01875],[102.1157,15.01881],[102.11582,15.01884],[102.11595,15.01884],[102.11623,15.0188],[102.11694,15.01903],[102.11724,15.01904],[102.11747,15.01898],[102.11782,15.019],[102.11797,15.0191],[102.118,15.01923],[102.11791,15.01947],[102.11773,15.01974],[102.1176,15.01995],[102.11781,15.02012],[102.11816,15.02025],[102.11842,15.02027],[102.11869,15.02036],[102.11878,15.02055],[102.11876,15.02069],[102.11869,15.02077],[102.11855,15.02079],[102.11835,15.02083],[102.1183,15.02093],[102.11834,15.02119],[102.11825,15.02201],[102.11812,15.02277],[102.11793,15.0239],[102.1187,15.02396],[102.11973,15.02447],[102.12055,15.02465],[102.12123,15.0246],[102.12176,15.0244],[102.12218,15.02422],[102.12252,15.02417],[102.12282,15.02435],[102.12298,15.02455],[102.12317,15.02489],[102.12348,15.02496],[102.12398,15.02501],[102.12428,15.02517],[102.12468,15.02555],[102.12522,15.02539],[102.1254,15.02539],[102.12603,15.02566],[102.12646,15.0257],[102.12685,15.02571],[102.12741,15.02576],[102.12823,15.02592],[102.1287,15.0261],[102.12896,15.02657],[102.12906,15.02663],[102.12932,15.02662],[102.12939,15.02644],[102.12946,15.02596],[102.12956,15.02562],[102.12976,15.02533],[102.12988,15.0252],[102.13021,15.02515],[102.13036,15.02507],[102.13054,15.02492],[102.13116,15.02483],[102.13145,15.02463],[102.13165,15.02457],[102.13174,15.02459],[102.13181,15.02462],[102.13202,15.02485],[102.13218,15.02497],[102.13228,15.02498],[102.13232,15.02499],[102.1325,15.02496],[102.13276,15.02482],[102.13316,15.02491],[102.13353,15.02465],[102.13389,15.02453],[102.13423,15.0242],[102.13435,15.02395],[102.13457,15.02387],[102.13522,15.024],[102.13539,15.024],[102.13572,15.02438],[102.13599,15.0245],[102.13677,15.02443],[102.13701,15.02446],[102.13732,15.02465],[102.1374,15.02489],[102.1374,15.02514],[102.13771,15.02537],[102.13789,15.02572],[102.13807,15.02583],[102.13874,15.0259],[102.13912,15.02588],[102.13975,15.02584],[102.13999,15.02587],[102.14026,15.02597],[102.14035,15.02596],[102.14084,15.02595],[102.14123,15.0259],[102.14156,15.0259],[102.14172,15.02592],[102.14184,15.02601],[102.14193,15.02614],[102.14205,15.02622],[102.14223,15.02622],[102.14267,15.02646],[102.14327,15.02649],[102.14352,15.02651],[102.14391,15.02659],[102.14406,15.0267],[102.14419,15.02685],[102.14435,15.02698],[102.14448,15.02712],[102.14481,15.02716],[102.14491,15.02712],[102.14502,15.02711],[102.14513,15.02713],[102.14523,15.0272],[102.14531,15.02779],[102.14538,15.02795],[102.14562,15.02803],[102.14594,15.02805],[102.14611,15.02826],[102.14629,15.0285],[102.14642,15.02855],[102.14658,15.02851],[102.14674,15.02851],[102.14682,15.02852],[102.14682,15.02872],[102.14656,15.029],[102.14642,15.02917],[102.14642,15.02931],[102.14645,15.02944],[102.14662,15.0298],[102.14682,15.03012],[102.14693,15.03043],[102.14709,15.03058],[102.14723,15.03065],[102.14738,15.0307],[102.14789,15.03067],[102.14841,15.03033],[102.1487,15.03033],[102.14887,15.03006],[102.14899,15.02994],[102.14912,15.02993],[102.14926,15.02996],[102.14937,15.03013],[102.14945,15.03019],[102.14955,15.03018],[102.14971,15.03004],[102.14985,15.03002],[102.15,15.03009],[102.15027,15.03022],[102.1504,15.03053],[102.15051,15.03058],[102.15061,15.03056],[102.15074,15.0304],[102.15083,15.03023],[102.15117,15.02996],[102.15131,15.02996],[102.1514,15.03006],[102.15152,15.03023],[102.15189,15.03035],[102.15229,15.03028],[102.15248,15.03029],[102.15278,15.03047],[102.15296,15.03051],[102.15334,15.03037],[102.15363,15.0303],[102.15384,15.03033],[102.15414,15.03057],[102.15429,15.0305],[102.15452,15.03035],[102.15494,15.03038],[102.15534,15.03057],[102.15624,15.03044],[102.15635,15.03035],[102.15636,15.03005],[102.15638,15.02986],[102.15647,15.02975],[102.15646,15.02958],[102.15644,15.02946],[102.15663,15.02914],[102.15674,15.02875],[102.15665,15.02851],[102.15643,15.02839],[102.15641,15.02827],[102.15657,15.02815],[102.15698,15.0278],[102.15706,15.02773]]}},{"type":"Feature","properties":{"name":"คลองบริบูรณ์","type":"canal","osm_id":338203129},"geometry":{"type":"LineString","coordinates":[[102.23683,15.01458],[102.23695,15.01448],[102.23702,15.01437],[102.23701,15.0142],[102.23696,15.01406],[102.23687,15.01388],[102.23681,15.01372],[102.23684,15.01352],[102.23694,15.01333],[102.23759,15.0131],[102.23791,15.01298],[102.23797,15.01289],[102.238,15.0127],[102.23779,15.01235],[102.23755,15.01192],[102.23744,15.01178],[102.23742,15.01159],[102.23748,15.01138],[102.23756,15.01136],[102.23786,15.01133],[102.23798,15.01137],[102.23806,15.01145],[102.23819,15.0117],[102.23833,15.01201],[102.23844,15.01207],[102.23853,15.01199],[102.23866,15.01187],[102.23872,15.01171],[102.23868,15.01159],[102.23857,15.01145],[102.23855,15.01133],[102.2386,15.01125],[102.23871,15.01125],[102.23887,15.01131],[102.23906,15.01161],[102.23912,15.01192],[102.23909,15.01201],[102.23903,15.01209],[102.2389,15.01216],[102.23886,15.01229],[102.23889,15.01241],[102.23904,15.0125],[102.23914,15.01252],[102.23947,15.0124],[102.23956,15.01239],[102.23965,15.01247],[102.23969,15.01261],[102.23958,15.01273],[102.23943,15.01275],[102.23929,15.01283],[102.23924,15.0129],[102.23927,15.013],[102.23933,15.01307],[102.23951,15.01307],[102.23967,15.01303],[102.23981,15.01286],[102.23997,15.0125],[102.23998,15.01233],[102.24005,15.01218],[102.24009,15.0121],[102.24018,15.01209],[102.24031,15.01217],[102.24037,15.01226],[102.24041,15.01243],[102.2404,15.01254],[102.24038,15.01263],[102.24046,15.0127],[102.24057,15.01268],[102.24071,15.01267],[102.24089,15.01246],[102.24105,15.01244],[102.24116,15.01268],[102.24105,15.01292],[102.24071,15.01305],[102.24046,15.0131],[102.24027,15.01312],[102.2402,15.01323],[102.2402,15.01332],[102.24023,15.01345],[102.24035,15.01362],[102.2405,15.01376],[102.24063,15.01383],[102.24078,15.01383],[102.24089,15.0138],[102.24099,15.01373],[102.24118,15.01354],[102.24123,15.01329],[102.24125,15.01316],[102.24135,15.01307],[102.24152,15.01299],[102.2417,15.01301],[102.24186,15.01308],[102.24192,15.01314],[102.24195,15.01326],[102.24208,15.01342],[102.24217,15.01346],[102.24245,15.01349],[102.24259,15.01352],[102.24274,15.01356],[102.243,15.01353],[102.24308,15.01357],[102.24314,15.01365],[102.24315,15.01376],[102.24305,15.01394],[102.24305,15.01399],[102.24308,15.01403],[102.24321,15.01408],[102.24331,15.014],[102.24343,15.01387],[102.24349,15.01371],[102.24357,15.01364],[102.24374,15.01359],[102.2439,15.01366],[102.24404,15.01371],[102.24423,15.01369],[102.24426,15.01386],[102.24428,15.0141],[102.24425,15.01432],[102.24431,15.01447],[102.24442,15.01459],[102.24465,15.01461],[102.24488,15.01459],[102.24496,15.0143],[102.24503,15.01422],[102.24514,15.01417],[102.24525,15.0142],[102.24531,15.01432],[102.24533,15.01443],[102.24554,15.01487],[102.24577,15.01502],[102.24594,15.0152],[102.24608,15.01523],[102.24622,15.01527],[102.24641,15.01518],[102.24655,15.01513],[102.24669,15.01535],[102.2468,15.01536],[102.24695,15.01534],[102.24698,15.01526],[102.24699,15.01505],[102.24691,15.01479],[102.24696,15.01463],[102.24708,15.01454],[102.24722,15.01459],[102.24736,15.01476],[102.24755,15.01487],[102.24755,15.01496],[102.24775,15.01508],[102.24794,15.01505],[102.24834,15.01495],[102.24861,15.01497],[102.24895,15.0149],[102.24942,15.01478],[102.24975,15.01482],[102.25,15.01494],[102.25016,15.01497],[102.25045,15.01494],[102.25091,15.01486],[102.25099,15.01478],[102.25109,15.01474],[102.25126,15.01483],[102.25137,15.01485],[102.25147,15.01479],[102.25152,15.01469],[102.25155,15.0145],[102.25152,15.01437],[102.25153,15.01428],[102.25158,15.01423],[102.25169,15.01422],[102.25179,15.01422],[102.25194,15.01438],[102.25201,15.01449],[102.25216,15.0146],[102.25231,15.01461],[102.25317,15.01465],[102.25331,15.01469],[102.25348,15.01467],[102.25375,15.01469],[102.25407,15.01463],[102.25426,15.01471],[102.25443,15.01484],[102.25458,15.01501],[102.25468,15.01504],[102.25481,15.01501],[102.25491,15.01497],[102.255,15.01486],[102.25505,15.01475],[102.25516,15.01461],[102.25527,15.01447],[102.25529,15.01436],[102.25529,15.0142],[102.25524,15.0141],[102.25517,15.01401],[102.25521,15.0139],[102.25532,15.01384],[102.25548,15.01379],[102.25564,15.01361],[102.25571,15.01353],[102.25579,15.01344],[102.25589,15.0134],[102.25603,15.01338],[102.25618,15.01346],[102.25633,15.0136],[102.25644,15.01363],[102.25659,15.01367],[102.25679,15.01362],[102.25693,15.01362],[102.25706,15.01368],[102.25721,15.01383],[102.25732,15.01388],[102.2575,15.01384],[102.25758,15.01378],[102.25761,15.01368],[102.25766,15.01351],[102.25777,15.0134],[102.25795,15.01337],[102.25818,15.01336],[102.25835,15.0133],[102.25864,15.0132],[102.25881,15.01312],[102.2593,15.01314],[102.25975,15.01314],[102.26008,15.01312],[102.26025,15.01316],[102.26038,15.01319],[102.26055,15.01335],[102.26073,15.01349],[102.26101,15.01353],[102.26116,15.01362],[102.26132,15.01365],[102.26149,15.01366],[102.26163,15.01363],[102.26179,15.01356],[102.26189,15.01343],[102.26195,15.01331]]}},{"type":"Feature","properties":{"name":"คลองตะคองใหม่","type":"canal","osm_id":338301885},"geometry":{"type":"LineString","coordinates":[[102.11599,14.98124],[102.11627,14.98119],[102.11656,14.98118],[102.11681,14.98128],[102.11709,14.98136],[102.11739,14.98136],[102.1177,14.98126],[102.11811,14.98121],[102.11832,14.98126],[102.11853,14.98134],[102.11866,14.98136],[102.11886,14.98135],[102.11914,14.98132],[102.11937,14.98126],[102.11956,14.98124],[102.11977,14.98128],[102.12003,14.9814],[102.12014,14.9814],[102.12027,14.98145],[102.12047,14.98143],[102.12079,14.98154],[102.121,14.98168],[102.12123,14.98169],[102.12145,14.98167],[102.1223,14.98195],[102.12277,14.98213],[102.12344,14.98229],[102.12378,14.98238],[102.12412,14.98247],[102.12448,14.98253],[102.125,14.98257],[102.12538,14.9826],[102.12565,14.9826],[102.12599,14.98259],[102.12608,14.98262],[102.12626,14.98267],[102.12638,14.98267],[102.12675,14.98281],[102.12695,14.98288],[102.12727,14.98299],[102.12738,14.98303],[102.12755,14.98305],[102.12824,14.98296],[102.1284,14.98296],[102.12903,14.98313],[102.12956,14.98318],[102.12979,14.98321],[102.1303,14.98328],[102.13046,14.98332],[102.13078,14.98346],[102.13101,14.98361],[102.13142,14.9839],[102.13193,14.98409],[102.13398,14.9845],[102.13466,14.98474],[102.13589,14.98525],[102.13663,14.98542],[102.13749,14.98541],[102.13845,14.98556],[102.13891,14.98582],[102.14008,14.98615],[102.1407,14.98623],[102.14107,14.98656],[102.14142,14.98702],[102.14212,14.98713],[102.14305,14.98726],[102.14403,14.98717],[102.14435,14.98717],[102.14552,14.98741],[102.14655,14.98778],[102.14717,14.9882],[102.14789,14.98859],[102.14815,14.98937],[102.14843,14.98955],[102.14914,14.98952],[102.14937,14.98958],[102.15042,14.99007],[102.15081,14.99058],[102.15104,14.99074],[102.15189,14.99087],[102.15346,14.99119],[102.15389,14.99118],[102.15412,14.99124],[102.15457,14.99168],[102.1547,14.99174],[102.15482,14.99174],[102.15524,14.99178],[102.15553,14.99178],[102.15563,14.99173],[102.15589,14.99177],[102.15628,14.99188],[102.15647,14.99189],[102.15662,14.99192],[102.15677,14.9919],[102.157,14.99194],[102.1571,14.99201],[102.15716,14.99209],[102.15726,14.99225],[102.15734,14.99234],[102.15742,14.99239],[102.15753,14.99241],[102.15765,14.9924],[102.15781,14.99237],[102.1581,14.99225],[102.15844,14.99212]]}},{"type":"Feature","properties":{"name":"คลองตะคองเก่า","type":"canal","osm_id":338329087},"geometry":{"type":"LineString","coordinates":[[102.2261,15.00832],[102.22626,15.0085],[102.22638,15.0086],[102.2265,15.00866],[102.22667,15.00872],[102.22684,15.00876],[102.22706,15.00881],[102.22731,15.00895],[102.22746,15.009],[102.2276,15.00899],[102.22772,15.00897],[102.2278,15.00888],[102.2279,15.00869],[102.22788,15.00856],[102.22777,15.00848],[102.22768,15.00837],[102.2276,15.00823],[102.22758,15.00812],[102.22762,15.00802],[102.22776,15.00798],[102.22787,15.00803],[102.22804,15.00816],[102.2282,15.00826],[102.22833,15.00828],[102.22845,15.00824],[102.22859,15.00814],[102.22861,15.008],[102.22847,15.00773],[102.22843,15.00758],[102.22848,15.00745],[102.2286,15.00739],[102.22872,15.00737],[102.22892,15.00737],[102.22907,15.00728],[102.22918,15.00711],[102.22948,15.00698],[102.2296,15.00687],[102.22961,15.00674],[102.22963,15.00659],[102.2297,15.00648],[102.22984,15.00641],[102.22992,15.0064],[102.22999,15.00641],[102.23001,15.00645],[102.23005,15.00647],[102.23009,15.00647],[102.23023,15.00641],[102.23038,15.00634],[102.23064,15.00618],[102.23075,15.00598],[102.23082,15.00578],[102.23086,15.0056],[102.23091,15.00538],[102.23095,15.0053],[102.23104,15.00524],[102.23112,15.00521],[102.23124,15.00519],[102.23143,15.0052],[102.23163,15.00525],[102.23186,15.00527],[102.23205,15.00527],[102.23217,15.00524],[102.23229,15.00525],[102.23241,15.00532],[102.23251,15.00545],[102.23265,15.00567],[102.23278,15.00587],[102.23291,15.00609],[102.23303,15.0062],[102.23323,15.00627],[102.23422,15.00662],[102.23452,15.00674],[102.23487,15.00696],[102.23522,15.00726],[102.23532,15.00731],[102.2354,15.0074],[102.23548,15.00772],[102.23554,15.00789],[102.23559,15.00796],[102.23563,15.00801]]}},{"type":"Feature","properties":{"name":"","type":"canal","osm_id":392358649},"geometry":{"type":"LineString","coordinates":[[102.03701,15.05262],[102.03719,15.05238]]}},{"type":"Feature","properties":{"name":"","type":"canal","osm_id":392358650},"geometry":{"type":"LineString","coordinates":[[102.03978,15.04516],[102.04062,15.04412],[102.04136,15.04222],[102.04208,15.04049],[102.04229,15.03905],[102.04285,15.03855],[102.04367,15.03816],[102.04414,15.03748],[102.04421,15.03712],[102.04421,15.03659],[102.04418,15.03606],[102.04428,15.03578],[102.04451,15.03565],[102.04491,15.03553],[102.04531,15.03481],[102.04563,15.0344],[102.04572,15.0343],[102.04593,15.03419],[102.04612,15.03412],[102.0462,15.03401],[102.04624,15.0339],[102.04631,15.03385],[102.04645,15.03384],[102.0466,15.03385],[102.04669,15.03383],[102.04676,15.03378],[102.04682,15.0337],[102.04684,15.03358],[102.04681,15.03348],[102.04674,15.03336],[102.04661,15.03309],[102.04644,15.03253],[102.04643,15.03221],[102.04646,15.0319],[102.0463,15.03161],[102.04613,15.03139],[102.04578,15.03112],[102.04481,15.03035],[102.04199,15.02806],[102.04171,15.02788],[102.0415,15.02784],[102.04128,15.02784],[102.041,15.02793],[102.0394,15.02846],[102.03798,15.02894],[102.03712,15.02916],[102.03697,15.0292],[102.03681,15.0292],[102.03662,15.02915],[102.03643,15.02904],[102.03624,15.02879],[102.03584,15.02832],[102.0353,15.02763],[102.03506,15.02732],[102.03431,15.02666],[102.03141,15.02402],[102.02845,15.02134],[102.02667,15.01972],[102.02478,15.01803],[102.02345,15.01687],[102.02158,15.01523],[102.02093,15.01468],[102.02071,15.01455],[102.02017,15.01434],[102.01724,15.01324],[102.01456,15.01219],[102.01142,15.01099],[102.00808,15.00968],[102.00442,15.00832],[101.99823,15.00598],[101.99471,15.00463],[101.99381,15.0043],[101.99358,15.00416],[101.99339,15.00391],[101.99231,15.00196],[101.99091,14.99948],[101.98919,14.99629],[101.98756,14.99336],[101.98734,14.99292],[101.98727,14.99267],[101.98716,14.99155],[101.98671,14.9879],[101.98632,14.98471],[101.98591,14.98125],[101.98552,14.97723],[101.98538,14.97661],[101.98524,14.97634],[101.98484,14.9759],[101.98208,14.97264],[101.97922,14.96924],[101.97881,14.96882],[101.97774,14.96787],[101.97075,14.96182],[101.96798,14.95947],[101.96538,14.95723],[101.96294,14.95513],[101.96108,14.95356],[101.96059,14.95313],[101.96041,14.95279],[101.95948,14.95046],[101.95933,14.95007],[101.95925,14.94987],[101.95924,14.94971],[101.95929,14.94943],[101.95939,14.94915],[101.95961,14.94893],[101.96056,14.94825],[101.96089,14.94806],[101.96115,14.94795],[101.96178,14.94747],[101.96217,14.94786],[101.96272,14.94812],[101.9636,14.94861],[101.96416,14.94886],[101.96448,14.94912]]}},{"type":"Feature","properties":{"name":"ลำตะคอง","type":"river","osm_id":412501691},"geometry":{"type":"LineString","coordinates":[[102.07148,14.98149],[102.07159,14.98151],[102.07166,14.98156],[102.07165,14.98169],[102.07165,14.98196],[102.07173,14.9821],[102.07189,14.98225],[102.07203,14.98233],[102.0722,14.98233],[102.07234,14.98233],[102.07246,14.98232],[102.07255,14.98235],[102.07261,14.98241],[102.07266,14.98252],[102.07269,14.98266],[102.07275,14.98272],[102.07283,14.98275],[102.07295,14.98274],[102.07301,14.98272],[102.07306,14.98266],[102.07323,14.98215],[102.07335,14.98196],[102.0734,14.98184],[102.0734,14.98175],[102.07337,14.98167],[102.07327,14.98156],[102.07311,14.98136],[102.07309,14.98123],[102.07316,14.98116],[102.0733,14.98114],[102.07358,14.98128],[102.07371,14.98134],[102.07386,14.98146],[102.07393,14.98159],[102.07392,14.98172],[102.07394,14.98189],[102.07398,14.98206],[102.07403,14.98217],[102.07405,14.98225],[102.07403,14.98229],[102.07397,14.98231],[102.07369,14.98233],[102.07365,14.98238],[102.07363,14.98246],[102.07365,14.98257],[102.0737,14.98267],[102.07407,14.98314],[102.07414,14.98317],[102.0742,14.98318],[102.07427,14.98316],[102.07434,14.98308],[102.07442,14.98293],[102.07461,14.98268],[102.07471,14.98249],[102.07473,14.9823],[102.0747,14.98227],[102.07456,14.98218],[102.07451,14.9821],[102.07452,14.98203],[102.07458,14.98195],[102.07492,14.98174],[102.07503,14.98162],[102.07513,14.98152],[102.07522,14.98151],[102.07532,14.98157],[102.07542,14.98166],[102.07549,14.9818],[102.0756,14.98202],[102.07572,14.9821],[102.076,14.98221],[102.07617,14.9822],[102.0764,14.98215],[102.07662,14.98215],[102.07687,14.98216],[102.07708,14.9822],[102.07724,14.9822],[102.07732,14.98217],[102.07743,14.98207],[102.0775,14.98197],[102.07758,14.98193],[102.07788,14.98189],[102.0781,14.98192],[102.07837,14.982],[102.07855,14.98207],[102.07876,14.98215],[102.0788,14.98223],[102.07882,14.98234],[102.07881,14.98246],[102.0788,14.98262],[102.07885,14.98271],[102.07897,14.98276],[102.07912,14.98276],[102.07935,14.98271],[102.07953,14.98275],[102.07973,14.98284],[102.0799,14.98298],[102.08003,14.98318],[102.08022,14.98339],[102.08036,14.98348],[102.08053,14.98353],[102.0807,14.98352],[102.08086,14.98348],[102.08101,14.98341],[102.08111,14.98329],[102.08128,14.98327],[102.08149,14.98326],[102.08165,14.98328],[102.0818,14.98329],[102.08195,14.98329],[102.08202,14.98333],[102.08205,14.9834],[102.08205,14.98357],[102.08202,14.98367],[102.08194,14.98374],[102.08186,14.98381],[102.08184,14.98396],[102.08182,14.98412],[102.08175,14.98421],[102.08164,14.98429],[102.08159,14.98436],[102.08158,14.98445],[102.08155,14.98457],[102.08148,14.98465],[102.08125,14.98484],[102.08123,14.98489],[102.08124,14.98503],[102.0813,14.98517],[102.08138,14.98527],[102.08148,14.98533],[102.08161,14.98536],[102.08175,14.98537],[102.08188,14.98533],[102.08203,14.98523],[102.08221,14.98514],[102.0824,14.98511],[102.08275,14.98507],[102.08284,14.98505],[102.08296,14.98497],[102.08308,14.98486],[102.08322,14.98477],[102.08337,14.98473],[102.08381,14.98477],[102.08406,14.98477],[102.08443,14.98466],[102.08468,14.98464],[102.08493,14.98467],[102.08501,14.98471],[102.08501,14.98478],[102.08495,14.98487],[102.08476,14.98506],[102.08458,14.98551],[102.08448,14.98588],[102.08448,14.98606],[102.08453,14.98612],[102.08464,14.98616],[102.08476,14.98617],[102.08493,14.98612],[102.08542,14.9859],[102.0856,14.98578],[102.08569,14.98546],[102.08591,14.98522],[102.08601,14.98503],[102.08614,14.9849],[102.08633,14.98479],[102.08657,14.98479],[102.08685,14.98498],[102.08701,14.98521],[102.08729,14.98516],[102.08742,14.98492],[102.08758,14.98478],[102.08793,14.98483],[102.0881,14.98502],[102.08806,14.98541],[102.08826,14.98562],[102.08847,14.98565],[102.08866,14.98557],[102.08868,14.98531],[102.08873,14.98512],[102.08875,14.98464],[102.08854,14.9843],[102.08843,14.98418],[102.08845,14.98387],[102.08873,14.98373],[102.08908,14.98382],[102.08947,14.98411],[102.08963,14.9846],[102.08965,14.98524],[102.08973,14.98537],[102.08987,14.98539],[102.09002,14.98531],[102.09008,14.9852],[102.09008,14.98478],[102.09029,14.98442],[102.09054,14.98428],[102.0909,14.98381],[102.0911,14.98376],[102.0913,14.98389],[102.09128,14.98454],[102.09146,14.98499],[102.09167,14.98505],[102.09226,14.98485],[102.0928,14.98453],[102.09302,14.98432],[102.09318,14.98413],[102.09327,14.98378],[102.09337,14.9837],[102.09348,14.98371],[102.09356,14.98378],[102.09362,14.9839],[102.09375,14.98452],[102.09388,14.98464],[102.09407,14.98464],[102.09422,14.98451],[102.0943,14.98416],[102.09425,14.98384],[102.0941,14.98349],[102.09381,14.98303],[102.09384,14.98287],[102.09398,14.9828],[102.09447,14.98283],[102.09462,14.9829],[102.09472,14.98299],[102.09486,14.98337],[102.09499,14.98349],[102.09516,14.9835],[102.09541,14.9834],[102.09549,14.98326],[102.09552,14.98311],[102.09541,14.98277],[102.09548,14.98257],[102.09567,14.98247],[102.09596,14.98249],[102.09675,14.98243]]}},{"type":"Feature","properties":{"name":"","type":"river","osm_id":414261462},"geometry":{"type":"LineString","coordinates":[[102.51958,14.89861],[102.51734,14.89978],[102.51362,14.90582],[102.51183,14.9062],[102.511,14.90757],[102.5111,14.90933],[102.50761,14.91294],[102.50782,14.91441],[102.50771,14.91607],[102.50651,14.91634],[102.50456,14.91839],[102.50398,14.91798],[102.50329,14.91835],[102.50214,14.91717],[102.50055,14.91848],[102.49962,14.91785],[102.49722,14.91884],[102.49701,14.92072],[102.49586,14.92129],[102.49293,14.92396],[102.49269,14.92558],[102.48882,14.92732],[102.48868,14.92805],[102.48675,14.92882],[102.48623,14.9297],[102.48439,14.9302],[102.48386,14.93105],[102.48403,14.93146],[102.48349,14.93392],[102.48453,14.93442],[102.48383,14.93654],[102.48329,14.93785],[102.48378,14.9386],[102.48339,14.94133],[102.48372,14.94199],[102.48269,14.94222],[102.48242,14.94485],[102.48316,14.94512],[102.48292,14.94743],[102.48012,14.95309],[102.47756,14.95339],[102.47746,14.95398],[102.47746,14.95403],[102.47699,14.95656],[102.47667,14.95708],[102.47632,14.95756],[102.47496,14.96102],[102.47545,14.96206],[102.47395,14.96414],[102.47002,14.96636],[102.47009,14.96801],[102.47128,14.96788],[102.47127,14.96827],[102.47127,14.96838],[102.47071,14.96913],[102.47061,14.97087],[102.47262,14.97202],[102.47334,14.97237],[102.47372,14.97296],[102.47367,14.97366],[102.47488,14.97493],[102.47496,14.97716],[102.47414,14.9783],[102.47418,14.97843],[102.47405,14.97854],[102.47305,14.97938],[102.47207,14.97934],[102.47196,14.97968],[102.47087,14.9797],[102.47066,14.98058],[102.47006,14.98066],[102.46932,14.98333],[102.46901,14.9841],[102.46827,14.98455],[102.46646,14.98445],[102.46448,14.98657],[102.46392,14.98629],[102.46395,14.9871],[102.46329,14.98697],[102.46359,14.98805],[102.46337,14.98861],[102.46312,14.9887],[102.46265,14.98843],[102.46243,14.99036],[102.46028,14.99092],[102.45678,14.99519],[102.45514,14.99495],[102.45246,14.99637],[102.44845,14.99574],[102.44753,14.99472],[102.44758,14.99436],[102.44683,14.99442],[102.44635,14.99394],[102.44621,14.99307],[102.44487,14.9925],[102.44432,14.99276],[102.44319,14.99289],[102.4433,14.99226],[102.44169,14.99224],[102.43966,14.99516],[102.43805,14.99575],[102.4278,14.99665],[102.42377,14.99738],[102.42167,14.99819],[102.42149,14.99993],[102.41975,14.99979],[102.4167,14.9993],[102.41625,14.99958],[102.41602,14.99996],[102.4152,14.99973],[102.41515,15.00018],[102.41451,15.00013],[102.41464,15.0006],[102.41449,15.00076],[102.41441,15.00137],[102.41397,15.00128],[102.41373,15.00186],[102.41258,15.00181],[102.41171,15.00152],[102.41061,15.00117],[102.4105,15.00149],[102.41019,15.00156],[102.40914,15.00126],[102.40873,15.0013],[102.40848,15.00247],[102.4076,15.00293],[102.40647,15.00266],[102.40593,15.00297],[102.4053,15.00253],[102.40382,15.00284],[102.40409,15.00342],[102.40334,15.00414]]}},{"type":"Feature","properties":{"name":"","type":"river","osm_id":426929969},"geometry":{"type":"LineString","coordinates":[[102.40072,14.98129],[102.40121,14.982],[102.40125,14.98235],[102.40109,14.98256],[102.4013,14.983],[102.40121,14.98361],[102.40155,14.98421],[102.40204,14.98406],[102.40249,14.98432],[102.40282,14.98423],[102.40337,14.98434],[102.40381,14.98512],[102.40388,14.98544],[102.40363,14.98562],[102.40382,14.98588],[102.40429,14.98592],[102.4043,14.98639],[102.40377,14.9874],[102.4033,14.98757],[102.40345,14.98795],[102.40316,14.98869]]}},{"type":"Feature","properties":{"name":"","type":"canal","osm_id":444765648},"geometry":{"type":"LineString","coordinates":[[102.04332,15.21876],[102.0425,15.21911],[102.04232,15.21934],[102.04217,15.21988],[102.04201,15.21997],[102.0419,15.22011],[102.04194,15.22054]]}},{"type":"Feature","properties":{"name":"","type":"river","osm_id":444768865},"geometry":{"type":"LineString","coordinates":[[102.07076,15.19349],[102.07113,15.19366],[102.07137,15.19414],[102.07121,15.19457],[102.0712,15.19473],[102.0712,15.19483],[102.07129,15.19493],[102.07138,15.19492],[102.07158,15.19487],[102.07182,15.19482],[102.07223,15.19476],[102.07254,15.19457],[102.07371,15.19379],[102.07457,15.1946],[102.07453,15.19539],[102.07454,15.19595],[102.07498,15.19574],[102.07519,15.19567],[102.0759,15.19621],[102.07656,15.19615],[102.07679,15.19627],[102.07704,15.19634],[102.07725,15.19627],[102.07775,15.196],[102.07836,15.19575]]}},{"type":"Feature","properties":{"name":"","type":"stream","osm_id":444770806},"geometry":{"type":"LineString","coordinates":[[102.01925,15.24878],[102.01888,15.24989],[102.01862,15.25017],[102.01844,15.25074],[102.01783,15.25159],[102.01756,15.25182],[102.01748,15.25199],[102.01745,15.25216],[102.01755,15.25231],[102.01774,15.2524],[102.01809,15.25264],[102.0182,15.25274],[102.0182,15.25282],[102.01813,15.25297],[102.01803,15.25312],[102.01797,15.25336],[102.01793,15.25354],[102.01794,15.25366],[102.01794,15.25389],[102.01787,15.25408],[102.01775,15.25423],[102.01761,15.25435],[102.01755,15.2545],[102.01751,15.25476],[102.01745,15.25487],[102.0174,15.25499],[102.01737,15.25511],[102.01744,15.25522],[102.01766,15.25538],[102.01778,15.25545],[102.01782,15.25561],[102.01786,15.25609],[102.01792,15.25622],[102.01835,15.25683],[102.01857,15.25701],[102.01866,15.25711],[102.01867,15.25725],[102.01866,15.25742],[102.01861,15.2577],[102.01859,15.25795],[102.01859,15.25812],[102.0185,15.25822],[102.01842,15.2583],[102.01841,15.25845],[102.01845,15.25861],[102.01916,15.25991],[102.01932,15.26038],[102.01936,15.26067],[102.01936,15.26084],[102.01913,15.26098],[102.01888,15.2611],[102.01871,15.26125],[102.01868,15.26143],[102.01868,15.26171],[102.01865,15.26192],[102.01858,15.26207],[102.01848,15.26221],[102.01839,15.2624],[102.01805,15.26293],[102.01796,15.26309],[102.01794,15.2633],[102.01802,15.26373],[102.01812,15.26407],[102.01814,15.26434],[102.0181,15.26457],[102.01803,15.26489],[102.01793,15.2652],[102.01788,15.26544],[102.0179,15.26571],[102.01802,15.266],[102.01816,15.26614],[102.0186,15.26633],[102.01866,15.26642],[102.01863,15.26658],[102.01851,15.26667],[102.01836,15.26668],[102.01811,15.26663],[102.0179,15.26658],[102.01772,15.26659],[102.01763,15.26663],[102.01756,15.26684],[102.01758,15.26706],[102.01755,15.26722],[102.01745,15.26733],[102.01732,15.26736],[102.01722,15.26728],[102.01709,15.26714],[102.01691,15.26712],[102.01673,15.26719],[102.01654,15.26739],[102.01631,15.26763],[102.01605,15.26781],[102.01595,15.26798],[102.01588,15.2684],[102.01592,15.26859],[102.01605,15.26876],[102.01626,15.26895],[102.01641,15.26899],[102.01659,15.26894],[102.01682,15.26892],[102.01693,15.269],[102.01694,15.26914],[102.01693,15.26928],[102.01701,15.26941],[102.01719,15.26965],[102.0172,15.26981],[102.01696,15.27042],[102.01687,15.27056],[102.01668,15.2707],[102.0163,15.27105],[102.01618,15.27125],[102.01622,15.2715],[102.01653,15.27187],[102.01709,15.27218],[102.01767,15.27228],[102.0179,15.27228],[102.01811,15.27219],[102.01831,15.27208],[102.01849,15.2721],[102.01866,15.27245],[102.0188,15.27272],[102.01895,15.27282],[102.01917,15.27288],[102.01939,15.27304],[102.01986,15.2735],[102.01993,15.27368],[102.01987,15.27416],[102.0199,15.27488],[102.01985,15.27515],[102.01967,15.27533],[102.01953,15.27542],[102.01949,15.27554],[102.01962,15.27574],[102.01987,15.27606],[102.01985,15.2763],[102.01981,15.27645],[102.0199,15.27656],[102.02014,15.27652],[102.02044,15.27646],[102.02074,15.27655],[102.02086,15.27674],[102.02103,15.27731],[102.02125,15.27748],[102.02142,15.27761],[102.02145,15.27805],[102.02136,15.27824],[102.02119,15.27847],[102.02116,15.27875],[102.02114,15.27897],[102.02107,15.27903],[102.02075,15.27898],[102.02057,15.27903],[102.02059,15.27917],[102.02058,15.27939],[102.02048,15.27951],[102.02036,15.27962],[102.02037,15.27972],[102.0204,15.27991],[102.02032,15.28007],[102.02006,15.28022],[102.01985,15.28038]]}},{"type":"Feature","properties":{"name":"","type":"river","osm_id":444773305},"geometry":{"type":"LineString","coordinates":[[101.75164,15.22815],[101.75183,15.22815],[101.75204,15.22812],[101.75225,15.22813],[101.75239,15.22819],[101.75247,15.22825],[101.7525,15.22832],[101.75249,15.2284],[101.75246,15.22851],[101.75247,15.22858],[101.75252,15.22865],[101.75263,15.22869],[101.75272,15.2287],[101.75295,15.22864],[101.75329,15.22856],[101.75348,15.22851],[101.75362,15.2285],[101.75375,15.22845],[101.75376,15.22841],[101.75379,15.2283],[101.75376,15.22821],[101.75367,15.22785],[101.75358,15.22746],[101.75357,15.22722],[101.75356,15.22709],[101.7536,15.22699],[101.75366,15.2269],[101.75374,15.22683],[101.75378,15.22677],[101.7538,15.22666],[101.75383,15.22648],[101.75386,15.22639],[101.75392,15.22632],[101.75399,15.2263],[101.75409,15.22633],[101.7542,15.22643],[101.75428,15.22653],[101.75434,15.22659],[101.75442,15.22661],[101.75449,15.22662],[101.75454,15.22659],[101.75461,15.22649],[101.75467,15.22635],[101.75473,15.22621],[101.75479,15.22615],[101.75484,15.22603],[101.75486,15.22586],[101.75491,15.22574],[101.75498,15.22564],[101.75504,15.2256],[101.75516,15.22554],[101.75522,15.2255],[101.75524,15.22541],[101.75524,15.22529],[101.75521,15.22522],[101.75508,15.22512],[101.755,15.22503],[101.75493,15.22492],[101.75504,15.22487],[101.75513,15.22483],[101.75526,15.2248],[101.75547,15.22478],[101.75575,15.22475],[101.75587,15.22473],[101.75596,15.22471],[101.75606,15.22464],[101.75611,15.22457],[101.75622,15.22451],[101.75637,15.22443],[101.75653,15.22433],[101.75665,15.22422],[101.75674,15.22418],[101.75682,15.22415],[101.75696,15.22417],[101.75709,15.22426],[101.75722,15.22436],[101.75742,15.22457],[101.7575,15.22467],[101.75756,15.22478],[101.75755,15.22489],[101.75751,15.22498],[101.75739,15.22508],[101.75729,15.22521],[101.75728,15.22534],[101.75732,15.22546],[101.75739,15.22551],[101.7575,15.22552],[101.75765,15.22549],[101.75782,15.22546],[101.75795,15.22537],[101.75801,15.22521],[101.75797,15.2249],[101.75803,15.22469],[101.75818,15.22454],[101.75841,15.22452],[101.75872,15.22464],[101.75886,15.22464],[101.75903,15.22454],[101.75936,15.22443],[101.75958,15.22436],[101.75976,15.22425],[101.75987,15.22414],[101.7599,15.22402],[101.75984,15.22382],[101.75969,15.22361],[101.7597,15.22346],[101.75984,15.2234],[101.75996,15.22342],[101.76013,15.22346],[101.76045,15.22363],[101.76058,15.22379],[101.76069,15.22414],[101.76075,15.22444],[101.76091,15.22463],[101.76103,15.2247],[101.7614,15.22474],[101.76149,15.2248],[101.76167,15.2251],[101.76187,15.22518],[101.76223,15.2251],[101.76238,15.22515],[101.76252,15.22558],[101.76284,15.22564],[101.76304,15.22565],[101.7635,15.22567],[101.76373,15.22558],[101.76377,15.22533],[101.76385,15.22482],[101.76405,15.22453],[101.76429,15.22439],[101.76463,15.22436],[101.76487,15.22435],[101.76506,15.2245],[101.76524,15.22469],[101.76553,15.22483],[101.76564,15.22499],[101.76566,15.2252],[101.76569,15.22546],[101.76578,15.22552],[101.76598,15.22543],[101.7662,15.22529],[101.76642,15.22534],[101.7665,15.22545],[101.76641,15.22568],[101.76633,15.22578],[101.76609,15.2258],[101.76594,15.22588],[101.76586,15.22611],[101.76583,15.22626],[101.76571,15.22635],[101.76558,15.22645],[101.76558,15.22656],[101.76573,15.22685],[101.76575,15.2272],[101.76569,15.22729],[101.76546,15.22727],[101.76525,15.22718],[101.76496,15.22713],[101.76476,15.22722],[101.76473,15.22734],[101.76492,15.22757],[101.76502,15.2277],[101.76504,15.22786],[101.76494,15.22841],[101.76497,15.22856],[101.76507,15.22861],[101.76528,15.22839],[101.76542,15.22819],[101.7656,15.22822],[101.76571,15.22833],[101.76572,15.22848],[101.76564,15.22863],[101.76541,15.22877],[101.76535,15.22913],[101.76525,15.22944],[101.76528,15.22969],[101.76547,15.22993],[101.76569,15.23008],[101.7658,15.2301],[101.76586,15.22996],[101.76592,15.22974],[101.76598,15.22966],[101.76616,15.22961],[101.76638,15.22949],[101.76644,15.22939],[101.76636,15.22921],[101.76619,15.22905],[101.76623,15.22894],[101.76644,15.22882],[101.76655,15.22877],[101.76664,15.22861],[101.76673,15.22848],[101.76688,15.22836],[101.76703,15.22841],[101.76707,15.2286],[101.76703,15.22877],[101.76686,15.22888],[101.7667,15.22896],[101.76667,15.22912],[101.76673,15.22928],[101.76699,15.22928],[101.76747,15.22923],[101.76781,15.22927],[101.7681,15.22886],[101.76835,15.22882],[101.76845,15.22876],[101.7684,15.22866],[101.7681,15.22845],[101.76804,15.22815],[101.76819,15.22804],[101.76841,15.22799],[101.76865,15.22801],[101.7688,15.22792],[101.76877,15.22781],[101.76862,15.22765],[101.76858,15.22753],[101.76852,15.227],[101.7687,15.2267],[101.76887,15.22657],[101.76903,15.2266],[101.76914,15.22671],[101.76928,15.2269],[101.76928,15.22703],[101.76911,15.22721],[101.76912,15.2273],[101.76936,15.22733],[101.76955,15.22746],[101.76998,15.22766],[101.77024,15.22785],[101.7705,15.22783],[101.77085,15.22778],[101.77097,15.22784],[101.77091,15.228],[101.7707,15.22817],[101.77067,15.22832],[101.77082,15.22854],[101.77104,15.22866],[101.77121,15.22867],[101.77147,15.22862],[101.77176,15.22907],[101.77205,15.22965],[101.77259,15.23031],[101.77271,15.23036],[101.77284,15.23034],[101.7729,15.23018],[101.77291,15.22991],[101.77305,15.22979],[101.77316,15.22981],[101.77349,15.22982],[101.77368,15.22994],[101.77399,15.23017],[101.77404,15.23035],[101.77391,15.23058],[101.7738,15.23087],[101.77414,15.23139],[101.77474,15.23167],[101.77492,15.23203],[101.77535,15.23196],[101.77541,15.23219],[101.77517,15.23239],[101.77505,15.23252],[101.77501,15.23264],[101.77509,15.23273],[101.77539,15.23283],[101.77551,15.23293],[101.77539,15.23317],[101.77522,15.23357],[101.77508,15.23387],[101.77508,15.23401],[101.77525,15.2342],[101.77546,15.23422],[101.77559,15.23411],[101.77572,15.23399],[101.77588,15.23397],[101.77601,15.23402],[101.77606,15.23409],[101.77607,15.23424],[101.77606,15.23443],[101.77597,15.23475],[101.77597,15.23494],[101.77603,15.23503],[101.77614,15.23505],[101.77627,15.23494],[101.77637,15.23489],[101.77644,15.23494],[101.77643,15.23512],[101.77633,15.23522],[101.77618,15.2353],[101.77603,15.23542],[101.77598,15.23556],[101.77599,15.23566],[101.77607,15.23575],[101.77616,15.23579],[101.7763,15.23579],[101.77635,15.23575],[101.77643,15.23568],[101.77651,15.23553],[101.77661,15.23542],[101.77667,15.2354],[101.77681,15.23538],[101.7769,15.23538],[101.77695,15.2355],[101.77691,15.23571],[101.77688,15.23587],[101.77698,15.23603],[101.77721,15.23613],[101.77742,15.23629],[101.77747,15.23633],[101.77744,15.23649],[101.77728,15.23674],[101.77721,15.23704],[101.77708,15.23725],[101.77706,15.23744],[101.77718,15.23757],[101.77739,15.23759],[101.77782,15.23761],[101.77802,15.23777],[101.77808,15.23805],[101.77804,15.2383],[101.77787,15.23846],[101.77778,15.2387],[101.77767,15.23905],[101.77778,15.23926],[101.77796,15.23928],[101.77821,15.23924],[101.77844,15.23935],[101.77868,15.23964],[101.77898,15.24005],[101.77921,15.24011],[101.77971,15.24025],[101.78039,15.24039],[101.78068,15.2403],[101.78083,15.24005],[101.78113,15.24012],[101.78135,15.24012],[101.78144,15.24005],[101.78145,15.23993],[101.78131,15.23979],[101.78131,15.23965],[101.78146,15.23954],[101.78167,15.23938],[101.78172,15.23928],[101.78151,15.23907],[101.78147,15.23891],[101.78171,15.23882],[101.78182,15.23859],[101.78217,15.23831],[101.78233,15.23811],[101.78236,15.23799],[101.78225,15.23783],[101.78213,15.2376],[101.78199,15.23736],[101.78215,15.23724],[101.7823,15.23716],[101.78243,15.23708],[101.78243,15.237],[101.78234,15.23688],[101.78217,15.23677],[101.78213,15.23669],[101.78214,15.23652],[101.78223,15.23628],[101.7823,15.23604],[101.78241,15.23581],[101.78265,15.23553],[101.78269,15.2354],[101.78262,15.23523],[101.78254,15.23494],[101.78262,15.23473],[101.7828,15.23462],[101.78302,15.23458],[101.7834,15.23462],[101.78361,15.23457],[101.78377,15.23443],[101.78394,15.23442],[101.784,15.23458],[101.78397,15.23472],[101.78384,15.23488],[101.78376,15.23517],[101.78378,15.23543],[101.78388,15.2355],[101.78404,15.23546],[101.78417,15.23538],[101.78433,15.23522],[101.78446,15.23516],[101.78478,15.23517],[101.785,15.23519],[101.78512,15.23525],[101.78514,15.23539],[101.78506,15.23571],[101.78517,15.23601],[101.78525,15.23642],[101.78535,15.23649],[101.78546,15.2365],[101.78551,15.23645],[101.78558,15.23632],[101.78561,15.23621],[101.7857,15.23617],[101.78584,15.23619],[101.78605,15.23638],[101.78606,15.23652],[101.78607,15.23671],[101.78618,15.23681],[101.78647,15.23678],[101.78651,15.23697],[101.7863,15.23726],[101.78636,15.23749],[101.78642,15.2377],[101.78645,15.23798],[101.78656,15.2381],[101.78679,15.23809],[101.78692,15.23812],[101.78698,15.23817],[101.78696,15.23828],[101.78684,15.23841],[101.78663,15.23876],[101.78654,15.2389],[101.78646,15.23892],[101.78638,15.23887],[101.78633,15.23879],[101.78621,15.23859],[101.78592,15.23836],[101.78571,15.23839],[101.78562,15.23855],[101.78558,15.23877],[101.78557,15.2389],[101.78564,15.23898],[101.78573,15.23899],[101.7859,15.23897],[101.78606,15.23899],[101.78614,15.23903],[101.78621,15.23911],[101.78621,15.23921],[101.78597,15.23975],[101.78582,15.23983],[101.78571,15.23981],[101.7854,15.2397],[101.78524,15.23971],[101.78514,15.23981],[101.78514,15.23994],[101.78523,15.24029],[101.7855,15.24072],[101.78566,15.24083],[101.78583,15.24082],[101.78608,15.24072],[101.78656,15.24073],[101.78688,15.24077],[101.78713,15.2407],[101.78728,15.24079],[101.78746,15.24111],[101.78769,15.24122],[101.78796,15.24131],[101.7881,15.24124],[101.78809,15.24107],[101.7878,15.2407],[101.78775,15.24056],[101.78776,15.24039],[101.78788,15.24029],[101.78803,15.24025],[101.78819,15.24029],[101.78865,15.24058],[101.78883,15.24067],[101.78897,15.24062],[101.789,15.2404],[101.78888,15.24013],[101.78892,15.23994],[101.78907,15.23988],[101.78941,15.2399],[101.78966,15.23996],[101.78993,15.23995],[101.79002,15.23986],[101.79006,15.23972],[101.79007,15.23958],[101.79025,15.23948],[101.79042,15.23945],[101.79059,15.23935],[101.7906,15.23927],[101.79058,15.23914],[101.79048,15.23893],[101.79048,15.23883],[101.7905,15.23875],[101.79065,15.23859],[101.7907,15.23843],[101.79067,15.23827],[101.79044,15.23806],[101.79047,15.2376],[101.79048,15.23692],[101.79023,15.2366],[101.79016,15.23637],[101.79023,15.23622],[101.79045,15.23612],[101.79072,15.23606],[101.79095,15.23605],[101.79122,15.23602],[101.79144,15.23609],[101.7918,15.23618],[101.79198,15.2361],[101.79212,15.23582],[101.79225,15.23533],[101.79234,15.23495],[101.79227,15.23468],[101.79226,15.23446],[101.79246,15.23426],[101.79268,15.23418],[101.79294,15.23416],[101.79316,15.23419],[101.79321,15.23426],[101.79312,15.23447],[101.79304,15.23468],[101.7931,15.23488],[101.79329,15.235],[101.79347,15.235],[101.79377,15.23492],[101.79397,15.2351],[101.79419,15.23538],[101.79418,15.23554],[101.79396,15.23569],[101.7939,15.2359],[101.79401,15.236],[101.79432,15.23604],[101.79457,15.23616],[101.79472,15.23632],[101.79477,15.23651],[101.79477,15.23663],[101.79463,15.23674],[101.79441,15.23677],[101.79421,15.23682],[101.79408,15.23689],[101.79401,15.23701],[101.79415,15.23723],[101.7945,15.23741],[101.79475,15.23749],[101.79499,15.2375],[101.79512,15.23758],[101.79518,15.23773],[101.79514,15.23808],[101.79526,15.23829],[101.7957,15.2383],[101.79582,15.2384],[101.79585,15.23862],[101.79579,15.23898],[101.79577,15.2394],[101.79589,15.2398],[101.79621,15.2401],[101.79651,15.24032],[101.79665,15.24038],[101.7971,15.24029],[101.79748,15.24051],[101.79773,15.24054],[101.79788,15.24037],[101.79803,15.2402],[101.79835,15.24],[101.79858,15.23986],[101.79861,15.23963],[101.79859,15.23947],[101.79843,15.23937],[101.79808,15.23935],[101.7979,15.23931],[101.79784,15.2392],[101.79777,15.23898],[101.79776,15.23879],[101.79792,15.23857],[101.79818,15.23847],[101.79835,15.23843],[101.79861,15.23836],[101.7988,15.23835],[101.79894,15.23843],[101.79914,15.23867],[101.79932,15.23894],[101.79949,15.23902],[101.79973,15.23897],[101.80037,15.2386],[101.80065,15.23842],[101.80077,15.2382],[101.8009,15.23783],[101.80121,15.23776],[101.80146,15.23786],[101.80175,15.23812],[101.80192,15.23839],[101.80208,15.23852],[101.8024,15.23859],[101.80271,15.23863],[101.8029,15.23864],[101.80301,15.2386],[101.80307,15.23848],[101.80292,15.23824],[101.80272,15.23797],[101.80252,15.23778],[101.80247,15.23764],[101.80238,15.2374],[101.80223,15.23714],[101.8022,15.23695],[101.80223,15.23678],[101.80248,15.23667],[101.80269,15.23659],[101.80292,15.23654],[101.80304,15.23668],[101.80328,15.23704],[101.80352,15.23714],[101.80407,15.23703],[101.80486,15.23731],[101.80515,15.23729],[101.80554,15.23725],[101.80631,15.23735],[101.80639,15.23755],[101.80608,15.23785],[101.80605,15.23803],[101.80626,15.23833],[101.80641,15.23849],[101.80659,15.23863],[101.80676,15.2387],[101.80691,15.23865],[101.80693,15.2385],[101.80686,15.2383],[101.80679,15.23812],[101.80681,15.23798],[101.80686,15.23791],[101.80703,15.23784],[101.80721,15.23777],[101.80738,15.23772],[101.80776,15.23769],[101.80808,15.2375],[101.8084,15.23732],[101.80853,15.23732],[101.80882,15.23739],[101.80898,15.23777],[101.80924,15.238],[101.80953,15.23813],[101.80961,15.23818],[101.80966,15.2383],[101.80968,15.23859],[101.80983,15.23889],[101.80979,15.23912],[101.80985,15.23933],[101.81002,15.23947],[101.81021,15.23939],[101.8105,15.23932],[101.81076,15.23947],[101.8107,15.23972],[101.81067,15.24081],[101.8115,15.24113],[101.81181,15.24119],[101.81212,15.24151],[101.81241,15.24141],[101.81267,15.2412],[101.81278,15.24119],[101.81307,15.24136],[101.81318,15.24138],[101.81325,15.24134],[101.81332,15.24125],[101.81336,15.24114],[101.81337,15.24082],[101.81345,15.24077],[101.81363,15.24076],[101.81381,15.24076],[101.81404,15.24073],[101.81415,15.24065],[101.81416,15.24057],[101.81406,15.24029],[101.81398,15.24015],[101.814,15.23993],[101.81418,15.23975],[101.8144,15.2397],[101.81459,15.23983],[101.81481,15.23982],[101.81498,15.23981],[101.81509,15.23976],[101.81517,15.23967],[101.8152,15.23952],[101.81523,15.23947],[101.81535,15.23947],[101.81566,15.23953],[101.81582,15.23954],[101.81594,15.2395],[101.81594,15.23938],[101.81584,15.23928],[101.81571,15.23926],[101.81551,15.23927],[101.81534,15.23919],[101.81528,15.23874],[101.81535,15.2383],[101.81537,15.2381],[101.81555,15.23799],[101.81588,15.23792],[101.81607,15.2378],[101.81623,15.23769],[101.81635,15.23756],[101.81653,15.23749],[101.81665,15.23761],[101.81698,15.23804],[101.8171,15.23816],[101.81725,15.23817],[101.81739,15.23813],[101.81746,15.23801],[101.81745,15.23774],[101.81749,15.23745],[101.81769,15.23726],[101.81793,15.2372],[101.81811,15.23718],[101.81838,15.23687],[101.81843,15.23676],[101.81837,15.23658],[101.81817,15.23637],[101.81808,15.23615],[101.81779,15.236],[101.81763,15.23568],[101.81747,15.23545],[101.81745,15.23528],[101.81756,15.23519],[101.81773,15.23513],[101.81798,15.23504],[101.81817,15.23501],[101.81824,15.23496],[101.81826,15.23486],[101.81813,15.23454],[101.81801,15.23422],[101.81801,15.23402],[101.81805,15.23387],[101.81813,15.23382],[101.81832,15.23377],[101.81837,15.23373],[101.81838,15.23356],[101.81837,15.23341],[101.81841,15.23334],[101.81852,15.23329],[101.81866,15.23329],[101.81874,15.23334],[101.81884,15.23356],[101.8189,15.23368],[101.81899,15.23371],[101.81912,15.23369],[101.81918,15.23362],[101.8192,15.23344],[101.81919,15.23313],[101.81926,15.23296],[101.81933,15.23286],[101.81947,15.23284],[101.81972,15.23286],[101.81991,15.23286],[101.82007,15.23279],[101.82024,15.23268],[101.82037,15.23261],[101.82041,15.23262],[101.8205,15.23266],[101.82047,15.23285],[101.82043,15.23298],[101.82046,15.23311],[101.82054,15.23319],[101.82064,15.23322],[101.82087,15.23319],[101.821,15.2331],[101.82108,15.23296],[101.82115,15.2328],[101.82118,15.23272],[101.82127,15.23266],[101.82143,15.2326],[101.82152,15.23254],[101.82161,15.23244],[101.82172,15.23242],[101.82178,15.23243],[101.8218,15.23252],[101.82178,15.23276],[101.82183,15.23284],[101.8219,15.23286],[101.82199,15.23283],[101.82216,15.23261],[101.82221,15.23246],[101.82214,15.23234],[101.82205,15.23222],[101.82189,15.23197],[101.82187,15.23184],[101.82192,15.23174],[101.82199,15.23172],[101.82213,15.23172],[101.82226,15.23175],[101.82236,15.2317],[101.82243,15.23162],[101.82244,15.23153],[101.82239,15.23135],[101.82235,15.2312],[101.82252,15.2311],[101.82277,15.23102],[101.82301,15.23096],[101.82313,15.23076],[101.82328,15.23055],[101.82346,15.23035],[101.82354,15.23008],[101.82387,15.22981],[101.82404,15.22968],[101.82413,15.22955],[101.82417,15.22946],[101.82423,15.22905],[101.82432,15.22888],[101.82438,15.22881],[101.82456,15.22874],[101.8248,15.22863],[101.82489,15.22856],[101.82518,15.22822],[101.82532,15.22807],[101.82545,15.22802],[101.82551,15.22806],[101.82567,15.22826],[101.8259,15.2283],[101.8261,15.22832],[101.82621,15.22821],[101.82628,15.22807],[101.82641,15.22797],[101.82647,15.22798],[101.82656,15.22803],[101.82682,15.22822],[101.82706,15.22823],[101.82724,15.22821],[101.82739,15.22824],[101.82756,15.22832],[101.82759,15.22848],[101.82756,15.22885],[101.82784,15.22919],[101.82809,15.22932],[101.82825,15.22952],[101.82851,15.2293],[101.82862,15.22923],[101.82896,15.22931],[101.82914,15.22942],[101.82926,15.22954],[101.82928,15.22968],[101.82917,15.22995],[101.82908,15.23016],[101.82912,15.2304],[101.82921,15.23048],[101.82932,15.23049],[101.82964,15.23038],[101.83,15.23024],[101.83033,15.23006],[101.83038,15.22992],[101.83036,15.22969],[101.83041,15.22958],[101.83057,15.22954],[101.83076,15.22955],[101.83118,15.22964],[101.83144,15.22967],[101.83162,15.22949],[101.83159,15.22937],[101.83142,15.22918],[101.83148,15.22906],[101.83167,15.22896],[101.83183,15.22894],[101.83188,15.22896],[101.83202,15.22905],[101.83202,15.22923],[101.83214,15.22929],[101.83231,15.22928],[101.83246,15.22918],[101.8326,15.229],[101.83264,15.2289],[101.83265,15.22876],[101.83273,15.22872],[101.83291,15.22871],[101.83309,15.22873],[101.83321,15.22865],[101.83323,15.22859],[101.83322,15.22849],[101.83306,15.22834],[101.83284,15.228],[101.83258,15.22787],[101.83258,15.22779],[101.83268,15.22756],[101.83262,15.22727],[101.83251,15.22717],[101.83237,15.22715],[101.83221,15.22726],[101.83204,15.22735],[101.83192,15.22731],[101.83191,15.2272],[101.83208,15.22696],[101.83227,15.2268],[101.8324,15.22663],[101.83256,15.22652],[101.83273,15.22648],[101.833,15.22647],[101.83322,15.22648],[101.8334,15.22633],[101.83357,15.22632],[101.83376,15.22639],[101.8339,15.2265],[101.83394,15.22663],[101.8339,15.22691],[101.83398,15.22703],[101.83414,15.22711],[101.83454,15.22712],[101.83464,15.22742],[101.83475,15.22758],[101.83485,15.22759],[101.83513,15.22761],[101.83552,15.22759],[101.83561,15.22748],[101.83581,15.22728],[101.83614,15.22746],[101.83665,15.22735],[101.837,15.22734],[101.8374,15.22751],[101.83782,15.2276],[101.83802,15.22771],[101.83812,15.22788],[101.83819,15.228],[101.83812,15.22831],[101.83812,15.22846],[101.83825,15.22871],[101.83824,15.22901],[101.83819,15.22987],[101.83821,15.23006],[101.83832,15.23032],[101.83844,15.23048],[101.83867,15.23064],[101.83883,15.23068],[101.83888,15.23065],[101.83888,15.23044],[101.83889,15.23022],[101.83895,15.23004],[101.83906,15.22987],[101.83917,15.22988],[101.83947,15.23017],[101.83966,15.23026],[101.83985,15.23029],[101.84012,15.23025],[101.84034,15.23017],[101.84047,15.23014],[101.84064,15.23017],[101.84082,15.23019],[101.84093,15.23018],[101.84105,15.23009],[101.84103,15.22998],[101.84087,15.22988],[101.84063,15.22976],[101.84052,15.22962],[101.8405,15.22951],[101.84055,15.22945],[101.84064,15.2294],[101.84076,15.22937],[101.84082,15.2293],[101.8408,15.22924],[101.84062,15.22905],[101.84042,15.22887],[101.84027,15.22873],[101.84025,15.22863],[101.84023,15.22843],[101.84028,15.22831],[101.84033,15.22822],[101.84043,15.2282],[101.84061,15.22823],[101.84089,15.22821],[101.84103,15.22815],[101.8411,15.22806],[101.84111,15.22797],[101.84106,15.22783],[101.84096,15.22766],[101.84095,15.22754],[101.84107,15.22735],[101.84118,15.22705],[101.84117,15.22684],[101.84115,15.22675],[101.84123,15.2266],[101.84126,15.22645],[101.84128,15.22623],[101.84119,15.22595],[101.84097,15.22576],[101.84078,15.22553],[101.84077,15.22523],[101.84093,15.22507],[101.84116,15.22505],[101.84151,15.22509],[101.8417,15.22506],[101.84218,15.22497],[101.84225,15.22487],[101.84227,15.22467],[101.84217,15.22458],[101.84197,15.22437],[101.84208,15.22421],[101.84229,15.22415],[101.84264,15.22424],[101.84296,15.22402],[101.84344,15.22404],[101.84363,15.22358],[101.84369,15.22351],[101.84398,15.22351],[101.84428,15.2238],[101.84469,15.22403],[101.84542,15.22432],[101.84559,15.22442],[101.84551,15.22464],[101.84519,15.22495],[101.84523,15.22506],[101.8456,15.22526],[101.84568,15.22541],[101.84579,15.22544],[101.84598,15.22535],[101.84616,15.22534],[101.84631,15.22557],[101.84645,15.22564],[101.84665,15.22558],[101.84689,15.22551],[101.84721,15.2256],[101.84737,15.2258],[101.84749,15.22607],[101.8477,15.22615],[101.84796,15.22618],[101.84821,15.22606],[101.84842,15.22585],[101.84855,15.22566],[101.84877,15.22565],[101.84909,15.22575],[101.84932,15.22572],[101.84947,15.22569],[101.84966,15.22555],[101.84971,15.22528],[101.84983,15.22505],[101.8499,15.22486],[101.84991,15.22471],[101.84977,15.22463],[101.84959,15.22462],[101.84934,15.22458],[101.84915,15.22413],[101.84834,15.22425],[101.8483,15.22407],[101.84835,15.22383],[101.84803,15.2235],[101.84754,15.22351],[101.84739,15.22342],[101.84732,15.22325],[101.84748,15.22312],[101.84758,15.22298],[101.84754,15.22288],[101.84738,15.22281],[101.84724,15.22275],[101.84692,15.22213],[101.84688,15.22196],[101.84701,15.22164],[101.84701,15.22145],[101.84701,15.22127],[101.84724,15.22093],[101.84747,15.22075],[101.8479,15.22061],[101.84846,15.2207],[101.84884,15.2207],[101.84925,15.22066],[101.8496,15.22073],[101.84991,15.22083],[101.85002,15.22094],[101.8501,15.2212],[101.85024,15.22127],[101.85068,15.22137],[101.85083,15.22124],[101.85087,15.22103],[101.85083,15.22085],[101.85076,15.22062],[101.85075,15.22046],[101.85081,15.22038],[101.8509,15.22036],[101.85107,15.22042],[101.85121,15.22048],[101.85134,15.22048],[101.85156,15.22039],[101.85175,15.22026],[101.85182,15.22009],[101.85166,15.21995],[101.85164,15.21978],[101.8517,15.21971],[101.85215,15.21959],[101.85249,15.21915],[101.85292,15.21894],[101.85333,15.21918],[101.85355,15.2191],[101.85366,15.21887],[101.85391,15.21885],[101.85422,15.21907],[101.85483,15.21911],[101.85525,15.21927],[101.85568,15.2192],[101.85617,15.21933],[101.85651,15.21923],[101.8567,15.21926],[101.85696,15.21994],[101.85771,15.22017],[101.85808,15.22029],[101.85823,15.22028],[101.85845,15.2201],[101.8586,15.21978],[101.8587,15.21949],[101.85884,15.21936],[101.85903,15.21937],[101.8592,15.21951],[101.85935,15.21953],[101.85946,15.21943],[101.85945,15.21918],[101.85956,15.21904],[101.8598,15.21898],[101.85993,15.21916],[101.86009,15.21934],[101.86016,15.21945],[101.8602,15.21997],[101.8603,15.22003],[101.86035,15.21987],[101.86047,15.21937],[101.86058,15.21921],[101.86082,15.21907],[101.86107,15.21906],[101.86145,15.21909],[101.86188,15.21905],[101.86216,15.21897],[101.86237,15.21897],[101.86254,15.21903],[101.86277,15.21919],[101.86286,15.21938],[101.86275,15.21957],[101.86266,15.21963],[101.86244,15.2196],[101.86215,15.21963],[101.86201,15.21982],[101.86201,15.21995],[101.86219,15.22012],[101.8622,15.22033],[101.86218,15.22068],[101.862,15.22084],[101.86197,15.22097],[101.86198,15.22107],[101.86209,15.22114],[101.86225,15.22115],[101.86259,15.22095],[101.86269,15.22082],[101.86288,15.22085],[101.8631,15.22098],[101.86319,15.22095],[101.8633,15.22054],[101.86387,15.22032],[101.86431,15.22019],[101.86455,15.22016],[101.86473,15.22021],[101.86494,15.22048],[101.86508,15.22044],[101.86528,15.22027],[101.86549,15.22019],[101.86567,15.22022],[101.86576,15.22031],[101.86575,15.2205],[101.86599,15.22052],[101.86621,15.22088],[101.86629,15.22109],[101.86619,15.22131],[101.86626,15.22156],[101.86655,15.2217],[101.86672,15.22175],[101.86678,15.22181],[101.86692,15.22212],[101.86718,15.22224],[101.8676,15.2223],[101.86799,15.22266],[101.86829,15.22274],[101.86877,15.22273],[101.86944,15.22282],[101.86987,15.22268],[101.87005,15.22257],[101.87024,15.22258],[101.87065,15.22284],[101.87126,15.22317],[101.87134,15.22342],[101.87133,15.22377],[101.87177,15.22415],[101.87223,15.2247],[101.87255,15.22498],[101.87298,15.22521],[101.87323,15.22534],[101.87339,15.22533],[101.87351,15.22523],[101.87408,15.22474],[101.87424,15.22462],[101.87438,15.22484],[101.87449,15.22496],[101.87473,15.22478],[101.87489,15.22457],[101.87508,15.22409],[101.87491,15.22398],[101.87463,15.22389],[101.87455,15.22368],[101.87454,15.22343],[101.87439,15.2232],[101.87434,15.22305],[101.87464,15.22279],[101.8749,15.22258],[101.87508,15.22231],[101.87499,15.22194],[101.87501,15.22172],[101.87523,15.22162],[101.87548,15.22182],[101.87602,15.22225],[101.87615,15.22224],[101.87662,15.22191],[101.87704,15.22197],[101.8772,15.22203],[101.87755,15.22177],[101.87778,15.22181],[101.87797,15.22206],[101.87819,15.22218],[101.87826,15.22276],[101.87826,15.22319],[101.87852,15.2237],[101.87884,15.22365],[101.87914,15.22343],[101.87945,15.22328],[101.87989,15.2234],[101.88016,15.22371],[101.8804,15.22402],[101.88071,15.22419],[101.88106,15.22421],[101.88152,15.2241],[101.88167,15.22367],[101.88269,15.22344],[101.88489,15.22436],[101.90809,15.22602]]}},{"type":"Feature","properties":{"name":"","type":"river","osm_id":464476315},"geometry":{"type":"LineString","coordinates":[[102.51279,15.37032],[102.51175,15.37007],[102.51046,15.36941],[102.51015,15.3691],[102.5094,15.36819],[102.50826,15.36789],[102.50788,15.36741],[102.50812,15.36627],[102.50815,15.36519],[102.50858,15.36426],[102.50837,15.36299],[102.50861,15.36262],[102.50906,15.3624],[102.50933,15.36187],[102.50941,15.36117],[102.50898,15.36078],[102.5086,15.3608],[102.50774,15.36036],[102.5076,15.35996],[102.50765,15.35949],[102.50795,15.35915],[102.50825,15.35891],[102.50843,15.35865],[102.50843,15.35823],[102.50828,15.35784],[102.50794,15.35759],[102.50674,15.35734],[102.50585,15.35708],[102.5051,15.35724],[102.50428,15.35789],[102.5018,15.35831],[102.50137,15.35826],[102.50002,15.35776],[102.49843,15.35644],[102.49771,15.35622],[102.49648,15.3561],[102.49595,15.3556],[102.49633,15.35497],[102.49731,15.35492],[102.49753,15.35476],[102.49763,15.35446],[102.49716,15.35375],[102.49711,15.35337],[102.49734,15.35308],[102.49784,15.35294],[102.4984,15.35294],[102.49866,15.35285],[102.49881,15.35257],[102.49876,15.35203],[102.49848,15.35175],[102.49704,15.35156],[102.49646,15.35202],[102.49612,15.35202],[102.49575,15.35186],[102.49556,15.35145],[102.49568,15.35067],[102.49551,15.35016],[102.49561,15.3498],[102.49583,15.34943],[102.49642,15.34913],[102.49715,15.34829],[102.49761,15.34811],[102.49816,15.34816],[102.49869,15.34818],[102.49929,15.34809],[102.49957,15.34763],[102.49977,15.34724],[102.49963,15.3469],[102.49917,15.34655],[102.49856,15.3463],[102.49818,15.34625],[102.49783,15.34638],[102.49752,15.34685],[102.49721,15.34712],[102.49687,15.34706],[102.49667,15.34681],[102.49673,15.34592],[102.49668,15.3454],[102.49633,15.34501],[102.49523,15.34445],[102.49462,15.34454],[102.4942,15.34467],[102.49377,15.34467],[102.49299,15.34412],[102.49244,15.34423],[102.49223,15.34465],[102.49225,15.345],[102.49212,15.34521],[102.49192,15.34527],[102.49154,15.34519],[102.49113,15.34491],[102.49058,15.34478],[102.49015,15.34485],[102.48924,15.34564],[102.4889,15.34612],[102.4885,15.34631],[102.48752,15.3462],[102.48661,15.34654],[102.48527,15.34627],[102.48507,15.34595],[102.48511,15.34555],[102.48569,15.34474],[102.48578,15.34426],[102.48593,15.3439],[102.48631,15.34392],[102.48663,15.34432],[102.48682,15.34451],[102.48703,15.34457],[102.48726,15.34456],[102.48736,15.34446],[102.48755,15.34391],[102.48737,15.34291],[102.48762,15.34268],[102.48817,15.3429],[102.48875,15.34281],[102.48884,15.34263],[102.48863,15.34102],[102.48842,15.34086],[102.48744,15.34086],[102.48694,15.34109],[102.48651,15.34154],[102.486,15.34268],[102.48568,15.34297],[102.48498,15.34286],[102.48464,15.34297],[102.48438,15.34278],[102.48416,15.34204],[102.48427,15.34169],[102.48449,15.34138],[102.48478,15.34126],[102.48517,15.34133],[102.48547,15.34142],[102.48566,15.34136],[102.48575,15.34117],[102.48565,15.34064],[102.48536,15.34019],[102.48499,15.34014],[102.48467,15.3403],[102.48396,15.34015],[102.48352,15.34018],[102.48328,15.33992],[102.48319,15.33947],[102.48336,15.33915],[102.48402,15.33885],[102.4841,15.33839],[102.48471,15.33796],[102.48488,15.33771],[102.48493,15.33736],[102.48437,15.33686],[102.48405,15.33681],[102.48329,15.33717],[102.48263,15.33733],[102.48199,15.33736],[102.48176,15.33711],[102.48144,15.33698],[102.48095,15.33694],[102.48032,15.33711],[102.47993,15.33715],[102.47967,15.33715],[102.47953,15.33732],[102.47955,15.33756],[102.47972,15.33778],[102.48011,15.33794],[102.48024,15.3381],[102.48028,15.33831],[102.48015,15.33852],[102.47993,15.33861],[102.47935,15.33822],[102.47896,15.33815],[102.4785,15.33832],[102.47819,15.33844],[102.47785,15.3388],[102.47752,15.33967],[102.47722,15.34053],[102.47693,15.34063],[102.47674,15.34076],[102.47664,15.34115],[102.47636,15.34136],[102.47584,15.34133],[102.47555,15.34116],[102.47537,15.34094],[102.4752,15.34018],[102.4749,15.33979],[102.47443,15.33962],[102.47424,15.33928],[102.47424,15.33878],[102.47458,15.33814],[102.47507,15.33783],[102.47529,15.33696],[102.47623,15.33614],[102.47646,15.33616],[102.47679,15.3364],[102.47728,15.33648],[102.47767,15.3365],[102.47792,15.33661],[102.47813,15.33661],[102.47829,15.33653],[102.47831,15.33633],[102.47829,15.3361],[102.47734,15.33491],[102.47701,15.33443],[102.47657,15.33427],[102.47623,15.33423],[102.47602,15.33428],[102.47592,15.33441],[102.47589,15.33445],[102.47596,15.33515],[102.47587,15.33528],[102.47572,15.33532],[102.4756,15.33526],[102.4755,15.33513],[102.47536,15.33463],[102.47496,15.33434],[102.47452,15.33429],[102.47431,15.33433],[102.47409,15.33447],[102.47407,15.33463],[102.4744,15.33533],[102.47438,15.33551],[102.47419,15.33564],[102.47399,15.33562],[102.47388,15.33532],[102.47371,15.33522],[102.47352,15.33531],[102.47345,15.33558],[102.47265,15.3361],[102.47233,15.33553],[102.47187,15.33518],[102.47027,15.33266],[102.47008,15.33261],[102.46973,15.3326],[102.46947,15.33275],[102.4693,15.33295],[102.46923,15.33337],[102.46913,15.33394],[102.46899,15.33414],[102.46873,15.33429],[102.46851,15.33432],[102.46808,15.33435],[102.46791,15.33439],[102.46767,15.33459],[102.46765,15.33477],[102.4677,15.33496],[102.4678,15.33516],[102.46803,15.33528],[102.46826,15.33531],[102.46844,15.33539],[102.46848,15.33562],[102.46845,15.33585],[102.46827,15.33599],[102.46751,15.33627],[102.46728,15.33631],[102.46713,15.3362],[102.46702,15.33605],[102.46698,15.33542],[102.46683,15.33482],[102.46611,15.33433],[102.46575,15.33435],[102.46502,15.33504],[102.46432,15.33503],[102.46412,15.33472],[102.46414,15.33412],[102.46404,15.33374],[102.46409,15.33349],[102.46433,15.33341],[102.4647,15.33331],[102.46575,15.33337],[102.4658,15.33337],[102.4658,15.33315],[102.46571,15.33296],[102.46534,15.33278],[102.46451,15.33214],[102.46437,15.33194],[102.46439,15.33173],[102.46453,15.33156],[102.46473,15.33152],[102.46494,15.33155],[102.46554,15.33194],[102.46577,15.33189],[102.46591,15.33177],[102.46615,15.33076],[102.46627,15.33052],[102.46672,15.33033],[102.46671,15.33008],[102.46659,15.32971],[102.46641,15.32945],[102.46612,15.32936],[102.46589,15.32933],[102.46557,15.32952],[102.46546,15.3298],[102.46526,15.32989],[102.46468,15.32994],[102.4643,15.33012],[102.46412,15.33016],[102.46397,15.33012],[102.46377,15.32995],[102.46354,15.32957],[102.4633,15.32939],[102.46327,15.32928],[102.4633,15.32917],[102.4634,15.32904],[102.46343,15.3289],[102.46335,15.32877],[102.46299,15.32865],[102.46299,15.32837],[102.46306,15.32808],[102.46311,15.32787],[102.46304,15.32766],[102.4629,15.32761],[102.46273,15.32773],[102.46249,15.32817],[102.46212,15.32828],[102.46144,15.32829],[102.46127,15.32816],[102.46093,15.32737],[102.46061,15.3272],[102.46051,15.32709],[102.46041,15.32663],[102.46015,15.32629],[102.46002,15.32625],[102.45987,15.3263],[102.4595,15.32657],[102.45778,15.3247],[102.45761,15.3246],[102.45744,15.32459],[102.45722,15.32452],[102.45698,15.32451],[102.45684,15.32459],[102.45675,15.32474],[102.45601,15.325],[102.45577,15.32518],[102.45555,15.32535],[102.45489,15.32542]]}},{"type":"Feature","properties":{"name":"","type":"canal","osm_id":464841004},"geometry":{"type":"LineString","coordinates":[[102.48544,15.24236],[102.48455,15.24505],[102.48414,15.24626],[102.48372,15.24774],[102.48318,15.24954],[102.48235,15.25217],[102.48152,15.25489],[102.48127,15.2557],[102.48077,15.25745],[102.48055,15.25828]]}},{"type":"Feature","properties":{"name":"","type":"canal","osm_id":464841005},"geometry":{"type":"LineString","coordinates":[[102.48017,15.25962],[102.4799,15.26067],[102.47945,15.26239],[102.47884,15.26392],[102.47828,15.26555],[102.47758,15.26791],[102.47662,15.27077],[102.4759,15.27312],[102.47556,15.27469],[102.47537,15.27552],[102.4752,15.27617],[102.47487,15.27711],[102.47424,15.27879],[102.4742,15.27895]]}},{"type":"Feature","properties":{"name":"","type":"canal","osm_id":464841109},"geometry":{"type":"LineString","coordinates":[[102.4742,15.27895],[102.47417,15.27901],[102.47388,15.27984],[102.47361,15.28068],[102.47267,15.2826],[102.47239,15.28324],[102.47116,15.28571],[102.47084,15.28628],[102.47046,15.28736],[102.47011,15.28854],[102.46989,15.28948],[102.46966,15.28969]]}},{"type":"Feature","properties":{"name":"","type":"canal","osm_id":464841110},"geometry":{"type":"LineString","coordinates":[[102.4695,15.28979],[102.469,15.29038],[102.46879,15.29069],[102.46837,15.29124],[102.46832,15.29133],[102.46818,15.29199],[102.46812,15.29204],[102.46781,15.29199]]}},{"type":"Feature","properties":{"name":"","type":"canal","osm_id":464841486},"geometry":{"type":"LineString","coordinates":[[102.46882,15.30472],[102.46929,15.30437],[102.47094,15.30279],[102.47138,15.30239],[102.47343,15.2991],[102.47359,15.29908],[102.47436,15.29946],[102.47445,15.29951],[102.47458,15.29948],[102.47545,15.29847],[102.47565,15.29836],[102.47646,15.29732],[102.4765,15.29724],[102.47606,15.29676]]}},{"type":"Feature","properties":{"name":"","type":"canal","osm_id":464841487},"geometry":{"type":"LineString","coordinates":[[102.46952,15.30443],[102.47523,15.30733],[102.47575,15.30808],[102.47589,15.30823]]}},{"type":"Feature","properties":{"name":"","type":"canal","osm_id":464841513},"geometry":{"type":"LineString","coordinates":[[102.4772,15.30467],[102.47706,15.30571],[102.47678,15.30647],[102.47616,15.30775],[102.47589,15.30823],[102.47558,15.30875],[102.47526,15.30942],[102.47518,15.30962],[102.47518,15.30976],[102.47524,15.30982],[102.47549,15.30991],[102.47552,15.30998],[102.47553,15.31066],[102.47483,15.31199],[102.47381,15.31365],[102.47222,15.31631]]}},{"type":"Feature","properties":{"name":"","type":"canal","osm_id":464841514},"geometry":{"type":"LineString","coordinates":[[102.47222,15.31631],[102.47213,15.31651],[102.47168,15.31734],[102.46932,15.31637]]}},{"type":"Feature","properties":{"name":"","type":"canal","osm_id":464841515},"geometry":{"type":"LineString","coordinates":[[102.46896,15.31618],[102.46812,15.31581],[102.46773,15.31563],[102.46579,15.31502],[102.46447,15.31411],[102.4642,15.31397],[102.46252,15.3134],[102.46097,15.31267],[102.46015,15.31216],[102.45895,15.31151],[102.45894,15.31145],[102.45903,15.31135],[102.45905,15.31122],[102.45862,15.31095],[102.45806,15.31042],[102.45722,15.30992],[102.4571,15.30988],[102.45697,15.30996],[102.4561,15.31085],[102.45597,15.31094],[102.45576,15.31095]]}},{"type":"Feature","properties":{"name":"","type":"canal","osm_id":464841527},"geometry":{"type":"LineString","coordinates":[[102.464,15.3137],[102.46467,15.31257],[102.46344,15.31078],[102.46143,15.30818],[102.46262,15.30626],[102.46364,15.30416],[102.46427,15.30271]]}},{"type":"Feature","properties":{"name":"","type":"canal","osm_id":464841528},"geometry":{"type":"LineString","coordinates":[[102.46919,15.30419],[102.46988,15.30358],[102.46855,15.30222],[102.46816,15.30184],[102.46782,15.30126],[102.46734,15.30015],[102.46727,15.29976],[102.46672,15.29881],[102.46653,15.29858],[102.46646,15.29806],[102.46603,15.29757],[102.46598,15.29721],[102.46583,15.29704]]}},{"type":"Feature","properties":{"name":"","type":"canal","osm_id":464841550},"geometry":{"type":"LineString","coordinates":[[102.45486,15.30883],[102.45576,15.30767],[102.45668,15.3068],[102.4582,15.30508]]}},{"type":"Feature","properties":{"name":"","type":"canal","osm_id":464841551},"geometry":{"type":"LineString","coordinates":[[102.45832,15.30528],[102.45841,15.30528],[102.46048,15.3029],[102.46247,15.30078],[102.46316,15.30001],[102.46583,15.29704],[102.46596,15.2968],[102.46586,15.29631],[102.46582,15.29561],[102.46589,15.29539],[102.46622,15.29505],[102.46653,15.29478],[102.46722,15.2943],[102.46745,15.29386],[102.46751,15.29322],[102.4675,15.29223]]}},{"type":"Feature","properties":{"name":"","type":"canal","osm_id":464841570},"geometry":{"type":"LineString","coordinates":[[102.47618,15.29664],[102.47569,15.29608]]}},{"type":"Feature","properties":{"name":"","type":"canal","osm_id":465070596},"geometry":{"type":"LineString","coordinates":[[102.47442,15.3399],[102.4738,15.3413],[102.47258,15.34364]]}},{"type":"Feature","properties":{"name":"","type":"canal","osm_id":465070597},"geometry":{"type":"LineString","coordinates":[[102.47251,15.34377],[102.47217,15.34446],[102.47209,15.3447],[102.47186,15.34658],[102.47174,15.34781],[102.47165,15.3479],[102.47064,15.34765],[102.4705,15.34768],[102.47036,15.34798],[102.47011,15.3482],[102.46988,15.34831]]}},{"type":"Feature","properties":{"name":"","type":"canal","osm_id":465070598},"geometry":{"type":"LineString","coordinates":[[102.4697,15.34835],[102.46923,15.34829],[102.46827,15.34795],[102.46724,15.34777],[102.46697,15.34785],[102.46668,15.34804],[102.46612,15.34897],[102.4659,15.34914]]}},{"type":"Feature","properties":{"name":"","type":"canal","osm_id":465070599},"geometry":{"type":"LineString","coordinates":[[102.46568,15.34918],[102.46406,15.34888]]}},{"type":"Feature","properties":{"name":"","type":"canal","osm_id":465070600},"geometry":{"type":"LineString","coordinates":[[102.4639,15.34888],[102.46311,15.34868],[102.46289,15.3486],[102.46243,15.34861]]}},{"type":"Feature","properties":{"name":"","type":"canal","osm_id":465070601},"geometry":{"type":"LineString","coordinates":[[102.46228,15.34859],[102.46185,15.34859],[102.46076,15.34818],[102.46024,15.34801]]}},{"type":"Feature","properties":{"name":"","type":"canal","osm_id":465070602},"geometry":{"type":"LineString","coordinates":[[102.46007,15.34798],[102.45961,15.34772],[102.4581,15.34768],[102.45776,15.34766],[102.45725,15.34755]]}},{"type":"Feature","properties":{"name":"","type":"canal","osm_id":465070603},"geometry":{"type":"LineString","coordinates":[[102.45713,15.34753],[102.45575,15.34726],[102.45495,15.34728],[102.45415,15.34704],[102.45354,15.34682]]}},{"type":"Feature","properties":{"name":"","type":"canal","osm_id":465070604},"geometry":{"type":"LineString","coordinates":[[102.45342,15.34679],[102.45252,15.34654],[102.45206,15.34634],[102.45144,15.34617],[102.45135,15.34601],[102.4513,15.34573],[102.4514,15.34537]]}},{"type":"Feature","properties":{"name":"","type":"canal","osm_id":465070605},"geometry":{"type":"LineString","coordinates":[[102.45144,15.34523],[102.45146,15.34515],[102.45129,15.34507],[102.45026,15.34476],[102.44991,15.34465]]}},{"type":"Feature","properties":{"name":"","type":"canal","osm_id":465070619},"geometry":{"type":"LineString","coordinates":[[102.44979,15.3446],[102.44943,15.34444],[102.44901,15.34431],[102.44847,15.34423],[102.4479,15.34403],[102.4477,15.34394]]}},{"type":"Feature","properties":{"name":"","type":"canal","osm_id":465070620},"geometry":{"type":"LineString","coordinates":[[102.44756,15.34389],[102.44702,15.34369],[102.44669,15.34368],[102.44605,15.34368]]}},{"type":"Feature","properties":{"name":"","type":"canal","osm_id":465070727},"geometry":{"type":"LineString","coordinates":[[102.44552,15.34334],[102.44567,15.3433],[102.44619,15.34284]]}},{"type":"Feature","properties":{"name":"","type":"canal","osm_id":465070728},"geometry":{"type":"LineString","coordinates":[[102.44627,15.34273],[102.44654,15.3423],[102.44719,15.34091],[102.44763,15.34019],[102.44786,15.3394],[102.4482,15.3386],[102.44833,15.33827],[102.44852,15.33743]]}},{"type":"Feature","properties":{"name":"","type":"canal","osm_id":465070755},"geometry":{"type":"LineString","coordinates":[[102.44857,15.33728],[102.44905,15.33652],[102.44936,15.33578],[102.44966,15.33504],[102.4506,15.33244],[102.45159,15.32931],[102.45159,15.32918]]}},{"type":"Feature","properties":{"name":"","type":"canal","osm_id":465071362},"geometry":{"type":"LineString","coordinates":[[102.45967,15.31835],[102.46127,15.31895],[102.46234,15.3193],[102.46322,15.31962],[102.46415,15.32003],[102.46491,15.32032],[102.46624,15.32074],[102.46727,15.32108]]}},{"type":"Feature","properties":{"name":"","type":"canal","osm_id":465071363},"geometry":{"type":"LineString","coordinates":[[102.46742,15.32113],[102.4674,15.32116],[102.46693,15.32199],[102.46629,15.32313],[102.46575,15.32428],[102.46555,15.3247],[102.46553,15.32471],[102.46551,15.32474]]}},{"type":"Feature","properties":{"name":"","type":"canal","osm_id":465071364},"geometry":{"type":"LineString","coordinates":[[102.46564,15.32477],[102.46568,15.3248],[102.46807,15.32631],[102.46831,15.32653],[102.46887,15.32691],[102.46987,15.32746],[102.46999,15.32755],[102.46996,15.32773],[102.46985,15.328],[102.46991,15.32806],[102.47141,15.32853],[102.47247,15.32891],[102.47349,15.32924],[102.47401,15.3294],[102.47452,15.32954],[102.47525,15.32979],[102.4759,15.33011],[102.4761,15.33028],[102.47656,15.33072],[102.47683,15.33093],[102.47696,15.331]]}},{"type":"Feature","properties":{"name":"","type":"river","osm_id":465071597},"geometry":{"type":"LineString","coordinates":[[102.44261,15.31148],[102.443,15.31123],[102.44314,15.311],[102.44339,15.31047],[102.44369,15.31049],[102.44417,15.31097],[102.44445,15.3114],[102.4446,15.31155],[102.44484,15.31169],[102.44532,15.31175],[102.44596,15.31193],[102.4469,15.31243],[102.44694,15.31261],[102.44679,15.31286],[102.44665,15.31326],[102.44651,15.31341],[102.4463,15.3134],[102.44612,15.31332],[102.44597,15.31354],[102.44593,15.3138],[102.44598,15.314],[102.44633,15.31414],[102.44657,15.31423],[102.4468,15.31423],[102.44697,15.31412],[102.44701,15.31371],[102.44713,15.3136],[102.44769,15.31362],[102.44795,15.31377],[102.448,15.31402],[102.44794,15.31418],[102.44768,15.31425],[102.44758,15.31433],[102.44758,15.31447],[102.44781,15.31457],[102.44812,15.31455],[102.44855,15.31425],[102.4487,15.31423],[102.44886,15.31435],[102.44879,15.31454],[102.44852,15.31479],[102.44852,15.31508],[102.44886,15.31518],[102.44975,15.3153],[102.45005,15.31584],[102.4506,15.31585],[102.45121,15.31613],[102.45134,15.31624],[102.45134,15.31637],[102.45128,15.31645],[102.45101,15.31655],[102.45067,15.31676],[102.45027,15.31679],[102.45016,15.31702],[102.45016,15.31713],[102.4507,15.31774],[102.45088,15.31783],[102.45104,15.31774],[102.4511,15.31712],[102.4512,15.31695],[102.45142,15.3169],[102.45156,15.31694],[102.45167,15.31728],[102.45138,15.31798],[102.45082,15.31857],[102.45085,15.31871],[102.45141,15.3191],[102.45164,15.31912],[102.45179,15.31899],[102.4517,15.31869],[102.45177,15.31848],[102.45187,15.31838],[102.45203,15.31837],[102.45246,15.31868],[102.45265,15.31854],[102.45254,15.31808],[102.45218,15.31793],[102.45223,15.3177],[102.45218,15.31756],[102.45244,15.31715],[102.45267,15.31713],[102.45357,15.31722],[102.45412,15.31743],[102.4544,15.31798],[102.45441,15.31829],[102.45429,15.31842],[102.45398,15.31843],[102.45375,15.31855],[102.45374,15.31864],[102.45419,15.31895],[102.45437,15.31909],[102.45461,15.31935],[102.45479,15.31935],[102.45495,15.31919],[102.45513,15.31887],[102.4551,15.31865],[102.45528,15.31832],[102.4555,15.31821],[102.45644,15.31841],[102.45674,15.31882],[102.45671,15.31898],[102.45596,15.31958],[102.45553,15.32029],[102.45547,15.32055],[102.45555,15.32068],[102.45601,15.32079],[102.4563,15.32055],[102.45686,15.32111],[102.45618,15.32197],[102.45567,15.32191],[102.45561,15.32206],[102.45563,15.32223],[102.45602,15.32346],[102.45599,15.32368],[102.45579,15.32389],[102.45541,15.32417],[102.4547,15.32416],[102.45461,15.32401],[102.45485,15.32348],[102.45487,15.32319],[102.45471,15.32305],[102.4545,15.32296],[102.45386,15.32339],[102.45384,15.32402],[102.45363,15.32427],[102.45336,15.32462],[102.45324,15.32497],[102.45347,15.32529],[102.45377,15.32548],[102.45489,15.32542]]}},{"type":"Feature","properties":{"name":"","type":"canal","osm_id":465071907},"geometry":{"type":"LineString","coordinates":[[102.45386,15.32339],[102.45359,15.32315],[102.45327,15.32315],[102.45313,15.32317],[102.45294,15.32309]]}},{"type":"Feature","properties":{"name":"","type":"canal","osm_id":465379453},"geometry":{"type":"LineString","coordinates":[[102.46742,15.32113],[102.46758,15.32073],[102.46778,15.31995],[102.46801,15.31996],[102.46914,15.3165],[102.46915,15.31628]]}},{"type":"Feature","properties":{"name":"","type":"canal","osm_id":465381563},"geometry":{"type":"LineString","coordinates":[[102.46316,15.30001],[102.46451,15.30092]]}},{"type":"Feature","properties":{"name":"","type":"canal","osm_id":465546335},"geometry":{"type":"LineString","coordinates":[[102.42885,15.36335],[102.42943,15.3634],[102.43013,15.36358]]}},{"type":"Feature","properties":{"name":"","type":"canal","osm_id":465546336},"geometry":{"type":"LineString","coordinates":[[102.43024,15.36363],[102.43081,15.36374],[102.43104,15.36383],[102.4312,15.36387],[102.43181,15.36404],[102.43217,15.36418]]}},{"type":"Feature","properties":{"name":"","type":"canal","osm_id":465546337},"geometry":{"type":"LineString","coordinates":[[102.43234,15.36425],[102.43289,15.36448],[102.43334,15.36474],[102.43415,15.36523]]}},{"type":"Feature","properties":{"name":"","type":"canal","osm_id":465546338},"geometry":{"type":"LineString","coordinates":[[102.4343,15.36529],[102.43483,15.36561]]}},{"type":"Feature","properties":{"name":"","type":"canal","osm_id":465546339},"geometry":{"type":"LineString","coordinates":[[102.43493,15.36564],[102.4361,15.36647],[102.43637,15.36665],[102.43668,15.36685],[102.43699,15.367]]}},{"type":"Feature","properties":{"name":"","type":"canal","osm_id":465546340},"geometry":{"type":"LineString","coordinates":[[102.43711,15.36703],[102.43851,15.3676]]}},{"type":"Feature","properties":{"name":"","type":"canal","osm_id":465546341},"geometry":{"type":"LineString","coordinates":[[102.43867,15.36765],[102.4399,15.36812]]}},{"type":"Feature","properties":{"name":"","type":"canal","osm_id":465546342},"geometry":{"type":"LineString","coordinates":[[102.44006,15.36822],[102.44069,15.36844]]}},{"type":"Feature","properties":{"name":"","type":"canal","osm_id":465546343},"geometry":{"type":"LineString","coordinates":[[102.44079,15.36847],[102.44139,15.36869],[102.44178,15.36889],[102.4424,15.36913]]}},{"type":"Feature","properties":{"name":"","type":"canal","osm_id":465546388},"geometry":{"type":"LineString","coordinates":[[102.44248,15.36917],[102.44335,15.3695],[102.44381,15.36971]]}},{"type":"Feature","properties":{"name":"","type":"canal","osm_id":465546389},"geometry":{"type":"LineString","coordinates":[[102.44397,15.3698],[102.44457,15.37007],[102.44539,15.37036]]}},{"type":"Feature","properties":{"name":"","type":"canal","osm_id":465546390},"geometry":{"type":"LineString","coordinates":[[102.44565,15.37045],[102.44708,15.37088],[102.44736,15.371],[102.44751,15.3711]]}},{"type":"Feature","properties":{"name":"","type":"canal","osm_id":465546391},"geometry":{"type":"LineString","coordinates":[[102.44774,15.37125],[102.44877,15.37183]]}},{"type":"Feature","properties":{"name":"","type":"canal","osm_id":465546392},"geometry":{"type":"LineString","coordinates":[[102.44919,15.3721],[102.45002,15.37235]]}},{"type":"Feature","properties":{"name":"","type":"canal","osm_id":465546393},"geometry":{"type":"LineString","coordinates":[[102.45012,15.37238],[102.45087,15.37265]]}},{"type":"Feature","properties":{"name":"","type":"canal","osm_id":465546394},"geometry":{"type":"LineString","coordinates":[[102.45264,15.37329],[102.45342,15.37358]]}},{"type":"Feature","properties":{"name":"","type":"canal","osm_id":465546395},"geometry":{"type":"LineString","coordinates":[[102.45496,15.3743],[102.45555,15.37453]]}},{"type":"Feature","properties":{"name":"","type":"canal","osm_id":465546396},"geometry":{"type":"LineString","coordinates":[[102.4558,15.37462],[102.45646,15.37482],[102.45687,15.37498]]}},{"type":"Feature","properties":{"name":"","type":"canal","osm_id":465546397},"geometry":{"type":"LineString","coordinates":[[102.45699,15.375],[102.45732,15.3752]]}},{"type":"Feature","properties":{"name":"","type":"canal","osm_id":465546514},"geometry":{"type":"LineString","coordinates":[[102.43646,15.37527],[102.43707,15.37503],[102.43759,15.37493],[102.43787,15.37499]]}},{"type":"Feature","properties":{"name":"","type":"canal","osm_id":465546515},"geometry":{"type":"LineString","coordinates":[[102.43796,15.37504],[102.43883,15.37524],[102.4393,15.37534]]}},{"type":"Feature","properties":{"name":"ลำจักราช","type":"river","osm_id":497986606},"geometry":{"type":"LineString","coordinates":[[102.39859,15.05075],[102.3983,15.05191],[102.39785,15.05232],[102.39808,15.05283],[102.39817,15.05357],[102.39808,15.05396],[102.3977,15.05405],[102.39744,15.05386],[102.39722,15.05405],[102.39735,15.05447],[102.39776,15.05489],[102.39833,15.05489],[102.39863,15.05529],[102.39873,15.0557],[102.39852,15.05601],[102.39813,15.05587],[102.39769,15.05543],[102.39708,15.05548],[102.39681,15.0557],[102.39719,15.05646],[102.39802,15.05693],[102.39802,15.05718],[102.39732,15.05731],[102.39719,15.05751],[102.39733,15.05772],[102.39792,15.05801],[102.39978,15.05913],[102.3986,15.0606],[102.40048,15.06237],[102.4007,15.06396],[102.40028,15.06505],[102.40066,15.0654],[102.40136,15.06548],[102.4024,15.06595],[102.40264,15.06621],[102.40265,15.06726],[102.40345,15.06794],[102.40337,15.06883],[102.40273,15.06897],[102.40279,15.06962],[102.4027,15.07052],[102.40328,15.07098],[102.40374,15.07197],[102.4034,15.07263],[102.40494,15.07245],[102.40551,15.07319],[102.40552,15.07354],[102.40499,15.07415],[102.40433,15.07386],[102.40402,15.07475],[102.40362,15.07508],[102.40309,15.07568],[102.40249,15.07642],[102.4021,15.07773],[102.40229,15.07805],[102.40345,15.07892],[102.40252,15.07964],[102.40333,15.07998],[102.40414,15.08055],[102.4039,15.0817],[102.40324,15.08188],[102.40245,15.08212],[102.40238,15.08245],[102.40326,15.08341],[102.40347,15.08409],[102.40331,15.08463],[102.40366,15.08482],[102.40427,15.08462],[102.4045,15.08483],[102.40406,15.08562],[102.40396,15.08616],[102.40405,15.08698],[102.40382,15.08771],[102.40329,15.08835],[102.40365,15.08881],[102.40414,15.08895],[102.40447,15.08969],[102.40408,15.09017],[102.40359,15.08988],[102.40283,15.08994],[102.40262,15.09075],[102.40311,15.09083],[102.40374,15.09087],[102.40412,15.09135],[102.40316,15.09174],[102.40273,15.09274],[102.40241,15.09282],[102.40271,15.09344],[102.40249,15.09367],[102.40213,15.09357],[102.40172,15.09307],[102.4009,15.09332],[102.40093,15.09387],[102.40089,15.09445],[102.40106,15.09503]]}},{"type":"Feature","properties":{"name":"","type":"canal","osm_id":500593797},"geometry":{"type":"LineString","coordinates":[[102.43856,15.41358],[102.43914,15.41269],[102.43973,15.41196]]}},{"type":"Feature","properties":{"name":"","type":"canal","osm_id":500593799},"geometry":{"type":"LineString","coordinates":[[102.43986,15.41184],[102.44027,15.41146],[102.44055,15.41103],[102.4407,15.41053]]}},{"type":"Feature","properties":{"name":"","type":"canal","osm_id":500593800},"geometry":{"type":"LineString","coordinates":[[102.43665,15.41657],[102.43684,15.41597],[102.43718,15.41519],[102.4377,15.41443],[102.43842,15.41375]]}},{"type":"Feature","properties":{"name":"","type":"canal","osm_id":500593801},"geometry":{"type":"LineString","coordinates":[[102.43538,15.41989],[102.43579,15.41944],[102.43649,15.41892],[102.43655,15.41817],[102.43658,15.41733],[102.43666,15.41676]]}},{"type":"Feature","properties":{"name":"","type":"canal","osm_id":500594670},"geometry":{"type":"LineString","coordinates":[[102.43417,15.42045],[102.43468,15.42067],[102.43522,15.42004]]}},{"type":"Feature","properties":{"name":"","type":"canal","osm_id":501157610},"geometry":{"type":"LineString","coordinates":[[102.43807,15.44204],[102.43791,15.44192],[102.43739,15.44152],[102.4372,15.44145],[102.43685,15.44151],[102.43671,15.44145],[102.43661,15.44125],[102.43655,15.44101],[102.43636,15.4407],[102.43622,15.44064],[102.43574,15.4406],[102.4356,15.4405],[102.4355,15.44034],[102.43533,15.44015],[102.43519,15.44007],[102.43482,15.44007],[102.43461,15.44],[102.43451,15.43988],[102.43441,15.43963],[102.4343,15.43958],[102.43411,15.43957],[102.4339,15.43967],[102.43359,15.43974],[102.4333,15.43974],[102.43315,15.43965],[102.43316,15.43954],[102.43358,15.43904],[102.43363,15.43891],[102.43356,15.43876],[102.43338,15.43863],[102.43299,15.43843],[102.43285,15.43843],[102.43256,15.43849],[102.43237,15.43852],[102.43228,15.43848],[102.43222,15.43828],[102.43215,15.43802],[102.43197,15.43791],[102.43165,15.43786],[102.43134,15.43795],[102.43109,15.43809],[102.43089,15.43812],[102.43052,15.43796],[102.42997,15.43764],[102.42938,15.43733],[102.42918,15.43704],[102.42909,15.43683],[102.42914,15.43664],[102.4293,15.43645],[102.42939,15.43631],[102.42933,15.43613],[102.42919,15.43599],[102.42904,15.43599],[102.42886,15.43608],[102.42853,15.43643],[102.42835,15.43645],[102.42817,15.43639],[102.42791,15.43608],[102.42781,15.43597],[102.42741,15.43546],[102.42731,15.43528],[102.42731,15.43518],[102.42731,15.43511],[102.42747,15.43459],[102.42747,15.43439],[102.4274,15.43407],[102.42728,15.43394],[102.42701,15.43371],[102.42692,15.43357],[102.42684,15.43329],[102.42663,15.43323],[102.42631,15.43318],[102.42619,15.43299],[102.42612,15.43267],[102.42598,15.43232]]}},{"type":"Feature","properties":{"name":"","type":"canal","osm_id":501159156},"geometry":{"type":"LineString","coordinates":[[102.42598,15.43232],[102.4253,15.43169],[102.42515,15.4317],[102.42499,15.43195],[102.42485,15.432],[102.4244,15.43166],[102.42411,15.43155]]}},{"type":"Feature","properties":{"name":"","type":"canal","osm_id":501159157},"geometry":{"type":"LineString","coordinates":[[102.42411,15.43155],[102.42392,15.43139],[102.42375,15.43123],[102.42312,15.43081],[102.4229,15.43082],[102.42273,15.43091],[102.42256,15.43122],[102.42239,15.4313],[102.42199,15.4312],[102.42182,15.43123],[102.42161,15.43153],[102.42101,15.43189],[102.42096,15.43228],[102.42088,15.43262],[102.42063,15.43281],[102.42058,15.43289],[102.42049,15.43303]]}},{"type":"Feature","properties":{"name":"","type":"canal","osm_id":501159158},"geometry":{"type":"LineString","coordinates":[[102.42049,15.43303],[102.42039,15.43309],[102.41995,15.43307],[102.41951,15.43317],[102.41939,15.43339],[102.41899,15.43354],[102.41887,15.43352],[102.4187,15.43338],[102.41848,15.43331],[102.41827,15.43329],[102.41782,15.43329],[102.4174,15.43321],[102.41737,15.43307],[102.41718,15.4328],[102.41705,15.43256],[102.41697,15.43231],[102.41642,15.43235],[102.41605,15.43219],[102.41579,15.43245],[102.41563,15.43264],[102.41542,15.43267],[102.4152,15.43255],[102.41505,15.43233],[102.41468,15.43166],[102.41449,15.43159],[102.41424,15.43158],[102.4141,15.43171],[102.41392,15.43197],[102.41379,15.43211],[102.41347,15.43224],[102.41329,15.43208],[102.41314,15.43195],[102.41246,15.43179],[102.41239,15.43168],[102.41236,15.43158],[102.41245,15.43134],[102.41242,15.4312],[102.41229,15.43112],[102.41168,15.43088],[102.41156,15.43079],[102.41149,15.43065],[102.4114,15.43047],[102.41088,15.42986],[102.41064,15.42932],[102.41054,15.42923],[102.41035,15.42919],[102.4101,15.42925],[102.40985,15.42917],[102.4096,15.42893],[102.40933,15.4286],[102.40917,15.42848],[102.40898,15.4284],[102.40868,15.42839],[102.40864,15.42807],[102.40868,15.42788],[102.40866,15.42769],[102.40855,15.42753],[102.40855,15.42741],[102.40871,15.42729],[102.409,15.42708],[102.40907,15.427],[102.40899,15.42679],[102.40903,15.42658],[102.40917,15.4265],[102.40949,15.42625]]}},{"type":"Feature","properties":{"name":"","type":"canal","osm_id":501164266},"geometry":{"type":"LineString","coordinates":[[102.41192,15.38787],[102.4121,15.38773],[102.4122,15.38759],[102.41238,15.38754],[102.41252,15.38751]]}},{"type":"Feature","properties":{"name":"","type":"canal","osm_id":501164267},"geometry":{"type":"LineString","coordinates":[[102.41252,15.38751],[102.41268,15.38743],[102.41282,15.38732]]}},{"type":"Feature","properties":{"name":"","type":"canal","osm_id":501164268},"geometry":{"type":"LineString","coordinates":[[102.41282,15.38732],[102.41342,15.38676],[102.41389,15.38607],[102.41385,15.38591]]}},{"type":"Feature","properties":{"name":"","type":"canal","osm_id":501164269},"geometry":{"type":"LineString","coordinates":[[102.41385,15.38591],[102.41375,15.38569],[102.41372,15.38536],[102.41368,15.38506],[102.41374,15.38496],[102.41382,15.38489],[102.41394,15.38481],[102.41402,15.3847],[102.41414,15.38451]]}},{"type":"Feature","properties":{"name":"","type":"canal","osm_id":501164270},"geometry":{"type":"LineString","coordinates":[[102.41414,15.38451],[102.41428,15.38438],[102.41473,15.38412],[102.41483,15.38403],[102.41486,15.38392],[102.41481,15.38319],[102.41486,15.38312],[102.41497,15.38299],[102.41502,15.38283],[102.41501,15.38264],[102.41496,15.38243],[102.41498,15.38223],[102.41506,15.38208]]}},{"type":"Feature","properties":{"name":"","type":"canal","osm_id":501164271},"geometry":{"type":"LineString","coordinates":[[102.41506,15.38208],[102.41528,15.38159],[102.4154,15.38104],[102.41571,15.38024],[102.41583,15.38009]]}},{"type":"Feature","properties":{"name":"","type":"canal","osm_id":501164272},"geometry":{"type":"LineString","coordinates":[[102.41583,15.38009],[102.41614,15.37979],[102.41621,15.37942],[102.41627,15.37919],[102.41635,15.37896],[102.4164,15.37859],[102.41639,15.37842],[102.41647,15.37822],[102.4167,15.37781],[102.41675,15.37764],[102.41675,15.37733],[102.41674,15.37716]]}},{"type":"Feature","properties":{"name":"","type":"canal","osm_id":501164273},"geometry":{"type":"LineString","coordinates":[[102.41674,15.37716],[102.41678,15.3767],[102.41687,15.37622],[102.41685,15.3761],[102.41678,15.37586],[102.41675,15.37558],[102.41674,15.37535],[102.41678,15.37515],[102.417,15.3748],[102.41711,15.37464]]}},{"type":"Feature","properties":{"name":"","type":"canal","osm_id":501164274},"geometry":{"type":"LineString","coordinates":[[102.41711,15.37464],[102.41721,15.37449],[102.41739,15.37322],[102.41737,15.37302]]}},{"type":"Feature","properties":{"name":"ลำตะคอง","type":"river","osm_id":545181835},"geometry":{"type":"LineString","coordinates":[[102.09675,14.98243],[102.09744,14.98235],[102.09767,14.98239],[102.09789,14.98244],[102.09802,14.98265],[102.09812,14.98265],[102.09848,14.98256],[102.09885,14.98243],[102.09915,14.98232],[102.09938,14.98227],[102.09963,14.98225],[102.09986,14.98228],[102.09997,14.98233],[102.10003,14.98241],[102.10005,14.98248],[102.10003,14.98258],[102.09996,14.98266],[102.09981,14.98279],[102.09943,14.98302],[102.09928,14.98316],[102.09921,14.98331],[102.09918,14.98347],[102.09916,14.98364],[102.09917,14.98381],[102.0992,14.98393],[102.09927,14.98402],[102.09937,14.98405],[102.09948,14.98405],[102.09958,14.98399],[102.09978,14.9838],[102.10058,14.98314],[102.1007,14.98307],[102.10079,14.98306],[102.10087,14.98307],[102.10095,14.98311],[102.10101,14.98316],[102.10106,14.98325],[102.10107,14.98337],[102.10108,14.9836],[102.1011,14.9837],[102.10116,14.98376],[102.10127,14.9838],[102.10137,14.98378],[102.1015,14.98373],[102.10166,14.9836],[102.10176,14.98355],[102.10184,14.98356],[102.10191,14.98358],[102.10197,14.98362],[102.10202,14.98369],[102.10213,14.98397],[102.10218,14.98409],[102.10227,14.9842],[102.10238,14.98427],[102.10249,14.98431],[102.10259,14.98432],[102.10266,14.98431],[102.10273,14.98427],[102.10279,14.98422],[102.10285,14.98413],[102.10287,14.98404],[102.10285,14.98394],[102.10282,14.98386],[102.10266,14.98359],[102.10257,14.98338],[102.10254,14.98327],[102.10251,14.98315],[102.10253,14.98307],[102.10257,14.98299],[102.10269,14.98288],[102.10314,14.98261],[102.10322,14.98258],[102.10341,14.98255],[102.10374,14.98255],[102.10448,14.98258],[102.10474,14.98261],[102.10486,14.98266],[102.10494,14.9827],[102.10504,14.98272],[102.10515,14.98272],[102.10525,14.9827],[102.10534,14.98264],[102.10539,14.98256],[102.10546,14.98244],[102.1055,14.98228],[102.10552,14.98212],[102.10552,14.982],[102.10551,14.98186],[102.1055,14.98172],[102.10549,14.9816],[102.10551,14.9815],[102.10556,14.9814],[102.10562,14.98133],[102.10573,14.98133],[102.10584,14.98134],[102.10597,14.9814],[102.10618,14.98153],[102.10642,14.98164],[102.10672,14.98168],[102.10692,14.98173],[102.10708,14.9818],[102.10719,14.98184],[102.10737,14.98188],[102.10751,14.98186],[102.10767,14.98178],[102.1078,14.98176],[102.10806,14.98176],[102.10821,14.98175],[102.10834,14.98171],[102.10848,14.9816],[102.10854,14.98153],[102.10854,14.98147],[102.10853,14.98141],[102.10855,14.98134],[102.10858,14.98129],[102.10878,14.98105],[102.10889,14.98096],[102.10899,14.98091],[102.1091,14.98091],[102.10923,14.98093],[102.10934,14.98098],[102.1094,14.98103],[102.10948,14.98107],[102.10957,14.98114],[102.10962,14.98123],[102.10964,14.98132],[102.10971,14.98142],[102.10981,14.98147],[102.10992,14.98151],[102.11003,14.98158],[102.11012,14.98162],[102.11026,14.98166],[102.11039,14.98167],[102.11054,14.98162],[102.11063,14.98158],[102.11071,14.98152],[102.11083,14.98143],[102.11093,14.98129],[102.11113,14.98095],[102.11135,14.98073],[102.11147,14.98068],[102.11156,14.98072]]}},{"type":"Feature","properties":{"name":"ลำตะคอง","type":"river","osm_id":545208377},"geometry":{"type":"LineString","coordinates":[[102.04958,14.98608],[102.04965,14.98603],[102.04978,14.98581],[102.0499,14.98569],[102.05006,14.98547],[102.05024,14.98529],[102.05042,14.98524],[102.05062,14.9852],[102.05088,14.98519],[102.05122,14.98517],[102.05146,14.98519],[102.05157,14.98522],[102.05167,14.9853],[102.05171,14.98539],[102.05174,14.98548],[102.05182,14.98555],[102.0519,14.98558],[102.05202,14.98554],[102.05212,14.98544],[102.05218,14.98535],[102.05233,14.98491],[102.05237,14.98484],[102.0524,14.9848],[102.05247,14.98475],[102.05253,14.98473],[102.05307,14.98473],[102.05318,14.98471],[102.05331,14.98468],[102.05406,14.98418],[102.05453,14.98389],[102.05574,14.98312],[102.05605,14.98286],[102.05621,14.98274],[102.05644,14.98264],[102.05663,14.98259],[102.05706,14.98239],[102.05722,14.98226],[102.05733,14.98213],[102.05749,14.98197],[102.05772,14.98188],[102.05791,14.9818],[102.05805,14.98175],[102.05823,14.98173],[102.05845,14.98171],[102.05862,14.98172],[102.05874,14.98174],[102.05885,14.98173],[102.05897,14.98169],[102.0591,14.9816],[102.05941,14.98145],[102.05983,14.98121],[102.06032,14.98092],[102.06074,14.98069],[102.06094,14.98061],[102.06116,14.98054],[102.06132,14.98051],[102.06145,14.98043],[102.06181,14.98019],[102.06203,14.98001],[102.06223,14.97995],[102.06238,14.97989],[102.06252,14.97981],[102.0626,14.97973],[102.06266,14.97964],[102.06271,14.97958],[102.06279,14.97953],[102.06295,14.97949],[102.06308,14.97949],[102.06321,14.9795],[102.06337,14.97955],[102.0635,14.9796],[102.06357,14.97968],[102.06365,14.97982],[102.06372,14.97998],[102.06382,14.98006],[102.06395,14.98008],[102.06424,14.98006],[102.06451,14.97998],[102.06482,14.97987],[102.06527,14.97971],[102.06554,14.97961],[102.06565,14.9796],[102.06574,14.97966],[102.06584,14.97979],[102.06596,14.97983],[102.06623,14.97979],[102.06645,14.97974],[102.06651,14.9797],[102.06654,14.97957],[102.06656,14.97945],[102.06662,14.9794],[102.06675,14.97939],[102.0669,14.97942],[102.06708,14.97952],[102.06729,14.97957],[102.06746,14.97957],[102.06762,14.97957],[102.06781,14.97958],[102.068,14.97963],[102.06937,14.98014],[102.06973,14.98028],[102.0698,14.98039],[102.0699,14.9805],[102.07004,14.9807],[102.07006,14.98078],[102.07006,14.98086],[102.07003,14.98097],[102.06999,14.98113],[102.07001,14.98123],[102.07013,14.9814],[102.07045,14.98189],[102.07054,14.982],[102.07056,14.98209],[102.07054,14.98218],[102.07045,14.98224],[102.07031,14.98224],[102.07007,14.98223],[102.06996,14.98231],[102.06994,14.98238],[102.06995,14.98246],[102.07,14.98251],[102.07009,14.98254],[102.07018,14.98256],[102.0703,14.98264],[102.07041,14.98267],[102.07054,14.98265],[102.07065,14.98262],[102.07077,14.98255],[102.07084,14.98246],[102.07097,14.98238],[102.07113,14.98225],[102.07123,14.98213],[102.07129,14.98201],[102.07132,14.98189],[102.07131,14.98174],[102.07131,14.98163],[102.07136,14.98155],[102.07143,14.9815],[102.07148,14.98149]]}},{"type":"Feature","properties":{"name":"","type":"river","osm_id":545208378},"geometry":{"type":"LineString","coordinates":[[102.04958,14.98608],[102.04976,14.98623],[102.04984,14.98633],[102.04985,14.98638],[102.04987,14.9864],[102.04995,14.98645],[102.05004,14.98646],[102.0501,14.98648],[102.05015,14.98652],[102.05017,14.98658],[102.05014,14.98665],[102.05009,14.98674],[102.05005,14.98687],[102.05006,14.98697],[102.05008,14.98703],[102.05014,14.98707],[102.05055,14.98717],[102.05064,14.98717],[102.05071,14.98715],[102.05081,14.98716],[102.05111,14.98724],[102.05121,14.98726],[102.05136,14.98725],[102.05182,14.9872],[102.0523,14.98721],[102.05259,14.9872],[102.05271,14.98723],[102.05275,14.98726],[102.05316,14.98761],[102.05327,14.98768],[102.05339,14.98778],[102.05344,14.98779],[102.05348,14.98777],[102.05351,14.98772],[102.0536,14.98752],[102.0537,14.98738],[102.0538,14.98733],[102.05391,14.98731],[102.05404,14.98732],[102.05411,14.98734]]}},{"type":"Feature","properties":{"name":"","type":"river","osm_id":545208379},"geometry":{"type":"LineString","coordinates":[[102.05411,14.98734],[102.05415,14.98752],[102.05423,14.9877],[102.05429,14.98779],[102.0543,14.98786],[102.05428,14.98796],[102.05426,14.98806],[102.05429,14.98813],[102.05438,14.98821],[102.05456,14.98831],[102.05469,14.98834],[102.05486,14.98838],[102.05506,14.98844],[102.05525,14.98852],[102.05545,14.98863],[102.05571,14.98873],[102.05595,14.9888],[102.05612,14.98884],[102.05627,14.98885],[102.05643,14.98882],[102.05661,14.98879],[102.05678,14.98878],[102.0569,14.98881],[102.05701,14.98892],[102.05705,14.9892],[102.05708,14.98942],[102.05713,14.98956],[102.05726,14.9897],[102.05735,14.98974],[102.05749,14.98981],[102.05761,14.98992],[102.05774,14.99001],[102.05799,14.99006],[102.05797,14.99016],[102.05813,14.99018],[102.05834,14.99024],[102.05845,14.99029],[102.05849,14.99036],[102.05854,14.99054],[102.05864,14.99078],[102.05868,14.99095]]}},{"type":"Feature","properties":{"name":"","type":"river","osm_id":545208380},"geometry":{"type":"LineString","coordinates":[[102.05868,14.99095],[102.05903,14.99099],[102.05926,14.99106],[102.05947,14.99109],[102.05972,14.9911],[102.06004,14.99115],[102.06038,14.99117],[102.06075,14.99119],[102.06088,14.99114],[102.06096,14.99108],[102.061,14.99094],[102.06101,14.99081],[102.06096,14.9907],[102.06088,14.99056]]}},{"type":"Feature","properties":{"name":"","type":"river","osm_id":545208381},"geometry":{"type":"LineString","coordinates":[[102.06101,14.99081],[102.06113,14.99079]]}},{"type":"Feature","properties":{"name":"","type":"river","osm_id":545208382},"geometry":{"type":"LineString","coordinates":[[102.07137,14.99132],[102.07152,14.99127],[102.0717,14.99128],[102.07192,14.99131],[102.0722,14.99143],[102.07252,14.99161],[102.07269,14.99169],[102.07288,14.99168],[102.07305,14.99167],[102.07315,14.99155],[102.07313,14.99146],[102.07307,14.99131],[102.07296,14.99114],[102.07302,14.99108],[102.07313,14.99092],[102.07318,14.99073],[102.07323,14.99058],[102.07322,14.99049],[102.07316,14.99033],[102.07308,14.99022],[102.07296,14.99014],[102.07281,14.99005],[102.07274,14.98998],[102.07271,14.98988],[102.07273,14.98979],[102.07281,14.98969],[102.07284,14.98966]]}},{"type":"Feature","properties":{"name":"","type":"river","osm_id":545208383},"geometry":{"type":"LineString","coordinates":[[102.07407,14.98981],[102.07407,14.98947],[102.07407,14.98938],[102.074,14.98923],[102.07382,14.9891],[102.07374,14.98902],[102.0737,14.98887],[102.07372,14.98879],[102.07385,14.98874],[102.07399,14.98872],[102.07414,14.98868],[102.07422,14.9886],[102.07428,14.98848],[102.0743,14.98832],[102.07431,14.98821],[102.07432,14.98812],[102.07441,14.98793],[102.07458,14.98765],[102.07503,14.98702],[102.07515,14.98692],[102.07527,14.98686],[102.07539,14.98681],[102.07543,14.98676],[102.07545,14.98667],[102.07544,14.98658],[102.07541,14.9864],[102.07539,14.98626],[102.07541,14.98617],[102.07549,14.98609],[102.07558,14.98605],[102.07568,14.98607],[102.07578,14.98612],[102.07592,14.98625],[102.07607,14.98638],[102.07614,14.98642],[102.07622,14.98643],[102.07627,14.9864],[102.07631,14.98632],[102.0763,14.98623],[102.07624,14.98606],[102.07606,14.98589],[102.07593,14.98573],[102.07589,14.98564],[102.07587,14.98553],[102.07594,14.98532],[102.07605,14.98511],[102.07618,14.98493],[102.07631,14.98484],[102.0764,14.98481],[102.07667,14.98484],[102.07683,14.9849],[102.07694,14.98498],[102.07706,14.98518],[102.07719,14.98526],[102.0773,14.98526],[102.07746,14.98518],[102.07761,14.98513],[102.07774,14.98512],[102.07784,14.98517],[102.07793,14.98529],[102.07799,14.98543],[102.07802,14.98557],[102.07805,14.98563],[102.07821,14.98567],[102.07837,14.98562],[102.07853,14.98549],[102.0786,14.98537],[102.07862,14.98525],[102.07857,14.9851],[102.07849,14.98497],[102.07844,14.98484],[102.07846,14.98472],[102.07851,14.98461],[102.07863,14.98452],[102.07874,14.98451],[102.07884,14.98458],[102.07891,14.98471],[102.07908,14.98518],[102.07921,14.98534],[102.07934,14.98546],[102.07947,14.98551],[102.07961,14.98549],[102.0797,14.9854],[102.07973,14.98529],[102.07976,14.98512],[102.07977,14.98482],[102.0798,14.98457],[102.07988,14.98434],[102.07999,14.98409],[102.08002,14.98391],[102.08001,14.98373],[102.08003,14.98365],[102.0801,14.98358],[102.08028,14.98353],[102.08053,14.98353]]}},{"type":"Feature","properties":{"name":"ลำตะคอง","type":"river","osm_id":545208396},"geometry":{"type":"LineString","coordinates":[[101.99437,14.96417],[101.99446,14.96433],[101.99459,14.96445],[101.99473,14.96451],[101.99488,14.96452],[101.99502,14.96446],[101.99512,14.96437],[101.99532,14.96417],[101.9954,14.96401],[101.9955,14.9639],[101.99557,14.96387],[101.99568,14.96387],[101.99587,14.96385],[101.9962,14.96376],[101.99629,14.96378],[101.99646,14.96383],[101.99668,14.9638],[101.99683,14.96381],[101.99692,14.96386],[101.99717,14.96404],[101.99723,14.9642],[101.9972,14.96433],[101.99717,14.96448],[101.99716,14.96466],[101.99724,14.96495],[101.99732,14.96507],[101.99741,14.96508],[101.99753,14.96503],[101.99765,14.965],[101.99774,14.96501],[101.99781,14.96506],[101.99786,14.96513],[101.99792,14.9653],[101.998,14.96546],[101.99807,14.96551],[101.99821,14.96555],[101.99836,14.9655],[101.99846,14.9654],[101.99852,14.96529],[101.99857,14.96502],[101.99861,14.9648],[101.99868,14.96472],[101.99877,14.96472],[101.9991,14.96481],[101.99934,14.96481],[101.99961,14.96472],[102.0,14.96453],[102.00028,14.96446],[102.00044,14.96432],[102.00057,14.9642],[102.00093,14.96403],[102.00115,14.96396],[102.00132,14.96397],[102.0015,14.96406],[102.00156,14.9642],[102.00151,14.96437],[102.00136,14.96458],[102.00109,14.96477],[102.0009,14.96506],[102.00087,14.96524],[102.00094,14.96536],[102.00116,14.96541],[102.00145,14.96536],[102.0018,14.96521],[102.00201,14.96507],[102.00219,14.96504],[102.00239,14.96507],[102.0026,14.96514],[102.00272,14.96523],[102.00278,14.96537],[102.00276,14.96563],[102.00267,14.96575],[102.0025,14.96579],[102.00216,14.96574],[102.00174,14.96585],[102.00151,14.96598],[102.00137,14.96618],[102.00139,14.96635],[102.00145,14.96659],[102.00173,14.96675],[102.00206,14.96681],[102.00222,14.96681],[102.00245,14.96683],[102.00263,14.96694],[102.00273,14.96713],[102.00279,14.96733],[102.00302,14.96745],[102.00316,14.96753],[102.0032,14.96771],[102.00344,14.96823],[102.00363,14.96857],[102.00378,14.96872],[102.00395,14.96878],[102.00406,14.96874],[102.00413,14.96865],[102.00416,14.96848],[102.00418,14.96823],[102.00411,14.9678],[102.00411,14.96768],[102.00412,14.96757],[102.00421,14.96747],[102.0043,14.96745],[102.00444,14.96749],[102.0051,14.96768],[102.00519,14.96776],[102.00524,14.96783],[102.00525,14.96794],[102.00524,14.96805],[102.00519,14.96821],[102.00513,14.96834],[102.00513,14.96863],[102.00524,14.96882],[102.00552,14.96886],[102.00587,14.96873],[102.00633,14.96859],[102.00647,14.96854],[102.00729,14.96832],[102.00822,14.96807],[102.00886,14.96791],[102.0092,14.96789],[102.00957,14.96797],[102.01022,14.96818],[102.01042,14.96829],[102.01057,14.9685],[102.01049,14.96886],[102.01064,14.96917],[102.01164,14.9695],[102.01188,14.96928],[102.01214,14.96931],[102.01253,14.96945],[102.01276,14.96959],[102.01294,14.96949],[102.01308,14.96934],[102.01335,14.96923],[102.01352,14.96926],[102.01358,14.9694],[102.01341,14.96956],[102.01334,14.96975],[102.01325,14.96994],[102.01315,14.97005],[102.0129,14.97012],[102.01266,14.97026],[102.01266,14.97041],[102.01275,14.97046],[102.01298,14.97048],[102.01348,14.97066],[102.01375,14.97087],[102.01388,14.97113],[102.01403,14.97136],[102.01425,14.97156],[102.01449,14.97182],[102.01475,14.97179],[102.01489,14.97145],[102.015,14.97119],[102.01525,14.97105],[102.01552,14.97116],[102.01553,14.97139],[102.0155,14.97165],[102.01565,14.97187],[102.01612,14.97202],[102.0163,14.97209],[102.01626,14.97236],[102.01614,14.97262],[102.01625,14.97296],[102.01659,14.97307],[102.0172,14.97295],[102.01748,14.97286],[102.01788,14.97297],[102.01831,14.97292],[102.01867,14.97281],[102.0191,14.97277],[102.01934,14.97292],[102.01946,14.9732],[102.01935,14.97362],[102.01918,14.97384],[102.01926,14.97408],[102.01938,14.97424],[102.01957,14.9742],[102.01978,14.9741],[102.01993,14.97406],[102.02027,14.97415],[102.02068,14.97416],[102.021,14.97413],[102.02155,14.97424],[102.02179,14.97496],[102.02234,14.97535],[102.02281,14.97584],[102.02284,14.9761],[102.02259,14.97656],[102.02221,14.97705],[102.02237,14.9773],[102.02265,14.97744],[102.02292,14.97726],[102.02325,14.97716],[102.02373,14.97702],[102.02391,14.9769],[102.02405,14.97677],[102.024,14.97664],[102.02389,14.97627],[102.024,14.97603],[102.02418,14.97577],[102.02447,14.9755],[102.02482,14.97548],[102.02504,14.97571],[102.02539,14.97661],[102.02601,14.97659],[102.02735,14.97641],[102.0278,14.97641],[102.02804,14.97654],[102.02829,14.97685],[102.02878,14.97701],[102.02902,14.97722],[102.02933,14.97747],[102.02948,14.97773],[102.02949,14.97828],[102.02969,14.97841],[102.02998,14.97839],[102.03039,14.97835],[102.03074,14.97847],[102.03115,14.97882],[102.03126,14.9791],[102.03135,14.9796],[102.03157,14.97993],[102.03185,14.97996],[102.03223,14.97957],[102.03238,14.97932],[102.03257,14.97905],[102.03262,14.97882],[102.03245,14.97849],[102.03239,14.97827],[102.03257,14.97795],[102.03286,14.97791],[102.03333,14.97786],[102.03356,14.97822],[102.0336,14.97853],[102.03349,14.97895],[102.03355,14.97916],[102.03377,14.97931],[102.03405,14.97911],[102.03453,14.97889],[102.03488,14.97876],[102.03525,14.97893],[102.03568,14.97884],[102.03598,14.97868],[102.03639,14.97851],[102.03684,14.97835],[102.0371,14.97831],[102.03736,14.97837],[102.03748,14.97869],[102.03744,14.97895],[102.03728,14.97908],[102.03722,14.97939],[102.0373,14.9795],[102.03763,14.97937],[102.03809,14.97884],[102.03842,14.97884],[102.0386,14.97897],[102.03875,14.9792],[102.03888,14.97954],[102.03874,14.97984],[102.03885,14.98021],[102.03903,14.98032],[102.03927,14.98032],[102.03955,14.9799],[102.0397,14.97959],[102.03993,14.97938],[102.04003,14.97949],[102.03997,14.97998],[102.04014,14.98049],[102.04051,14.98118],[102.0408,14.98157],[102.04095,14.98251],[102.04125,14.98258],[102.04151,14.98249],[102.0419,14.98283],[102.04248,14.98306],[102.04258,14.98304],[102.04266,14.98297],[102.04268,14.98278],[102.04269,14.98254],[102.04293,14.98203],[102.04299,14.98199],[102.04311,14.982],[102.04316,14.98205],[102.04319,14.98221],[102.0434,14.98251],[102.04366,14.98271],[102.04375,14.98282],[102.04379,14.98299],[102.04405,14.98361],[102.04424,14.98374],[102.04409,14.98418],[102.04428,14.98462],[102.04444,14.98483],[102.04445,14.98539],[102.04452,14.98557],[102.04472,14.98556],[102.04507,14.98537],[102.04544,14.9851],[102.04573,14.98505],[102.04604,14.9852],[102.04613,14.98549],[102.04609,14.98592],[102.0463,14.9861],[102.04643,14.98624],[102.04646,14.98638],[102.04657,14.98658],[102.04678,14.98672],[102.04691,14.98676],[102.04703,14.98675],[102.04713,14.98666],[102.0472,14.98652],[102.04726,14.98646],[102.04758,14.98652],[102.04778,14.98654],[102.04799,14.98649],[102.04824,14.9865],[102.04841,14.98657],[102.04855,14.98661],[102.04875,14.98663],[102.04892,14.98663],[102.04911,14.98661],[102.04923,14.98654],[102.04939,14.98633],[102.04958,14.98608]]}},{"type":"Feature","properties":{"name":"","type":"canal","osm_id":550528280},"geometry":{"type":"LineString","coordinates":[[102.47417,15.27901],[102.47385,15.27893],[102.47341,15.27881],[102.47291,15.27856],[102.47253,15.27819],[102.47157,15.27741],[102.47097,15.27691],[102.47072,15.27657],[102.47051,15.27619],[102.47035,15.27588],[102.47012,15.27554],[102.46962,15.27499],[102.46899,15.27446],[102.46874,15.27431],[102.46804,15.27402],[102.46675,15.27401],[102.46616,15.27393],[102.46552,15.27392]]}},{"type":"Feature","properties":{"name":"","type":"canal","osm_id":550530671},"geometry":{"type":"LineString","coordinates":[[102.4653,15.27402],[102.46485,15.27419],[102.46455,15.27427],[102.46419,15.27439],[102.46396,15.27444],[102.46373,15.27442],[102.46319,15.27458],[102.46282,15.27464],[102.46263,15.27466],[102.46246,15.27461],[102.46088,15.27335],[102.46009,15.27271],[102.45981,15.27213],[102.45974,15.27183]]}},{"type":"Feature","properties":{"name":"","type":"canal","osm_id":550532718},"geometry":{"type":"LineString","coordinates":[[102.45974,15.27183],[102.45947,15.2724],[102.45937,15.27251],[102.45844,15.27381],[102.45838,15.274],[102.45835,15.27412],[102.45816,15.27446],[102.45766,15.27537],[102.45762,15.27548],[102.45725,15.2763],[102.45726,15.27645],[102.45738,15.27667],[102.45758,15.27681],[102.45841,15.27737],[102.45892,15.27779],[102.45928,15.2782],[102.45934,15.27836],[102.45934,15.27854],[102.45949,15.27867],[102.45977,15.27886],[102.46007,15.27926],[102.46035,15.27973],[102.46044,15.28013],[102.46052,15.28028],[102.4608,15.28054],[102.46116,15.28073],[102.4615,15.28094],[102.46156,15.28101],[102.46113,15.28172],[102.46122,15.28179],[102.46218,15.28237],[102.46245,15.28255],[102.46272,15.28267],[102.46374,15.28282],[102.46343,15.28334]]}},{"type":"Feature","properties":{"name":"","type":"canal","osm_id":550532816},"geometry":{"type":"LineString","coordinates":[[102.46357,15.28343],[102.46413,15.28431],[102.46432,15.28461],[102.46459,15.28488],[102.46505,15.28558],[102.46563,15.28731],[102.46564,15.28767],[102.46564,15.28783],[102.46567,15.28893],[102.46573,15.28911],[102.46615,15.28993],[102.46633,15.29022],[102.46659,15.29055],[102.4671,15.29107],[102.46734,15.29135],[102.46751,15.29169],[102.46757,15.29192],[102.46754,15.29201],[102.4675,15.29223]]}},{"type":"Feature","properties":{"name":"","type":"river","osm_id":570075256},"geometry":{"type":"LineString","coordinates":[[102.06113,14.99079],[102.06154,14.99069]]}},{"type":"Feature","properties":{"name":"","type":"river","osm_id":570075257},"geometry":{"type":"LineString","coordinates":[[102.06154,14.99069],[102.06165,14.99067],[102.06173,14.99069],[102.06186,14.99082],[102.06206,14.9909],[102.06226,14.99088],[102.0624,14.99081],[102.06253,14.99059],[102.06271,14.99034],[102.06286,14.9903],[102.06303,14.99035],[102.06316,14.99054],[102.06329,14.99063],[102.06348,14.99061],[102.06369,14.99047],[102.06377,14.9903],[102.06375,14.99005],[102.06369,14.98984],[102.06368,14.98964],[102.06375,14.98951],[102.0639,14.9895],[102.06419,14.9896],[102.06443,14.98966],[102.06462,14.98962],[102.06512,14.98944],[102.06525,14.98944],[102.06541,14.98952],[102.06582,14.98981],[102.06592,14.98985],[102.06606,14.98981],[102.06627,14.98973],[102.06638,14.98972],[102.06655,14.9898],[102.06673,14.98993],[102.06701,14.98998],[102.06759,14.99003],[102.06784,14.99009],[102.06822,14.99026],[102.06841,14.99027],[102.06856,14.99019],[102.06876,14.99005],[102.06891,14.99001],[102.06906,14.99002],[102.06921,14.99012],[102.06937,14.99029],[102.06951,14.99042],[102.06975,14.99047],[102.07,14.99046],[102.07009,14.99043]]}},{"type":"Feature","properties":{"name":"","type":"canal","osm_id":597753038},"geometry":{"type":"LineString","coordinates":[[102.46091,15.35675],[102.45994,15.35687],[102.45981,15.35689],[102.45905,15.35693],[102.45891,15.35687],[102.45875,15.35689],[102.45785,15.35684],[102.45686,15.35669],[102.45521,15.35644],[102.45467,15.35642],[102.45458,15.35636],[102.45394,15.35618],[102.45332,15.35617],[102.45258,15.35618],[102.45125,15.35618],[102.45096,15.35623],[102.45054,15.3562]]}},{"type":"Feature","properties":{"name":"","type":"canal","osm_id":597753039},"geometry":{"type":"LineString","coordinates":[[102.46115,15.35678],[102.46173,15.35685],[102.46193,15.35686],[102.46315,15.35672]]}},{"type":"Feature","properties":{"name":"","type":"canal","osm_id":597753040},"geometry":{"type":"LineString","coordinates":[[102.46332,15.35672],[102.46412,15.35657],[102.46625,15.3562]]}},{"type":"Feature","properties":{"name":"","type":"river","osm_id":598671250},"geometry":{"type":"LineString","coordinates":[[102.45576,15.31095],[102.45548,15.31113],[102.45535,15.31139],[102.4541,15.30973],[102.45436,15.30927],[102.45436,15.30877],[102.45435,15.30854],[102.45424,15.30843],[102.4541,15.30841],[102.45368,15.30854],[102.45315,15.30889],[102.45296,15.30886],[102.45269,15.30866],[102.45215,15.30751],[102.45199,15.30728],[102.45182,15.30721],[102.45141,15.30729],[102.45099,15.30744],[102.45054,15.30753],[102.44991,15.3069],[102.44978,15.30631],[102.4498,15.30578],[102.44994,15.30524],[102.45023,15.30444],[102.45018,15.30416],[102.44979,15.30329],[102.44961,15.30243],[102.4492,15.302],[102.44873,15.30175],[102.44826,15.3016],[102.44776,15.30135],[102.44697,15.30092],[102.44675,15.30076],[102.44622,15.30025],[102.44601,15.29993],[102.44584,15.29979],[102.44548,15.29983],[102.4448,15.30005],[102.44461,15.30033],[102.44445,15.30084],[102.44422,15.30111],[102.44383,15.3011],[102.44312,15.30087],[102.44273,15.30061],[102.44258,15.30065],[102.44265,15.30111],[102.44251,15.30145],[102.44231,15.30163],[102.44217,15.30135],[102.44216,15.30106],[102.44221,15.30077],[102.44224,15.30061],[102.44234,15.30032],[102.4423,15.30017],[102.44211,15.30003],[102.4418,15.29998],[102.44161,15.30007],[102.4413,15.3005],[102.44117,15.30077],[102.44102,15.30083],[102.44091,15.30075],[102.44079,15.3004],[102.44059,15.3002],[102.44045,15.30014],[102.44028,15.30016],[102.43998,15.30036],[102.43976,15.30038],[102.4396,15.30029],[102.4395,15.30015],[102.43949,15.3],[102.43964,15.29948],[102.43957,15.29932],[102.43938,15.29917],[102.43872,15.29901],[102.43855,15.29871],[102.43836,15.29846],[102.43783,15.29832],[102.43745,15.29808],[102.43709,15.29808],[102.4368,15.29813],[102.4366,15.29822],[102.43631,15.29818],[102.43564,15.2985],[102.43543,15.29847],[102.4352,15.29832],[102.43527,15.29779],[102.43527,15.29763],[102.43512,15.29752],[102.43488,15.2975],[102.43464,15.2976],[102.4344,15.2978],[102.43428,15.29784],[102.43412,15.29782],[102.43404,15.29772],[102.43401,15.29757],[102.43408,15.29742],[102.43412,15.29721],[102.43409,15.29707],[102.43392,15.2969],[102.43378,15.29682],[102.43366,15.29685],[102.43359,15.29694],[102.43359,15.29737],[102.43363,15.2977],[102.43358,15.29779],[102.43344,15.2978],[102.43319,15.29756],[102.4326,15.29773],[102.43172,15.29732],[102.43163,15.29716],[102.43159,15.29645],[102.43146,15.2962],[102.43113,15.29623],[102.43092,15.29628],[102.43036,15.29607],[102.4303,15.29588],[102.43055,15.2956],[102.43068,15.29539],[102.43078,15.29513],[102.43106,15.29509],[102.43129,15.29519],[102.43164,15.29547],[102.43194,15.29583],[102.43206,15.29594],[102.43234,15.29582],[102.43241,15.2957],[102.43237,15.2955],[102.4318,15.2951],[102.43181,15.29499],[102.43193,15.29488],[102.43218,15.2948],[102.43231,15.29464],[102.43252,15.29423],[102.43267,15.29411],[102.4328,15.29399],[102.43279,15.29389],[102.43266,15.29381],[102.43196,15.29373],[102.43125,15.29408],[102.43103,15.29408],[102.43082,15.29399],[102.43061,15.29365],[102.43001,15.29338],[102.42981,15.29328],[102.42984,15.2931],[102.42996,15.29295],[102.4301,15.2929],[102.43035,15.29288],[102.43056,15.29282],[102.43067,15.29271],[102.43066,15.29254],[102.43052,15.2924],[102.43015,15.29233],[102.42996,15.29217],[102.42956,15.29189],[102.42837,15.29234],[102.42821,15.29169],[102.42825,15.29146],[102.42833,15.29116],[102.42856,15.29035],[102.42863,15.29026],[102.42878,15.29015],[102.42905,15.29002],[102.42919,15.28994],[102.4292,15.28982],[102.42897,15.28958],[102.42894,15.28944],[102.42905,15.28927],[102.42894,15.2889],[102.42899,15.28874],[102.42958,15.28846],[102.42965,15.28827],[102.42969,15.28813],[102.42966,15.2879],[102.42955,15.28772],[102.42941,15.28767],[102.42894,15.28777],[102.42878,15.28772],[102.42864,15.28757],[102.42852,15.28732],[102.42849,15.28666],[102.42831,15.28643],[102.42747,15.28644],[102.42751,15.28603],[102.42766,15.28525],[102.4276,15.28495],[102.42748,15.28466],[102.42746,15.28428],[102.42752,15.28394],[102.42762,15.28369],[102.42778,15.28353],[102.42803,15.28347],[102.42818,15.28339],[102.42827,15.28325],[102.4282,15.28313],[102.4279,15.2825],[102.42777,15.28242],[102.42731,15.28248],[102.42697,15.28228],[102.42616,15.28243],[102.42575,15.28243],[102.42516,15.28167],[102.42498,15.28156],[102.42464,15.28152],[102.42441,15.28163],[102.42426,15.28158],[102.42423,15.28138],[102.42434,15.28061],[102.42423,15.28034],[102.42406,15.28],[102.42346,15.27963],[102.42332,15.27945],[102.42323,15.27922],[102.42309,15.27869],[102.42291,15.27806],[102.42281,15.27785],[102.42281,15.27767],[102.42285,15.27758],[102.42294,15.27744],[102.42307,15.27725],[102.42305,15.27715],[102.42292,15.27704],[102.42278,15.277],[102.42261,15.27678],[102.4225,15.27658],[102.42238,15.27635],[102.42227,15.27621],[102.42222,15.27582],[102.42208,15.27574],[102.42141,15.27588],[102.42097,15.27625],[102.42056,15.2763],[102.4204,15.27624],[102.42037,15.2761],[102.42048,15.2754],[102.42041,15.27527],[102.42028,15.27518],[102.42003,15.27522],[102.41964,15.27499],[102.41955,15.27487],[102.4197,15.27467],[102.41997,15.27438],[102.4202,15.27427],[102.42046,15.27425],[102.42065,15.27413],[102.42073,15.27396],[102.42065,15.27378],[102.41986,15.27298],[102.41938,15.27299],[102.4188,15.27292],[102.4182,15.27303],[102.41795,15.27301],[102.41778,15.27296],[102.41759,15.27271],[102.41743,15.27259],[102.41709,15.2726],[102.41691,15.2727],[102.41686,15.27285],[102.41693,15.27299],[102.4172,15.2732],[102.41736,15.27345],[102.4174,15.27371],[102.41735,15.2739],[102.41722,15.274],[102.41682,15.27405],[102.41627,15.27406],[102.41559,15.27413],[102.41547,15.2741],[102.41538,15.27401],[102.41501,15.27309],[102.41487,15.27301],[102.4147,15.27295],[102.41452,15.27296],[102.41421,15.27313],[102.41391,15.27336],[102.41357,15.27345],[102.41348,15.27342],[102.41347,15.27333],[102.41355,15.27318],[102.4136,15.27302],[102.41358,15.27287],[102.41346,15.27269],[102.41292,15.27228],[102.41276,15.27222],[102.41264,15.27226],[102.4125,15.27228],[102.41238,15.27225],[102.4123,15.27213],[102.41206,15.27201],[102.41194,15.2719],[102.4119,15.2718],[102.41188,15.27168],[102.41161,15.27124],[102.41148,15.27122],[102.41136,15.27128],[102.41118,15.27148],[102.41103,15.27155],[102.41081,15.27159],[102.41038,15.27152],[102.41025,15.27152],[102.41017,15.27159],[102.41002,15.27193],[102.40989,15.272],[102.40976,15.27199],[102.40917,15.27166],[102.40906,15.27156],[102.40902,15.27143],[102.40884,15.27062],[102.40885,15.27023],[102.40872,15.26912],[102.40874,15.26816],[102.40881,15.26785],[102.4091,15.26737],[102.40923,15.26701],[102.4094,15.26678],[102.40949,15.26661],[102.40953,15.26636],[102.40951,15.26625],[102.40936,15.26604],[102.40936,15.26587],[102.40955,15.26575],[102.40969,15.26571],[102.41001,15.26573],[102.41014,15.26569],[102.41023,15.2655],[102.41022,15.26524],[102.4101,15.26505],[102.40969,15.26482],[102.40912,15.26463],[102.40889,15.26452],[102.40879,15.26439],[102.40864,15.26418]]}},{"type":"Feature","properties":{"name":"","type":"canal","osm_id":598671251},"geometry":{"type":"LineString","coordinates":[[102.4469,15.30048],[102.44739,15.29906],[102.44772,15.29833],[102.44826,15.29776],[102.44835,15.2975],[102.44865,15.29726],[102.44869,15.2971],[102.44864,15.29689],[102.44931,15.29627],[102.4494,15.29609],[102.44949,15.29594],[102.44988,15.2959],[102.45003,15.29573],[102.45021,15.29521],[102.45028,15.2948],[102.45031,15.29456],[102.45021,15.29444],[102.44999,15.29436],[102.44998,15.2937],[102.4501,15.29326],[102.45017,15.29298],[102.45037,15.2923],[102.45047,15.29214],[102.45056,15.292],[102.45048,15.29155],[102.45051,15.29135],[102.4506,15.29125],[102.45096,15.29097],[102.45144,15.29059],[102.45153,15.29047],[102.45178,15.29004],[102.45195,15.28979],[102.45209,15.28959],[102.4523,15.28941],[102.45298,15.28901],[102.45325,15.28885],[102.45341,15.28872],[102.45354,15.28864],[102.45369,15.28867]]}},{"type":"Feature","properties":{"name":"","type":"canal","osm_id":598671252},"geometry":{"type":"LineString","coordinates":[[102.45386,15.28876],[102.45415,15.28872],[102.45522,15.28856],[102.45615,15.28843],[102.45715,15.28834],[102.45736,15.2884],[102.45788,15.28843],[102.45834,15.2885],[102.45857,15.2881],[102.45876,15.2882],[102.45914,15.2885],[102.45943,15.28864],[102.45998,15.28885],[102.4603,15.28901],[102.46064,15.28926]]}},{"type":"Feature","properties":{"name":"","type":"canal","osm_id":598671253},"geometry":{"type":"LineString","coordinates":[[102.46062,15.28945],[102.46052,15.28968],[102.46103,15.29005],[102.46168,15.29074],[102.46197,15.29087]]}},{"type":"Feature","properties":{"name":"","type":"canal","osm_id":598671254},"geometry":{"type":"LineString","coordinates":[[102.46213,15.29096],[102.46258,15.29112],[102.46263,15.29121],[102.46257,15.29153],[102.4626,15.29182],[102.46242,15.29241],[102.4624,15.2926],[102.46325,15.29314],[102.46386,15.29341],[102.46439,15.29357],[102.46456,15.29356],[102.4648,15.29344],[102.46506,15.29331],[102.46539,15.29325],[102.4662,15.29325],[102.46725,15.29322]]}},{"type":"Feature","properties":{"name":"","type":"canal","osm_id":598671324},"geometry":{"type":"LineString","coordinates":[[102.45388,15.30991],[102.45126,15.31258],[102.45113,15.31277],[102.45026,15.31366],[102.44955,15.31462],[102.44923,15.31518],[102.44913,15.31542],[102.44808,15.31753],[102.44736,15.31878],[102.44552,15.32208],[102.44482,15.32329],[102.44416,15.32484]]}},{"type":"Feature","properties":{"name":"","type":"canal","osm_id":598671325},"geometry":{"type":"LineString","coordinates":[[102.44404,15.32506],[102.44364,15.32624],[102.44356,15.32649],[102.4424,15.33058]]}},{"type":"Feature","properties":{"name":"","type":"river","osm_id":598880433},"geometry":{"type":"LineString","coordinates":[[102.44214,15.31109],[102.44228,15.31046],[102.44228,15.30992],[102.44234,15.30958],[102.44226,15.30942],[102.44187,15.30943],[102.44174,15.30932],[102.44169,15.30917],[102.44174,15.30903],[102.44187,15.30891],[102.44221,15.30883],[102.44237,15.30872],[102.44248,15.30853],[102.44252,15.30818],[102.44269,15.3077],[102.44271,15.30756],[102.44292,15.30719],[102.44276,15.30701],[102.44266,15.30704],[102.44237,15.30745],[102.44212,15.30734],[102.44199,15.30693],[102.44178,15.3063],[102.44182,15.30617],[102.44192,15.30614],[102.44202,15.30616],[102.44214,15.30631],[102.44217,15.30669],[102.44235,15.30676],[102.44253,15.30672],[102.44261,15.30666],[102.44268,15.30653],[102.44284,15.30643],[102.44294,15.30647],[102.44306,15.30661],[102.44318,15.30667],[102.4433,15.30664],[102.44332,15.30654],[102.44328,15.30601],[102.4433,15.30588],[102.44345,15.30557],[102.4434,15.30541],[102.44328,15.30535],[102.44301,15.30537],[102.44268,15.30556],[102.44255,15.30552],[102.44253,15.30536],[102.44259,15.30519],[102.44245,15.30411],[102.44235,15.30395],[102.44222,15.30389],[102.44208,15.30392],[102.44196,15.3042],[102.44181,15.3042],[102.44167,15.30409],[102.44153,15.30362],[102.44109,15.3035],[102.44095,15.30338],[102.44091,15.30319],[102.44091,15.3029],[102.44103,15.30266],[102.44111,15.30248],[102.44117,15.30208],[102.44208,15.30173]]}},{"type":"Feature","properties":{"name":"","type":"river","osm_id":598889234},"geometry":{"type":"LineString","coordinates":[[102.456,15.31271],[102.45611,15.31298],[102.45634,15.3132],[102.45627,15.31346],[102.45607,15.31358],[102.45561,15.3136],[102.45553,15.31371],[102.45552,15.31426],[102.45533,15.31449],[102.45528,15.31472],[102.45493,15.31483],[102.45473,15.31532],[102.45503,15.31545],[102.4551,15.31591],[102.45472,15.31612],[102.45465,15.31644],[102.45455,15.31672],[102.45462,15.31698],[102.4545,15.31704],[102.45434,15.31701],[102.45412,15.31743]]}},{"type":"Feature","properties":{"name":"","type":"canal","osm_id":599702504},"geometry":{"type":"LineString","coordinates":[[102.50711,15.24791],[102.50711,15.24838],[102.50686,15.24865],[102.50572,15.24818],[102.50435,15.24735],[102.50291,15.2461],[102.50254,15.24563],[102.50231,15.24551],[102.50177,15.24545],[102.50097,15.24579],[102.50048,15.24565],[102.49907,15.24504],[102.49874,15.24463],[102.49821,15.24428],[102.49799,15.24398],[102.49765,15.24378],[102.49698,15.24374],[102.49664,15.24365],[102.49576,15.24314],[102.49542,15.24289],[102.49509,15.24264],[102.49483,15.24225],[102.49459,15.24197],[102.49435,15.24193],[102.49395,15.24191],[102.49368,15.24196],[102.49329,15.24183],[102.4929,15.24176],[102.49274,15.24175],[102.49266,15.24187],[102.49264,15.2424],[102.49233,15.24277],[102.49242,15.24307],[102.49256,15.24337],[102.49259,15.24358],[102.49251,15.2437],[102.49232,15.24367],[102.49205,15.24355],[102.49154,15.244],[102.49133,15.24402],[102.49108,15.24381],[102.49077,15.24366],[102.48946,15.24367],[102.48663,15.24318],[102.48635,15.24298],[102.4857,15.24227],[102.4854,15.24201],[102.48451,15.24199],[102.48165,15.24116],[102.48005,15.24098],[102.47744,15.23988],[102.47611,15.24007],[102.47581,15.23994],[102.47537,15.23965],[102.47373,15.23935],[102.47274,15.23912],[102.47235,15.23876],[102.47169,15.23935],[102.4712,15.23935],[102.47049,15.23871],[102.46929,15.23844],[102.46902,15.23834],[102.46847,15.23778],[102.46814,15.23764],[102.46715,15.2375],[102.46699,15.23743],[102.46674,15.23715],[102.46654,15.23703],[102.46573,15.23692],[102.46465,15.23673],[102.46435,15.23675],[102.46362,15.23692],[102.4635,15.2369],[102.46343,15.23679],[102.46331,15.23638],[102.46319,15.23628],[102.46297,15.23624],[102.46254,15.23632],[102.46237,15.23632],[102.4621,15.23625],[102.46166,15.23604],[102.46145,15.23606],[102.46132,15.23613],[102.46129,15.23628],[102.46124,15.23687],[102.46118,15.23703],[102.4607,15.23739],[102.4605,15.23749],[102.45982,15.23765],[102.45939,15.23777],[102.45928,15.23785],[102.45873,15.2386],[102.45859,15.23868],[102.45843,15.23871],[102.45758,15.23867]]}},{"type":"Feature","properties":{"name":"","type":"canal","osm_id":600620368},"geometry":{"type":"LineString","coordinates":[[102.39362,15.41516],[102.39456,15.41523],[102.39495,15.41531],[102.39555,15.41552],[102.39598,15.4157],[102.39614,15.41587],[102.39631,15.41603],[102.39664,15.41656],[102.39679,15.41672],[102.39697,15.41678],[102.39702,15.41687],[102.39694,15.41715],[102.39698,15.41733],[102.39748,15.41744],[102.39793,15.41758],[102.39813,15.41752],[102.39832,15.41756],[102.39839,15.41767],[102.39854,15.41799],[102.39866,15.41806],[102.39882,15.41807],[102.39919,15.41783],[102.39962,15.41793],[102.39964,15.41817],[102.3997,15.41829],[102.40011,15.41854],[102.40025,15.41859],[102.40058,15.41844],[102.40075,15.41843],[102.40096,15.41848],[102.40147,15.41888],[102.40177,15.41897],[102.40277,15.41918],[102.40316,15.41917],[102.40346,15.41925],[102.40376,15.41925],[102.40422,15.41942],[102.40435,15.41947],[102.40448,15.41935],[102.40452,15.4192],[102.40457,15.41908],[102.40467,15.41907],[102.40475,15.41913],[102.40479,15.41928],[102.40479,15.41963],[102.40492,15.41967],[102.40507,15.41962],[102.40539,15.41938],[102.40551,15.41933],[102.40603,15.4194],[102.40611,15.4195],[102.40629,15.42005],[102.4065,15.42034],[102.40684,15.42061],[102.4075,15.42077],[102.40779,15.42129],[102.4082,15.42173],[102.40826,15.42191],[102.40823,15.42208],[102.40797,15.42246],[102.40783,15.42307],[102.40778,15.42335],[102.40769,15.42363],[102.40751,15.4244],[102.40765,15.42449],[102.40804,15.42454],[102.40813,15.42462],[102.40822,15.42483],[102.40825,15.42505],[102.40826,15.42549],[102.4085,15.42565],[102.4091,15.42585],[102.40934,15.42605],[102.40949,15.42625]]}},{"type":"Feature","properties":{"name":"","type":"canal","osm_id":600628691},"geometry":{"type":"LineString","coordinates":[[102.4017,15.41956],[102.40154,15.41973],[102.40146,15.42002],[102.40137,15.4201],[102.40126,15.42012],[102.40117,15.42024],[102.40116,15.42049],[102.40101,15.42049],[102.40094,15.42044],[102.40086,15.42025],[102.40081,15.42009],[102.40072,15.42003],[102.40056,15.42],[102.40041,15.41999],[102.40028,15.42004],[102.40008,15.42024],[102.39999,15.42039],[102.39999,15.42054],[102.39999,15.42059],[102.39998,15.42061],[102.39996,15.42067],[102.39983,15.42072],[102.39952,15.42077],[102.39939,15.42083],[102.39912,15.42099],[102.39906,15.42097],[102.39901,15.42089],[102.39887,15.42075],[102.39874,15.42066],[102.39846,15.42041],[102.39822,15.42043],[102.39785,15.42028],[102.39759,15.42042],[102.39739,15.42044],[102.39721,15.42044],[102.39677,15.42047],[102.39659,15.42044],[102.39649,15.42036],[102.39635,15.42025],[102.39624,15.42018],[102.39613,15.42021],[102.39584,15.42029],[102.39571,15.42033],[102.3955,15.42052],[102.39522,15.42068],[102.39503,15.42093],[102.39493,15.42104],[102.39486,15.42111],[102.3947,15.42121],[102.39453,15.42124],[102.3943,15.42126],[102.39409,15.42121],[102.39395,15.42113],[102.39357,15.42114],[102.39187,15.42153],[102.39148,15.42165],[102.39125,15.42177],[102.39109,15.42191],[102.39099,15.4221],[102.39112,15.42221],[102.39118,15.42231],[102.39127,15.42244],[102.3913,15.42253],[102.39129,15.4226],[102.39105,15.42282],[102.39095,15.42293],[102.39086,15.42317],[102.39069,15.42338],[102.39053,15.42349],[102.3904,15.42347],[102.39031,15.42343],[102.39008,15.42321],[102.39,15.42321],[102.38989,15.42327],[102.38952,15.42371],[102.38915,15.42424],[102.38903,15.42442],[102.38891,15.4245],[102.38868,15.42454],[102.38844,15.42462],[102.38831,15.4247],[102.3882,15.42484],[102.38814,15.42496],[102.38807,15.42507],[102.38787,15.42515],[102.38758,15.42522],[102.38748,15.42542],[102.3874,15.42558],[102.38725,15.42568],[102.38708,15.42567],[102.387,15.42563],[102.3867,15.42547],[102.3866,15.42546],[102.38655,15.42552],[102.3865,15.4257],[102.38643,15.4259],[102.38621,15.426],[102.38579,15.42619],[102.38559,15.42648],[102.38552,15.42655],[102.38545,15.42655],[102.38539,15.42652],[102.38536,15.42648],[102.38532,15.4262],[102.38525,15.42608],[102.38519,15.42602],[102.38509,15.42599],[102.38489,15.42595],[102.38481,15.42597],[102.38473,15.42604],[102.38471,15.4261],[102.38472,15.4264],[102.38467,15.42651],[102.38455,15.42672],[102.38462,15.42686],[102.38466,15.427],[102.38469,15.42716],[102.38469,15.42735],[102.38467,15.42765],[102.38464,15.42777],[102.38452,15.42787],[102.38436,15.42796],[102.38429,15.42807],[102.38429,15.42816],[102.3843,15.42825],[102.38444,15.42832],[102.3845,15.42839],[102.38462,15.4287],[102.38458,15.42881],[102.38442,15.42894],[102.3842,15.42902],[102.38405,15.42901],[102.38385,15.42896],[102.38364,15.42887],[102.38319,15.42867],[102.38274,15.42866],[102.38251,15.42872],[102.38228,15.42889],[102.38219,15.42904],[102.38227,15.42934],[102.38222,15.4295],[102.38209,15.42965],[102.38161,15.42979],[102.38115,15.43002],[102.38082,15.43002],[102.38071,15.43013],[102.38051,15.43047],[102.38046,15.43066],[102.38039,15.43081],[102.38022,15.43088],[102.38011,15.43087],[102.37998,15.43083],[102.37977,15.43076],[102.37939,15.43076],[102.37929,15.43082],[102.37917,15.431],[102.37889,15.43122],[102.37858,15.43128],[102.37842,15.43143],[102.37831,15.43144],[102.37817,15.43144],[102.37809,15.43137],[102.37804,15.4313],[102.37802,15.4312],[102.37803,15.43101],[102.3779,15.43079],[102.37748,15.43078],[102.37728,15.43072],[102.37712,15.43063],[102.37698,15.43052],[102.37686,15.43051],[102.37607,15.43115],[102.37603,15.43131],[102.37603,15.43162],[102.37601,15.43173],[102.37597,15.43183],[102.37589,15.43197],[102.37578,15.43205],[102.37566,15.43207],[102.37529,15.43207],[102.37519,15.43212],[102.375,15.43234],[102.37492,15.43244],[102.37481,15.43245],[102.37455,15.43244],[102.37449,15.43252],[102.37427,15.43288],[102.37412,15.43309]]}},{"type":"Feature","properties":{"name":"","type":"canal","osm_id":647633296},"geometry":{"type":"LineString","coordinates":[[102.25806,14.99994],[102.25796,15.00011],[102.25786,15.00023],[102.25774,15.00032],[102.25763,15.00037],[102.25749,15.0004],[102.25734,15.00039],[102.25721,15.00035],[102.25709,15.00027],[102.25692,15.00009],[102.25686,14.99999],[102.25681,14.99987],[102.25679,14.99973],[102.2568,14.99961],[102.25683,14.99948],[102.2569,14.99935],[102.257,14.99925],[102.25729,14.99903],[102.25744,14.99888],[102.2575,14.99881],[102.25752,14.99873],[102.25753,14.99861],[102.2575,14.99808],[102.25748,14.99794],[102.25744,14.9978],[102.25737,14.99757],[102.25731,14.99746],[102.25724,14.99735],[102.25718,14.99725],[102.25712,14.99713],[102.25708,14.99704],[102.25703,14.99698],[102.25694,14.99692],[102.25684,14.99688],[102.25675,14.99687],[102.25666,14.99689],[102.25662,14.99694],[102.2566,14.99705],[102.25655,14.99718],[102.25651,14.99723],[102.25644,14.99727],[102.25618,14.99733],[102.25609,14.99733],[102.25603,14.9973],[102.25597,14.99723],[102.25584,14.99705],[102.25571,14.99687],[102.25563,14.99673],[102.25555,14.99655],[102.25551,14.99643],[102.25547,14.99636],[102.2554,14.99631],[102.2553,14.99629],[102.25514,14.99629],[102.25497,14.99628],[102.25479,14.99624],[102.25462,14.99616]]}},{"type":"Feature","properties":{"name":"","type":"canal","osm_id":647665422},"geometry":{"type":"LineString","coordinates":[[102.27828,15.02202],[102.27798,15.02201],[102.27775,15.02206],[102.27758,15.02214],[102.27741,15.02227],[102.27732,15.02245],[102.27726,15.02269],[102.27726,15.0229],[102.27732,15.02313],[102.27745,15.02343],[102.27757,15.02358],[102.27774,15.02371],[102.27794,15.02382],[102.27818,15.02389],[102.27861,15.02393]]}},{"type":"Feature","properties":{"name":"แม่น้ำมูล","type":"river","osm_id":647940617},"geometry":{"type":"LineString","coordinates":[[102.31712,15.05758],[102.31716,15.05776],[102.31715,15.05793],[102.31712,15.05812],[102.31706,15.05827],[102.31696,15.0584],[102.31683,15.05852],[102.31664,15.05863],[102.31644,15.0587],[102.31617,15.05875],[102.31597,15.05877],[102.31566,15.05877],[102.31526,15.0588],[102.31508,15.05884],[102.31496,15.05892],[102.31486,15.05902],[102.31474,15.05924],[102.31466,15.05949],[102.31473,15.05976],[102.31483,15.05997],[102.31498,15.06013],[102.31522,15.06025],[102.31546,15.06031],[102.31572,15.06034],[102.31601,15.0603],[102.31644,15.06018],[102.31671,15.06006],[102.31704,15.05995],[102.3173,15.0599],[102.31755,15.05991],[102.31779,15.05999],[102.31798,15.0601],[102.31815,15.06028],[102.3183,15.06044],[102.31841,15.06055],[102.31851,15.06062],[102.31863,15.06067],[102.31927,15.06092],[102.3197,15.0611],[102.31985,15.06119],[102.31996,15.06129],[102.32008,15.06147],[102.32013,15.06162],[102.32015,15.06195],[102.32018,15.06217],[102.32031,15.06241],[102.32051,15.06263],[102.32073,15.06277],[102.32138,15.06308],[102.32163,15.06329],[102.32173,15.06347],[102.32174,15.06365],[102.32165,15.06383],[102.32151,15.06394],[102.3213,15.06399],[102.32098,15.06405],[102.32037,15.06406],[102.32004,15.06411],[102.3198,15.0642],[102.31961,15.06434],[102.3195,15.06453],[102.31947,15.0648],[102.31946,15.06521],[102.31953,15.0655],[102.31967,15.06571],[102.31993,15.06584],[102.32015,15.06596],[102.32027,15.06608],[102.3203,15.06623],[102.32027,15.06637],[102.32015,15.06658],[102.32002,15.06673],[102.31977,15.06703],[102.31972,15.06723],[102.31973,15.06747],[102.31983,15.06769],[102.31998,15.06792],[102.32017,15.0681],[102.32042,15.06822],[102.32071,15.06829],[102.32102,15.06831],[102.32165,15.06824],[102.32242,15.06811],[102.32281,15.0681],[102.32317,15.06815],[102.32349,15.06824],[102.32387,15.06844],[102.32424,15.06879],[102.32448,15.06897],[102.32473,15.06908],[102.32497,15.06923],[102.32524,15.06945],[102.3254,15.06957],[102.32551,15.06962],[102.32566,15.06964],[102.32581,15.0696],[102.32595,15.06945],[102.32607,15.06915],[102.32617,15.06891],[102.3263,15.06877],[102.32656,15.06868],[102.32675,15.06869],[102.32698,15.06878],[102.32723,15.06898],[102.32732,15.06919],[102.32736,15.06947],[102.32734,15.06973],[102.32727,15.0699],[102.32714,15.07007],[102.32694,15.0702],[102.32658,15.0703],[102.32611,15.07047],[102.32573,15.07066],[102.32525,15.07106],[102.32493,15.07125],[102.32464,15.07144],[102.32448,15.07159],[102.3244,15.07179],[102.32439,15.07204],[102.32445,15.07225],[102.32457,15.07241],[102.32472,15.0725],[102.325,15.07259],[102.32525,15.07262],[102.32553,15.07259],[102.32574,15.0726],[102.32607,15.07268],[102.32637,15.07281],[102.32652,15.07295],[102.32671,15.07316],[102.32688,15.07325],[102.32706,15.07328],[102.32718,15.07325],[102.32731,15.07312],[102.32736,15.07295],[102.32733,15.0727],[102.32725,15.07237],[102.32723,15.07221],[102.32725,15.07202],[102.32737,15.07179],[102.3278,15.07138],[102.32817,15.07106],[102.32836,15.07092],[102.3286,15.07086],[102.3289,15.0709],[102.32916,15.07103],[102.32925,15.07119],[102.32931,15.07139],[102.32924,15.07162],[102.32908,15.07193],[102.32894,15.07227],[102.32894,15.07255],[102.32903,15.0728],[102.3292,15.07296],[102.32949,15.0731],[102.33015,15.07333],[102.33037,15.07345],[102.33059,15.0736],[102.33072,15.07371],[102.33085,15.07388],[102.33103,15.07426],[102.33116,15.07445],[102.3313,15.0746],[102.33146,15.07472],[102.33158,15.07477],[102.33171,15.0748],[102.33186,15.0748],[102.332,15.07476],[102.33216,15.0747],[102.33229,15.07459],[102.33238,15.07445],[102.33244,15.07425],[102.33252,15.07387],[102.33257,15.07371],[102.33264,15.07357],[102.33278,15.0734],[102.33295,15.0733],[102.33323,15.0732],[102.33347,15.07318],[102.33366,15.0732],[102.33384,15.07319],[102.33407,15.07312],[102.33435,15.07298],[102.33451,15.07286],[102.33468,15.07279],[102.33485,15.07279],[102.33508,15.07287],[102.3353,15.07301],[102.33539,15.07316],[102.33541,15.07331],[102.33536,15.07344],[102.33526,15.07357],[102.33506,15.07374],[102.33494,15.07385],[102.33487,15.074],[102.33487,15.07414],[102.33494,15.07432],[102.33505,15.07445],[102.33521,15.07453],[102.33536,15.07457],[102.33553,15.07458],[102.33568,15.07456],[102.33587,15.07449],[102.3361,15.07439],[102.33626,15.07435],[102.33645,15.07428],[102.33656,15.07421],[102.33675,15.07405],[102.33687,15.07398],[102.33702,15.07395],[102.33722,15.07396],[102.33739,15.07399],[102.3375,15.07407],[102.33756,15.07418],[102.3376,15.07434],[102.33758,15.07452],[102.33752,15.07467],[102.33743,15.07485],[102.33727,15.07504],[102.33703,15.07524],[102.33679,15.07537],[102.33664,15.07546],[102.33645,15.07555],[102.33635,15.07564],[102.33627,15.07575],[102.33621,15.07589],[102.3362,15.07596],[102.33622,15.07608],[102.33631,15.07621],[102.33644,15.07634],[102.33655,15.07641],[102.33667,15.07645],[102.33683,15.07646],[102.33702,15.07643],[102.33726,15.07634],[102.33775,15.07609],[102.33809,15.07585],[102.33836,15.07564],[102.33857,15.07552],[102.33873,15.07548],[102.33892,15.07548],[102.33904,15.07555],[102.33915,15.07571],[102.33922,15.07589],[102.33925,15.07614],[102.3392,15.07644],[102.33921,15.07667],[102.33924,15.07683],[102.3393,15.07697],[102.33938,15.07708],[102.3396,15.07724],[102.33982,15.07735],[102.34009,15.07745],[102.34031,15.07754],[102.34044,15.07764],[102.34051,15.07775],[102.34052,15.07792],[102.34046,15.07807],[102.34039,15.07814],[102.34024,15.07821],[102.3401,15.07824],[102.33983,15.07823],[102.33953,15.07824],[102.33922,15.07828],[102.33904,15.07833],[102.33886,15.07841],[102.33869,15.07851],[102.33856,15.07864],[102.33848,15.07879],[102.33844,15.07895],[102.33846,15.0791],[102.33855,15.07921],[102.33867,15.07927],[102.33881,15.07932],[102.33907,15.07939],[102.33921,15.07948],[102.33937,15.07964],[102.33951,15.07985],[102.33964,15.07997],[102.33984,15.08006],[102.34007,15.0801],[102.34028,15.0801],[102.34046,15.08005],[102.3406,15.07995],[102.34084,15.07974],[102.34111,15.07943],[102.34122,15.07926],[102.34134,15.07901],[102.34138,15.07879],[102.34138,15.0786],[102.34132,15.07847],[102.34122,15.07827],[102.34115,15.07807],[102.34115,15.07787],[102.34119,15.07768],[102.34126,15.07754],[102.34139,15.07744],[102.34155,15.07739],[102.34175,15.07738],[102.34215,15.07743],[102.34234,15.07747],[102.34259,15.07756],[102.34274,15.07765],[102.34285,15.07783],[102.34292,15.07808],[102.34294,15.07825],[102.34289,15.0785],[102.34279,15.07878],[102.34274,15.07897],[102.34272,15.07912],[102.34277,15.07925],[102.34291,15.07941],[102.34304,15.07948],[102.34318,15.07952],[102.34338,15.07953],[102.34353,15.07951],[102.3437,15.07946],[102.34381,15.07937],[102.34398,15.07908],[102.34419,15.07859],[102.34432,15.07842],[102.34449,15.07826],[102.34464,15.07814],[102.34503,15.07792],[102.34518,15.07786],[102.34538,15.07783],[102.34561,15.07785],[102.34584,15.07794],[102.34606,15.07808],[102.34616,15.07824],[102.34619,15.07846],[102.34616,15.07867],[102.34608,15.07903],[102.34601,15.07936],[102.34598,15.07963],[102.34598,15.0799],[102.34605,15.08021],[102.34617,15.0804],[102.34633,15.08056],[102.34644,15.08064],[102.34651,15.08066],[102.34661,15.08066],[102.34671,15.08066],[102.34681,15.08062],[102.34694,15.08048],[102.34713,15.08018],[102.34735,15.0798],[102.34744,15.07969],[102.34756,15.07962],[102.34773,15.07957],[102.34792,15.07957],[102.34806,15.07962],[102.34817,15.07974],[102.34822,15.07994],[102.34819,15.08016],[102.34814,15.08033],[102.34806,15.08044],[102.34796,15.08051],[102.34784,15.08055],[102.34772,15.08058],[102.34761,15.08064]]}},{"type":"Feature","properties":{"name":"","type":"canal","osm_id":648305051},"geometry":{"type":"LineString","coordinates":[[102.37124,15.16815],[102.37186,15.16841],[102.37202,15.16846],[102.37224,15.16848],[102.37256,15.16848],[102.37274,15.16842],[102.37288,15.16831],[102.373,15.16811],[102.37306,15.16772],[102.37307,15.16748],[102.37302,15.16731],[102.37292,15.16723],[102.37282,15.16719],[102.37267,15.16719],[102.37254,15.16722],[102.3724,15.16729],[102.37224,15.16742],[102.37212,15.16756],[102.372,15.16766],[102.37188,15.16771],[102.37171,15.16774],[102.37155,15.16775]]}},{"type":"Feature","properties":{"name":"","type":"canal","osm_id":648305675},"geometry":{"type":"LineString","coordinates":[[102.39471,15.2026],[102.39259,15.20341],[102.39235,15.20345],[102.39208,15.2034],[102.39175,15.2033],[102.39146,15.20326],[102.3912,15.20329],[102.39096,15.2034],[102.39072,15.20361],[102.39058,15.20386],[102.3905,15.20416],[102.39047,15.20481],[102.39047,15.20528],[102.39057,15.20586],[102.39065,15.20607],[102.39078,15.20622],[102.39107,15.20641],[102.3934,15.20746]]}},{"type":"Feature","properties":{"name":"","type":"river","osm_id":648310241},"geometry":{"type":"LineString","coordinates":[[102.37935,15.18902],[102.37941,15.18881],[102.37942,15.18863],[102.3794,15.18839],[102.37936,15.18813],[102.37936,15.18796],[102.37941,15.18775],[102.37952,15.18755],[102.37966,15.18741],[102.37986,15.18726],[102.38003,15.1872],[102.3802,15.1872],[102.38041,15.18726],[102.38054,15.18733],[102.38063,15.18745],[102.38069,15.18772],[102.38073,15.18815],[102.38078,15.18846],[102.38078,15.18866],[102.38073,15.18883],[102.38068,15.18894],[102.38053,15.18908],[102.38042,15.18914],[102.38009,15.18928],[102.37988,15.18939],[102.37972,15.1895]]}},{"type":"Feature","properties":{"name":"แม่น้ำมูล","type":"river","osm_id":648325333},"geometry":{"type":"LineString","coordinates":[[102.45314,15.21637],[102.45327,15.21617],[102.45338,15.21595],[102.45343,15.2158],[102.45345,15.21565],[102.45345,15.21542],[102.45344,15.21509],[102.45345,15.21488],[102.4535,15.21465],[102.45358,15.21446],[102.45381,15.21412],[102.45394,15.21388],[102.454,15.21373],[102.45409,15.21338],[102.45414,15.21322],[102.45421,15.21312],[102.45431,15.21304],[102.45448,15.21298],[102.45471,15.21297],[102.45489,15.213],[102.45507,15.21308],[102.45526,15.21321],[102.4554,15.21338],[102.45548,15.21355],[102.45551,15.21371],[102.4555,15.21393],[102.45547,15.21428],[102.45549,15.21444],[102.45555,15.21462],[102.45566,15.21478],[102.45621,15.21525],[102.45636,15.21543],[102.45647,15.21561],[102.45651,15.21577],[102.45652,15.216],[102.45647,15.2163],[102.4564,15.21658],[102.45633,15.21716],[102.4563,15.21758],[102.45627,15.21794],[102.45627,15.21818],[102.45632,15.21832],[102.45641,15.21846],[102.45653,15.21855],[102.45668,15.21859],[102.45686,15.21857],[102.45706,15.21849],[102.45718,15.21839],[102.45736,15.21814],[102.4577,15.21768],[102.45789,15.21739],[102.45802,15.21716],[102.45811,15.21694],[102.45823,15.21669],[102.4583,15.21655],[102.45841,15.21644],[102.45855,15.21639],[102.45873,15.21641],[102.45888,15.21648],[102.459,15.2166],[102.45907,15.21676],[102.45907,15.21697],[102.45901,15.21717],[102.45888,15.21741],[102.45877,15.21764],[102.45871,15.21783],[102.45866,15.21808],[102.45859,15.21826],[102.45849,15.21844],[102.45835,15.21859],[102.45802,15.21888],[102.45741,15.21933],[102.45717,15.21954],[102.45701,15.21971],[102.45692,15.2199],[102.45689,15.2201],[102.45692,15.22037],[102.457,15.22057],[102.45715,15.22076],[102.4573,15.22091],[102.45743,15.22098],[102.45756,15.22102],[102.45771,15.22104],[102.45789,15.22101],[102.45805,15.22095],[102.45829,15.22081],[102.45929,15.22006],[102.4596,15.21978],[102.45984,15.21962],[102.46,15.21956],[102.46019,15.21952],[102.46034,15.21954],[102.4605,15.2196],[102.46067,15.21971],[102.46091,15.21998],[102.46107,15.2203],[102.46116,15.22059],[102.4612,15.2209],[102.46127,15.22118],[102.46133,15.22128],[102.46144,15.22134],[102.46159,15.22136],[102.46174,15.22133],[102.46186,15.22125],[102.46196,15.2211],[102.46205,15.22089],[102.46208,15.22074],[102.46207,15.22058],[102.46201,15.22044],[102.46192,15.22024],[102.46189,15.22007],[102.46189,15.21991],[102.46194,15.21975],[102.46202,15.21962],[102.46214,15.21951],[102.46226,15.21945],[102.46245,15.21943],[102.46269,15.21946],[102.46312,15.21952],[102.46332,15.21957],[102.46348,15.21964],[102.46365,15.21977],[102.46385,15.21996],[102.46412,15.22026],[102.46424,15.22034],[102.46441,15.2204],[102.46464,15.22045],[102.46486,15.22046],[102.46507,15.22044],[102.46527,15.22038],[102.46544,15.22037],[102.46561,15.22037],[102.46578,15.22043],[102.46598,15.22057],[102.46605,15.22067],[102.46614,15.22087],[102.46621,15.22125],[102.46627,15.2216],[102.46633,15.22184],[102.46642,15.22198],[102.46653,15.2221],[102.46666,15.22218],[102.46679,15.2222],[102.46689,15.22219],[102.46701,15.22214],[102.46708,15.22207],[102.46716,15.22196],[102.46726,15.22179],[102.46734,15.22169],[102.46747,15.22158],[102.46762,15.2215],[102.46778,15.22146],[102.46798,15.22146],[102.46823,15.22149],[102.46851,15.22156],[102.46878,15.22168],[102.46901,15.22181],[102.46914,15.22184],[102.46928,15.22186],[102.4695,15.22186],[102.46971,15.22184],[102.46991,15.22178],[102.47008,15.22169],[102.47021,15.22159],[102.47029,15.22147],[102.47034,15.22132],[102.47036,15.22106],[102.47047,15.22034],[102.4705,15.22015],[102.47054,15.22001],[102.47062,15.21982],[102.47073,15.21969],[102.4709,15.21957],[102.47107,15.21951],[102.47126,15.2195],[102.47139,15.21954],[102.47154,15.21965],[102.47163,15.21979],[102.47167,15.21998],[102.47165,15.22036],[102.47166,15.2208]]}},{"type":"Feature","properties":{"name":"แม่น้ำมูล","type":"river","osm_id":648334905},"geometry":{"type":"LineString","coordinates":[[102.47166,15.2208],[102.47179,15.22093],[102.47386,15.22168],[102.47735,15.22428],[102.47788,15.22548],[102.47877,15.22644],[102.48228,15.22626],[102.48246,15.22831],[102.48353,15.22824],[102.48455,15.22813],[102.48489,15.22816],[102.48523,15.22859],[102.48513,15.22966],[102.48531,15.23023],[102.48635,15.23072],[102.48839,15.22991],[102.48886,15.22898],[102.48897,15.22882],[102.48912,15.22862],[102.48991,15.22751],[102.48995,15.22748],[102.49079,15.2271],[102.49139,15.227],[102.49201,15.227],[102.49287,15.22735],[102.49323,15.22731],[102.49359,15.22709],[102.49374,15.22673],[102.49373,15.22619],[102.49389,15.22584],[102.49406,15.22571],[102.49443,15.22561],[102.49501,15.22558],[102.49514,15.22556],[102.49561,15.22572],[102.4959,15.2261],[102.49628,15.22635],[102.49654,15.22637],[102.4968,15.22626],[102.49694,15.22616],[102.4971,15.22578],[102.49754,15.22556],[102.49798,15.22552],[102.49906,15.22647],[102.49942,15.22721],[102.49979,15.22756],[102.50044,15.22786],[102.50179,15.22842],[102.50199,15.22852],[102.50435,15.22977],[102.50544,15.22998],[102.50595,15.23072],[102.50599,15.23137],[102.50618,15.23166],[102.50656,15.23171],[102.50685,15.23105],[102.5076,15.23098],[102.50826,15.2315],[102.50831,15.23176],[102.50835,15.23202],[102.50789,15.23334],[102.50812,15.23382],[102.50823,15.23406],[102.50893,15.23478],[102.50943,15.23479],[102.50984,15.23426],[102.51009,15.23416],[102.51061,15.23445],[102.51096,15.23513],[102.5109,15.23602],[102.51072,15.23656],[102.51065,15.23739],[102.50979,15.23798],[102.5092,15.23811],[102.50867,15.23797],[102.50817,15.23813],[102.50793,15.23858],[102.50791,15.23945],[102.50809,15.23998],[102.50851,15.24035],[102.50911,15.24037],[102.51005,15.23955],[102.51063,15.23922],[102.51108,15.23932],[102.51166,15.2399],[102.51237,15.24003],[102.5128,15.23972],[102.51349,15.23894],[102.51451,15.23838],[102.51518,15.23773],[102.51611,15.23825],[102.5162,15.23913],[102.51542,15.24033],[102.51435,15.24145],[102.51536,15.24271],[102.51521,15.24379],[102.5156,15.24444],[102.5175,15.2439],[102.518,15.24418],[102.51806,15.24491],[102.51909,15.24557],[102.52012,15.24548],[102.52123,15.24416],[102.52179,15.2439],[102.52198,15.24449],[102.52151,15.24537],[102.52052,15.24567],[102.52004,15.24657],[102.52011,15.24763],[102.5201,15.24853],[102.52126,15.24888],[102.52184,15.24849],[102.52215,15.2458],[102.52282,15.24562],[102.52391,15.24574],[102.52532,15.24537],[102.52572,15.24552],[102.52567,15.24612],[102.52505,15.24707],[102.52449,15.2475],[102.52432,15.24855],[102.52389,15.24905],[102.5227,15.24923],[102.52275,15.25041],[102.52269,15.251],[102.52334,15.25117],[102.52455,15.25032],[102.52561,15.25012],[102.52673,15.25118],[102.52957,15.25033],[102.53008,15.25082],[102.52995,15.25143],[102.52872,15.25219],[102.52909,15.25322],[102.5303,15.25374],[102.53115,15.25627],[102.53197,15.25807],[102.53311,15.25881],[102.53349,15.2587],[102.53378,15.25841],[102.53457,15.25852],[102.53473,15.25888],[102.53471,15.2594],[102.53424,15.26001],[102.53428,15.26071],[102.53394,15.26127],[102.53364,15.26187],[102.5337,15.26248],[102.53405,15.26292],[102.53646,15.26181],[102.5369,15.26199],[102.53716,15.26252],[102.53675,15.26351],[102.53711,15.26457],[102.53994,15.26591],[102.54112,15.26495],[102.54241,15.26554],[102.54379,15.26726],[102.5445,15.26732],[102.54479,15.26603],[102.54586,15.26662],[102.54666,15.26816],[102.54765,15.26783],[102.54792,15.26623],[102.54688,15.26549],[102.54674,15.26427],[102.54704,15.26365],[102.54858,15.26344],[102.54947,15.26424],[102.5495,15.26628],[102.5507,15.26714],[102.5503,15.26919],[102.55085,15.27052],[102.55024,15.27079],[102.55081,15.27245],[102.55004,15.27346],[102.55164,15.27351],[102.55191,15.27206],[102.5524,15.27203],[102.55512,15.27363],[102.55423,15.27572],[102.55584,15.27746],[102.55667,15.27746],[102.55732,15.27772],[102.5572,15.27867],[102.55767,15.27895],[102.55906,15.27805],[102.55983,15.27862],[102.55962,15.27941],[102.55898,15.27941],[102.5583,15.28075],[102.5587,15.28125],[102.56048,15.28125],[102.56003,15.28208],[102.55879,15.28193],[102.55824,15.28223],[102.55836,15.28285],[102.55957,15.28349],[102.558,15.28412],[102.55711,15.28284],[102.5564,15.2827],[102.55629,15.28331],[102.55622,15.28369],[102.55689,15.2851],[102.5582,15.28563],[102.55807,15.2861],[102.55689,15.28661],[102.55669,15.28714],[102.5568,15.28747],[102.55756,15.28786],[102.56089,15.28741],[102.56223,15.28684],[102.56291,15.28736],[102.5632,15.29006],[102.56301,15.2906],[102.56219,15.29088],[102.56169,15.29132],[102.56199,15.29182],[102.56317,15.29197],[102.56408,15.29238],[102.56494,15.292],[102.56542,15.29212],[102.56665,15.29577],[102.56761,15.29654],[102.56805,15.29731],[102.56822,15.2982],[102.56865,15.29873],[102.56925,15.29878],[102.56974,15.29845],[102.57004,15.29815],[102.57065,15.29817],[102.57139,15.30051],[102.57174,15.30184],[102.57331,15.30299],[102.57435,15.30335],[102.57456,15.3043],[102.57392,15.30477],[102.57374,15.30581],[102.57439,15.30678],[102.5747,15.30765],[102.57556,15.30795]]}},{"type":"Feature","properties":{"name":"แม่น้ำมูล","type":"river","osm_id":648335677},"geometry":{"type":"LineString","coordinates":[[102.34761,15.08064],[102.3475,15.08078],[102.34745,15.08089],[102.34741,15.08102],[102.34737,15.08117],[102.34735,15.08133],[102.34733,15.08146],[102.34728,15.08157],[102.3472,15.08169],[102.34708,15.08177],[102.34691,15.08184],[102.34679,15.08191],[102.3467,15.082],[102.34662,15.08213],[102.34657,15.08234],[102.34654,15.08263],[102.34657,15.08281],[102.34664,15.08298],[102.34673,15.08311],[102.34686,15.08322],[102.34704,15.08333],[102.34761,15.08352],[102.34771,15.08365],[102.34773,15.08379],[102.34769,15.08393],[102.34762,15.08404],[102.34747,15.08411],[102.34728,15.08416],[102.34712,15.08424],[102.34694,15.08437],[102.34677,15.08453],[102.34667,15.08458],[102.3465,15.08465],[102.34632,15.08469],[102.34615,15.08476],[102.34603,15.08487],[102.34597,15.08502],[102.34595,15.08521],[102.34599,15.08537],[102.34607,15.08553],[102.34623,15.08572],[102.34641,15.08589],[102.34676,15.08618],[102.34692,15.08633],[102.34701,15.08644],[102.34708,15.08659],[102.34708,15.08672],[102.34703,15.08687],[102.34696,15.08695],[102.34687,15.08699],[102.34676,15.08701],[102.34664,15.08699],[102.34577,15.08668],[102.34559,15.0866],[102.34548,15.0865],[102.34536,15.08637],[102.34531,15.08622],[102.34529,15.08606],[102.34529,15.08584],[102.34529,15.08567],[102.34527,15.08557],[102.34522,15.08549],[102.34513,15.08543],[102.34503,15.08543],[102.34493,15.08549],[102.34481,15.08561],[102.34472,15.08579],[102.34448,15.08656],[102.34438,15.08693],[102.34438,15.08716],[102.34444,15.08747],[102.34454,15.08769],[102.34471,15.08792],[102.34488,15.08807],[102.34522,15.08827],[102.34544,15.08834],[102.34566,15.08836],[102.34586,15.08834],[102.34611,15.08828],[102.34637,15.08819],[102.34661,15.08814],[102.34678,15.08815],[102.34689,15.08819],[102.34697,15.08828],[102.34703,15.08842],[102.34702,15.0886],[102.34697,15.08878],[102.34681,15.08902],[102.34668,15.08919],[102.34651,15.08945],[102.34644,15.08961],[102.3464,15.0898],[102.34643,15.08997],[102.34647,15.09007],[102.34659,15.09017],[102.34671,15.09022],[102.34686,15.09022],[102.34701,15.09017],[102.34755,15.0899],[102.34774,15.08974],[102.3478,15.08964],[102.34791,15.08949],[102.34803,15.0894],[102.34816,15.08934],[102.34834,15.08932],[102.34844,15.08934],[102.34854,15.08939],[102.34865,15.0895],[102.34872,15.08966],[102.34879,15.08992],[102.34881,15.09023],[102.34886,15.09055],[102.34894,15.09074],[102.34905,15.09086],[102.34915,15.09091],[102.34931,15.09092],[102.34947,15.09087],[102.34963,15.09078],[102.3498,15.0907],[102.34986,15.09064],[102.34992,15.09053],[102.34993,15.09032],[102.34994,15.09014],[102.34998,15.09],[102.35006,15.08988],[102.35019,15.08978],[102.35036,15.08971],[102.35052,15.08967],[102.35064,15.0896],[102.35071,15.0895],[102.35074,15.08935],[102.35073,15.08921],[102.35065,15.08904],[102.35049,15.08892],[102.35039,15.08879],[102.35034,15.08865],[102.35032,15.08846],[102.35036,15.08826],[102.35058,15.08786],[102.35083,15.08756],[102.35109,15.08735],[102.35126,15.08728],[102.35138,15.08726],[102.35155,15.08726],[102.35169,15.08731],[102.35191,15.08745],[102.35208,15.08756],[102.35219,15.0876],[102.35234,15.08763],[102.35248,15.08762],[102.3527,15.08756],[102.35287,15.08749],[102.35306,15.08744],[102.35325,15.08743],[102.35344,15.08747],[102.35364,15.08755],[102.35381,15.08767],[102.3539,15.0878],[102.35394,15.08798],[102.35394,15.08813],[102.35387,15.08834],[102.35375,15.08859],[102.35355,15.08887],[102.35318,15.08928],[102.35292,15.08955],[102.35281,15.08974],[102.35277,15.08989],[102.35277,15.0901],[102.35281,15.09035],[102.3529,15.09049],[102.35304,15.09062],[102.35316,15.09066],[102.35331,15.09066],[102.35354,15.09058],[102.35389,15.09032],[102.35402,15.09019],[102.35412,15.09006],[102.35421,15.08991],[102.35434,15.08946],[102.35442,15.08926],[102.35457,15.08901],[102.35473,15.08881],[102.35504,15.08844],[102.35523,15.08827],[102.35543,15.08812],[102.3557,15.08799],[102.35603,15.08786],[102.35622,15.08776],[102.35638,15.08763],[102.35655,15.08748],[102.35676,15.08722],[102.35709,15.08672],[102.35716,15.08655],[102.35725,15.08645],[102.35739,15.08631],[102.35754,15.08622],[102.35784,15.08611],[102.35818,15.08603],[102.35851,15.08599],[102.35881,15.08602],[102.35911,15.08608],[102.35933,15.0861],[102.35953,15.08609],[102.3597,15.08606],[102.35988,15.08598],[102.35999,15.08589],[102.36009,15.08576],[102.36017,15.08559],[102.3602,15.08543],[102.36023,15.08527],[102.36027,15.0852],[102.36039,15.08512],[102.36053,15.0851],[102.3607,15.08512],[102.36099,15.08526],[102.36117,15.08541],[102.36129,15.08558],[102.36135,15.08577],[102.36135,15.08597],[102.36134,15.08616],[102.36127,15.08632],[102.36125,15.08649],[102.3613,15.08666],[102.36143,15.08683],[102.36156,15.08693],[102.36172,15.087],[102.36188,15.08702],[102.36205,15.08699],[102.36219,15.08689],[102.36239,15.08667],[102.36246,15.0865],[102.36248,15.08635],[102.36243,15.08615],[102.36237,15.08604],[102.36231,15.08589],[102.3623,15.08577],[102.36234,15.08563],[102.3624,15.08552],[102.36247,15.08544],[102.36255,15.08537],[102.36268,15.08531],[102.36282,15.08529],[102.36299,15.08532],[102.36316,15.08539],[102.3633,15.08551],[102.36388,15.08635],[102.36399,15.08664],[102.36401,15.08693],[102.36396,15.08736],[102.36377,15.08782],[102.36354,15.08818],[102.36325,15.08843],[102.36297,15.08853],[102.36263,15.0886],[102.36236,15.08858],[102.36204,15.0885],[102.36176,15.08833],[102.36123,15.08801],[102.36085,15.08785],[102.36055,15.08781],[102.36021,15.08785],[102.3599,15.08801],[102.35969,15.08826],[102.3596,15.08862],[102.35962,15.089],[102.35975,15.08937],[102.36005,15.0901],[102.36016,15.09046],[102.36018,15.09067],[102.36013,15.09085],[102.36,15.09104],[102.3598,15.09113],[102.3589,15.09121],[102.35863,15.09128],[102.3584,15.09143],[102.35826,15.0916],[102.35821,15.09186],[102.35826,15.09216],[102.35834,15.09228],[102.35848,15.09244],[102.35869,15.0926],[102.35894,15.09272],[102.35927,15.09283],[102.35953,15.09286],[102.35985,15.09284],[102.36021,15.09283],[102.36041,15.09283],[102.36057,15.09288],[102.36069,15.09301],[102.36075,15.09315],[102.36077,15.09333],[102.36073,15.09353],[102.36064,15.09366],[102.3605,15.09375],[102.36028,15.09379],[102.36005,15.09381],[102.35962,15.09376],[102.35924,15.09367],[102.35902,15.09358],[102.35877,15.09345],[102.35854,15.09331],[102.35836,15.09326],[102.35817,15.09326],[102.35804,15.09333],[102.35796,15.09345],[102.35794,15.09358],[102.35799,15.09372],[102.35816,15.09393],[102.35824,15.09409],[102.35829,15.09427],[102.35829,15.09449],[102.35828,15.0947],[102.35832,15.09484],[102.3584,15.095],[102.35855,15.09516],[102.3587,15.09525],[102.35886,15.09528],[102.35917,15.0953],[102.35934,15.09535],[102.35948,15.09545],[102.35958,15.0956],[102.35962,15.09574],[102.3596,15.09591],[102.35954,15.09606],[102.35944,15.09614],[102.35929,15.09622],[102.35904,15.09627],[102.3588,15.09632],[102.35852,15.09641],[102.35825,15.0965],[102.35811,15.0966],[102.35802,15.09676],[102.358,15.09691],[102.35806,15.09707],[102.35817,15.09719],[102.35846,15.09737],[102.35884,15.09754],[102.35899,15.09767],[102.3591,15.09782],[102.35912,15.09794],[102.35909,15.0981],[102.35898,15.09825],[102.35879,15.0984],[102.35849,15.09855],[102.35829,15.09859],[102.35812,15.09857],[102.35791,15.09851],[102.35774,15.0984],[102.35757,15.09825],[102.35737,15.09804],[102.35711,15.0978],[102.35695,15.0977],[102.35674,15.09758],[102.3565,15.09751],[102.35621,15.09745],[102.35595,15.09743],[102.35578,15.09748],[102.3557,15.09754],[102.35566,15.09766],[102.35568,15.09779],[102.35573,15.09795],[102.35578,15.09814],[102.35577,15.09831],[102.35573,15.09852],[102.3557,15.0987],[102.35572,15.09885],[102.35582,15.09898],[102.35593,15.09904],[102.35605,15.09906],[102.35624,15.09904],[102.35662,15.09896],[102.35701,15.0989],[102.35719,15.09892],[102.35735,15.09897],[102.35744,15.09906],[102.35747,15.09919],[102.35742,15.09936],[102.35731,15.09951],[102.35717,15.09962],[102.35684,15.0998],[102.35666,15.09991],[102.35646,15.10009],[102.35634,15.10024],[102.35623,15.1004],[102.35612,15.10052],[102.35594,15.10067],[102.35544,15.10098],[102.35517,15.10119],[102.35488,15.10142],[102.35468,15.10153],[102.35454,15.10158],[102.35433,15.10161],[102.35411,15.10164],[102.35387,15.10169],[102.35376,15.10175],[102.35365,15.10185],[102.35354,15.10203],[102.35349,15.10222],[102.35349,15.10244],[102.35355,15.10265],[102.35366,15.10285],[102.35384,15.10302],[102.3541,15.1032],[102.35437,15.10329],[102.35469,15.10335],[102.35489,15.10339],[102.35502,15.10344],[102.35508,15.10352],[102.35511,15.10364],[102.35509,15.10376],[102.35502,15.10386],[102.35493,15.1039],[102.3548,15.1039],[102.3547,15.10385],[102.35455,15.10373],[102.35439,15.10364],[102.35426,15.1036],[102.35414,15.10356],[102.35392,15.10355],[102.35373,15.1036],[102.3536,15.10366],[102.35349,15.10379],[102.35339,15.10402],[102.35337,15.1042],[102.35339,15.10452],[102.35349,15.10489],[102.35354,15.10512],[102.35354,15.10527],[102.35349,15.10542],[102.3534,15.10556],[102.35325,15.10569],[102.35306,15.10578],[102.35285,15.10584],[102.35262,15.10587],[102.35233,15.10585],[102.352,15.10585],[102.35185,15.10587],[102.35173,15.10594],[102.35165,15.10606],[102.35162,15.1063],[102.35164,15.10652],[102.35169,15.10669],[102.35178,15.10681],[102.352,15.10697],[102.35208,15.10707],[102.35212,15.10721],[102.35207,15.1074],[102.35199,15.10752],[102.35183,15.10761],[102.35166,15.10764],[102.35149,15.10762],[102.35128,15.10756],[102.35111,15.10745],[102.35098,15.1073],[102.35088,15.10716],[102.35082,15.10705],[102.35072,15.10697],[102.35061,15.10689],[102.35049,15.10687],[102.3503,15.10687],[102.35015,15.10692],[102.34998,15.10702],[102.34983,15.10713],[102.34975,15.10726],[102.3497,15.10745],[102.34967,15.10769],[102.34969,15.10785],[102.34976,15.10802],[102.34989,15.10824],[102.35003,15.10839],[102.35021,15.10851],[102.35054,15.10869],[102.35086,15.10883],[102.3511,15.10896],[102.35124,15.10907],[102.35132,15.10921],[102.35136,15.10939],[102.35135,15.10955],[102.35128,15.10968],[102.35118,15.10979],[102.35103,15.10994],[102.35096,15.11005],[102.3509,15.11023],[102.35091,15.11037],[102.35096,15.11049],[102.35105,15.1106],[102.3512,15.11068],[102.35139,15.11072],[102.3516,15.1107],[102.35223,15.11058],[102.35261,15.11054],[102.35288,15.11054],[102.35308,15.11058],[102.35326,15.11071],[102.35339,15.11089],[102.35347,15.11113],[102.35345,15.11138],[102.35339,15.11159],[102.35325,15.11181],[102.35304,15.11201],[102.35277,15.1122],[102.35256,15.11233],[102.35238,15.11248],[102.35226,15.11261],[102.35217,15.11277],[102.35216,15.11293],[102.3522,15.11305],[102.3523,15.11317],[102.35244,15.11334],[102.35255,15.11351],[102.35263,15.11374],[102.35267,15.11404],[102.35268,15.1144],[102.35268,15.11464],[102.3527,15.11486],[102.35274,15.1151],[102.35282,15.11532],[102.35291,15.11547],[102.35301,15.1156],[102.35319,15.11577],[102.35331,15.11587],[102.35349,15.11597],[102.35361,15.116],[102.35378,15.11602],[102.35397,15.11601],[102.35415,15.11593],[102.35428,15.11581],[102.35437,15.11565],[102.35449,15.11543],[102.35463,15.11525],[102.35482,15.11506],[102.35497,15.11483],[102.35506,15.1146],[102.3551,15.11442],[102.3551,15.11424],[102.35509,15.11399],[102.35514,15.11367],[102.35525,15.11335],[102.35538,15.11312],[102.35558,15.11289],[102.35577,15.11281],[102.35594,15.11279],[102.35618,15.11286],[102.35633,15.11295],[102.35645,15.11309],[102.35659,15.11342],[102.35675,15.11405],[102.35676,15.11424],[102.35673,15.11445],[102.35666,15.11465],[102.35657,15.11479],[102.35638,15.11494],[102.35616,15.11505],[102.35573,15.11521],[102.35552,15.11535],[102.35541,15.11548],[102.35535,15.11562],[102.35533,15.11577],[102.35535,15.11593],[102.35543,15.11609],[102.35554,15.11622],[102.3557,15.11633],[102.35593,15.11641],[102.35622,15.11646],[102.35655,15.11649],[102.35679,15.11648],[102.3571,15.11645],[102.35744,15.11639],[102.35775,15.11631],[102.35807,15.11627],[102.35827,15.11627],[102.35849,15.11628],[102.35877,15.11633],[102.35901,15.11641],[102.35941,15.11663],[102.35991,15.11689],[102.36008,15.11695],[102.36022,15.11697],[102.36037,15.11696],[102.36048,15.11691],[102.36056,15.11682],[102.36064,15.11665],[102.36069,15.1164],[102.3607,15.11612],[102.36077,15.11587],[102.36087,15.11569],[102.36102,15.11556],[102.36119,15.11548],[102.36135,15.11546],[102.36158,15.11549],[102.36205,15.11563],[102.36245,15.11577],[102.36281,15.11592],[102.36313,15.11609],[102.36351,15.11637],[102.36377,15.11654],[102.36408,15.1167],[102.36436,15.11677],[102.36456,15.11679],[102.36475,15.11676],[102.36505,15.11662],[102.36528,15.11657],[102.36551,15.11655],[102.36576,15.11658],[102.36593,15.11664],[102.36607,15.11675],[102.36618,15.11689],[102.36624,15.11706],[102.36624,15.11725],[102.3662,15.11744],[102.36612,15.11763],[102.36599,15.11786],[102.36576,15.11813],[102.36555,15.11832],[102.36526,15.11848],[102.36486,15.11859],[102.36451,15.11866],[102.36411,15.11867],[102.36369,15.11865],[102.36349,15.11869],[102.36339,15.11875],[102.36329,15.11889],[102.36326,15.11903],[102.36325,15.11919],[102.36328,15.11932],[102.36339,15.11947],[102.36356,15.11962],[102.36378,15.11981],[102.36418,15.12001],[102.36465,15.12021],[102.36507,15.1203],[102.3655,15.12035],[102.36572,15.12035],[102.36603,15.12029],[102.36625,15.1202],[102.36644,15.12009],[102.36663,15.12005],[102.36684,15.12009],[102.36701,15.1202],[102.36709,15.12036],[102.36711,15.1205],[102.36707,15.12065],[102.36679,15.12111],[102.3664,15.12192],[102.36631,15.12214],[102.36629,15.12231],[102.3663,15.12249],[102.36637,15.12264],[102.36649,15.12277],[102.36665,15.12287],[102.36684,15.12296],[102.36705,15.12304],[102.36719,15.12309],[102.36727,15.12317],[102.36729,15.12327],[102.36728,15.12338],[102.36723,15.12348],[102.36711,15.12359],[102.36695,15.12373],[102.36684,15.12388],[102.36674,15.12406],[102.36666,15.12432],[102.3666,15.12466],[102.36657,15.12509],[102.36659,15.12531],[102.36667,15.12566],[102.36675,15.12587],[102.36685,15.12604],[102.36701,15.12625],[102.36719,15.12639],[102.36739,15.12645],[102.3676,15.12646],[102.36789,15.12641],[102.36808,15.12631],[102.36832,15.12609],[102.36866,15.12569],[102.36883,15.12547],[102.36909,15.12518],[102.36926,15.12499],[102.36944,15.1247],[102.36952,15.12455],[102.36968,15.12436],[102.36987,15.12418],[102.37001,15.12408],[102.37017,15.12401],[102.37036,15.12394],[102.37056,15.1239],[102.37077,15.12389],[102.371,15.12395],[102.37148,15.12422],[102.37183,15.12453],[102.3721,15.12472],[102.37236,15.12489],[102.37255,15.12501],[102.37269,15.12519],[102.37276,15.12544],[102.37273,15.12574],[102.37263,15.12603],[102.3724,15.12648],[102.3723,15.12672],[102.37229,15.12691],[102.37236,15.12706],[102.37251,15.12718],[102.37269,15.12724],[102.37287,15.12724],[102.37311,15.12719],[102.37335,15.1271],[102.37361,15.12694],[102.37376,15.12677],[102.37384,15.12657],[102.37382,15.12619],[102.37376,15.12592],[102.37376,15.12566],[102.37378,15.12549],[102.37386,15.12532],[102.37405,15.12523],[102.37433,15.12523],[102.37449,15.12528],[102.37471,15.12545],[102.37478,15.12567],[102.37479,15.12591],[102.37472,15.12618],[102.37438,15.12687],[102.37425,15.12721],[102.37421,15.12744],[102.37425,15.12774],[102.37423,15.12796],[102.37415,15.12822],[102.37399,15.12849],[102.37378,15.12872],[102.37352,15.12899],[102.3734,15.12919],[102.37332,15.12937],[102.37333,15.12961],[102.37339,15.12982],[102.37357,15.13004],[102.37382,15.13019],[102.37417,15.13029],[102.37473,15.13035],[102.37504,15.13044],[102.37546,15.13061],[102.37604,15.13088],[102.37633,15.13096],[102.37664,15.131],[102.37694,15.13097],[102.37765,15.13089],[102.37801,15.13088],[102.37831,15.13095],[102.37851,15.13107],[102.37859,15.13126],[102.37857,15.13147],[102.37849,15.13164],[102.37818,15.13199],[102.37807,15.13215],[102.37801,15.13242],[102.37798,15.13269],[102.37802,15.13295],[102.37811,15.13319],[102.37827,15.13341],[102.37855,15.13365],[102.37882,15.1338],[102.37893,15.1339],[102.37893,15.13407],[102.37885,15.13419],[102.37868,15.13428],[102.37837,15.13433],[102.37793,15.13436],[102.37765,15.13431],[102.37739,15.13423],[102.37721,15.13411],[102.37704,15.13386],[102.3769,15.13358],[102.37675,15.13333],[102.37661,15.13324],[102.37643,15.13316],[102.37621,15.1332],[102.3761,15.13332],[102.37604,15.13354],[102.37608,15.13378],[102.37651,15.1349],[102.37659,15.13519],[102.37658,15.13536],[102.37652,15.13548],[102.37645,15.13553],[102.3763,15.13552],[102.37609,15.13544],[102.37569,15.13523],[102.37553,15.1352],[102.37544,15.13522],[102.37532,15.13535],[102.37529,15.13545],[102.37527,15.13558],[102.37525,15.13588],[102.37521,15.13608],[102.37515,15.13623],[102.37507,15.13635],[102.37493,15.13651],[102.37483,15.13663],[102.37476,15.13675],[102.37474,15.13684],[102.37474,15.13692],[102.37479,15.13698],[102.37487,15.13701],[102.37498,15.13703],[102.3751,15.13702],[102.37519,15.13699],[102.37531,15.13692],[102.3755,15.13679],[102.37566,15.1367],[102.37588,15.13662],[102.37607,15.13659],[102.37625,15.13661],[102.37642,15.13668],[102.37658,15.13677],[102.37676,15.1369],[102.37689,15.13704],[102.37697,15.13717],[102.37702,15.13735],[102.37704,15.13748],[102.37703,15.13763],[102.37697,15.13777],[102.37684,15.13793],[102.37669,15.13806],[102.37654,15.13811],[102.37641,15.13813],[102.37617,15.13817],[102.37602,15.13824],[102.37583,15.13836],[102.37568,15.13846],[102.37553,15.1385],[102.37535,15.13853],[102.37506,15.13857],[102.37485,15.13862],[102.37467,15.13871],[102.37451,15.13884],[102.37434,15.13901],[102.37416,15.13924],[102.37409,15.13937],[102.37404,15.13955],[102.37403,15.1397],[102.37409,15.13993],[102.37417,15.14015],[102.37425,15.14028],[102.37443,15.14044],[102.37464,15.14058],[102.37486,15.14068],[102.37506,15.14074],[102.37534,15.14076],[102.37565,15.14078],[102.37591,15.14084],[102.37606,15.14098],[102.37615,15.14122],[102.37616,15.14154],[102.37612,15.14167],[102.37604,15.14176],[102.37596,15.14178],[102.37585,15.14176],[102.37562,15.14166],[102.37545,15.14163],[102.37515,15.14159],[102.37488,15.14158],[102.37461,15.14153],[102.37442,15.14149],[102.37415,15.14137],[102.37397,15.14124],[102.37375,15.14106],[102.37351,15.14078],[102.37332,15.14053],[102.3732,15.14042],[102.37311,15.14037],[102.37297,15.14037],[102.3728,15.14042],[102.37268,15.14053],[102.3726,15.14066],[102.37256,15.14081],[102.37257,15.141],[102.37263,15.14117],[102.37275,15.14139],[102.37288,15.14158],[102.37298,15.14179],[102.37312,15.14215],[102.37327,15.14255],[102.3734,15.14276],[102.37361,15.14299],[102.37375,15.1431],[102.37395,15.14318],[102.37418,15.14327],[102.3743,15.14337],[102.37439,15.14352],[102.37441,15.14373],[102.37437,15.14389],[102.37423,15.1441],[102.37393,15.14445],[102.37375,15.14462],[102.37358,15.14481],[102.37347,15.14501],[102.3734,15.14518],[102.37337,15.14536],[102.37341,15.14552],[102.37348,15.14567],[102.37361,15.14585],[102.37373,15.14603],[102.37378,15.14623],[102.37376,15.14641],[102.37369,15.14652],[102.37359,15.14663],[102.37345,15.14668],[102.37324,15.14669],[102.37281,15.14665],[102.37268,15.14666],[102.37245,15.14672],[102.37223,15.1468],[102.37188,15.14697],[102.37156,15.14715],[102.37142,15.14727],[102.3713,15.14741],[102.37122,15.14759],[102.3712,15.14774],[102.37123,15.14794],[102.3713,15.14807],[102.3714,15.14818],[102.37155,15.14832],[102.37174,15.14845],[102.37193,15.14852],[102.37213,15.14856],[102.37236,15.14861],[102.37252,15.1487],[102.37267,15.14882],[102.37282,15.14899],[102.3729,15.14919],[102.37297,15.14945],[102.37297,15.14965],[102.37293,15.14985],[102.37285,15.15003],[102.37275,15.15015],[102.37258,15.15023],[102.3724,15.15027],[102.3721,15.15025],[102.37134,15.15019],[102.37102,15.15014],[102.37073,15.15008],[102.37049,15.15007],[102.37033,15.15008],[102.37019,15.15012],[102.37004,15.1502],[102.36993,15.15032],[102.36986,15.15045],[102.36985,15.15062],[102.36991,15.15087],[102.37,15.15108],[102.37012,15.15126],[102.37026,15.15139],[102.37048,15.15153],[102.37073,15.15165],[102.37107,15.1518],[102.3713,15.15192],[102.37146,15.15205],[102.37164,15.15226],[102.37173,15.15241],[102.37176,15.15262],[102.37175,15.15282],[102.37167,15.15303],[102.37152,15.15326],[102.37134,15.15344],[102.37111,15.15361],[102.37094,15.15372],[102.37078,15.15378],[102.37057,15.1538],[102.37028,15.15378],[102.36992,15.15379],[102.36974,15.15385],[102.36957,15.15399],[102.36947,15.15414],[102.36942,15.15433],[102.36942,15.15454],[102.36948,15.15479],[102.36961,15.15502],[102.3698,15.15533],[102.37006,15.15576],[102.37015,15.15607],[102.37025,15.15656],[102.37027,15.15699],[102.37021,15.15733],[102.37012,15.15759],[102.36998,15.15783],[102.36985,15.158],[102.3697,15.15814],[102.36953,15.15824],[102.36934,15.15829],[102.36919,15.15836],[102.36903,15.1585],[102.36885,15.15873],[102.36875,15.15891],[102.36869,15.15913],[102.36863,15.15942],[102.3686,15.15976],[102.36854,15.16029],[102.36844,15.16092],[102.36841,15.16139],[102.3684,15.16162],[102.36842,15.16187],[102.36847,15.16207],[102.36855,15.16223],[102.36866,15.16233],[102.36885,15.16242],[102.36907,15.16245],[102.36926,15.16244],[102.36953,15.16235],[102.3697,15.16223],[102.36997,15.16198],[102.37013,15.16179],[102.37025,15.1616],[102.37033,15.16141],[102.37037,15.16121],[102.37036,15.16102],[102.37025,15.16066],[102.37022,15.16047],[102.37022,15.16032],[102.37026,15.16017],[102.37037,15.16005],[102.37054,15.15998],[102.37073,15.15996],[102.37085,15.15998],[102.37108,15.16007],[102.37182,15.16049],[102.37197,15.16063],[102.37211,15.16083],[102.37221,15.1611],[102.3723,15.16154],[102.37234,15.16193],[102.3724,15.16223],[102.37246,15.16254],[102.3725,15.16286],[102.3725,15.16317],[102.37246,15.16333],[102.37239,15.1635],[102.37228,15.16359],[102.37214,15.16363],[102.37198,15.16363],[102.37177,15.16356],[102.37158,15.16344],[102.37082,15.16287],[102.37057,15.16274],[102.3704,15.16269],[102.37021,15.16267],[102.37006,15.16269],[102.36991,15.16276],[102.36973,15.16288],[102.36958,15.16309],[102.36952,15.16324],[102.36952,15.1634],[102.36957,15.16356],[102.3697,15.16375],[102.37007,15.16413],[102.37047,15.1644],[102.37082,15.16464],[102.37152,15.16514],[102.37174,15.16525],[102.37194,15.16531],[102.37217,15.16536],[102.37234,15.16536],[102.3725,15.16531],[102.3726,15.16524],[102.3727,15.1651],[102.37279,15.16492],[102.37298,15.16445],[102.37317,15.16418],[102.37333,15.164],[102.3735,15.16393],[102.37366,15.16394],[102.37385,15.16399],[102.37397,15.16411],[102.37406,15.1643],[102.37407,15.16446],[102.37401,15.1646],[102.37386,15.16487],[102.37374,15.16515],[102.37356,15.16551],[102.37342,15.16576],[102.3733,15.16589],[102.37315,15.166],[102.37298,15.16609],[102.37271,15.16617],[102.3722,15.16629],[102.37187,15.16636],[102.3716,15.16641],[102.37139,15.16649],[102.37122,15.16658],[102.37105,15.16671],[102.37089,15.16689],[102.37064,15.16723],[102.37048,15.1675],[102.37036,15.1678],[102.37025,15.16808],[102.37014,15.16827],[102.36998,15.16846],[102.36986,15.16856],[102.36969,15.16866],[102.36947,15.16879],[102.36929,15.16892],[102.36915,15.16906],[102.369,15.1693],[102.36875,15.16976],[102.36862,15.17006],[102.36856,15.17029],[102.36854,15.17049],[102.36858,15.1707],[102.36868,15.17092],[102.3688,15.17108],[102.36898,15.17124],[102.36931,15.17143],[102.36951,15.17157],[102.36961,15.17169],[102.36969,15.17189],[102.36974,15.17215],[102.36974,15.17235],[102.3697,15.17252],[102.36962,15.17264],[102.36946,15.17275],[102.3692,15.17287],[102.36887,15.17297],[102.36856,15.17303],[102.3684,15.17309],[102.3683,15.17318],[102.36821,15.17333],[102.36818,15.17349],[102.3682,15.17362],[102.36827,15.17375],[102.36837,15.17384],[102.36851,15.17389],[102.36865,15.1739],[102.36876,15.17388],[102.36887,15.17389],[102.36902,15.17394],[102.36912,15.17405],[102.3692,15.17419],[102.36925,15.1744],[102.36927,15.17466],[102.36923,15.1749],[102.36918,15.17512],[102.36911,15.17531],[102.36907,15.17551],[102.36908,15.17568],[102.36915,15.17588],[102.36939,15.17658],[102.36947,15.1767],[102.3696,15.17679],[102.36973,15.17684],[102.36994,15.17688],[102.37068,15.17691],[102.37083,15.17691],[102.37096,15.17686],[102.37107,15.17676],[102.37118,15.1766],[102.37133,15.17617],[102.37144,15.17597],[102.37181,15.1754],[102.3719,15.1753],[102.37205,15.17519],[102.37221,15.17515],[102.37244,15.17512],[102.373,15.1751],[102.37324,15.17512],[102.37338,15.17516],[102.37343,15.17524],[102.37345,15.17539],[102.37343,15.17554],[102.37337,15.17572],[102.37318,15.17604],[102.37296,15.17634],[102.37267,15.17662],[102.37253,15.17683],[102.37243,15.17707],[102.37245,15.17733],[102.37264,15.1778],[102.37285,15.17807],[102.37306,15.17826],[102.37329,15.17838],[102.37355,15.17845],[102.37387,15.17846],[102.37417,15.17843],[102.37447,15.1783],[102.37475,15.17821],[102.37505,15.17824],[102.3753,15.17835],[102.37549,15.1785],[102.37565,15.17883],[102.37578,15.17911],[102.37597,15.17944],[102.37606,15.17966],[102.37608,15.1799],[102.37601,15.18008],[102.37589,15.1802],[102.37546,15.18046],[102.37527,15.18058],[102.37509,15.18077],[102.375,15.18094],[102.37499,15.18106],[102.37502,15.18119],[102.37508,15.18129],[102.37518,15.18135],[102.37528,15.18138],[102.3755,15.1814],[102.37593,15.18137],[102.37649,15.18138],[102.3769,15.18142],[102.37719,15.18147],[102.37737,15.18151],[102.37753,15.18158],[102.37763,15.18167],[102.37771,15.18181],[102.37773,15.18197],[102.37769,15.18214],[102.3776,15.1823],[102.37746,15.18246],[102.37725,15.1826],[102.37707,15.18268],[102.37693,15.18273],[102.37672,15.18276],[102.37654,15.18276],[102.37636,15.18272],[102.37621,15.18265],[102.37604,15.1825],[102.37591,15.18245],[102.37576,15.18242],[102.37557,15.18242],[102.37542,15.18246],[102.37531,15.18255],[102.37521,15.1827],[102.37512,15.18293],[102.37504,15.18353],[102.37504,15.18388],[102.37509,15.18403],[102.37517,15.18411],[102.37528,15.18415],[102.37544,15.18415],[102.37566,15.18416],[102.37587,15.18421],[102.37607,15.18427],[102.37621,15.18437],[102.37633,15.18458],[102.37647,15.18489],[102.37656,15.18508],[102.37666,15.18521],[102.37679,15.18532],[102.37694,15.1854],[102.37717,15.18546],[102.37732,15.18552],[102.37744,15.18561],[102.37754,15.18576],[102.3776,15.18594],[102.37761,15.18615],[102.37757,15.18641],[102.37751,15.18663],[102.37749,15.18679],[102.37751,15.18691],[102.37757,15.18699],[102.37768,15.18706],[102.37785,15.1871],[102.37809,15.18712],[102.37837,15.1871],[102.37851,15.18712],[102.3786,15.18719],[102.37862,15.18733],[102.37857,15.18747],[102.37841,15.18766],[102.37827,15.18783],[102.37804,15.1881],[102.37791,15.1882],[102.37779,15.18824],[102.37769,15.18824],[102.37753,15.1882],[102.3774,15.18815],[102.37723,15.18803],[102.37695,15.18781],[102.37676,15.18768],[102.37654,15.18756],[102.37633,15.18748],[102.37608,15.18743],[102.3758,15.18738],[102.37563,15.18735],[102.37553,15.18736],[102.37543,15.18742],[102.37536,15.18754],[102.37535,15.18766],[102.3754,15.18787],[102.37552,15.18814],[102.37574,15.18847],[102.37589,15.18868],[102.37603,15.18895],[102.37615,15.18918],[102.37626,15.18929],[102.37638,15.18937],[102.37653,15.18943],[102.37673,15.18947],[102.37692,15.18948],[102.37713,15.18945],[102.37733,15.18938],[102.37757,15.18932],[102.37779,15.18929],[102.37805,15.18928],[102.37831,15.1893],[102.37857,15.18933],[102.37872,15.18933],[102.37898,15.18929],[102.3792,15.18924],[102.37939,15.18924],[102.37956,15.18928],[102.37967,15.18937],[102.37972,15.1895],[102.37972,15.18967],[102.37967,15.18984],[102.3796,15.19011],[102.37957,15.19031],[102.37958,15.19051],[102.37962,15.19082],[102.37968,15.19103],[102.37981,15.19128],[102.37993,15.19143],[102.3801,15.19159],[102.38048,15.19191],[102.38069,15.19209],[102.3808,15.1922],[102.3809,15.19235],[102.38095,15.19255],[102.38093,15.19285],[102.38089,15.19324],[102.38082,15.19349],[102.38074,15.19372],[102.38066,15.19391],[102.38063,15.19408],[102.38065,15.19425],[102.3807,15.19438],[102.38079,15.19448],[102.38096,15.19459],[102.38142,15.19473],[102.38159,15.19476],[102.38173,15.19474],[102.38189,15.1947],[102.38197,15.19465],[102.38202,15.19457],[102.38206,15.19445],[102.38211,15.19404],[102.38213,15.19389],[102.38218,15.19376],[102.38229,15.19366],[102.38243,15.19361],[102.38262,15.19362],[102.38275,15.19366],[102.38284,15.19375],[102.38291,15.19393],[102.38291,15.19413],[102.38282,15.1944],[102.38263,15.19483],[102.38242,15.19532],[102.38229,15.19556],[102.38214,15.19579],[102.38197,15.19596],[102.38178,15.1962],[102.38168,15.19637],[102.38161,15.19656],[102.38157,15.19676],[102.38156,15.19693],[102.3816,15.1972],[102.38169,15.19744],[102.3818,15.19761],[102.38196,15.19776],[102.38214,15.19786],[102.38239,15.19791],[102.38264,15.19792],[102.38291,15.1979],[102.38329,15.19786],[102.38354,15.19786],[102.38375,15.19789],[102.3839,15.19793],[102.38403,15.19802],[102.38412,15.19816],[102.38413,15.19833],[102.38411,15.19847],[102.38407,15.19863],[102.38399,15.19875],[102.38388,15.19885],[102.38374,15.19894],[102.38358,15.19898],[102.38324,15.19907],[102.38286,15.19922],[102.38265,15.19938],[102.38255,15.19953],[102.3825,15.19971],[102.38252,15.1999],[102.38257,15.20009],[102.3827,15.20029],[102.38288,15.20048],[102.38308,15.20059],[102.38333,15.20066],[102.38354,15.20069],[102.38383,15.20066],[102.38413,15.20062],[102.38433,15.20061],[102.3845,15.20063],[102.3847,15.20069],[102.38524,15.20096],[102.38552,15.20106],[102.38569,15.20108],[102.38586,15.20107],[102.38614,15.20099],[102.38664,15.20076],[102.38699,15.20059],[102.38711,15.20047],[102.38718,15.20033],[102.38721,15.20017],[102.38719,15.19997],[102.38712,15.19982],[102.38705,15.19973],[102.38682,15.19954],[102.38654,15.19933],[102.38631,15.19914],[102.3862,15.19897],[102.38615,15.19878],[102.38616,15.19862],[102.38622,15.19843],[102.38633,15.19825],[102.38645,15.1981],[102.38664,15.19794],[102.38691,15.19777],[102.3872,15.19761],[102.38743,15.1975],[102.38795,15.19731],[102.38814,15.19723],[102.38829,15.19713],[102.38836,15.19703],[102.3884,15.19688],[102.38841,15.19671],[102.38838,15.1964],[102.38831,15.19609],[102.38831,15.19596],[102.38834,15.19584],[102.38842,15.19571],[102.38853,15.19563],[102.38868,15.19558],[102.38889,15.19556],[102.38919,15.19559],[102.38951,15.19565],[102.38975,15.19566],[102.38991,15.19565],[102.39012,15.19558],[102.39034,15.19546],[102.39057,15.19526],[102.39094,15.19495],[102.39113,15.19484],[102.39134,15.19479],[102.39151,15.19478],[102.39171,15.19481],[102.39184,15.19488],[102.39195,15.19501],[102.39208,15.19524],[102.39214,15.19541],[102.39214,15.19557],[102.3921,15.19574],[102.39202,15.19591],[102.39189,15.1961],[102.39164,15.19643],[102.39118,15.19709],[102.39102,15.19738],[102.39096,15.19754],[102.39079,15.19816],[102.39068,15.19851],[102.39055,15.19881],[102.39042,15.19907],[102.39036,15.19925],[102.39035,15.19943],[102.39036,15.19956],[102.39041,15.19969],[102.39049,15.19982],[102.39061,15.19995],[102.3908,15.20007],[102.39101,15.20012],[102.39141,15.20022],[102.39187,15.20032],[102.39229,15.20047],[102.39254,15.20062],[102.39276,15.2008],[102.39294,15.20101],[102.39314,15.20139],[102.39333,15.20188],[102.39344,15.20205],[102.39357,15.20214],[102.39372,15.20219],[102.39388,15.20218],[102.39405,15.20209],[102.39422,15.20179],[102.3944,15.20118],[102.39456,15.20089],[102.39475,15.2007],[102.39493,15.2006],[102.39512,15.20062],[102.39523,15.20074],[102.39529,15.20097],[102.39525,15.20128],[102.39512,15.20173],[102.39504,15.20196],[102.39503,15.20219],[102.39504,15.20242],[102.39505,15.20247],[102.39509,15.20263],[102.3952,15.20279],[102.39534,15.20294],[102.39546,15.20304],[102.39565,15.20316],[102.39592,15.20333],[102.39617,15.2034],[102.39647,15.20335],[102.39675,15.20334],[102.39689,15.20338],[102.39705,15.20351],[102.3971,15.20366],[102.39707,15.20383],[102.39695,15.20409],[102.39677,15.20429],[102.3965,15.20449],[102.39615,15.20466],[102.39589,15.2047],[102.39563,15.20468],[102.39533,15.20461],[102.39506,15.20455],[102.39479,15.20457],[102.39452,15.20465],[102.39429,15.20482],[102.39416,15.20503],[102.3941,15.20528],[102.39411,15.20554],[102.39417,15.20583],[102.39431,15.20644],[102.39432,15.20666],[102.39427,15.20684],[102.39417,15.20701],[102.39399,15.20715],[102.39365,15.20731],[102.3934,15.20746],[102.39314,15.20763],[102.3929,15.20792],[102.39279,15.20817],[102.39272,15.20847],[102.39271,15.2087],[102.39277,15.20894],[102.39288,15.20916],[102.3932,15.20953],[102.39361,15.2098],[102.39424,15.21013],[102.39456,15.2103],[102.39478,15.21048],[102.39497,15.21073],[102.39511,15.21107],[102.39532,15.21165],[102.39546,15.21185],[102.39574,15.21201],[102.39608,15.21208],[102.39651,15.21211],[102.39689,15.21207],[102.39733,15.21194],[102.39799,15.21157],[102.39823,15.2115],[102.39853,15.2115],[102.39885,15.21157],[102.39914,15.21177],[102.39938,15.21206],[102.39974,15.21263],[102.3999,15.21278],[102.40008,15.21286],[102.40024,15.21289],[102.40043,15.21285],[102.40059,15.21276],[102.40072,15.21257],[102.4009,15.21225],[102.4011,15.21206],[102.40132,15.21193],[102.40168,15.21185],[102.402,15.21184],[102.40231,15.21189],[102.40255,15.21205],[102.40273,15.21228],[102.40293,15.21264],[102.40318,15.2132],[102.40328,15.2134],[102.40341,15.21352],[102.40368,15.21362],[102.40399,15.21369],[102.40436,15.21369],[102.40526,15.2137],[102.40571,15.21373],[102.40618,15.21383],[102.40657,15.21398],[102.40701,15.21423],[102.40737,15.21452],[102.40762,15.21462],[102.40805,15.21468],[102.40854,15.2147],[102.40897,15.21463],[102.40939,15.21461],[102.40976,15.21465],[102.41022,15.21474],[102.4107,15.21494],[102.41098,15.21502],[102.4112,15.21506],[102.41149,15.21506],[102.4121,15.21506],[102.41252,15.21508],[102.41288,15.21518],[102.41317,15.2153],[102.41356,15.21559],[102.41382,15.2159],[102.41397,15.21619],[102.41416,15.21652],[102.41431,15.21668],[102.41453,15.21681],[102.41525,15.2171],[102.41576,15.21722],[102.41638,15.21733],[102.41694,15.21741],[102.41738,15.21752],[102.41781,15.21765],[102.41816,15.21779],[102.41846,15.21786],[102.4187,15.21783],[102.41901,15.21769],[102.41927,15.21748],[102.41944,15.2172],[102.41949,15.21687],[102.41945,15.21652],[102.41934,15.21619],[102.41915,15.21586],[102.4189,15.21555],[102.41864,15.21532],[102.41838,15.21507],[102.4183,15.21487],[102.41829,15.21466],[102.41835,15.21444],[102.41851,15.2142],[102.4187,15.2141],[102.41895,15.21408],[102.41928,15.21414],[102.41996,15.21441],[102.42088,15.21475],[102.42144,15.21509],[102.42167,15.2153],[102.42186,15.21561],[102.42198,15.21598],[102.422,15.2164],[102.42195,15.21678],[102.42185,15.2171],[102.42172,15.21743],[102.42164,15.21773],[102.42164,15.21794],[102.42168,15.21828],[102.42176,15.21851],[102.42202,15.21886],[102.42229,15.21924],[102.42252,15.21944],[102.42276,15.21953],[102.42308,15.21956],[102.42331,15.21953],[102.42351,15.2194],[102.42364,15.21924],[102.42371,15.21897],[102.42365,15.21868],[102.42364,15.21848],[102.42368,15.21831],[102.42377,15.21825],[102.42396,15.21826],[102.42421,15.21834],[102.42445,15.21857],[102.42459,15.21887],[102.42472,15.21928],[102.42482,15.21948],[102.425,15.21967],[102.42527,15.21982],[102.42551,15.22],[102.42566,15.22022],[102.42576,15.22059],[102.42577,15.22085],[102.42583,15.2211],[102.42594,15.2212],[102.42614,15.22124],[102.42633,15.2212],[102.4266,15.22108],[102.42682,15.22087],[102.42701,15.22064],[102.42718,15.22035],[102.42736,15.22018],[102.42756,15.22007],[102.42793,15.21998],[102.42817,15.21998],[102.42862,15.2201],[102.42892,15.22032],[102.42903,15.2206],[102.42906,15.22089],[102.42898,15.2212],[102.42883,15.22143],[102.42864,15.22157],[102.42822,15.22178],[102.42785,15.22198],[102.42765,15.22221],[102.4276,15.2225],[102.42768,15.22282],[102.42789,15.22305],[102.42811,15.22317],[102.42838,15.22325],[102.42879,15.22329],[102.42986,15.22329],[102.43021,15.22323],[102.43034,15.22312],[102.43046,15.22293],[102.43052,15.22267],[102.43049,15.22243],[102.43044,15.22218],[102.43049,15.22196],[102.43063,15.2217],[102.43086,15.22152],[102.43128,15.22133],[102.4316,15.22126],[102.43191,15.22123],[102.43231,15.22128],[102.43278,15.22147],[102.43301,15.22168],[102.43321,15.22197],[102.43336,15.22234],[102.43336,15.22261],[102.43334,15.22283],[102.43323,15.22306],[102.43297,15.22331],[102.43218,15.22405],[102.43165,15.22441],[102.43138,15.22458],[102.43119,15.22478],[102.43115,15.22496],[102.43123,15.22519],[102.43147,15.22543],[102.43175,15.22556],[102.432,15.22562],[102.43237,15.22564],[102.43268,15.22558],[102.43293,15.22546],[102.43306,15.22531],[102.43325,15.22502],[102.43347,15.22482],[102.43379,15.22465],[102.43428,15.22451],[102.43469,15.22432],[102.43499,15.22411],[102.43521,15.22384],[102.43533,15.22358],[102.43537,15.2232],[102.43537,15.22281],[102.4354,15.22255],[102.43547,15.22238],[102.43563,15.22227],[102.43589,15.22223],[102.43617,15.22229],[102.43638,15.22241],[102.43654,15.22261],[102.43662,15.22291],[102.43657,15.22338],[102.43627,15.22437],[102.4362,15.22454],[102.43612,15.22468],[102.43599,15.22481],[102.43581,15.22498],[102.43564,15.22509],[102.43553,15.22521],[102.43544,15.22537],[102.43539,15.22552],[102.43537,15.22569],[102.43539,15.22583],[102.43546,15.22595],[102.43557,15.22605],[102.4358,15.22619],[102.43637,15.22643],[102.43654,15.22653],[102.43662,15.22665],[102.43664,15.22681],[102.43662,15.22698],[102.43654,15.22712],[102.43643,15.22722],[102.43607,15.22752],[102.43594,15.22764],[102.43563,15.22803],[102.43533,15.22842],[102.43525,15.22859],[102.43518,15.22882],[102.43516,15.22895],[102.43516,15.22908],[102.43523,15.22919],[102.43532,15.22928],[102.43542,15.22932],[102.43557,15.22935],[102.43579,15.22934],[102.43603,15.22927],[102.43636,15.22913],[102.43651,15.22902],[102.4368,15.2287],[102.43702,15.22842],[102.43721,15.2282],[102.43748,15.2279],[102.43763,15.2278],[102.43786,15.22769],[102.43804,15.22765],[102.4383,15.22763],[102.43854,15.22766],[102.4389,15.22773],[102.43911,15.22776],[102.43938,15.22776],[102.43989,15.22771],[102.44046,15.22762],[102.4407,15.22758],[102.44082,15.22754],[102.44091,15.22746],[102.44095,15.22736],[102.44096,15.22723],[102.44093,15.22707],[102.44089,15.22695],[102.44077,15.22681],[102.44051,15.22661],[102.44016,15.2264],[102.43963,15.22613],[102.43902,15.22586],[102.43875,15.22573],[102.43855,15.22561],[102.4384,15.22551],[102.43831,15.2254],[102.43827,15.22528],[102.43826,15.22516],[102.43829,15.22502],[102.43835,15.22488],[102.43848,15.22473],[102.43866,15.22462],[102.43882,15.22457],[102.43899,15.22457],[102.4393,15.22461],[102.43972,15.22466],[102.44027,15.22471],[102.4406,15.22476],[102.44089,15.22482],[102.44117,15.22491],[102.44144,15.22504],[102.44167,15.22519],[102.44225,15.22555],[102.44249,15.22566],[102.44274,15.22575],[102.44308,15.2258],[102.44342,15.22581],[102.44368,15.22578],[102.44391,15.22569],[102.4441,15.22558],[102.44428,15.22544],[102.4444,15.22527],[102.4445,15.22507],[102.44453,15.22486],[102.44451,15.22459],[102.44443,15.22431],[102.44431,15.22397],[102.44428,15.22385],[102.4443,15.22374],[102.44436,15.2236],[102.44451,15.22347],[102.44471,15.22339],[102.44493,15.22336],[102.44512,15.22337],[102.44535,15.22346],[102.44563,15.22361],[102.44581,15.22367],[102.44605,15.22371],[102.44626,15.22372],[102.44645,15.22369],[102.44664,15.22363],[102.44681,15.22352],[102.44693,15.2234],[102.447,15.22327],[102.44703,15.22306],[102.44702,15.22295],[102.44696,15.22279],[102.44688,15.22268],[102.44665,15.22253],[102.44659,15.22244],[102.44653,15.2223],[102.44652,15.22218],[102.44655,15.22206],[102.4466,15.22193],[102.44666,15.22183],[102.44676,15.22175],[102.44689,15.22168],[102.44708,15.22164],[102.44729,15.22164],[102.44763,15.22168],[102.44809,15.22179],[102.44829,15.2218],[102.4485,15.22178],[102.44865,15.22172],[102.44876,15.22162],[102.44884,15.2215],[102.44888,15.22139],[102.44888,15.22129],[102.44881,15.22111],[102.44866,15.22092],[102.44851,15.22069],[102.44841,15.22051],[102.44826,15.22025],[102.44817,15.22015],[102.44801,15.22006],[102.44785,15.22],[102.44769,15.21998],[102.44752,15.22002],[102.44737,15.2201],[102.44719,15.22025],[102.44693,15.22047],[102.4468,15.22053],[102.44664,15.22057],[102.44648,15.22057],[102.44628,15.22054],[102.44611,15.22046],[102.44596,15.22032],[102.44581,15.22015],[102.44544,15.21957],[102.44533,15.21936],[102.44527,15.21922],[102.44526,15.2191],[102.44525,15.21898],[102.44527,15.21885],[102.44531,15.21869],[102.4454,15.21855],[102.44551,15.21843],[102.44567,15.21835],[102.44587,15.21832],[102.44724,15.21832],[102.44792,15.2183],[102.4483,15.21825],[102.44849,15.21824],[102.44867,15.21825],[102.44888,15.2183],[102.44912,15.2184],[102.44936,15.21849],[102.44951,15.21852],[102.44968,15.21853],[102.44982,15.2185],[102.44995,15.21843],[102.45005,15.2183],[102.45026,15.21782],[102.45044,15.21745],[102.45054,15.21731],[102.45067,15.21721],[102.45087,15.21712],[102.45106,15.21707],[102.45127,15.21705],[102.45148,15.21707],[102.45167,15.21715],[102.45181,15.21726],[102.45193,15.21749],[102.45202,15.21771],[102.45208,15.2179],[102.45214,15.21803],[102.45222,15.21812],[102.45228,15.21817],[102.45237,15.2182],[102.45253,15.21821],[102.45268,15.21821],[102.45283,15.21818],[102.45296,15.2181],[102.45305,15.21799],[102.45309,15.21789],[102.4531,15.21773],[102.45302,15.21712],[102.453,15.21697],[102.45302,15.21675],[102.45306,15.21658],[102.45314,15.21637]]}},{"type":"Feature","properties":{"name":"ลำจักราช","type":"river","osm_id":648422314},"geometry":{"type":"LineString","coordinates":[[102.41063,15.13217],[102.41067,15.13189],[102.41061,15.13159],[102.41038,15.1311],[102.41026,15.13098],[102.41009,15.13095],[102.40995,15.13104],[102.40975,15.13128],[102.40962,15.13138],[102.40946,15.13141],[102.40883,15.13101],[102.40861,15.13081],[102.40853,15.13066],[102.4085,15.13048],[102.4085,15.13029],[102.40858,15.12989],[102.40864,15.12958],[102.40858,15.12938],[102.40844,15.12917],[102.40825,15.12898],[102.40772,15.12875],[102.40745,15.12865],[102.40707,15.12838],[102.40675,15.12823],[102.40646,15.12819],[102.40621,15.12823],[102.40598,15.12834],[102.40562,15.12865],[102.40509,15.12906],[102.4048,15.12919],[102.40459,15.12923],[102.40438,15.12918],[102.40414,15.129],[102.40398,15.12874],[102.40391,15.12847],[102.40392,15.12817],[102.40398,15.1276],[102.40398,15.12719],[102.40391,15.12679],[102.40376,15.12644],[102.40304,15.1254],[102.40289,15.12511],[102.40283,15.12478],[102.40281,15.12442],[102.40283,15.12385],[102.40283,15.12341],[102.40274,15.12312],[102.40258,15.12291],[102.40234,15.12283],[102.40205,15.12287],[102.40186,15.123],[102.40143,15.12338],[102.40118,15.12353],[102.40086,15.12367],[102.40065,15.12371],[102.40047,15.1237],[102.40001,15.12363],[102.39978,15.12364],[102.39954,15.12372],[102.39932,15.12383],[102.39903,15.12403],[102.39879,15.1241],[102.39849,15.12407],[102.39822,15.12399],[102.398,15.12385],[102.39786,15.12364],[102.39777,15.12335],[102.39776,15.12308],[102.39785,15.12281],[102.39806,15.12255],[102.39828,15.1224],[102.39866,15.12224],[102.39911,15.12208],[102.40001,15.12163],[102.40078,15.12118],[102.40102,15.12103],[102.40117,15.12088],[102.40128,15.12064],[102.40138,15.12035],[102.40137,15.12009],[102.40121,15.11985],[102.40103,15.11973],[102.40072,15.11967],[102.40043,15.11967],[102.40023,15.11975],[102.40007,15.11992],[102.39982,15.12027],[102.39965,15.12047],[102.39944,15.12055],[102.39922,15.1205],[102.39905,15.12037],[102.39903,15.12025],[102.39911,15.12006],[102.39927,15.11989],[102.39935,15.11965],[102.39932,15.11942],[102.39916,15.11925],[102.39895,15.11916],[102.39877,15.11918],[102.39854,15.11929],[102.39838,15.11937],[102.39799,15.11949],[102.39774,15.11953],[102.39745,15.11949],[102.39721,15.11937],[102.39705,15.11921],[102.39691,15.11896],[102.39678,15.11857],[102.39663,15.11825],[102.39635,15.11788],[102.39621,15.11759],[102.39612,15.11725],[102.39608,15.11697],[102.39595,15.11677],[102.39576,15.11667],[102.39537,15.11656],[102.39518,15.11643],[102.39509,15.11624],[102.39504,15.11603],[102.39501,15.11561],[102.3949,15.11537],[102.39447,15.11483],[102.39413,15.11437],[102.39379,15.114],[102.39358,15.11385],[102.39335,15.11378],[102.39292,15.11372],[102.39257,15.11372],[102.39229,15.11379],[102.39207,15.11392],[102.39188,15.11408],[102.3916,15.11433],[102.39137,15.11443],[102.3912,15.11443],[102.39098,15.11437],[102.3908,15.11425],[102.39068,15.11402],[102.39066,15.11382],[102.39072,15.11353],[102.39085,15.11317],[102.3909,15.11284],[102.39089,15.11235],[102.39088,15.11215],[102.39093,15.11199],[102.39099,15.11189],[102.39111,15.11182],[102.39122,15.1118],[102.39133,15.11183],[102.39142,15.11188],[102.39154,15.11201],[102.3916,15.11209],[102.39175,15.11221],[102.39182,15.11224],[102.39191,15.11223],[102.39197,15.11217],[102.39202,15.11205],[102.39205,15.11188],[102.39208,15.11169],[102.39212,15.11157],[102.39223,15.11142],[102.39235,15.11131],[102.39248,15.11121],[102.39259,15.11115],[102.39265,15.11106],[102.39272,15.11094],[102.39274,15.11079],[102.39273,15.11063],[102.39264,15.11037],[102.39251,15.11017],[102.39236,15.11002],[102.3921,15.10983],[102.3919,15.10973],[102.39169,15.10968],[102.39148,15.10967],[102.39126,15.1097],[102.39111,15.10971],[102.39097,15.10968],[102.39087,15.10964],[102.39081,15.10955],[102.39078,15.1094],[102.39078,15.10919],[102.39086,15.10897],[102.39101,15.10873],[102.39113,15.10863],[102.39124,15.10859],[102.39138,15.10861],[102.39148,15.10865],[102.39176,15.10893],[102.39207,15.10917],[102.39222,15.10927],[102.39237,15.10932],[102.39254,15.10933],[102.39284,15.10932],[102.393,15.10931],[102.39314,15.10932],[102.39326,15.10934],[102.39343,15.10936],[102.39354,15.10934],[102.39366,15.10927],[102.39377,15.10917],[102.39388,15.109],[102.39409,15.10866],[102.3942,15.10847],[102.3943,15.10836],[102.39439,15.1083],[102.39452,15.10827],[102.39463,15.10828],[102.39492,15.10842],[102.39505,15.10849],[102.39519,15.10851],[102.3953,15.10851],[102.39538,15.10847],[102.39545,15.10838],[102.39564,15.10796],[102.39565,15.1078],[102.39562,15.10771],[102.39556,15.10763],[102.39551,15.10757],[102.39551,15.10748],[102.39555,15.1074],[102.39592,15.10711],[102.39602,15.10706],[102.39613,15.10706],[102.39621,15.10709],[102.3963,15.10717],[102.39635,15.10727],[102.39647,15.10754],[102.39652,15.10766],[102.39656,15.10771],[102.39663,15.10773],[102.39671,15.10771],[102.39675,15.10765],[102.39678,15.10753],[102.39681,15.10733],[102.39684,15.10719],[102.3969,15.10712],[102.39698,15.10711],[102.39708,15.10715],[102.39717,15.10719],[102.39726,15.10719],[102.39732,15.10715],[102.39744,15.10694],[102.39752,15.10685],[102.39761,15.10683],[102.39768,15.10686],[102.39781,15.10702],[102.398,15.10718],[102.3983,15.10738],[102.39859,15.10755],[102.39889,15.1077],[102.39902,15.10774],[102.3991,15.10774],[102.39919,15.1077],[102.39931,15.10761],[102.39939,15.1075],[102.39947,15.10731],[102.3996,15.10713],[102.39973,15.107],[102.39978,15.10688],[102.39979,15.10677],[102.39975,15.10666],[102.39964,15.10657],[102.39948,15.1065],[102.39938,15.10648],[102.39923,15.1065],[102.39904,15.10656],[102.39891,15.10657],[102.3988,15.10655],[102.39868,15.1065],[102.39862,15.10644],[102.39849,15.10622],[102.3984,15.10607],[102.39831,15.10597],[102.39818,15.1059],[102.39803,15.10585],[102.39794,15.10579],[102.3979,15.10572],[102.39787,15.10562],[102.39788,15.10541],[102.39794,15.10514],[102.39801,15.10499],[102.39811,15.10489],[102.39823,15.10483],[102.39838,15.10476],[102.39858,15.10473],[102.3987,15.10472],[102.39886,15.10474],[102.39902,15.10478],[102.39911,15.10481],[102.39921,15.10482],[102.39927,15.1048],[102.39933,15.10474],[102.3994,15.1046],[102.39944,15.10434],[102.39944,15.1041],[102.39937,15.10392],[102.39931,15.10383],[102.39901,15.10363],[102.39886,15.10354],[102.39871,15.10352],[102.39851,15.10352],[102.39835,15.10356],[102.39823,15.10362],[102.39809,15.10365],[102.39786,15.10363],[102.3977,15.1036],[102.39756,15.10352],[102.39745,15.1034],[102.39734,15.10324],[102.39723,15.10312],[102.39708,15.103],[102.39699,15.10289],[102.39688,15.10271],[102.39679,15.10263],[102.39667,15.10255],[102.39656,15.10246],[102.39654,15.10239],[102.39656,15.1023],[102.39663,15.10223],[102.39673,15.10218],[102.39687,15.10217],[102.39712,15.10219],[102.39721,15.10217],[102.39727,15.10213],[102.39731,15.10205],[102.39731,15.10195],[102.39718,15.10165],[102.39708,15.10151],[102.39695,15.10145],[102.39686,15.10144],[102.39667,15.10142],[102.39656,15.10137],[102.39646,15.10129],[102.39641,15.10118],[102.39638,15.10105],[102.39642,15.10094],[102.39653,15.1008],[102.39665,15.10071],[102.39674,15.10069],[102.39684,15.10072],[102.39691,15.10079],[102.39697,15.10083],[102.39705,15.10083],[102.39711,15.10079],[102.39716,15.10068],[102.39718,15.10056],[102.39717,15.10045],[102.39705,15.10004],[102.39699,15.09986],[102.39698,15.09977],[102.397,15.09967],[102.39705,15.09959],[102.39708,15.09952],[102.3971,15.09942],[102.39708,15.09933],[102.39699,15.09925],[102.39695,15.09919],[102.39693,15.09906],[102.39693,15.09897],[102.39698,15.09892],[102.39708,15.09889],[102.39733,15.09887],[102.39747,15.09887],[102.39765,15.09885],[102.39774,15.09885],[102.39782,15.0989],[102.39785,15.09896],[102.39787,15.09925],[102.39791,15.09933],[102.39795,15.09938],[102.39802,15.0994],[102.39812,15.09937],[102.39818,15.09936],[102.39824,15.09937],[102.39829,15.0994],[102.39832,15.09949],[102.39834,15.09965],[102.39832,15.09978],[102.39828,15.0999],[102.39811,15.10016],[102.39808,15.10026],[102.39808,15.10036],[102.3981,15.10042],[102.39817,15.10052],[102.39824,15.10057],[102.39838,15.10064],[102.39844,15.10071],[102.39847,15.1008],[102.39851,15.10095],[102.39857,15.10102],[102.39862,15.10103],[102.39871,15.10101],[102.39882,15.10092],[102.39889,15.1008],[102.39894,15.10064],[102.39895,15.10038],[102.39892,15.10004],[102.39887,15.09981],[102.3989,15.09957],[102.39896,15.09936],[102.39903,15.09921],[102.39913,15.09912],[102.39927,15.09907],[102.39941,15.09907],[102.39954,15.09911],[102.39968,15.09921],[102.39974,15.0993],[102.39983,15.09948],[102.39987,15.0996],[102.39993,15.09966],[102.39999,15.09968],[102.4001,15.0997],[102.40023,15.09967],[102.40035,15.09958],[102.40042,15.09948],[102.40046,15.09932],[102.40054,15.09844],[102.40053,15.09813],[102.40049,15.09799],[102.40035,15.09776],[102.40029,15.09761],[102.40018,15.09738],[102.39999,15.09708],[102.39984,15.09679],[102.39981,15.09666],[102.3998,15.09648],[102.39983,15.09633],[102.39991,15.09623],[102.40008,15.09612],[102.40026,15.09599],[102.4006,15.09572],[102.40082,15.09554],[102.40114,15.09536],[102.40118,15.0953],[102.40118,15.09524],[102.40113,15.09513],[102.40106,15.09503]]}},{"type":"Feature","properties":{"name":"ลำจักราช","type":"river","osm_id":648707931},"geometry":{"type":"LineString","coordinates":[[102.39749,15.15079],[102.39748,15.1505],[102.39752,15.15031],[102.39761,15.15019],[102.3979,15.15011],[102.39825,15.15009],[102.39924,15.15017],[102.39969,15.15023],[102.39999,15.15025],[102.40027,15.15023],[102.40055,15.15017],[102.40068,15.15001],[102.40071,15.14987],[102.40069,15.14967],[102.40076,15.14941],[102.40083,15.14918],[102.40093,15.14891],[102.40126,15.14832],[102.40179,15.14724],[102.40212,15.14657],[102.40246,15.1461],[102.40272,15.1457],[102.40295,15.14543],[102.40304,15.14523],[102.40324,15.14449],[102.40367,15.1433],[102.4037,15.14312],[102.40369,15.14291],[102.40371,15.14275],[102.40383,15.14242],[102.40387,15.14213],[102.4039,15.14185],[102.404,15.14156],[102.40426,15.141],[102.40435,15.14067],[102.40442,15.14035],[102.40466,15.13981],[102.40487,15.13936],[102.40508,15.13875],[102.40535,15.13773],[102.40547,15.13732],[102.40547,15.13707],[102.40539,15.13686],[102.40522,15.1367],[102.40507,15.13663],[102.40493,15.13653],[102.40487,15.13646],[102.40484,15.13636],[102.40484,15.13629],[102.40489,15.13621],[102.40498,15.13618],[102.40515,15.13616],[102.40522,15.13613],[102.40527,15.13609],[102.4053,15.13603],[102.4053,15.13595],[102.40515,15.13504],[102.40509,15.13489],[102.40501,15.13477],[102.40485,15.13452],[102.40472,15.13435],[102.40467,15.13425],[102.40462,15.13414],[102.40459,15.13397],[102.4046,15.13382],[102.40467,15.13363],[102.40482,15.1334],[102.40527,15.13278],[102.40538,15.13269],[102.40562,15.13254],[102.40613,15.1323],[102.40628,15.13219],[102.4064,15.13214],[102.40651,15.13213],[102.40662,15.13215],[102.40677,15.13228],[102.40688,15.13236],[102.40699,15.1324],[102.40718,15.13246],[102.4073,15.13251],[102.40742,15.13258],[102.40789,15.133],[102.40795,15.13304],[102.40805,15.13306],[102.40828,15.13306],[102.40836,15.13305],[102.4084,15.13301],[102.40847,15.13286],[102.40851,15.13283],[102.40858,15.13282],[102.40868,15.13285],[102.40884,15.13298],[102.4089,15.13302],[102.40897,15.13302],[102.40906,15.13298],[102.40913,15.13291],[102.4092,15.13281],[102.40933,15.13251],[102.40935,15.1324],[102.40935,15.13231],[102.40938,15.13211],[102.40943,15.13184],[102.40946,15.13141]]}},{"type":"Feature","properties":{"name":"ลำจักราช","type":"river","osm_id":648735120},"geometry":{"type":"LineString","coordinates":[[102.39749,15.15079],[102.39768,15.1511],[102.39777,15.15129],[102.39785,15.15153],[102.39792,15.15187],[102.39797,15.15218],[102.39803,15.15253],[102.39811,15.15279],[102.39826,15.15315],[102.39839,15.15342],[102.39849,15.15355],[102.39864,15.15366],[102.39886,15.15372],[102.39912,15.15372],[102.3993,15.15368],[102.39946,15.1536],[102.39956,15.15347],[102.39975,15.15319],[102.39987,15.15305],[102.39998,15.15296],[102.40012,15.15294],[102.40026,15.15296],[102.40044,15.15301],[102.40105,15.15325],[102.40137,15.15343],[102.40153,15.15358],[102.40161,15.15373],[102.40164,15.15389],[102.40161,15.15418],[102.40146,15.15501],[102.40139,15.15511],[102.40131,15.15519],[102.4012,15.15523],[102.4011,15.15524],[102.40096,15.15523],[102.40073,15.15515],[102.40005,15.15488],[102.39968,15.15472],[102.39945,15.15466],[102.39926,15.15465],[102.3991,15.1547],[102.39896,15.15477],[102.39888,15.15487],[102.39883,15.155],[102.39882,15.1551],[102.39883,15.15526],[102.39881,15.1554],[102.39877,15.1555],[102.39871,15.15561],[102.39862,15.15579],[102.39859,15.15593],[102.39859,15.15602],[102.39862,15.15611],[102.39871,15.15619],[102.39886,15.15626],[102.39904,15.15629],[102.39932,15.15631],[102.39954,15.1563],[102.40021,15.15623],[102.40085,15.1561],[102.40107,15.15602],[102.40124,15.15593],[102.40142,15.15581],[102.40168,15.15569],[102.40198,15.15557],[102.40225,15.1555],[102.4025,15.1555],[102.40264,15.15554],[102.40273,15.15562],[102.40277,15.15571],[102.40274,15.15582],[102.40265,15.15604],[102.40248,15.15654],[102.40244,15.15677],[102.40244,15.15692],[102.4025,15.15702],[102.40262,15.15711],[102.40279,15.15717],[102.40299,15.15723],[102.40314,15.15729],[102.40326,15.15737],[102.40349,15.15761],[102.40365,15.15776],[102.40384,15.15796],[102.40389,15.15808],[102.40388,15.15815],[102.40384,15.15823],[102.40377,15.15827],[102.40367,15.15829],[102.4034,15.15827],[102.40328,15.15827],[102.40291,15.1583],[102.40262,15.15832],[102.40244,15.15838],[102.40227,15.15849],[102.40212,15.15859],[102.40159,15.15885],[102.40141,15.15899],[102.40132,15.15911],[102.40126,15.15923],[102.40124,15.15937],[102.40125,15.15948],[102.4013,15.15959],[102.40141,15.15967],[102.40153,15.15973],[102.40182,15.15979],[102.40208,15.15988],[102.40225,15.15999],[102.40241,15.16021],[102.40255,15.16048],[102.40258,15.16065],[102.40258,15.16082],[102.40255,15.16097],[102.4025,15.16114],[102.40232,15.16148],[102.40214,15.16174],[102.40198,15.16192],[102.40189,15.16202],[102.40184,15.1621],[102.40182,15.16222],[102.4018,15.16247],[102.40176,15.16276],[102.40176,15.16293],[102.4018,15.1631],[102.40207,15.16361],[102.4022,15.1638],[102.40238,15.16403],[102.40254,15.16419],[102.40272,15.16433],[102.40295,15.16445],[102.40328,15.16458],[102.40347,15.1646],[102.40363,15.16458],[102.4038,15.16449],[102.40388,15.16441],[102.40392,15.16427],[102.40393,15.16412],[102.40387,15.16372],[102.40389,15.16347],[102.40401,15.16322],[102.40435,15.16273],[102.40461,15.16218],[102.40468,15.16204],[102.40477,15.16159],[102.40487,15.16145],[102.40505,15.16138],[102.40533,15.16143],[102.40548,15.16152],[102.40559,15.16172],[102.40568,15.1619],[102.40582,15.16207],[102.40609,15.16221],[102.40632,15.16228],[102.40733,15.16244],[102.40757,15.16244],[102.40774,15.16234],[102.40791,15.16219],[102.40801,15.162],[102.40821,15.16172],[102.40834,15.16162],[102.40857,15.16158],[102.40882,15.1616],[102.40903,15.16175],[102.40949,15.16241],[102.40965,15.16286],[102.40964,15.16305],[102.40955,15.16319],[102.40941,15.16329],[102.40886,15.16354],[102.40847,15.16375],[102.40814,15.16403],[102.40795,15.16429],[102.40778,15.16464],[102.40767,15.16506],[102.40763,15.16548],[102.40764,15.16568],[102.40776,15.1659],[102.40787,15.16603],[102.40805,15.16614],[102.40825,15.16619],[102.40858,15.16623],[102.40888,15.16625],[102.40912,15.16635],[102.40931,15.16658],[102.40944,15.16683],[102.40957,15.16696],[102.40982,15.16706],[102.4101,15.16709],[102.41031,15.16717],[102.41042,15.16729],[102.41044,15.16745],[102.41038,15.1676],[102.41016,15.16788],[102.40999,15.16824],[102.40987,15.16865],[102.40984,15.16899],[102.40987,15.16933],[102.40996,15.16981],[102.4101,15.17045],[102.41015,15.17092],[102.41013,15.17121],[102.41005,15.17138],[102.40987,15.17152],[102.40959,15.17163],[102.40936,15.17169],[102.40925,15.17185],[102.40923,15.17203],[102.40932,15.17229],[102.40951,15.17254],[102.40983,15.17279],[102.41013,15.17294],[102.4104,15.17298],[102.41066,15.17294],[102.41092,15.17285],[102.41118,15.17274],[102.41185,15.1722],[102.41245,15.17169],[102.41284,15.17124],[102.41304,15.17108],[102.41322,15.17102],[102.41343,15.17102],[102.41364,15.1711],[102.41376,15.1712],[102.41391,15.17153],[102.41399,15.17182],[102.41407,15.17225],[102.41414,15.17252],[102.41427,15.17276],[102.41442,15.17294],[102.41462,15.17306],[102.41487,15.17313],[102.41509,15.17315],[102.41534,15.17314],[102.41559,15.17308],[102.41574,15.173],[102.41585,15.17288],[102.4159,15.17277],[102.41592,15.17265],[102.41587,15.17252],[102.4157,15.17235],[102.41558,15.17215],[102.41551,15.17192],[102.41552,15.1717],[102.41556,15.17151],[102.41566,15.17136],[102.4158,15.17123],[102.41602,15.17114],[102.41628,15.17108],[102.41655,15.17107],[102.4168,15.17112],[102.41695,15.17121],[102.41708,15.17137],[102.41718,15.17154],[102.41732,15.17201],[102.4174,15.17222],[102.41747,15.17233],[102.41754,15.17242],[102.41764,15.17247],[102.4178,15.1725],[102.41799,15.1725],[102.41813,15.17244],[102.41827,15.17235],[102.41843,15.1722],[102.41861,15.17199],[102.41881,15.17183],[102.41898,15.17172],[102.41912,15.17168],[102.41952,15.17168],[102.41978,15.17172],[102.41996,15.17178],[102.42011,15.17187],[102.42019,15.17197],[102.4203,15.17212],[102.42038,15.17224],[102.42049,15.1723],[102.42063,15.17232],[102.42077,15.1723],[102.42091,15.1722],[102.42102,15.17207],[102.42118,15.17173],[102.42132,15.17132],[102.42141,15.17115],[102.42152,15.17105],[102.42167,15.17101],[102.4218,15.17101],[102.42196,15.17107],[102.42206,15.17115],[102.42218,15.17129],[102.42228,15.17147],[102.42242,15.17175],[102.42248,15.17196],[102.42249,15.1724],[102.42252,15.17315],[102.42256,15.17337],[102.42262,15.17351],[102.42273,15.17359],[102.42292,15.17364],[102.42307,15.17363],[102.42319,15.17357],[102.42334,15.17343],[102.42349,15.17335],[102.42371,15.17331],[102.4239,15.17329],[102.42405,15.17325],[102.42418,15.17314],[102.42427,15.17303],[102.42435,15.17284],[102.42437,15.17266],[102.42431,15.17231],[102.42426,15.17213],[102.42426,15.17199],[102.42431,15.17189],[102.42437,15.17182],[102.42448,15.17177],[102.42501,15.17158],[102.42543,15.17149],[102.4256,15.17146],[102.42573,15.17146],[102.4259,15.17151],[102.42607,15.17152],[102.42623,15.17148],[102.42631,15.1714],[102.42637,15.17127],[102.42636,15.17108],[102.42629,15.17066],[102.42629,15.17049],[102.42635,15.17036],[102.42647,15.17028],[102.42666,15.17025],[102.42682,15.17028],[102.42697,15.17036],[102.42705,15.17044],[102.42712,15.17059],[102.42718,15.17086],[102.42723,15.1712],[102.42725,15.17143],[102.42721,15.17169],[102.42713,15.17189],[102.42699,15.17208],[102.42694,15.17224],[102.42694,15.17244],[102.42696,15.17264],[102.42702,15.1728],[102.42714,15.17294],[102.42731,15.17301],[102.4275,15.17302],[102.42768,15.17297],[102.42782,15.17288],[102.42797,15.17273],[102.42819,15.17238],[102.42838,15.17214],[102.42861,15.17197],[102.42889,15.17184],[102.42914,15.17179],[102.42936,15.17179],[102.42955,15.17183],[102.42979,15.17192],[102.42992,15.172],[102.43005,15.17215],[102.43009,15.17226],[102.43009,15.17243],[102.43009,15.17264],[102.43012,15.17282],[102.43018,15.173],[102.43035,15.17322],[102.4305,15.17336],[102.43069,15.17346],[102.43089,15.17349],[102.43112,15.17348],[102.43139,15.1734],[102.43152,15.1733],[102.43159,15.17319],[102.43162,15.17305],[102.43158,15.17291],[102.43155,15.17279],[102.43156,15.17263],[102.43161,15.1725],[102.43173,15.17241],[102.43189,15.17236],[102.43206,15.17235],[102.43222,15.1724],[102.43233,15.17248],[102.43242,15.17261],[102.43245,15.17275],[102.43246,15.17326],[102.43252,15.17364],[102.4326,15.17381],[102.43273,15.17392],[102.43284,15.17398],[102.43298,15.17397],[102.43309,15.17394],[102.43331,15.17379],[102.43353,15.17368],[102.43367,15.17365],[102.43381,15.17367],[102.43391,15.17375],[102.43395,15.17386],[102.43394,15.17398],[102.43391,15.17408],[102.43384,15.17419],[102.43374,15.17431],[102.43348,15.17455],[102.43334,15.17465],[102.43313,15.17476],[102.43289,15.17483],[102.43251,15.17491],[102.43231,15.175],[102.4322,15.17513],[102.43214,15.17529],[102.43213,15.17544],[102.43219,15.17556],[102.4323,15.17567],[102.43251,15.17577],[102.43282,15.17584],[102.43319,15.17592],[102.43359,15.1761],[102.43384,15.17624],[102.43403,15.17641],[102.43416,15.17659],[102.4342,15.17671],[102.4342,15.17684],[102.43418,15.17696],[102.43406,15.17733],[102.43398,15.17764],[102.43397,15.1779],[102.43401,15.17811],[102.43411,15.17828],[102.43427,15.17845],[102.43448,15.17856],[102.43478,15.17863],[102.43513,15.17864],[102.43543,15.17861],[102.43564,15.17863],[102.43576,15.1786],[102.43582,15.17853],[102.43591,15.17837],[102.436,15.17824],[102.43611,15.17819],[102.43627,15.17817],[102.4365,15.17819],[102.43682,15.17824],[102.43704,15.17828],[102.43716,15.17839],[102.43721,15.17851],[102.43721,15.17865],[102.43717,15.17879],[102.43706,15.17906],[102.43694,15.17932],[102.43688,15.17954],[102.43687,15.17983],[102.4369,15.18033],[102.43696,15.18053],[102.43703,15.18067],[102.43716,15.1808],[102.43733,15.18087],[102.4376,15.18092],[102.43782,15.18101],[102.43806,15.18118],[102.4382,15.18136],[102.43826,15.18152],[102.43826,15.18169],[102.43822,15.1818],[102.4381,15.18196],[102.43797,15.18214],[102.43788,15.18228],[102.43781,15.18251],[102.43778,15.1827],[102.43782,15.1829],[102.4379,15.18309],[102.43802,15.18328],[102.43818,15.18345],[102.43841,15.1836],[102.43864,15.18368],[102.43888,15.18375],[102.43923,15.18381],[102.43945,15.18381],[102.43964,15.18383],[102.43977,15.18389],[102.43987,15.18398],[102.43995,15.18411],[102.44006,15.18422],[102.44015,15.18426],[102.4403,15.18428],[102.44046,15.18425],[102.44059,15.18418],[102.44101,15.18381],[102.44125,15.18364],[102.44143,15.18357],[102.44163,15.18355],[102.44184,15.1836],[102.44203,15.18371],[102.44219,15.18377],[102.44234,15.18379],[102.44248,15.18377],[102.44261,15.18369],[102.44272,15.18354],[102.44276,15.18337],[102.44273,15.1832],[102.44263,15.18292],[102.4426,15.18259],[102.44263,15.18197],[102.44266,15.18164],[102.44271,15.18146],[102.44283,15.18129],[102.44293,15.18118],[102.44307,15.1811],[102.44327,15.18106],[102.44338,15.18106],[102.44349,15.18108],[102.44359,15.18116],[102.44368,15.18127],[102.44379,15.18142],[102.44391,15.18155],[102.44407,15.18163],[102.44425,15.18168],[102.44449,15.18169],[102.44481,15.18166],[102.44551,15.18163],[102.44572,15.18164],[102.44593,15.18169],[102.44616,15.18183],[102.4463,15.18199],[102.44643,15.18211],[102.44655,15.18216],[102.44671,15.18217],[102.4469,15.18213],[102.44707,15.18209],[102.44717,15.18209],[102.44724,15.18215],[102.44725,15.18223],[102.44726,15.18248],[102.44728,15.18265],[102.44737,15.18281],[102.44746,15.18289],[102.44768,15.18299],[102.4484,15.18326],[102.44871,15.18339],[102.44899,15.18349],[102.44918,15.18359],[102.44931,15.18369],[102.44946,15.18373],[102.44954,15.18373],[102.44962,15.18369],[102.4497,15.18358],[102.44976,15.18342],[102.44984,15.18311],[102.44993,15.18274],[102.44997,15.18252],[102.44996,15.18237],[102.44989,15.18224],[102.4498,15.18212],[102.4497,15.182],[102.44961,15.18181],[102.44953,15.18154],[102.44951,15.18084],[102.44954,15.18067],[102.44961,15.18051],[102.44972,15.1804],[102.44986,15.18034],[102.44997,15.18032],[102.45016,15.18032],[102.45031,15.18033],[102.45056,15.18034],[102.45072,15.18032],[102.45082,15.1803],[102.45093,15.18025],[102.45107,15.18015],[102.45128,15.17995],[102.45136,15.17984],[102.45142,15.17974],[102.45145,15.17963],[102.45146,15.17946],[102.45142,15.17933],[102.45131,15.17913],[102.45127,15.179],[102.45124,15.17881],[102.45126,15.17864],[102.45132,15.17848],[102.4514,15.17835],[102.45155,15.17817],[102.45169,15.17806],[102.45181,15.17799],[102.45196,15.17798],[102.45213,15.17802],[102.45226,15.1781],[102.45234,15.1782],[102.45243,15.17833],[102.45253,15.17857],[102.45256,15.17871],[102.45256,15.17889],[102.45252,15.1791],[102.45247,15.17929],[102.45245,15.17952],[102.45247,15.17967],[102.45251,15.17977],[102.4526,15.17987],[102.4527,15.17996],[102.45306,15.18021],[102.45346,15.18043],[102.45363,15.18048],[102.45381,15.18048],[102.45394,15.18045],[102.45411,15.18035],[102.45425,15.18019],[102.45438,15.17999],[102.45448,15.17979],[102.45459,15.17961],[102.45481,15.17936],[102.45506,15.17903],[102.45517,15.17884],[102.45523,15.17866],[102.45523,15.17851],[102.45519,15.17837],[102.45515,15.1782],[102.45517,15.178],[102.45523,15.17783],[102.45534,15.17766],[102.45549,15.17752],[102.45566,15.1774],[102.4558,15.17733],[102.45593,15.17729],[102.45609,15.17728],[102.45623,15.17727],[102.45636,15.17721],[102.45649,15.17711],[102.45658,15.17702],[102.45669,15.17694],[102.45683,15.17689],[102.45701,15.17686],[102.45721,15.17685],[102.45731,15.17683],[102.45738,15.17681],[102.45745,15.17676],[102.45751,15.17667],[102.45754,15.17658],[102.45756,15.17645],[102.45755,15.17636],[102.45756,15.17629],[102.45757,15.17623],[102.45761,15.17617],[102.4577,15.1761],[102.45781,15.17606],[102.45797,15.17602],[102.45807,15.17602],[102.45818,15.17604],[102.4583,15.1761],[102.45841,15.1762],[102.45848,15.17634],[102.45853,15.17645],[102.45857,15.17651],[102.45869,15.17658]]}},{"type":"Feature","properties":{"name":"ลำจักราช","type":"river","osm_id":648735121},"geometry":{"type":"LineString","coordinates":[[102.45869,15.17658],[102.46072,15.17683],[102.46114,15.17777],[102.4619,15.17768],[102.46365,15.17834],[102.46589,15.17857],[102.47019,15.17538],[102.47316,15.1766],[102.47396,15.17838],[102.47699,15.18047],[102.48001,15.18357],[102.48197,15.18396],[102.48509,15.18312],[102.48563,15.18349],[102.48601,15.18547],[102.48785,15.18572],[102.48904,15.18679],[102.48974,15.18725],[102.49302,15.18728],[102.49408,15.18757],[102.49502,15.19224],[102.49407,15.19864],[102.49492,15.19986],[102.4956,15.19991],[102.49615,15.2003],[102.49629,15.20076],[102.49624,15.20106],[102.4959,15.20161],[102.49562,15.20218],[102.49556,15.20228],[102.49555,15.2027],[102.49583,15.20303],[102.49626,15.20326],[102.49632,15.20358],[102.49604,15.20395],[102.49516,15.20438],[102.49484,15.20483],[102.4947,15.20542],[102.49472,15.20585],[102.49476,15.20659],[102.49478,15.20756],[102.49457,15.20843],[102.49417,15.20924],[102.49425,15.21052],[102.49436,15.21125],[102.49422,15.21178],[102.49344,15.21241],[102.49157,15.21348],[102.49105,15.21434],[102.49012,15.21732],[102.48974,15.21861],[102.48761,15.22452],[102.4878,15.22495],[102.48818,15.22609],[102.48823,15.22623],[102.4883,15.22646],[102.48829,15.22661],[102.48819,15.22684],[102.48805,15.22703],[102.4879,15.2273],[102.48788,15.22757],[102.48805,15.22786],[102.48811,15.22816],[102.48897,15.22882]]}},{"type":"Feature","properties":{"name":"","type":"river","osm_id":649529985},"geometry":{"type":"LineString","coordinates":[[102.44295,15.18399],[102.44294,15.18423],[102.44287,15.1844],[102.44276,15.18455],[102.44257,15.18467],[102.44239,15.18474],[102.44218,15.18478],[102.44199,15.18473],[102.44191,15.18469],[102.44185,15.18461],[102.44182,15.18445],[102.44183,15.18431],[102.44187,15.18418],[102.442,15.18401],[102.44211,15.18386],[102.44219,15.18377]]}},{"type":"Feature","properties":{"name":"คลองธารปราสาท","type":"river","osm_id":693330173},"geometry":{"type":"LineString","coordinates":[[102.34707,15.24684],[102.34776,15.24665],[102.34849,15.2467],[102.3492,15.24694],[102.34999,15.2475],[102.35079,15.24792],[102.35128,15.24808],[102.35236,15.24811],[102.35315,15.24786],[102.35397,15.24753],[102.35459,15.2473],[102.35508,15.24742],[102.35568,15.24761],[102.35639,15.24833],[102.35688,15.24854],[102.35744,15.24871],[102.35811,15.24871],[102.35869,15.24838],[102.35928,15.24799],[102.35998,15.2474],[102.36052,15.24711],[102.36104,15.24699],[102.36238,15.24697],[102.36314,15.2469],[102.36389,15.24662],[102.3645,15.24616],[102.36497,15.24584],[102.36555,15.24569],[102.36605,15.24574],[102.3664,15.24587],[102.3669,15.24648],[102.36774,15.24741],[102.36806,15.24782],[102.36852,15.24798],[102.36907,15.248],[102.36982,15.24788],[102.37051,15.24769],[102.37132,15.24758],[102.37213,15.24758],[102.37267,15.24764],[102.37347,15.24801],[102.37411,15.2484],[102.37426,15.2488],[102.37421,15.24919],[102.37418,15.24965],[102.37432,15.24984],[102.37483,15.25001],[102.37517,15.25005],[102.3757,15.24997],[102.37693,15.24958],[102.37762,15.24939],[102.37816,15.24943],[102.37839,15.24962],[102.37851,15.24999],[102.37839,15.25041],[102.37812,15.2509],[102.378,15.25125],[102.378,15.25158],[102.37812,15.2518],[102.37853,15.2521],[102.37936,15.25212],[102.38043,15.25224],[102.3812,15.25234],[102.38203,15.25269],[102.38379,15.25353],[102.38548,15.25445],[102.38585,15.2545],[102.38635,15.25458],[102.38673,15.25475],[102.38702,15.25504],[102.38738,15.25545],[102.38779,15.25563],[102.38847,15.25586],[102.38943,15.2563],[102.39404,15.25861],[102.39605,15.25967],[102.3966,15.26004],[102.39692,15.26054],[102.39734,15.26126],[102.39753,15.26139],[102.39784,15.2614],[102.39816,15.26116],[102.39858,15.26084],[102.39886,15.26073],[102.3991,15.26069],[102.39942,15.26079],[102.39987,15.26116],[102.40009,15.26139],[102.4008,15.26178],[102.4014,15.26235],[102.40191,15.26293],[102.40214,15.26307],[102.40253,15.26307],[102.40287,15.26277],[102.4033,15.2625],[102.40401,15.26244],[102.40467,15.26245],[102.40582,15.26254],[102.4061,15.26279],[102.4061,15.26323],[102.40601,15.26371],[102.4061,15.26398],[102.40685,15.26409],[102.40797,15.26418],[102.40864,15.26418],[102.40944,15.26389],[102.41005,15.2634],[102.41036,15.26294],[102.41061,15.2629],[102.4109,15.26299],[102.41131,15.26327],[102.41201,15.26318],[102.41254,15.26298],[102.41287,15.26262],[102.41324,15.26252],[102.41354,15.26255],[102.41383,15.26294],[102.41396,15.26316],[102.41444,15.26303],[102.41493,15.26289],[102.41507,15.26276],[102.41495,15.26241],[102.41498,15.26189],[102.41512,15.26125],[102.41552,15.26092],[102.41602,15.26073],[102.4164,15.26069],[102.41743,15.26033],[102.41794,15.26034],[102.41826,15.26058],[102.4187,15.26095]]}},{"type":"Feature","properties":{"name":"","type":"canal","osm_id":701045030},"geometry":{"type":"LineString","coordinates":[[102.05394,14.98564],[102.05396,14.98598]]}},{"type":"Feature","properties":{"name":"","type":"river","osm_id":720256548},"geometry":{"type":"LineString","coordinates":[[101.75628,15.19463],[101.75653,15.19473],[101.75682,15.19476],[101.75699,15.19474],[101.75704,15.19457],[101.75712,15.19443],[101.75767,15.19427],[101.75825,15.19407],[101.7586,15.19399],[101.75881,15.19393],[101.75911,15.19383],[101.75939,15.1938],[101.7596,15.19371],[101.75976,15.19371],[101.76011,15.19363],[101.76037,15.19364],[101.7606,15.19337],[101.76085,15.19327],[101.76116,15.1932],[101.76129,15.19319],[101.7617,15.19321],[101.76223,15.19344],[101.7627,15.19352],[101.76289,15.19358],[101.76305,15.19374],[101.76344,15.19349],[101.76383,15.19358],[101.7641,15.19364],[101.76446,15.19387],[101.7649,15.19393],[101.76534,15.19409],[101.76571,15.19412],[101.76583,15.19393],[101.76591,15.19374],[101.76619,15.19366],[101.76671,15.19371],[101.76724,15.19377],[101.76754,15.19384],[101.76774,15.19366],[101.76807,15.19351],[101.76825,15.19359],[101.7683,15.19368],[101.76824,15.19399],[101.76826,15.19427],[101.76834,15.19441],[101.7684,15.19442],[101.76859,15.1944],[101.76881,15.1943],[101.7689,15.19419],[101.76895,15.19392],[101.76914,15.19381],[101.76923,15.19415],[101.76948,15.19465],[101.76943,15.19514],[101.76946,15.19567],[101.76953,15.19611],[101.76953,15.19652],[101.76965,15.1966],[101.76991,15.19654],[101.77015,15.1964],[101.77034,15.19641],[101.7706,15.19658],[101.77066,15.19668],[101.7706,15.19695],[101.77073,15.19717],[101.77086,15.19741],[101.771,15.19732],[101.77124,15.19719],[101.77133,15.19718],[101.77159,15.19729],[101.77166,15.19738],[101.77192,15.19731],[101.7721,15.19736],[101.77227,15.19777],[101.7725,15.19779],[101.77312,15.19757],[101.77402,15.19743],[101.77466,15.19751],[101.77516,15.19743],[101.77554,15.19739],[101.77571,15.19746],[101.77697,15.19777],[101.7775,15.19784],[101.77789,15.19769],[101.77816,15.19756],[101.7783,15.19744],[101.77844,15.19732],[101.77881,15.19696],[101.77941,15.19692],[101.78012,15.19702],[101.78041,15.19698],[101.78076,15.19691],[101.78104,15.19692],[101.78144,15.19689],[101.78174,15.19681],[101.78183,15.19671],[101.78173,15.1964],[101.7817,15.19594],[101.78186,15.1956],[101.7821,15.19526],[101.78223,15.19484],[101.78279,15.19475],[101.78472,15.19533],[101.78506,15.1953],[101.78501,15.19567],[101.78504,15.19606],[101.78539,15.19658],[101.78569,15.19666],[101.78603,15.19668],[101.78648,15.1969],[101.7869,15.19682],[101.78718,15.19707],[101.78731,15.19715],[101.7874,15.19715],[101.78763,15.19697],[101.78791,15.19678],[101.78792,15.19665],[101.78777,15.19631],[101.78792,15.1961],[101.78793,15.1958],[101.7879,15.19544],[101.78798,15.19523],[101.78811,15.19511],[101.7884,15.19514],[101.78858,15.1952],[101.78871,15.19521],[101.78893,15.19498],[101.78934,15.19451],[101.78946,15.19414],[101.78958,15.19403],[101.78976,15.19399],[101.78994,15.19402],[101.79012,15.1941],[101.79036,15.19406],[101.79038,15.19393],[101.79027,15.19378],[101.7903,15.19345],[101.79008,15.19316],[101.79011,15.19294],[101.79018,15.19263],[101.7904,15.19246],[101.79043,15.19213],[101.79056,15.19205],[101.79072,15.19205],[101.79082,15.19214],[101.79099,15.19229],[101.79122,15.19236],[101.79132,15.19232],[101.79148,15.19209],[101.79171,15.1919],[101.79185,15.19192],[101.79235,15.19225],[101.79257,15.19192],[101.79274,15.19189],[101.79291,15.19223],[101.79347,15.19245],[101.79352,15.19254],[101.79339,15.19283],[101.79362,15.19329],[101.79359,15.19381],[101.79387,15.19388],[101.79406,15.19379],[101.79422,15.19338],[101.79436,15.1932],[101.7946,15.19305],[101.79487,15.19306],[101.79505,15.19328],[101.79519,15.19323],[101.79538,15.19315],[101.79581,15.19325],[101.79592,15.19322],[101.79601,15.19295],[101.79622,15.19282],[101.79641,15.19284],[101.7968,15.19288],[101.79695,15.19298],[101.79707,15.19322],[101.79739,15.19345],[101.79773,15.19348],[101.79794,15.19352],[101.7982,15.19363],[101.79832,15.19358],[101.79843,15.19326],[101.79848,15.19285],[101.79881,15.19268],[101.79891,15.19243],[101.79904,15.19234],[101.79963,15.19245],[101.79969,15.19207],[101.79975,15.19159],[101.79981,15.19147],[101.80005,15.1914],[101.80052,15.19133],[101.80058,15.19116],[101.80049,15.19076],[101.80037,15.1904],[101.80038,15.19017],[101.80053,15.19005],[101.80092,15.19005],[101.80113,15.1901],[101.80132,15.19002],[101.80168,15.18971],[101.80193,15.18949],[101.80205,15.18927],[101.80218,15.18894],[101.80236,15.18873],[101.80248,15.18836],[101.80233,15.18805],[101.8021,15.18784],[101.80209,15.18758],[101.80254,15.18696],[101.8028,15.18684],[101.80333,15.18686],[101.80369,15.18679],[101.80392,15.18662],[101.80405,15.18632],[101.80384,15.18568],[101.80421,15.18441],[101.80433,15.18397],[101.80438,15.18379],[101.8043,15.18346],[101.80423,15.18325],[101.80424,15.18247],[101.80434,15.18159],[101.8046,15.18123],[101.80514,15.18102],[101.80561,15.18091],[101.80585,15.18105],[101.80613,15.18137],[101.80632,15.18139],[101.80671,15.18123],[101.80705,15.18123],[101.80732,15.18129],[101.80755,15.18147],[101.80771,15.18155],[101.80798,15.18145],[101.80817,15.18134],[101.80834,15.18114],[101.80855,15.18114],[101.80884,15.18115],[101.80905,15.1811],[101.80915,15.18094],[101.80914,15.18072],[101.80905,15.18058],[101.80899,15.18042],[101.80897,15.18008],[101.80907,15.17988],[101.80926,15.17979],[101.80948,15.17981],[101.80957,15.18022],[101.80966,15.18052],[101.80987,15.18063],[101.81014,15.18062],[101.81034,15.18053],[101.81071,15.18056],[101.81093,15.18062],[101.81114,15.18057],[101.81122,15.18044],[101.81123,15.18036],[101.81117,15.18025],[101.81114,15.17988],[101.81117,15.1797],[101.81129,15.17953],[101.81148,15.17945],[101.81169,15.17942],[101.81202,15.17922],[101.81225,15.17903],[101.81241,15.17852],[101.81257,15.1778],[101.8126,15.177],[101.81264,15.17661],[101.81258,15.17621],[101.81261,15.17568],[101.81284,15.17526],[101.81279,15.17488],[101.81259,15.17451],[101.81235,15.17431],[101.81183,15.1743],[101.81155,15.17416],[101.81131,15.17382],[101.81139,15.17351],[101.81161,15.17333],[101.81199,15.17331],[101.81218,15.17328],[101.81238,15.17302],[101.81258,15.17215],[101.81299,15.17181],[101.81325,15.17155],[101.81333,15.17136],[101.81336,15.17068],[101.81338,15.17029],[101.81373,15.17008],[101.81411,15.16982],[101.81417,15.16943],[101.81414,15.16902],[101.8144,15.16879],[101.81475,15.16888],[101.81506,15.16921],[101.81514,15.16934],[101.81538,15.16937],[101.81562,15.16904],[101.81575,15.16836],[101.81578,15.16804],[101.81569,15.16759],[101.81555,15.16703],[101.81559,15.16646],[101.81574,15.16603],[101.81626,15.16548],[101.81675,15.16515],[101.81732,15.16491],[101.8176,15.1646],[101.81804,15.16381],[101.81825,15.16323],[101.81816,15.16296],[101.81771,15.16284],[101.81732,15.16282],[101.8171,15.16265],[101.81693,15.16177],[101.81679,15.16131],[101.81675,15.1609],[101.81682,15.16053],[101.81695,15.1602],[101.81702,15.15984],[101.8169,15.15927],[101.81686,15.15875],[101.81697,15.15848],[101.81713,15.1583],[101.81733,15.15827],[101.81758,15.15846],[101.81773,15.15863],[101.8179,15.15863],[101.81799,15.1585],[101.818,15.15827],[101.8181,15.15795],[101.8183,15.1578],[101.81859,15.15775],[101.81893,15.15776],[101.81926,15.15773],[101.8194,15.15751],[101.81935,15.15724],[101.81935,15.15692],[101.81945,15.15665],[101.81952,15.1565],[101.81981,15.15648],[101.82045,15.15661],[101.82076,15.15679],[101.82108,15.15696],[101.82142,15.15698],[101.82217,15.15681],[101.8225,15.15674],[101.82291,15.15663],[101.82336,15.15648],[101.82356,15.15647],[101.82386,15.15652],[101.82414,15.15662],[101.82434,15.15666],[101.82481,15.15657],[101.82513,15.15646],[101.82544,15.15655],[101.8258,15.15664],[101.826,15.15658],[101.82644,15.15629],[101.82693,15.15606],[101.82698,15.15594],[101.82671,15.15578],[101.82662,15.15568],[101.82667,15.15552],[101.82694,15.15512],[101.82716,15.15483],[101.82724,15.15454],[101.82723,15.15423],[101.82763,15.15365],[101.82787,15.15339],[101.82794,15.15298],[101.82806,15.15286],[101.82825,15.15282],[101.82872,15.15304],[101.82952,15.15327],[101.82985,15.15346],[101.83007,15.15384],[101.83033,15.15381],[101.83069,15.15398],[101.83085,15.15391],[101.83098,15.15299],[101.83112,15.15275],[101.83132,15.15238],[101.83133,15.15224],[101.83124,15.15212],[101.83114,15.15196],[101.83119,15.15178],[101.83134,15.15172],[101.83155,15.15175],[101.83169,15.15178],[101.83181,15.15168],[101.83189,15.15152],[101.83193,15.15141],[101.83204,15.15131],[101.83219,15.15132],[101.83225,15.1514],[101.83226,15.15155],[101.83222,15.15167],[101.83222,15.15182],[101.83228,15.15187],[101.83242,15.15188],[101.83252,15.15179],[101.83254,15.15164],[101.83256,15.15152],[101.83262,15.15144],[101.83282,15.15139],[101.83294,15.15149],[101.83302,15.15168],[101.83375,15.15184],[101.83387,15.15168],[101.83398,15.15158],[101.8343,15.15148],[101.83435,15.15135],[101.83442,15.1512],[101.83454,15.15114],[101.83464,15.15119],[101.8347,15.15135],[101.83472,15.15145],[101.83476,15.15151],[101.83494,15.15151],[101.83498,15.15148],[101.83503,15.15133],[101.83495,15.15083],[101.83483,15.15049],[101.83493,15.1503],[101.83517,15.15025],[101.83523,15.15006],[101.83516,15.14995],[101.83508,15.14982],[101.83533,15.14964],[101.83561,15.14966],[101.83596,15.14969],[101.83662,15.14953],[101.83719,15.1496],[101.83752,15.14946],[101.8378,15.14936],[101.83802,15.14921],[101.8382,15.1492],[101.83843,15.14943],[101.83863,15.14943],[101.83874,15.14924],[101.83867,15.149],[101.8387,15.14874],[101.83902,15.14856],[101.83923,15.14802],[101.83951,15.14786],[101.84053,15.14753],[101.84135,15.14717],[101.84176,15.14696],[101.84202,15.14678],[101.84224,15.1468],[101.84239,15.14711],[101.84254,15.14733],[101.84281,15.14739],[101.84341,15.14724],[101.8437,15.14762],[101.84406,15.14768],[101.8444,15.14779],[101.84456,15.14777],[101.84463,15.1476],[101.84451,15.1474],[101.84448,15.14724],[101.84477,15.1472],[101.84515,15.14703],[101.8454,15.14701],[101.84571,15.14721],[101.84602,15.14727],[101.84668,15.14728],[101.84693,15.14728],[101.84741,15.1472],[101.84789,15.14691],[101.84824,15.14684],[101.84852,15.14691],[101.84867,15.1471],[101.84899,15.1472],[101.84927,15.14723],[101.84952,15.14713],[101.84984,15.14686],[101.84989,15.14634],[101.84999,15.14614],[101.85021,15.14595],[101.85048,15.14554],[101.85058,15.14542],[101.85072,15.14538],[101.85108,15.14536],[101.85129,15.14544],[101.85146,15.14577],[101.85161,15.14587],[101.85192,15.14586],[101.85216,15.14577],[101.85261,15.14572],[101.85289,15.14582],[101.85329,15.14597],[101.85344,15.14599],[101.85364,15.14586],[101.85379,15.14578],[101.85396,15.14583],[101.85395,15.14628],[101.85386,15.14637],[101.8537,15.1465],[101.85371,15.14663],[101.8538,15.14681],[101.85394,15.14694],[101.8542,15.14683],[101.8545,15.14663],[101.85477,15.14656],[101.85524,15.14639],[101.85552,15.14631],[101.85562,15.14642],[101.85565,15.14666],[101.85559,15.14683],[101.85543,15.14693],[101.85536,15.14706],[101.85539,15.14726],[101.85562,15.14739],[101.85588,15.14747],[101.8561,15.14778],[101.8562,15.14781],[101.85657,15.14767],[101.85678,15.14767],[101.85717,15.1477],[101.85737,15.14767],[101.85764,15.14749],[101.85761,15.14702],[101.85769,15.14677],[101.85796,15.14647],[101.85783,15.14619],[101.85777,15.14584],[101.85799,15.1457],[101.85838,15.14563],[101.85852,15.14545],[101.8586,15.14504],[101.85867,15.14473],[101.85892,15.14461],[101.85922,15.14435],[101.85956,15.14428],[101.86017,15.14444],[101.8607,15.1446],[101.86156,15.14492],[101.86184,15.1452],[101.86206,15.14547],[101.86237,15.14555],[101.86279,15.14538],[101.86325,15.14479],[101.86313,15.14434],[101.86273,15.14313],[101.86259,15.14257],[101.86254,15.14191],[101.8627,15.14181],[101.86297,15.14179],[101.86339,15.14185],[101.86365,15.142],[101.86396,15.14229],[101.86422,15.14232],[101.86464,15.14222],[101.8649,15.14213],[101.8651,15.14201],[101.86534,15.14192],[101.86564,15.14202],[101.86585,15.14221],[101.86614,15.14259],[101.86633,15.14264],[101.86661,15.14255],[101.86679,15.14236],[101.86699,15.14221],[101.86753,15.14213],[101.86792,15.14239],[101.86817,15.14244],[101.86855,15.14222],[101.86883,15.14195],[101.86943,15.14198],[101.86967,15.14123],[101.87011,15.14092],[101.87023,15.1408],[101.87016,15.14054],[101.87005,15.14013],[101.87005,15.13975],[101.8701,15.13961],[101.87032,15.1396],[101.87071,15.13979],[101.87116,15.14016],[101.87141,15.14017],[101.87166,15.13979],[101.87174,15.13951],[101.87199,15.13934],[101.87255,15.13935],[101.87316,15.13919],[101.87379,15.13915],[101.87414,15.13896],[101.87453,15.13862],[101.87495,15.13839],[101.87515,15.13837],[101.87543,15.13852],[101.87558,15.13884],[101.87572,15.13913],[101.87584,15.13917],[101.87616,15.13914],[101.87649,15.13886],[101.87691,15.13866],[101.87753,15.13839],[101.87777,15.13824],[101.87785,15.13792],[101.8775,15.13749],[101.87735,15.13732],[101.87743,15.13712],[101.87765,15.13708],[101.87806,15.13721],[101.87838,15.1373],[101.8786,15.13729],[101.879,15.13712],[101.87925,15.13695],[101.87955,15.13671],[101.87985,15.13667],[101.88033,15.13706],[101.88051,15.13711],[101.88069,15.13696],[101.8809,15.13633],[101.88119,15.13579],[101.88185,15.13553],[101.88277,15.13551],[101.88337,15.13492],[101.88396,15.13482],[101.8843,15.1348],[101.88577,15.13442],[101.88768,15.13414],[101.8883,15.13401],[101.88833,15.13357],[101.88824,15.13284],[101.88801,15.13245],[101.88831,15.13226],[101.88872,15.13199],[101.88909,15.13186],[101.88971,15.13175],[101.88991,15.13163],[101.8901,15.13076],[101.8903,15.13029],[101.89052,15.12995],[101.89081,15.12972],[101.89129,15.12959],[101.89195,15.12957],[101.89247,15.12969],[101.89276,15.13003],[101.89307,15.13023],[101.89388,15.13048],[101.89418,15.13049],[101.89443,15.13033],[101.89499,15.12953],[101.89543,15.12905],[101.89578,15.12888],[101.89643,15.12882],[101.89703,15.12871],[101.8979,15.12857],[101.89831,15.12879],[101.89867,15.12961],[101.89978,15.13042],[101.90005,15.13054],[101.90026,15.13036],[101.90056,15.13008],[101.9008,15.12989],[101.90106,15.12978],[101.90143,15.12978],[101.9018,15.12985],[101.90215,15.12999],[101.90315,15.13043],[101.90362,15.13087],[101.9041,15.13111],[101.90431,15.13126],[101.90428,15.13156],[101.90414,15.13221],[101.90421,15.13243],[101.90437,15.13261],[101.90473,15.13275],[101.90537,15.13279],[101.90581,15.1328],[101.90617,15.13276],[101.90654,15.13253],[101.90681,15.13245],[101.90723,15.13241],[101.90795,15.13282],[101.90836,15.13297],[101.90816,15.1335],[101.90827,15.1336],[101.90876,15.13374],[101.90917,15.13402],[101.90921,15.13417],[101.90913,15.13429],[101.90893,15.13452],[101.90873,15.13487],[101.90874,15.13507],[101.90898,15.13524],[101.90932,15.13539],[101.90962,15.1359],[101.90973,15.13595],[101.90988,15.13593],[101.91013,15.13577],[101.9103,15.13566],[101.91053,15.13541],[101.91073,15.13526],[101.91095,15.13517],[101.91137,15.13522],[101.91177,15.13508],[101.91192,15.13498],[101.91192,15.1348],[101.9119,15.13464],[101.91188,15.13448],[101.91197,15.13436],[101.91216,15.13444],[101.91243,15.13464],[101.91293,15.13516],[101.91303,15.13522],[101.91322,15.13523],[101.91336,15.13512],[101.91341,15.13503],[101.91354,15.13496],[101.91384,15.13491],[101.91435,15.135],[101.91476,15.13505],[101.91502,15.13503],[101.91523,15.13478],[101.91528,15.13467],[101.91545,15.13452],[101.91569,15.13444],[101.91599,15.13446],[101.9162,15.13442],[101.91653,15.13423],[101.91685,15.13421],[101.91711,15.13435],[101.91761,15.1344],[101.91801,15.13459],[101.9187,15.13476],[101.91896,15.13485],[101.91923,15.13489],[101.91963,15.13473],[101.92004,15.13452],[101.92039,15.1345],[101.92116,15.13499],[101.92157,15.13512],[101.92206,15.13518],[101.92241,15.13516],[101.9228,15.13498],[101.92302,15.13485],[101.9234,15.13479],[101.92368,15.13477],[101.92395,15.13472],[101.92425,15.13471],[101.92465,15.13484],[101.92512,15.13506],[101.92534,15.1351],[101.92556,15.13495],[101.92583,15.13465],[101.92624,15.13453],[101.927,15.13446],[101.92765,15.13458],[101.92837,15.1347],[101.92883,15.13474],[101.92908,15.13494],[101.92927,15.13536],[101.9294,15.13544],[101.92965,15.13549],[101.92977,15.13545],[101.92993,15.13523],[101.93008,15.13517],[101.93031,15.13528],[101.9305,15.13538],[101.93131,15.13522],[101.93187,15.13522],[101.93246,15.13514],[101.93348,15.13511],[101.93393,15.13492],[101.93442,15.13494],[101.93515,15.13487],[101.93538,15.13458],[101.93547,15.13438],[101.93547,15.13413],[101.93542,15.13387],[101.93551,15.13374],[101.93576,15.13358],[101.93606,15.13353],[101.93664,15.13351],[101.93738,15.13352],[101.93756,15.13357],[101.93766,15.13399],[101.93819,15.13432],[101.93844,15.13436],[101.93866,15.1345],[101.93916,15.13457],[101.93969,15.1347],[101.93997,15.13497],[101.94001,15.13515],[101.94,15.13528],[101.93984,15.13537],[101.93962,15.13541],[101.93956,15.13551],[101.93965,15.13575],[101.93992,15.13578],[101.94023,15.13568],[101.9404,15.13567],[101.94057,15.13576],[101.94073,15.13617],[101.94126,15.13633],[101.94168,15.1363],[101.94238,15.13643],[101.94272,15.13663],[101.94366,15.13679],[101.94398,15.13691],[101.9442,15.13712],[101.9442,15.13757],[101.94413,15.13816],[101.94417,15.13824],[101.94434,15.13828],[101.94462,15.13824],[101.94485,15.13815],[101.94522,15.13826],[101.94568,15.13832],[101.94637,15.13865],[101.94685,15.13858],[101.94706,15.13867],[101.94725,15.13913],[101.94729,15.13947],[101.9471,15.13987],[101.94683,15.14086],[101.94773,15.14102],[101.94789,15.14114],[101.94789,15.14179],[101.94825,15.14193],[101.94855,15.14212],[101.94889,15.1421],[101.9492,15.14219],[101.9496,15.14211],[101.94985,15.14227],[101.95003,15.14233],[101.9503,15.14222],[101.95056,15.14218],[101.95076,15.14228],[101.95102,15.14251],[101.95137,15.1426],[101.95161,15.14258],[101.95178,15.14251],[101.95201,15.1423],[101.95218,15.1423],[101.95234,15.1424],[101.95263,15.14242],[101.9529,15.14263],[101.95335,15.14286],[101.95352,15.14309],[101.95371,15.1432],[101.95397,15.1433],[101.95461,15.14323],[101.95489,15.1434],[101.95503,15.14343],[101.95523,15.1434],[101.9554,15.1433],[101.95555,15.1433],[101.95574,15.14346],[101.95592,15.14333],[101.9562,15.14347],[101.95643,15.14353],[101.95662,15.14344],[101.95753,15.14375],[101.95766,15.14383],[101.95766,15.14417],[101.95763,15.14446],[101.95774,15.14454],[101.95796,15.14457],[101.95827,15.14458],[101.95866,15.14462],[101.95902,15.14459],[101.95942,15.14471],[101.9596,15.14452],[101.96012,15.14434],[101.96052,15.1443],[101.96063,15.14443],[101.96048,15.14477],[101.96067,15.14494],[101.96075,15.14508],[101.96067,15.14518],[101.96051,15.1452],[101.96037,15.14527],[101.96042,15.14541],[101.96074,15.14553],[101.96108,15.14525],[101.96151,15.14519],[101.96167,15.14547],[101.9618,15.1455],[101.96246,15.14534],[101.9632,15.14541],[101.96355,15.14557],[101.96414,15.14536],[101.96431,15.14543],[101.96465,15.14547],[101.96485,15.14562],[101.96502,15.14561],[101.96534,15.14557],[101.9654,15.14542],[101.96538,15.14519],[101.96538,15.14512],[101.96553,15.14506],[101.96584,15.14521],[101.96597,15.14534],[101.96598,15.14554],[101.96589,15.14593],[101.9659,15.14613],[101.96601,15.14618],[101.96625,15.14614],[101.96651,15.14596],[101.96672,15.146],[101.96687,15.14636],[101.96729,15.14627],[101.96753,15.14647],[101.96705,15.14722],[101.96713,15.14733],[101.96744,15.14743],[101.96754,15.14762],[101.96784,15.14761],[101.96788,15.14791],[101.96787,15.14821],[101.968,15.14833],[101.96814,15.1485],[101.9683,15.14855],[101.96854,15.14847],[101.96866,15.14833],[101.96875,15.14806],[101.96891,15.14787],[101.96902,15.14775],[101.96953,15.14786],[101.96997,15.14811],[101.9706,15.14828],[101.97096,15.14863],[101.97132,15.14835],[101.97152,15.14788],[101.97184,15.14752],[101.97212,15.14746],[101.97257,15.14738],[101.97303,15.14735],[101.97362,15.14758],[101.97391,15.14786],[101.97418,15.14774],[101.97456,15.14757],[101.97531,15.14776],[101.97576,15.14746],[101.97617,15.14804],[101.97671,15.14812],[101.97695,15.14854],[101.97718,15.14905],[101.97733,15.14943],[101.97736,15.14995],[101.9775,15.15019],[101.97772,15.15022],[101.97817,15.15019],[101.97833,15.15048],[101.9787,15.15071],[101.97882,15.15083],[101.97882,15.15104],[101.97875,15.15131],[101.97872,15.15164],[101.97874,15.15199],[101.97894,15.15221],[101.97921,15.15232],[101.97956,15.15242],[101.97998,15.15243],[101.98018,15.15239],[101.9803,15.15224],[101.98044,15.15203],[101.98062,15.15205],[101.98093,15.1523],[101.98106,15.15233],[101.98131,15.15237],[101.98156,15.15228],[101.98173,15.15225],[101.98185,15.1523],[101.98193,15.15245],[101.98179,15.15271],[101.98169,15.153],[101.98163,15.15338],[101.98155,15.15352],[101.98131,15.15374],[101.98118,15.15391],[101.9811,15.15419],[101.98085,15.15438],[101.98073,15.15451],[101.98072,15.15492],[101.98065,15.15506],[101.98042,15.15531],[101.98036,15.15544],[101.98028,15.15567],[101.98018,15.15577],[101.98001,15.1559],[101.97993,15.15602],[101.9799,15.15623],[101.97995,15.15633],[101.9801,15.15641],[101.9804,15.15639],[101.98062,15.15641],[101.98083,15.15648],[101.98088,15.15663],[101.98079,15.15697],[101.98082,15.15715],[101.98089,15.15735],[101.98127,15.1575],[101.98129,15.15763],[101.98115,15.15781],[101.98116,15.15789],[101.98128,15.15799],[101.98152,15.15816],[101.98158,15.15859],[101.98168,15.15863],[101.98203,15.15859],[101.98255,15.15839],[101.98288,15.15853],[101.98315,15.15873],[101.98331,15.15911],[101.98343,15.15913],[101.98361,15.159],[101.98396,15.15913],[101.98408,15.15912],[101.9843,15.15904],[101.98462,15.15891],[101.98513,15.15864],[101.9856,15.15825],[101.98585,15.15813],[101.9862,15.15822],[101.98633,15.15817],[101.98653,15.15792],[101.98677,15.15773],[101.98698,15.15768],[101.98709,15.15758],[101.98703,15.15747],[101.98685,15.1573],[101.98683,15.1572],[101.98702,15.15706],[101.98719,15.15684],[101.98758,15.1569],[101.9879,15.15659],[101.98819,15.15638],[101.98832,15.15624],[101.98834,15.15599],[101.9883,15.15554],[101.98833,15.1553],[101.98846,15.15518],[101.98859,15.15518],[101.9887,15.15524],[101.9888,15.15539],[101.98896,15.1554],[101.98911,15.15539],[101.98921,15.15531],[101.98924,15.15516],[101.98979,15.15513],[101.99025,15.15507],[101.99057,15.15499],[101.99095,15.15492],[101.99124,15.15498],[101.99146,15.15476],[101.99185,15.15468],[101.99211,15.15458],[101.99227,15.15483],[101.99266,15.15485]]}},{"type":"Feature","properties":{"name":"","type":"canal","osm_id":775708673},"geometry":{"type":"LineString","coordinates":[[102.41877,15.27968],[102.41915,15.27969],[102.41937,15.27972],[102.41956,15.27978],[102.41993,15.28003],[102.42005,15.28008],[102.42044,15.28012],[102.42068,15.28017],[102.42131,15.28038],[102.42176,15.2806],[102.42225,15.28097],[102.42288,15.2812],[102.42307,15.28124],[102.42316,15.28119],[102.42325,15.28102],[102.42335,15.28066],[102.42342,15.28059],[102.42358,15.28055],[102.42423,15.28034]]}},{"type":"Feature","properties":{"name":"","type":"canal","osm_id":775708682},"geometry":{"type":"LineString","coordinates":[[102.42678,15.29411],[102.4266,15.29393],[102.42649,15.29373],[102.4266,15.29327],[102.42655,15.29266],[102.42639,15.29244],[102.42604,15.29233],[102.42496,15.2922],[102.42442,15.29223],[102.42396,15.29248],[102.42362,15.29254],[102.42299,15.29248],[102.42271,15.29227],[102.42261,15.29195],[102.42262,15.29156],[102.42281,15.29081],[102.42278,15.29049],[102.4226,15.29004],[102.42228,15.28988],[102.42188,15.2899],[102.4214,15.29006],[102.42111,15.29007],[102.42082,15.28995],[102.42044,15.28971],[102.42006,15.28972],[102.41982,15.28994],[102.41968,15.29052],[102.41956,15.29081],[102.41929,15.29109],[102.4192,15.29128],[102.4191,15.29184],[102.41884,15.29201],[102.41851,15.29199],[102.41819,15.29181],[102.41805,15.29145],[102.41801,15.29107],[102.41817,15.28999],[102.41832,15.28975],[102.41895,15.28929],[102.41899,15.28912],[102.41891,15.28894],[102.41869,15.28888],[102.41829,15.28902],[102.41755,15.28923],[102.41717,15.28954],[102.41704,15.28979],[102.41651,15.29002],[102.41625,15.29031],[102.41591,15.2906],[102.41542,15.29091],[102.41518,15.29095],[102.41495,15.29082],[102.41461,15.29073],[102.41432,15.29053],[102.41408,15.29056],[102.41357,15.2908],[102.41314,15.29088],[102.41292,15.29102],[102.41272,15.29151],[102.41243,15.29195],[102.41206,15.29231],[102.41167,15.29237],[102.41142,15.29223],[102.41133,15.292],[102.41144,15.29147],[102.41138,15.2912],[102.41121,15.29108],[102.41086,15.29104],[102.40994,15.29114],[102.40956,15.29132],[102.40933,15.29162],[102.40921,15.29203],[102.40908,15.29224],[102.40873,15.29237],[102.40753,15.29271],[102.4072,15.29291],[102.407,15.29311],[102.40687,15.29335],[102.40682,15.29382],[102.4067,15.29401],[102.40641,15.29411],[102.40621,15.29404],[102.40571,15.29337],[102.40552,15.29324],[102.40501,15.29318],[102.40485,15.29329],[102.40468,15.29384],[102.40449,15.29403],[102.40407,15.29403],[102.40378,15.29415],[102.40356,15.29452],[102.40318,15.29491],[102.40237,15.29553],[102.4019,15.29581],[102.40152,15.29598]]}},{"type":"Feature","properties":{"name":"","type":"canal","osm_id":775898991},"geometry":{"type":"LineString","coordinates":[[102.45736,15.23867],[102.45715,15.23881],[102.45697,15.23904],[102.45677,15.23911],[102.45644,15.23904],[102.45523,15.23852]]}},{"type":"Feature","properties":{"name":"","type":"canal","osm_id":780894988},"geometry":{"type":"LineString","coordinates":[[102.45237,15.41316],[102.45219,15.41318],[102.4518,15.41315],[102.45124,15.41307],[102.451,15.41306],[102.45076,15.4132],[102.4505,15.41345],[102.44932,15.41366],[102.44892,15.4138],[102.44873,15.41388],[102.44834,15.41408],[102.44811,15.41431],[102.4479,15.41443],[102.44768,15.41448],[102.44725,15.41467],[102.44703,15.41475],[102.44604,15.41512],[102.4459,15.4151],[102.44573,15.41503],[102.44537,15.41504],[102.44492,15.41509]]}},{"type":"Feature","properties":{"name":"","type":"river","osm_id":816612666},"geometry":{"type":"LineString","coordinates":[[102.12977,15.13576],[102.13007,15.13602],[102.13058,15.13637],[102.13133,15.13659],[102.13179,15.13693],[102.13207,15.13743],[102.1324,15.13893],[102.13273,15.13994],[102.13339,15.14025],[102.13387,15.14065],[102.13438,15.14051],[102.13445,15.14019],[102.13443,15.13991],[102.13472,15.13958],[102.1349,15.13925],[102.13509,15.13909],[102.13567,15.13919],[102.13614,15.13932],[102.13671,15.13918],[102.13691,15.13912],[102.13715,15.13939],[102.13734,15.13989],[102.13785,15.13999],[102.13823,15.14004],[102.13868,15.14036],[102.13897,15.14041],[102.13936,15.14028],[102.13961,15.14038],[102.13996,15.1414],[102.14017,15.14145],[102.14049,15.14137],[102.14076,15.14112],[102.14092,15.14112],[102.14109,15.14136],[102.14121,15.14228],[102.14162,15.14252],[102.14191,15.14286],[102.14182,15.14337],[102.14166,15.14391],[102.14187,15.1442],[102.14213,15.1442],[102.14271,15.1436],[102.14264,15.14288],[102.14278,15.14271],[102.14348,15.14254],[102.14365,15.14224],[102.14342,15.14197],[102.14275,15.14158],[102.1428,15.14123],[102.14309,15.1409],[102.14335,15.14066],[102.14399,15.14023],[102.14469,15.14019],[102.14524,15.14],[102.14548,15.14029],[102.14554,15.14064],[102.1452,15.14119],[102.14483,15.14142],[102.14471,15.14173],[102.14471,15.14208],[102.14514,15.1425],[102.1456,15.1426],[102.14613,15.14233],[102.14678,15.14221],[102.1476,15.14205],[102.14805,15.14197],[102.14842,15.14208],[102.14871,15.14252],[102.14866,15.1431],[102.14854,15.1437],[102.14864,15.14418],[102.14901,15.14451],[102.1498,15.145],[102.15051,15.14494],[102.15094,15.14458],[102.15113,15.14374]]}},{"type":"Feature","properties":{"name":"","type":"river","osm_id":816612667},"geometry":{"type":"LineString","coordinates":[[102.10944,15.13588],[102.10935,15.13565],[102.10909,15.13543],[102.10905,15.13525],[102.10906,15.13511],[102.10931,15.13501],[102.10953,15.13491],[102.10955,15.13471],[102.10945,15.13433],[102.1093,15.13414],[102.1091,15.13415],[102.10871,15.13422],[102.10841,15.13419],[102.10809,15.13412],[102.10796,15.13396],[102.10797,15.13379],[102.10815,15.13326],[102.10837,15.13279],[102.1086,15.13248],[102.10905,15.13199],[102.10943,15.13153],[102.1098,15.13116],[102.10987,15.13101],[102.10986,15.13072],[102.10993,15.13046],[102.11009,15.13035],[102.11041,15.13027],[102.11081,15.13018],[102.11113,15.1304],[102.11187,15.13126],[102.11248,15.13179],[102.11264,15.13207],[102.1127,15.13239],[102.1123,15.13273],[102.11199,15.13293],[102.1118,15.13316],[102.11177,15.13342],[102.11184,15.13363],[102.11205,15.13367],[102.11227,15.13363],[102.11256,15.13337],[102.11281,15.13335],[102.11324,15.13355],[102.11374,15.13398],[102.11447,15.13422],[102.11473,15.13455],[102.115,15.13542],[102.11528,15.13583],[102.11554,15.1359],[102.11592,15.13568],[102.11631,15.13558],[102.11673,15.13581],[102.11695,15.13581],[102.11713,15.13555],[102.1175,15.13503],[102.11782,15.13419],[102.11809,15.13401],[102.11887,15.13386],[102.1192,15.13386],[102.11947,15.13401],[102.11968,15.13431],[102.11985,15.13439],[102.1201,15.13427],[102.12035,15.13386],[102.12066,15.1338],[102.12105,15.13372],[102.12143,15.13382],[102.12192,15.13372],[102.12201,15.13355],[102.12204,15.13331],[102.1222,15.13294],[102.12244,15.13288],[102.12272,15.13294],[102.12317,15.13329],[102.12342,15.13354],[102.1235,15.13379],[102.12361,15.13418],[102.12379,15.13436],[102.12408,15.13441],[102.12431,15.13429],[102.12441,15.13414],[102.12446,15.13395],[102.1245,15.13369],[102.12453,15.13329],[102.12434,15.13292],[102.12428,15.13255],[102.12426,15.13219],[102.12428,15.13177],[102.12437,15.13156],[102.12452,15.13145],[102.12476,15.13144],[102.12533,15.13154],[102.12563,15.13139],[102.12589,15.13139],[102.12602,15.13149],[102.12612,15.13167],[102.12603,15.13255],[102.12603,15.13301],[102.12616,15.13309],[102.12653,15.13307],[102.127,15.1334],[102.12748,15.1336],[102.12798,15.13383],[102.12833,15.1339],[102.12854,15.13391],[102.12869,15.13377],[102.12887,15.13343],[102.12926,15.13323],[102.13005,15.1331],[102.13039,15.13302],[102.1304,15.13293],[102.13033,15.13275],[102.13029,15.13251],[102.13046,15.13241],[102.13061,15.13248],[102.13072,15.1327],[102.13082,15.13299],[102.13112,15.13295],[102.13153,15.13304],[102.1317,15.13311],[102.13186,15.13338],[102.13163,15.13387],[102.13142,15.13439],[102.13088,15.13452],[102.13063,15.13492],[102.13061,15.13539],[102.12977,15.13576]]}},{"type":"Feature","properties":{"name":"","type":"river","osm_id":816612668},"geometry":{"type":"LineString","coordinates":[[102.10944,15.13588],[102.10992,15.13576],[102.11064,15.1353],[102.1111,15.13505],[102.11168,15.13499],[102.11204,15.13526],[102.1122,15.13559]]}},{"type":"Feature","properties":{"name":"คลองเชียงไกร","type":"river","osm_id":816612672},"geometry":{"type":"LineString","coordinates":[[102.05022,15.14146],[102.05098,15.14115],[102.0516,15.14113],[102.05179,15.14102],[102.05187,15.14087],[102.05196,15.14051],[102.05211,15.14017],[102.05205,15.13984],[102.05226,15.13958],[102.05259,15.13919],[102.05259,15.13879],[102.05268,15.1387],[102.05283,15.13869],[102.05312,15.13877],[102.05326,15.13874],[102.05333,15.1386],[102.05347,15.13794],[102.05384,15.13739],[102.05462,15.13674],[102.05495,15.13646],[102.0561,15.13573],[102.05706,15.1354],[102.05763,15.13505],[102.05797,15.13491],[102.05814,15.13474],[102.05831,15.13472],[102.05862,15.13485],[102.05887,15.13495],[102.05935,15.13495],[102.05964,15.13488],[102.05967,15.13472],[102.05958,15.13431],[102.0598,15.13385],[102.0596,15.13352],[102.05953,15.13302],[102.05926,15.13273],[102.05923,15.13254],[102.05926,15.13231],[102.05954,15.13206],[102.05981,15.13184],[102.06012,15.13166],[102.0602,15.13133],[102.06042,15.13114],[102.06066,15.1311],[102.06081,15.1308],[102.06089,15.13072],[102.06108,15.13073],[102.06122,15.13087],[102.06133,15.13086],[102.06143,15.1307],[102.06146,15.13051],[102.06128,15.13035],[102.06126,15.13019],[102.06149,15.12981],[102.0616,15.12958],[102.0619,15.12958],[102.06198,15.1294],[102.06183,15.12923]]}},{"type":"Feature","properties":{"name":"คลองเชียงไกร","type":"river","osm_id":816612673},"geometry":{"type":"LineString","coordinates":[[102.07093,15.12242],[102.07097,15.12199],[102.07103,15.12183],[102.07115,15.12166],[102.07132,15.12155],[102.07145,15.12144],[102.0715,15.12136],[102.0715,15.12127],[102.07141,15.12122],[102.07128,15.12118],[102.07112,15.12113],[102.07105,15.121],[102.07106,15.12092],[102.07111,15.12086],[102.07126,15.12075],[102.0714,15.12066],[102.07152,15.12059],[102.07162,15.12043],[102.07173,15.12024],[102.07178,15.12018],[102.07191,15.12017],[102.072,15.12019],[102.07206,15.12025],[102.07219,15.12038],[102.07242,15.12068],[102.0725,15.12097],[102.07246,15.12131],[102.07272,15.12159],[102.07307,15.12176],[102.07332,15.12182],[102.07341,15.12146],[102.07354,15.12131],[102.07373,15.12122],[102.07424,15.12136],[102.07456,15.12154],[102.0747,15.12167],[102.07477,15.12189],[102.07453,15.12242],[102.07478,15.12264],[102.0752,15.1226],[102.07549,15.12236],[102.07583,15.12235],[102.07609,15.12258],[102.07615,15.12281],[102.07609,15.12303],[102.07574,15.12324],[102.07549,15.12338],[102.07535,15.12364],[102.07544,15.12398],[102.07572,15.12435],[102.07602,15.12458],[102.07635,15.12465],[102.07658,15.12458],[102.07678,15.12431],[102.07693,15.12404],[102.07703,15.1237],[102.07705,15.1235],[102.07703,15.12323],[102.07678,15.12294],[102.07699,15.12254],[102.07723,15.12238],[102.07737,15.1224],[102.07808,15.12268],[102.07849,15.123],[102.07872,15.1234],[102.07854,15.1238],[102.0786,15.12411],[102.07897,15.12483],[102.079,15.12518],[102.07911,15.12535],[102.07926,15.12533],[102.0797,15.12503],[102.08023,15.12477],[102.08075,15.12467],[102.08143,15.12488],[102.08165,15.12523],[102.08173,15.12567],[102.08218,15.12665],[102.08242,15.12706],[102.08261,15.12763],[102.08279,15.12795],[102.08292,15.128],[102.08353,15.12771],[102.08376,15.12762],[102.08418,15.12764],[102.08452,15.1277],[102.08477,15.12768],[102.085,15.1276],[102.08508,15.12746],[102.08511,15.12724],[102.085,15.12698],[102.08481,15.12673],[102.0845,15.12648],[102.08459,15.12621],[102.08474,15.12603],[102.08498,15.12602],[102.08537,15.1262],[102.0856,15.12645],[102.08591,15.12676],[102.08595,15.12706],[102.08598,15.12768],[102.08577,15.12812],[102.08574,15.12854],[102.086,15.12875],[102.08629,15.12881],[102.08689,15.12884],[102.08734,15.12912],[102.08764,15.12936],[102.08792,15.12937],[102.08798,15.12926],[102.08788,15.12898],[102.08778,15.12856],[102.08773,15.12829],[102.08771,15.12809],[102.08779,15.12793],[102.08816,15.12784],[102.08871,15.12803],[102.08896,15.12807],[102.08918,15.12803],[102.08931,15.12786],[102.08946,15.12772],[102.08971,15.12771],[102.08997,15.12796],[102.09008,15.12822],[102.09012,15.12852],[102.08994,15.12891],[102.08999,15.1296],[102.08999,15.13005],[102.08986,15.13034],[102.08967,15.13054],[102.08959,15.13077],[102.0897,15.13097],[102.08988,15.1311],[102.09008,15.13111],[102.09028,15.13096],[102.09041,15.13081],[102.09049,15.13062],[102.09056,15.13036],[102.09077,15.13021],[102.09101,15.13021],[102.0913,15.13037],[102.09156,15.13039],[102.09174,15.13033],[102.09178,15.13021],[102.0919,15.12988],[102.09184,15.12954],[102.09195,15.12932],[102.09228,15.12914],[102.09265,15.12912],[102.09289,15.12919],[102.09308,15.12937],[102.09316,15.1297],[102.09299,15.13018],[102.09295,15.13056],[102.09259,15.13106],[102.09248,15.13129],[102.09244,15.13159],[102.09255,15.13188],[102.09276,15.13201],[102.09299,15.13205],[102.09337,15.13186],[102.09359,15.13155],[102.09366,15.13129],[102.0937,15.13098],[102.09384,15.1308],[102.09418,15.13074],[102.09449,15.13076],[102.09459,15.13083],[102.09498,15.13133],[102.09526,15.1313],[102.09546,15.13119],[102.09572,15.13061],[102.09608,15.13026],[102.09619,15.13021],[102.09654,15.13017],[102.09668,15.13034],[102.09674,15.13063],[102.0968,15.13092],[102.09739,15.13117],[102.0975,15.13134],[102.09746,15.13154],[102.09732,15.13173],[102.09709,15.13185],[102.09677,15.13185],[102.09645,15.1318],[102.09626,15.13191],[102.0962,15.13209],[102.09622,15.13234],[102.09633,15.13248],[102.09673,15.13266],[102.09686,15.13286],[102.09696,15.13338],[102.09735,15.13367],[102.09766,15.1337],[102.09805,15.13366],[102.09838,15.13352],[102.09886,15.13313],[102.09917,15.13296],[102.09947,15.13287],[102.09965,15.13267],[102.09966,15.13252],[102.09947,15.1324],[102.09914,15.13231],[102.09914,15.13212],[102.09913,15.13189],[102.09926,15.13174],[102.09947,15.13163],[102.09981,15.13155],[102.10011,15.13144],[102.10034,15.1312],[102.10072,15.13079],[102.10108,15.13071],[102.10138,15.1308],[102.10154,15.13089],[102.10172,15.1311],[102.10171,15.13141],[102.10154,15.13168],[102.10132,15.1318],[102.10114,15.132],[102.10127,15.13226],[102.1014,15.13245],[102.10185,15.13255],[102.10236,15.13273],[102.10287,15.1331],[102.10318,15.13316],[102.10334,15.13325],[102.10342,15.13336],[102.10343,15.13353],[102.10335,15.13372],[102.1031,15.13388],[102.10274,15.13402],[102.10251,15.1341],[102.10222,15.13415],[102.10193,15.13422],[102.10182,15.13437],[102.10159,15.13479],[102.1014,15.13489],[102.10105,15.13485],[102.1008,15.13489],[102.1005,15.13505],[102.10039,15.13524],[102.10035,15.13552],[102.10044,15.1358],[102.10063,15.13603],[102.10079,15.13611],[102.10106,15.13614],[102.10149,15.13615],[102.1017,15.13605],[102.10196,15.13578],[102.10237,15.13552],[102.10266,15.1354],[102.10285,15.13523],[102.10298,15.13502],[102.10319,15.13485],[102.10339,15.1348],[102.10358,15.13488],[102.10379,15.13512],[102.10393,15.13535],[102.1041,15.13549],[102.10444,15.13557],[102.10481,15.13553],[102.10504,15.13527],[102.1053,15.13503],[102.10599,15.13468],[102.10625,15.13465],[102.10663,15.13473],[102.1069,15.13498],[102.1068,15.13525],[102.10686,15.13553],[102.10716,15.13587],[102.10739,15.13614],[102.10766,15.13628],[102.10797,15.13634],[102.10855,15.13621],[102.10912,15.136],[102.10944,15.13588]]}},{"type":"Feature","properties":{"name":"คลองเชียงไกร","type":"river","osm_id":816612675},"geometry":{"type":"LineString","coordinates":[[102.06183,15.12923],[102.06219,15.12877],[102.06238,15.12826],[102.06251,15.12803],[102.06271,15.12803],[102.06289,15.12818],[102.06296,15.12858],[102.0631,15.12876],[102.06355,15.12893],[102.06366,15.12895],[102.06382,15.12882],[102.0638,15.12854],[102.06371,15.12833],[102.06394,15.12799],[102.06425,15.12787],[102.06444,15.12794],[102.0645,15.12835],[102.06543,15.12842],[102.06557,15.12804],[102.06575,15.12803],[102.06605,15.12835],[102.06703,15.1284],[102.06825,15.1276],[102.06868,15.12738],[102.06901,15.12721],[102.06911,15.12683],[102.06906,15.12602],[102.06863,15.12582],[102.06863,15.12557],[102.06916,15.12544],[102.06926,15.12524],[102.0694,15.12497],[102.06942,15.1243],[102.06946,15.12407],[102.06938,15.12393],[102.06914,15.12383],[102.06899,15.12369],[102.06895,15.12349],[102.06904,15.12329],[102.06914,15.12316],[102.06926,15.12312],[102.06937,15.12324],[102.06955,15.12346],[102.06989,15.12356],[102.07012,15.12365],[102.0703,15.12399],[102.0704,15.12407],[102.07055,15.12415],[102.0707,15.12409],[102.0708,15.12399],[102.07087,15.12375],[102.07083,15.12362],[102.07071,15.12346],[102.07073,15.12331],[102.07082,15.12326],[102.07097,15.12324],[102.07115,15.12329],[102.07129,15.12329],[102.07147,15.12291],[102.0715,15.12272],[102.07145,15.12262],[102.07121,15.12257],[102.07093,15.12242]]}},{"type":"Feature","properties":{"name":"คลองเสว","type":"river","osm_id":816612678},"geometry":{"type":"LineString","coordinates":[[102.0693,15.10975],[102.07012,15.11119],[102.07062,15.11183],[102.07132,15.11199],[102.07168,15.11237],[102.07253,15.11319],[102.07261,15.11334],[102.07268,15.11424],[102.07272,15.11444],[102.07271,15.11454],[102.07271,15.11464],[102.07272,15.11473],[102.07278,15.11482],[102.07289,15.11486],[102.07306,15.11486],[102.0732,15.11484],[102.07332,15.11486],[102.07362,15.11508],[102.07379,15.11503],[102.07416,15.115],[102.07448,15.11499],[102.07469,15.11507],[102.07478,15.11511],[102.07502,15.11523],[102.07524,15.11537],[102.07536,15.11548],[102.07547,15.11561],[102.07636,15.11602],[102.07646,15.11609],[102.07654,15.11626],[102.07645,15.11656],[102.07633,15.1168],[102.07632,15.11693],[102.07639,15.11708],[102.07644,15.11715],[102.07646,15.11725],[102.07644,15.11733],[102.07634,15.11739],[102.07622,15.11737],[102.07595,15.11725],[102.07581,15.1172],[102.07569,15.11725],[102.07557,15.11729],[102.07555,15.11741],[102.07558,15.11756],[102.07559,15.11768],[102.07556,15.11773],[102.07551,15.11777],[102.07545,15.11776],[102.07539,15.11774],[102.07529,15.11774],[102.07522,15.11774],[102.07515,15.11781],[102.07511,15.11789],[102.07435,15.11843],[102.07421,15.11848],[102.07409,15.1185],[102.074,15.11854],[102.07349,15.11888],[102.07331,15.11898],[102.07313,15.11906],[102.07276,15.11935],[102.0726,15.11953],[102.07248,15.1197],[102.07244,15.11983],[102.07243,15.12],[102.07237,15.12019],[102.07219,15.12038]]}},{"type":"Feature","properties":{"name":"","type":"river","osm_id":816612679},"geometry":{"type":"LineString","coordinates":[[102.03513,15.12117],[102.03478,15.12232],[102.03449,15.12253],[102.03395,15.12261],[102.03348,15.12275],[102.03331,15.12289],[102.03319,15.12363],[102.03317,15.12437],[102.03322,15.12538],[102.03374,15.12635],[102.03469,15.12692],[102.03475,15.12718],[102.03477,15.12809],[102.03486,15.12838],[102.03509,15.12846],[102.03537,15.12838],[102.03575,15.12813],[102.03606,15.12792],[102.03632,15.12785],[102.03647,15.12782],[102.03686,15.12792],[102.03778,15.12843],[102.03841,15.12868],[102.0391,15.12883],[102.03942,15.12883],[102.03964,15.12877],[102.03992,15.12859],[102.04001,15.12848],[102.04015,15.12788],[102.0409,15.12747],[102.04116,15.12726],[102.04129,15.12675],[102.04194,15.12553],[102.04316,15.1252],[102.04374,15.12555],[102.04422,15.12628],[102.04478,15.12656],[102.04517,15.12678],[102.04588,15.12683],[102.04646,15.12722],[102.04722,15.12759],[102.04753,15.12792],[102.04895,15.12805],[102.04955,15.12764],[102.04985,15.12768],[102.05008,15.12852],[102.05015,15.12855],[102.05066,15.1281],[102.05062,15.12784],[102.05059,15.1276],[102.05068,15.12747],[102.05098,15.12747],[102.05132,15.12756],[102.05151,15.12752],[102.05169,15.12713],[102.05213,15.12631],[102.05241,15.12598],[102.05278,15.12576],[102.05344,15.12601],[102.05359,15.12633],[102.05366,15.12649],[102.05429,15.12645],[102.05451,15.12647],[102.05495,15.12669],[102.05537,15.12681],[102.05561,15.12731],[102.05598,15.12778],[102.05608,15.12829],[102.05687,15.12826],[102.05706,15.12806],[102.05755,15.12812],[102.05842,15.12847],[102.05868,15.12868],[102.05886,15.12889],[102.05905,15.1289],[102.05957,15.12857],[102.05968,15.12859],[102.05997,15.12911],[102.06028,15.12931],[102.06084,15.12916],[102.06115,15.12895],[102.06145,15.12906],[102.06183,15.12923]]}},{"type":"Feature","properties":{"name":"คลองเชียงไกร","type":"river","osm_id":816612680},"geometry":{"type":"LineString","coordinates":[[102.03513,15.12117],[102.03538,15.12054],[102.03543,15.11993],[102.03511,15.11975],[102.03449,15.1196],[102.03421,15.11941],[102.03354,15.11858],[102.03378,15.11785],[102.03388,15.11756],[102.03423,15.11743],[102.03479,15.11721],[102.03531,15.11713],[102.03583,15.11742],[102.03588,15.11793],[102.03584,15.11904],[102.03625,15.11929],[102.03734,15.11992],[102.03757,15.12054],[102.03791,15.12063],[102.03823,15.12049],[102.03867,15.12011],[102.03871,15.1197],[102.03863,15.11934],[102.03836,15.119],[102.0383,15.11876],[102.03846,15.11865],[102.03863,15.11864],[102.03884,15.11878],[102.03905,15.11898],[102.03917,15.11904],[102.03938,15.11879],[102.03942,15.11854],[102.03943,15.11846],[102.03934,15.11826],[102.03918,15.11818],[102.03902,15.11803],[102.03894,15.1179],[102.03889,15.11771],[102.03894,15.11726],[102.03927,15.11698],[102.03944,15.1168],[102.03943,15.11663],[102.03937,15.11625],[102.03936,15.11605],[102.03951,15.11589],[102.03988,15.1158],[102.04015,15.1158],[102.04053,15.11613],[102.04083,15.11627],[102.04147,15.1163],[102.04209,15.11631],[102.04246,15.11656],[102.04296,15.1169],[102.04324,15.11702],[102.04374,15.1172],[102.04404,15.11719],[102.04424,15.11699],[102.04416,15.11678],[102.04397,15.11651],[102.04393,15.11632],[102.04407,15.11617],[102.04422,15.1161],[102.04471,15.11597],[102.04518,15.11596],[102.04536,15.11601],[102.04539,15.11638],[102.04548,15.11665],[102.04588,15.11682],[102.04617,15.11708],[102.04693,15.11681],[102.04736,15.1168],[102.04765,15.11728],[102.04809,15.11734],[102.04818,15.11758],[102.04804,15.1181],[102.04799,15.11817],[102.04786,15.11822],[102.04781,15.11826],[102.04777,15.11832],[102.04777,15.11837],[102.04779,15.11841],[102.04783,15.11844],[102.04788,15.11846],[102.048,15.11845],[102.04812,15.11843],[102.04821,15.11845],[102.04842,15.11856],[102.0485,15.11854],[102.04859,15.11849],[102.04867,15.11842],[102.04878,15.11839],[102.04886,15.1184],[102.04893,15.11845],[102.04897,15.11854],[102.04903,15.11866],[102.04916,15.11872],[102.0494,15.1187],[102.04955,15.11867],[102.04968,15.11862],[102.05004,15.11868],[102.05016,15.11869],[102.0503,15.11875],[102.05039,15.11887],[102.05042,15.11895],[102.0504,15.11904],[102.05012,15.11935],[102.04999,15.11964],[102.05012,15.11979],[102.05039,15.1199],[102.05063,15.11972],[102.05086,15.11938],[102.05105,15.11936],[102.05142,15.11948],[102.05152,15.1195],[102.05169,15.11943],[102.05201,15.11871],[102.05202,15.1186],[102.052,15.11849],[102.05195,15.11843],[102.05188,15.11838],[102.05177,15.11825],[102.05176,15.11814],[102.05179,15.11804],[102.05188,15.11797],[102.052,15.11795],[102.05215,15.11797],[102.05254,15.11803],[102.05267,15.11811],[102.05273,15.1182],[102.05279,15.11835],[102.05282,15.11857],[102.05299,15.11858]]}},{"type":"Feature","properties":{"name":"","type":"canal","osm_id":816612681},"geometry":{"type":"LineString","coordinates":[[102.01169,15.12655],[102.01145,15.12625],[102.0114,15.12595],[102.01157,15.12563],[102.01137,15.12527],[102.01096,15.12472],[102.01073,15.12429],[102.01054,15.12416],[102.01067,15.12371],[102.01089,15.12361],[102.01093,15.1233],[102.01122,15.12309],[102.01144,15.12244],[102.01165,15.12167],[102.01189,15.12134],[102.01222,15.12128],[102.01264,15.12067],[102.01294,15.12046],[102.01397,15.12003],[102.01432,15.11979]]}},{"type":"Feature","properties":{"name":"","type":"canal","osm_id":816612682},"geometry":{"type":"LineString","coordinates":[[102.01265,15.12792],[102.01288,15.12742],[102.01313,15.12711],[102.01342,15.12694],[102.01363,15.12691],[102.01385,15.12719],[102.01446,15.12748],[102.01547,15.12814],[102.01564,15.12814],[102.01577,15.12807],[102.01583,15.12783],[102.01585,15.12756],[102.01585,15.12719],[102.01568,15.1267],[102.01572,15.1265],[102.01595,15.12634],[102.01614,15.12631],[102.01647,15.12613],[102.01677,15.12625],[102.01685,15.12643],[102.01698,15.12652],[102.01722,15.12642],[102.01737,15.12647],[102.01742,15.12677],[102.01762,15.127],[102.01737,15.1276],[102.0175,15.12799],[102.01814,15.12784],[102.01844,15.12786],[102.01887,15.12807],[102.01934,15.12816],[102.01968,15.12889],[102.01988,15.12905],[102.02024,15.12923],[102.02068,15.12957],[102.0209,15.1298],[102.02101,15.12981],[102.0213,15.12956],[102.02178,15.12921],[102.02203,15.12917],[102.02224,15.12904],[102.02251,15.12904],[102.02314,15.12929],[102.02339,15.12941],[102.02349,15.12956],[102.02375,15.12966],[102.024,15.12958],[102.0241,15.12961],[102.0241,15.1302],[102.02409,15.13042],[102.02424,15.13058],[102.02473,15.13038],[102.02493,15.13021],[102.02518,15.12989],[102.02557,15.12957],[102.02591,15.12961],[102.02622,15.12952],[102.02637,15.12937],[102.02657,15.12941],[102.02692,15.12966],[102.0271,15.12966],[102.02722,15.12952],[102.02725,15.12934],[102.02714,15.12904],[102.02718,15.12889]]}},{"type":"Feature","properties":{"name":"","type":"river","osm_id":816612683},"geometry":{"type":"LineString","coordinates":[[102.01511,15.12323],[102.01516,15.12333],[102.01515,15.1236],[102.01552,15.12365],[102.01578,15.12362],[102.0161,15.12365],[102.01639,15.12387],[102.01681,15.12429],[102.01713,15.12463],[102.01721,15.12503],[102.01754,15.125],[102.01792,15.12465],[102.01847,15.12475],[102.01893,15.12492],[102.01908,15.12487],[102.01911,15.12455],[102.01914,15.12437],[102.01947,15.12437],[102.01988,15.12449],[102.01991,15.12467],[102.01989,15.12493],[102.01984,15.12531],[102.01998,15.12558],[102.0203,15.12557],[102.02046,15.12567],[102.02051,15.12637],[102.02073,15.12716],[102.02081,15.12763],[102.02115,15.12789],[102.02155,15.12806],[102.02173,15.12793],[102.02202,15.12778],[102.02226,15.12766],[102.02232,15.12752],[102.02227,15.12738],[102.0222,15.12719],[102.02226,15.12702],[102.02241,15.12683],[102.02248,15.1266],[102.02258,15.12626],[102.02272,15.12615],[102.02293,15.1261],[102.0231,15.12615],[102.02324,15.12636],[102.02336,15.12666],[102.0236,15.12721],[102.02367,15.1275],[102.02374,15.12776],[102.02385,15.1278],[102.02417,15.12777],[102.0244,15.12769],[102.02449,15.12739],[102.02462,15.12725],[102.02494,15.1272],[102.02521,15.1271],[102.02554,15.12703],[102.02578,15.12718],[102.02595,15.12761],[102.02654,15.12834],[102.02686,15.12867],[102.0271,15.12889],[102.02718,15.12889],[102.02724,15.1289],[102.0274,15.12862],[102.0274,15.12838],[102.02722,15.12804],[102.02711,15.12772],[102.02715,15.12749],[102.02742,15.12735],[102.02786,15.12735],[102.02824,15.12741],[102.02849,15.12692],[102.02873,15.12663],[102.02909,15.12644],[102.02934,15.12643],[102.02947,15.12648],[102.0297,15.12668],[102.02979,15.12671],[102.03014,15.1267],[102.03037,15.12663],[102.03055,15.12652],[102.03058,15.12631],[102.03057,15.12611],[102.03053,15.12601],[102.03015,15.12593],[102.02948,15.12564],[102.0293,15.12548],[102.02928,15.12529],[102.0293,15.12492],[102.02928,15.12477],[102.02905,15.1247],[102.02883,15.12482],[102.02858,15.12473],[102.02854,15.12452],[102.02858,15.12429],[102.02867,15.1242],[102.0289,15.12406],[102.02894,15.12397],[102.02883,15.12375],[102.0287,15.12354],[102.02881,15.12347],[102.02918,15.1234],[102.02948,15.12321],[102.02968,15.12299],[102.02987,15.12277],[102.02996,15.12244],[102.02992,15.12206],[102.03,15.12184],[102.03081,15.12152],[102.03108,15.12143],[102.03144,15.12106],[102.03187,15.12092],[102.03218,15.12098],[102.0326,15.12129],[102.03318,15.1213],[102.03336,15.12169],[102.0336,15.12176],[102.03375,15.12151],[102.03396,15.12088],[102.03413,15.12071],[102.03448,15.12091],[102.03481,15.12108],[102.03513,15.12117]]}},{"type":"Feature","properties":{"name":"","type":"river","osm_id":816612684},"geometry":{"type":"LineString","coordinates":[[102.01511,15.12323],[102.01522,15.12279],[102.01495,15.12237],[102.01477,15.12086],[102.01478,15.1202],[102.01432,15.11979],[102.01428,15.11883],[102.01433,15.11854],[102.01462,15.11823],[102.01498,15.11811],[102.01523,15.11822],[102.01559,15.11865],[102.01595,15.11886],[102.01621,15.11888],[102.01638,15.11876],[102.01646,15.11853],[102.01637,15.11836],[102.01614,15.11798],[102.01607,15.11769],[102.01627,15.11734],[102.01645,15.1172],[102.01749,15.11735],[102.01786,15.11745],[102.01795,15.11768],[102.01807,15.11805],[102.01835,15.11805],[102.01859,15.11782],[102.01869,15.11742],[102.01871,15.11711],[102.01887,15.11688],[102.01918,15.11683],[102.01929,15.11691],[102.01961,15.11717],[102.01997,15.11711]]}},{"type":"Feature","properties":{"name":"","type":"canal","osm_id":816612691},"geometry":{"type":"LineString","coordinates":[[101.9584,15.14238],[101.95882,15.14248],[101.95906,15.14273],[101.95938,15.14291],[101.95945,15.14302],[101.95941,15.14333],[101.95942,15.14339],[101.95952,15.14338],[101.95968,15.14332],[101.95976,15.14335],[101.9598,15.14346],[101.95974,15.14357],[101.95956,15.14372],[101.95944,15.14381],[101.95936,15.14391],[101.95947,15.14433],[101.9596,15.14452]]}},{"type":"Feature","properties":{"name":"","type":"canal","osm_id":816612692},"geometry":{"type":"LineString","coordinates":[[101.94725,15.13913],[101.94761,15.13918],[101.94787,15.1391],[101.9482,15.13908],[101.94829,15.13903],[101.94831,15.13889],[101.94829,15.13871],[101.94852,15.13843],[101.94874,15.13827],[101.94888,15.1382],[101.94895,15.13793],[101.9491,15.13778],[101.94928,15.13778],[101.9496,15.1381],[101.94995,15.13816],[101.95043,15.13832],[101.95087,15.1383],[101.95123,15.13857],[101.95141,15.13872],[101.95194,15.13889],[101.95213,15.13906],[101.95251,15.13915],[101.95258,15.13954],[101.95269,15.1396],[101.95312,15.13945],[101.95317,15.13929],[101.95315,15.13908],[101.95327,15.13901],[101.95348,15.1391],[101.95355,15.13919],[101.95358,15.13938],[101.95398,15.1398],[101.95432,15.1403],[101.95461,15.1403],[101.95493,15.14056],[101.95512,15.14053],[101.95532,15.14045],[101.95571,15.14075],[101.95605,15.14058],[101.95634,15.14078],[101.95664,15.14079],[101.95677,15.141],[101.95686,15.14122],[101.95721,15.1411],[101.95741,15.14103]]}},{"type":"Feature","properties":{"name":"","type":"river","osm_id":816612693},"geometry":{"type":"LineString","coordinates":[[101.99266,15.15485],[101.99262,15.15438],[101.99288,15.15378],[101.9933,15.15321],[101.99374,15.15264],[101.99412,15.15218],[101.99456,15.15184],[101.99491,15.15159],[101.99526,15.15155],[101.99559,15.15167],[101.99591,15.15175],[101.99614,15.15161],[101.99663,15.15144],[101.99687,15.15144],[101.9976,15.15141],[101.99787,15.15138],[101.99833,15.15123],[101.99842,15.15102],[101.99852,15.15075],[101.99847,15.15052],[101.99851,15.15029],[101.99875,15.14999],[101.99896,15.14967],[101.99904,15.14943],[101.99915,15.14913],[101.99913,15.1488],[101.99904,15.14861],[101.99882,15.14852],[101.99856,15.14853],[101.99813,15.14866],[101.99775,15.14858],[101.99763,15.14845],[101.99728,15.14774],[101.99703,15.14714],[101.99699,15.14663],[101.99681,15.14643],[101.9965,15.14632],[101.99612,15.14623],[101.99595,15.14603],[101.99598,15.14587],[101.99632,15.14502],[101.99675,15.14442],[101.99714,15.14399],[101.99747,15.14377],[101.99786,15.14362],[101.99811,15.14361],[101.99838,15.14376],[101.99862,15.14388],[101.9989,15.14403],[101.99925,15.14414],[101.99951,15.14411],[101.99988,15.14397],[102.00032,15.14372],[102.00071,15.14355],[102.00095,15.14355],[102.00147,15.14354],[102.00176,15.14367],[102.00202,15.14387],[102.00225,15.14442],[102.00297,15.14473],[102.00372,15.14464],[102.00422,15.1447],[102.00571,15.14529],[102.00626,15.14549],[102.00651,15.14552],[102.00674,15.14546],[102.00704,15.1452],[102.00726,15.14494],[102.00759,15.14483],[102.00773,15.14485],[102.00818,15.14514],[102.00848,15.14515],[102.00889,15.1451],[102.00906,15.14498],[102.00925,15.14472],[102.00926,15.14441],[102.00916,15.14391],[102.00904,15.14372],[102.00834,15.14354],[102.00797,15.14321],[102.00784,15.14293],[102.00764,15.14229],[102.00716,15.14154],[102.00665,15.14075],[102.00614,15.14042],[102.00575,15.14046],[102.00565,15.14052],[102.00542,15.1408],[102.00517,15.14092],[102.00488,15.14089],[102.00482,15.14076],[102.00471,15.14024],[102.00485,15.13988],[102.00523,15.13958],[102.00557,15.13934],[102.0057,15.13915],[102.00588,15.1386],[102.00586,15.13824],[102.00596,15.13808],[102.00625,15.1379],[102.0066,15.13785],[102.00695,15.13775],[102.00721,15.13757],[102.00735,15.13724],[102.00724,15.13684],[102.00734,15.13662],[102.00761,15.13652],[102.00794,15.13658],[102.00839,15.13705],[102.00871,15.13713],[102.00891,15.13705],[102.00899,15.13686],[102.00889,15.13668],[102.00846,15.13619],[102.00846,15.13526],[102.00862,15.13424],[102.00938,15.13379],[102.0099,15.1331],[102.01057,15.13243],[102.01087,15.13154],[102.01159,15.13086],[102.01184,15.13042],[102.0119,15.13001],[102.01179,15.12955],[102.01145,15.12891],[102.01128,15.12858],[102.01123,15.12801],[102.01142,15.12782],[102.01182,15.12765],[102.01206,15.12756],[102.01211,15.12728],[102.01196,15.12705],[102.01167,15.12676],[102.01169,15.12655],[102.01182,15.12646],[102.01216,15.12644],[102.01244,15.12642],[102.01266,15.12627],[102.01285,15.12606],[102.01304,15.12587],[102.01305,15.12564],[102.01292,15.12521],[102.01302,15.12484],[102.01338,15.12469],[102.01386,15.1246],[102.01411,15.12459],[102.01421,15.12443],[102.01408,15.12419],[102.01378,15.12381],[102.01362,15.12356],[102.01372,15.12338],[102.01418,15.12324],[102.01486,15.12315],[102.01511,15.12323]]}},{"type":"Feature","properties":{"name":"","type":"river","osm_id":816612705},"geometry":{"type":"LineString","coordinates":[[101.90019,15.26647],[101.90022,15.26608],[101.90033,15.26581],[101.90024,15.26552],[101.90009,15.26529],[101.90014,15.26516],[101.90033,15.26501],[101.90039,15.26485],[101.90039,15.26453],[101.90022,15.26437],[101.90023,15.26417],[101.90012,15.26409],[101.89988,15.26417],[101.89979,15.26411],[101.89977,15.26382],[101.89983,15.26365],[101.89975,15.26339],[101.89981,15.26329],[101.90009,15.26334],[101.90017,15.2631],[101.90036,15.26299],[101.90049,15.26295],[101.90053,15.26281],[101.9002,15.26235],[101.9,15.262],[101.9002,15.26161],[101.90016,15.26145],[101.9,15.26135],[101.89992,15.26116],[101.89977,15.26105],[101.89973,15.26054],[101.89919,15.26025],[101.89936,15.25967],[101.89929,15.25961],[101.89908,15.25957],[101.8988,15.25912],[101.89906,15.25888],[101.89908,15.25861],[101.89879,15.25833],[101.89868,15.25814],[101.89879,15.25784],[101.89916,15.25726],[101.89909,15.25681],[101.89892,15.25669],[101.89889,15.25627],[101.89898,15.25545],[101.89863,15.25514],[101.89843,15.25515],[101.89825,15.25525],[101.89811,15.2552],[101.89808,15.25504],[101.89811,15.25485],[101.89785,15.25462],[101.89775,15.25443],[101.8975,15.25445],[101.89714,15.25446],[101.89696,15.25413],[101.89704,15.25385],[101.89697,15.25363],[101.89651,15.25322],[101.89569,15.2532],[101.89505,15.25251],[101.89663,15.25128],[101.89847,15.24761],[101.89701,15.24003],[101.90809,15.22602]]}},{"type":"Feature","properties":{"name":"","type":"river","osm_id":816612706},"geometry":{"type":"LineString","coordinates":[[101.90824,15.22572],[101.9085,15.2252],[101.90877,15.22453],[101.90859,15.22314],[101.90879,15.22237],[101.90832,15.22204],[101.90801,15.22168],[101.90776,15.22175],[101.90769,15.22198],[101.90739,15.2221],[101.90712,15.22184],[101.90715,15.22152],[101.90729,15.22128],[101.90774,15.22084],[101.90778,15.22059],[101.90753,15.22002],[101.90719,15.21991],[101.90668,15.21987],[101.90654,15.21969],[101.90656,15.21944],[101.90684,15.21909],[101.90669,15.21843],[101.90707,15.21756],[101.90737,15.21715],[101.90783,15.21715],[101.90815,15.21727],[101.90863,15.21693],[101.90909,15.21642],[101.90915,15.21604],[101.90898,15.21572],[101.909,15.21558],[101.90939,15.21542],[101.90966,15.21525],[101.91003,15.21472],[101.9106,15.21409],[101.91078,15.21382],[101.91143,15.21355],[101.9117,15.21325],[101.91194,15.21277],[101.91218,15.21267],[101.91252,15.21272],[101.91296,15.21286],[101.91316,15.21305],[101.91366,15.21293],[101.91386,15.21277],[101.91377,15.21251],[101.91368,15.21222],[101.91373,15.21197],[101.91403,15.2119],[101.9143,15.21194],[101.91468,15.21184],[101.91488,15.21182],[101.9151,15.21181],[101.91526,15.21175],[101.91539,15.21153],[101.91542,15.21137],[101.91537,15.21128],[101.91515,15.21117],[101.91465,15.211],[101.91454,15.21086],[101.91446,15.21055],[101.91467,15.21041],[101.91491,15.21031],[101.91496,15.21004],[101.91489,15.20986],[101.91472,15.20976],[101.9145,15.2096],[101.9141,15.2093],[101.91357,15.20915],[101.91343,15.20893],[101.91352,15.20851],[101.91369,15.20812],[101.91383,15.20791],[101.9137,15.20752],[101.91336,15.20712],[101.9132,15.20699],[101.91288,15.20689],[101.91276,15.20677],[101.91283,15.20625],[101.91289,15.2059],[101.91285,15.20546],[101.91288,15.20524],[101.91296,15.20516],[101.91315,15.20512],[101.91339,15.20523],[101.91359,15.20538],[101.91369,15.20554],[101.91379,15.20579],[101.91376,15.20597],[101.91363,15.20626],[101.91386,15.2064],[101.91415,15.20647],[101.91468,15.20629],[101.9149,15.20613],[101.91534,15.20576],[101.91551,15.20573],[101.91583,15.20591],[101.91623,15.20607],[101.91638,15.20594],[101.91661,15.20578],[101.91691,15.20575],[101.91719,15.20631],[101.91746,15.2065],[101.91783,15.2065],[101.91812,15.20632],[101.9183,15.20608],[101.91831,15.20583],[101.91828,15.20527],[101.91812,15.20517],[101.91769,15.20509],[101.91749,15.20486],[101.91747,15.20457],[101.91778,15.20431],[101.91812,15.20409],[101.91839,15.20404],[101.91887,15.20355],[101.91909,15.20352],[101.91956,15.20357],[101.91977,15.20334],[101.92027,15.20274],[101.92049,15.20254],[101.92061,15.20235],[101.92056,15.20213],[101.92029,15.20182],[101.91975,15.20139],[101.91969,15.20111],[101.91974,15.20093],[101.91998,15.20064],[101.92013,15.2006],[101.92045,15.20074],[101.92066,15.20075],[101.92088,15.20054],[101.9211,15.20016],[101.92156,15.19982],[101.92185,15.19929],[101.92212,15.19866],[101.92241,15.19797],[101.92292,15.19781],[101.9232,15.19759],[101.92336,15.19727],[101.92336,15.19708],[101.92323,15.19685],[101.92282,15.19659],[101.92278,15.19637],[101.92292,15.19621],[101.92313,15.19615],[101.9235,15.19627],[101.92379,15.19644],[101.92396,15.19647],[101.92413,15.19645],[101.92452,15.19621],[101.92469,15.1959],[101.92467,15.19563],[101.92471,15.19541],[101.92496,15.1954],[101.92521,15.19552],[101.92554,15.19574],[101.92594,15.19563],[101.92608,15.1955],[101.92626,15.19536],[101.9264,15.19532],[101.92667,15.19547],[101.92685,15.19556],[101.92703,15.19553],[101.92719,15.19535],[101.92733,15.19514],[101.92734,15.19501],[101.92714,15.19493],[101.92683,15.19482],[101.92666,15.19467],[101.92653,15.19443],[101.92638,15.1941],[101.92597,15.19396],[101.9257,15.19376],[101.92571,15.19354],[101.92594,15.19313],[101.92584,15.19273],[101.92566,15.19227],[101.92584,15.19196],[101.92592,15.19167],[101.92586,15.19146],[101.92568,15.1913],[101.92543,15.19119],[101.92526,15.19117],[101.92512,15.19124],[101.92505,15.19143],[101.92488,15.1916],[101.92469,15.19165],[101.92453,15.19162],[101.92424,15.19148],[101.92409,15.19135],[101.92409,15.19111],[101.92431,15.19049],[101.92422,15.18991],[101.92404,15.18953],[101.92401,15.18926],[101.92422,15.18904],[101.92454,15.18889],[101.92503,15.18875],[101.92545,15.18882],[101.92585,15.18871],[101.9263,15.18848],[101.92693,15.18791],[101.92719,15.18775],[101.92754,15.18773],[101.92791,15.18786],[101.92818,15.1881],[101.92855,15.18801],[101.92888,15.18769],[101.92914,15.18761],[101.9294,15.18757],[101.9297,15.18754],[101.92984,15.18759],[101.93017,15.18769],[101.93043,15.18778],[101.93063,15.18767],[101.93071,15.18756],[101.93068,15.18738],[101.93058,15.18719],[101.93047,15.18704],[101.93014,15.18697],[101.92989,15.18683],[101.92956,15.18663],[101.92905,15.1865],[101.92902,15.18637],[101.92904,15.18596],[101.92926,15.1855],[101.92951,15.18531],[101.9298,15.18509],[101.92997,15.18492],[101.92999,15.18476],[101.92985,15.18453],[101.9297,15.18405],[101.92971,15.18366],[101.92991,15.18321],[101.92983,15.18295],[101.9298,15.18267],[101.92995,15.18246],[101.93011,15.18229],[101.93026,15.18227],[101.93039,15.18234],[101.93057,15.18246],[101.93086,15.18261],[101.93102,15.18267],[101.93112,15.18258],[101.93111,15.18242],[101.93096,15.18225],[101.93069,15.18202],[101.93055,15.18181],[101.93058,15.18169],[101.93071,15.18133],[101.93096,15.18089],[101.93117,15.18062],[101.93135,15.18052],[101.93154,15.18045],[101.93187,15.18061],[101.93223,15.18061],[101.93269,15.18085],[101.93291,15.18046],[101.93309,15.1802],[101.93326,15.18017],[101.93361,15.18057],[101.93351,15.18105],[101.93387,15.1813],[101.93414,15.18158],[101.93423,15.18183],[101.93408,15.18215],[101.93415,15.18244],[101.9343,15.18249],[101.93449,15.18243],[101.93471,15.18228],[101.93469,15.18202],[101.93471,15.18177],[101.93487,15.18171],[101.93511,15.18177],[101.93528,15.18197],[101.93539,15.18221],[101.9355,15.18258],[101.9356,15.18274],[101.93569,15.1828],[101.93584,15.18273],[101.93591,15.18255],[101.93578,15.18177],[101.93557,15.18138],[101.9357,15.18102],[101.93591,15.18076],[101.93626,15.18063],[101.93646,15.18056],[101.93658,15.18041],[101.93651,15.18018],[101.93637,15.17988],[101.93647,15.17965],[101.93688,15.17934],[101.93729,15.17895],[101.93753,15.1789],[101.93759,15.17904],[101.93741,15.17953],[101.93749,15.17992],[101.93729,15.18034],[101.93716,15.18066],[101.93713,15.18085],[101.9372,15.18101],[101.93735,15.18102],[101.93749,15.1809],[101.93763,15.18057],[101.93776,15.18031],[101.93794,15.18003],[101.9382,15.17999],[101.93848,15.1801],[101.93861,15.18025],[101.93862,15.18035],[101.9384,15.18057],[101.93803,15.18108],[101.93821,15.18151],[101.93821,15.18189],[101.93825,15.18205],[101.93843,15.18212],[101.93865,15.18194],[101.939,15.18179],[101.9392,15.18178],[101.93935,15.18182],[101.93942,15.18198],[101.93943,15.18252],[101.93966,15.18324],[101.93978,15.18333],[101.93994,15.18334],[101.94008,15.18321],[101.94027,15.18301],[101.94056,15.18282],[101.94064,15.1827],[101.94067,15.1825],[101.94077,15.1824],[101.94095,15.18247],[101.94107,15.18267],[101.94138,15.18317],[101.94189,15.18367],[101.94206,15.18376],[101.94221,15.18377],[101.94232,15.18369],[101.94242,15.18347],[101.94257,15.18336],[101.94269,15.1831],[101.94268,15.18297],[101.94217,15.18232],[101.94197,15.18225],[101.94168,15.18228],[101.94151,15.18226],[101.9414,15.18208],[101.94131,15.18169],[101.94102,15.18138],[101.94089,15.181],[101.94097,15.18079],[101.9413,15.18036],[101.94148,15.17992],[101.94168,15.17969],[101.94195,15.17958],[101.94249,15.17968],[101.94285,15.17968],[101.94313,15.17943],[101.94303,15.17911],[101.94312,15.17893],[101.94352,15.17902],[101.94376,15.17903],[101.94416,15.17881],[101.9446,15.17867],[101.94499,15.17874],[101.94511,15.17896],[101.9451,15.17929],[101.94526,15.1797],[101.94538,15.17978],[101.94557,15.17975],[101.9457,15.17956],[101.94575,15.1791],[101.94597,15.17896],[101.94615,15.17898],[101.94654,15.17885],[101.94679,15.17863],[101.94689,15.17837],[101.9473,15.17839],[101.94741,15.17895],[101.94767,15.17896],[101.94827,15.17869],[101.94873,15.17867],[101.94911,15.17881],[101.94922,15.17912],[101.94951,15.17954],[101.94992,15.17939],[101.95036,15.17993],[101.9509,15.18013],[101.95122,15.18016],[101.95155,15.18009],[101.95167,15.17995],[101.95153,15.1797],[101.9514,15.1795],[101.95138,15.17926],[101.95145,15.17894],[101.95159,15.17882],[101.9521,15.17879],[101.9527,15.17874],[101.95303,15.17852],[101.95398,15.178],[101.95455,15.17779],[101.95522,15.17788],[101.9561,15.17805],[101.95649,15.17818],[101.95692,15.17829],[101.95758,15.17837],[101.9579,15.1786],[101.95822,15.17885],[101.95843,15.17893],[101.95877,15.17887],[101.95915,15.17872],[101.9597,15.17855],[101.95989,15.17852],[101.9601,15.17865],[101.96021,15.17883],[101.96017,15.17906],[101.95988,15.17962],[101.95989,15.17981],[101.96021,15.18005],[101.96059,15.18061],[101.96073,15.18081],[101.96088,15.18092],[101.96106,15.18096],[101.96117,15.18083],[101.96119,15.18061],[101.96107,15.18037],[101.96097,15.18012],[101.96092,15.17988],[101.96092,15.17962],[101.96108,15.17931],[101.96139,15.17922],[101.9618,15.1794],[101.96213,15.17934],[101.96224,15.17912],[101.96229,15.17881],[101.96257,15.1787],[101.96278,15.17878],[101.96312,15.17905],[101.96341,15.17912],[101.96365,15.17908],[101.96392,15.17896],[101.96404,15.17878],[101.964,15.17857],[101.96386,15.1784],[101.96359,15.17842],[101.96338,15.17844],[101.96321,15.17836],[101.9632,15.17819],[101.96345,15.1776],[101.96355,15.17708],[101.96361,15.17573],[101.96348,15.1753],[101.96359,15.1745],[101.9637,15.17387],[101.96405,15.17348],[101.96412,15.17325],[101.96383,15.17274],[101.9639,15.17235],[101.96392,15.17145],[101.96401,15.16997],[101.96406,15.16942],[101.96389,15.16877],[101.9637,15.16835],[101.96371,15.1682],[101.96377,15.16809],[101.96392,15.16803],[101.96408,15.16806],[101.96415,15.16814],[101.96426,15.16831],[101.96444,15.16854],[101.96455,15.16859],[101.96472,15.16856],[101.96481,15.16844],[101.96481,15.16833],[101.96481,15.16811],[101.9648,15.16797],[101.96482,15.16781],[101.96489,15.16766],[101.96502,15.16756],[101.9651,15.16754],[101.96521,15.16764],[101.96526,15.16781],[101.9654,15.1681],[101.96559,15.16818],[101.96575,15.16823],[101.96601,15.16848],[101.96625,15.16897],[101.96671,15.16909],[101.96682,15.16953],[101.96781,15.16966],[101.96835,15.16978],[101.96845,15.16986],[101.96849,15.17006],[101.96842,15.1703],[101.96847,15.17062],[101.9686,15.17114],[101.96878,15.17127],[101.96904,15.17127],[101.96995,15.17114],[101.97037,15.1711],[101.97068,15.17091],[101.97095,15.17068],[101.97123,15.17058],[101.97162,15.17043],[101.9717,15.17032],[101.97167,15.1701],[101.97155,15.17003],[101.97108,15.17004],[101.97072,15.16979],[101.97008,15.16963],[101.97001,15.16947],[101.97012,15.16926],[101.97036,15.16911],[101.97053,15.16864],[101.97108,15.16847],[101.97122,15.1683],[101.97123,15.16801],[101.97104,15.16775],[101.97076,15.16758],[101.9708,15.1674],[101.97099,15.16685],[101.97084,15.16575],[101.9706,15.16527],[101.97045,15.16497],[101.97045,15.1647],[101.97051,15.16457],[101.97095,15.1646],[101.97121,15.16467],[101.97144,15.16452],[101.97185,15.16418],[101.97211,15.16411],[101.97233,15.16414],[101.97245,15.16421],[101.97254,15.16439],[101.9726,15.16473],[101.97277,15.16486],[101.97299,15.16496],[101.97309,15.16512],[101.97313,15.16526],[101.97299,15.16547],[101.97279,15.1655],[101.97249,15.16545],[101.97234,15.16548],[101.97226,15.16561],[101.97253,15.16588],[101.97283,15.16633],[101.97297,15.16636],[101.97312,15.1663],[101.97316,15.16611],[101.97314,15.16593],[101.97316,15.16581],[101.97329,15.16559],[101.97357,15.1653],[101.97381,15.1653],[101.97397,15.16536],[101.97395,15.16563],[101.97385,15.1666],[101.97367,15.16682],[101.97361,15.16717],[101.97368,15.16739],[101.97417,15.16793],[101.97424,15.16849],[101.97472,15.1692],[101.97552,15.16949],[101.97586,15.16959],[101.97608,15.16955],[101.97618,15.16939],[101.97623,15.1692],[101.9762,15.16904],[101.97596,15.16886],[101.97578,15.1687],[101.97573,15.16852],[101.97577,15.16835],[101.97595,15.16824],[101.97622,15.16825],[101.97668,15.16839],[101.97736,15.16834],[101.97767,15.16843],[101.978,15.16821],[101.97836,15.168],[101.97883,15.16794],[101.97913,15.1676],[101.97934,15.16723],[101.97974,15.16705],[101.98003,15.16705],[101.98019,15.1672],[101.98024,15.16763],[101.98025,15.16787],[101.98049,15.16842],[101.98045,15.16862],[101.98017,15.16878],[101.97998,15.169],[101.9799,15.1693],[101.97982,15.1696],[101.97964,15.16984],[101.9795,15.17009],[101.97953,15.17025],[101.97965,15.17042],[101.97992,15.17042],[101.98021,15.17042],[101.98059,15.17036],[101.98076,15.17016],[101.98096,15.16996],[101.98125,15.16991],[101.98158,15.17009],[101.98206,15.17063],[101.98228,15.17106],[101.98248,15.17134],[101.98266,15.1714],[101.98287,15.17135],[101.98314,15.17121],[101.98342,15.17116],[101.98395,15.17135],[101.98443,15.17141],[101.98512,15.172],[101.98589,15.17213],[101.98644,15.17212],[101.98706,15.17244],[101.98773,15.17235],[101.98823,15.17224],[101.98837,15.17201],[101.98838,15.17153],[101.98851,15.17119],[101.98876,15.17108],[101.98895,15.17119],[101.98907,15.17137],[101.98917,15.17176],[101.98935,15.172],[101.98957,15.17212],[101.98985,15.17207],[101.99016,15.17199],[101.99024,15.17183],[101.98999,15.17141],[101.98991,15.17116],[101.98998,15.17069],[101.98995,15.17037],[101.98962,15.17003],[101.9896,15.1698],[101.98958,15.16947],[101.98965,15.16922],[101.98994,15.16893],[101.99038,15.16878],[101.99079,15.16861],[101.99084,15.16836],[101.99046,15.16789],[101.99018,15.1677],[101.98971,15.16779],[101.98955,15.16771],[101.98949,15.16744],[101.98952,15.16712],[101.98938,15.16696],[101.98894,15.16674],[101.98869,15.16673],[101.98817,15.16686],[101.98793,15.16679],[101.98789,15.16641],[101.98802,15.16582],[101.98844,15.16559],[101.98921,15.16533],[101.98973,15.1651],[101.99004,15.16498],[101.99041,15.16475],[101.9906,15.16449],[101.99064,15.16437],[101.99048,15.16387],[101.99052,15.16365],[101.9907,15.16328],[101.99072,15.16281],[101.99077,15.16257],[101.99092,15.1625],[101.99111,15.1626],[101.99156,15.16267],[101.99187,15.1628],[101.9921,15.16303],[101.99235,15.16315],[101.99248,15.16308],[101.99257,15.16289],[101.99249,15.16271],[101.99238,15.16259],[101.99217,15.16251],[101.99197,15.16243],[101.9919,15.1623],[101.99194,15.16198],[101.99199,15.16169],[101.9919,15.16155],[101.99168,15.16154],[101.99138,15.16162],[101.99121,15.16152],[101.99117,15.16127],[101.99115,15.16069],[101.99115,15.16012],[101.99094,15.15986],[101.99071,15.15955],[101.99069,15.15929],[101.99072,15.15899],[101.99087,15.15891],[101.99111,15.15895],[101.99134,15.15912],[101.99144,15.15941],[101.9916,15.15976],[101.99191,15.15985],[101.99242,15.15991],[101.99267,15.15991],[101.99289,15.15988],[101.99287,15.15968],[101.9926,15.15957],[101.99224,15.15944],[101.99201,15.15924],[101.99181,15.15892],[101.99181,15.15866],[101.99192,15.15853],[101.99214,15.15846],[101.99229,15.15851],[101.99255,15.15875],[101.99282,15.15894],[101.99313,15.15906],[101.99341,15.15911],[101.99362,15.15911],[101.99374,15.15898],[101.99374,15.15884],[101.9937,15.15862],[101.99367,15.15834],[101.99356,15.15809],[101.99342,15.15787],[101.99342,15.15766],[101.99358,15.15753],[101.99374,15.15739],[101.99377,15.15724],[101.99367,15.15689],[101.99335,15.1567],[101.99319,15.15655],[101.99316,15.15637],[101.99318,15.15618],[101.99304,15.15574],[101.99285,15.1556],[101.99271,15.15563],[101.99249,15.15573],[101.99225,15.15577],[101.99216,15.15572],[101.99207,15.15547],[101.9921,15.15532],[101.99219,15.15523],[101.99253,15.15507],[101.99267,15.15495],[101.99266,15.15485]]}},{"type":"Feature","properties":{"name":"","type":"stream","osm_id":816612708},"geometry":{"type":"LineString","coordinates":[[101.81815,15.26395],[101.81926,15.26374],[101.81959,15.2636],[101.81989,15.26356],[101.82016,15.2636],[101.82098,15.26393],[101.82142,15.26412],[101.82173,15.26419],[101.82268,15.26411],[101.82296,15.26411],[101.82317,15.26404],[101.82372,15.26393],[101.82396,15.26396],[101.82426,15.26393],[101.82441,15.2639]]}},{"type":"Feature","properties":{"name":"","type":"river","osm_id":816612711},"geometry":{"type":"LineString","coordinates":[[101.7836,15.28721],[101.78373,15.2869],[101.78389,15.28674],[101.78407,15.28668],[101.78434,15.28669],[101.78442,15.28659],[101.78437,15.28643],[101.78428,15.28624],[101.78439,15.28576],[101.7845,15.28572],[101.7846,15.28578],[101.78468,15.28597],[101.78483,15.2861],[101.78506,15.28616],[101.78513,15.28632],[101.78513,15.28639],[101.78524,15.28641],[101.78538,15.2864],[101.7854,15.28645],[101.78537,15.28659],[101.7853,15.28672],[101.78531,15.28681],[101.78526,15.28692],[101.78518,15.28692],[101.78506,15.2869],[101.78504,15.28694],[101.78505,15.28704],[101.78519,15.2872],[101.78532,15.28733],[101.78542,15.28732],[101.78555,15.28727],[101.78567,15.2873],[101.78578,15.28742],[101.7859,15.28741],[101.78595,15.2873],[101.78595,15.28717],[101.786,15.28702],[101.78623,15.28688],[101.78622,15.2868],[101.78612,15.28669],[101.78616,15.28659],[101.78617,15.28645],[101.78608,15.28639],[101.78593,15.28637],[101.78588,15.28634],[101.78591,15.28617],[101.78603,15.28612],[101.78628,15.28614],[101.78643,15.28604],[101.78657,15.28585],[101.78662,15.28553],[101.78662,15.28543],[101.78674,15.28541],[101.78687,15.28547],[101.78694,15.2856],[101.787,15.28567],[101.7871,15.28568],[101.78717,15.28564],[101.78718,15.28546],[101.78724,15.28532],[101.78737,15.28526],[101.7877,15.28527],[101.78775,15.2852],[101.78773,15.28508],[101.78758,15.28484],[101.7877,15.2846],[101.78769,15.28434],[101.78749,15.28364],[101.78767,15.28334],[101.78781,15.28327],[101.78809,15.28327],[101.78834,15.28328],[101.78853,15.28323],[101.78861,15.28311],[101.78871,15.28292],[101.78875,15.28281],[101.78897,15.28276],[101.78929,15.28272],[101.78942,15.28273],[101.78977,15.28292],[101.78987,15.28296],[101.78999,15.28289],[101.79008,15.28275],[101.79017,15.28257],[101.79059,15.2822],[101.79077,15.2821],[101.79106,15.28203],[101.79165,15.28204],[101.79211,15.28199],[101.7923,15.2818],[101.79254,15.28198],[101.79291,15.2821],[101.79297,15.28237],[101.7932,15.28247],[101.7934,15.28253],[101.7935,15.28267],[101.79328,15.28286],[101.79317,15.28299],[101.79316,15.28313],[101.79322,15.28322],[101.79343,15.28327],[101.79371,15.28319],[101.79409,15.28294],[101.79411,15.28265],[101.79424,15.28254],[101.79449,15.28258],[101.7947,15.28273],[101.7949,15.28291],[101.79497,15.28313],[101.79494,15.28328],[101.79509,15.28336],[101.79537,15.28312],[101.79555,15.28297],[101.79583,15.28294],[101.79597,15.28278],[101.79596,15.28252],[101.79599,15.28239],[101.79607,15.28234],[101.79622,15.28234],[101.7963,15.28243],[101.79637,15.28261],[101.79638,15.28279],[101.7964,15.28302],[101.7966,15.28317],[101.79693,15.28335],[101.79707,15.28343],[101.79722,15.28343],[101.7974,15.28325],[101.79748,15.28311],[101.7975,15.28303],[101.79739,15.28288],[101.7974,15.2826],[101.7972,15.28238],[101.79715,15.28216],[101.79718,15.28197],[101.79733,15.28151],[101.79743,15.28128],[101.79757,15.28119],[101.79777,15.28126],[101.79786,15.2815],[101.79798,15.28154],[101.7982,15.28146],[101.79832,15.28128],[101.79846,15.28093],[101.79848,15.28078],[101.79835,15.28056],[101.79784,15.28036],[101.79757,15.28022],[101.79748,15.28008],[101.7975,15.27955],[101.79764,15.27922],[101.79783,15.2792],[101.79828,15.27923],[101.79852,15.27924],[101.79896,15.27907],[101.7993,15.27879],[101.79954,15.27859],[101.79995,15.27876],[101.80024,15.27874],[101.80061,15.27859],[101.80083,15.27856],[101.80108,15.27858],[101.80131,15.27866],[101.80156,15.27864],[101.80196,15.27857],[101.80206,15.27832],[101.80235,15.27821],[101.80247,15.27821],[101.80262,15.27826],[101.80289,15.27871],[101.80292,15.27883],[101.80302,15.27895],[101.80329,15.27898],[101.80352,15.27895],[101.80372,15.27889],[101.80389,15.27881],[101.80396,15.27875],[101.804,15.27851],[101.80394,15.27828],[101.80389,15.27801],[101.80394,15.27788],[101.804,15.27783],[101.80421,15.27776],[101.80445,15.27771],[101.80461,15.27741],[101.80469,15.27708],[101.80464,15.27688],[101.80436,15.2764],[101.80436,15.27635],[101.80442,15.27624],[101.80458,15.27617],[101.80487,15.27619],[101.80505,15.27618],[101.80525,15.27607],[101.80555,15.27579],[101.80578,15.27587],[101.80596,15.27617],[101.80616,15.27621],[101.80653,15.27633],[101.80679,15.27626],[101.807,15.27609],[101.80755,15.27524],[101.80748,15.27496],[101.80757,15.27486],[101.80771,15.27484],[101.808,15.27484],[101.80805,15.27454],[101.80824,15.2743],[101.80822,15.27403],[101.80833,15.27379],[101.80849,15.27353],[101.80868,15.27345],[101.80885,15.27328],[101.80895,15.27314],[101.80905,15.27308],[101.8092,15.27311],[101.80932,15.27328],[101.80941,15.27343],[101.80961,15.27361],[101.80975,15.27363],[101.81001,15.2736],[101.8101,15.27367],[101.81019,15.27381],[101.81016,15.27393],[101.80999,15.27403],[101.80984,15.27414],[101.80961,15.27447],[101.80938,15.27474],[101.80935,15.27483],[101.80946,15.27511],[101.80948,15.27536],[101.80954,15.27547],[101.80973,15.27561],[101.81,15.27574],[101.81016,15.27574],[101.81029,15.27562],[101.81042,15.27546],[101.81052,15.27539],[101.81062,15.27539],[101.81072,15.2755],[101.81077,15.27569],[101.81086,15.27581],[101.81105,15.27586],[101.81146,15.27584],[101.81185,15.27561],[101.81209,15.27545],[101.81239,15.27496],[101.81252,15.27481],[101.81278,15.27468],[101.81311,15.27465],[101.81334,15.2746],[101.81359,15.2746],[101.81385,15.27454],[101.81408,15.27439],[101.8143,15.27417],[101.81452,15.27381],[101.81464,15.27357],[101.81461,15.27333],[101.8144,15.27317],[101.81428,15.27313],[101.81415,15.27312],[101.81386,15.27317],[101.81371,15.27317],[101.81363,15.27314],[101.81355,15.27302],[101.81351,15.27276],[101.81352,15.27246],[101.81378,15.27225],[101.81381,15.27211],[101.81364,15.27186],[101.81342,15.27166],[101.81327,15.27147],[101.81336,15.27124],[101.81353,15.2712],[101.81401,15.27128],[101.81449,15.27141],[101.81478,15.27137],[101.81501,15.27125],[101.81564,15.27118],[101.81595,15.27112],[101.81607,15.27137],[101.81625,15.2714],[101.81647,15.27142],[101.81672,15.27153],[101.81684,15.27153],[101.81696,15.27142],[101.81708,15.27126],[101.81738,15.27122],[101.81751,15.27109],[101.8179,15.27016],[101.81814,15.26944],[101.81834,15.26919],[101.81856,15.26886],[101.8187,15.26855],[101.81876,15.26804],[101.81881,15.26787],[101.81893,15.26782],[101.81926,15.2679],[101.81978,15.26817],[101.81992,15.26842],[101.82004,15.26848],[101.82026,15.26856],[101.82079,15.26862],[101.82118,15.26861],[101.82134,15.26848],[101.82159,15.26864],[101.82174,15.26852],[101.82178,15.2683],[101.822,15.2681],[101.82193,15.26786],[101.82186,15.26778],[101.8217,15.26775],[101.82146,15.2678],[101.8214,15.26777],[101.82134,15.26768],[101.82135,15.26742],[101.82138,15.26719],[101.82176,15.26676],[101.8219,15.26657],[101.82194,15.2664],[101.82189,15.26621],[101.82191,15.2661],[101.82204,15.26607],[101.82223,15.26603],[101.82238,15.26601],[101.82261,15.26625],[101.82277,15.26639],[101.82289,15.26662],[101.82295,15.26688],[101.82305,15.26702],[101.82329,15.26706],[101.82346,15.26703],[101.8235,15.26698],[101.82363,15.26669],[101.82368,15.26655],[101.82359,15.26625],[101.82369,15.26604],[101.82347,15.26558],[101.82337,15.26539],[101.82368,15.26508],[101.82406,15.26481],[101.82418,15.26436],[101.82433,15.26409],[101.82441,15.2639],[101.8245,15.26386],[101.82464,15.26391],[101.8248,15.26407],[101.82488,15.26422],[101.82488,15.26433],[101.82489,15.26445],[101.82496,15.26449],[101.82521,15.26445],[101.82534,15.26452],[101.82569,15.26501],[101.82583,15.26505],[101.82609,15.26485],[101.82643,15.26461],[101.82663,15.26431],[101.82681,15.26411],[101.82683,15.26349],[101.8271,15.26336],[101.82729,15.26317],[101.82764,15.26314],[101.82775,15.26302],[101.82779,15.26288],[101.82753,15.26276],[101.8275,15.26262],[101.82765,15.26256],[101.82796,15.26262],[101.82809,15.26266],[101.82818,15.26261],[101.82823,15.26228],[101.82836,15.26215],[101.82866,15.26207],[101.82896,15.26213],[101.82922,15.26208],[101.82927,15.26199],[101.82931,15.26138],[101.82942,15.26137],[101.82948,15.26136],[101.82962,15.26135],[101.8304,15.26129],[101.83127,15.26092],[101.83246,15.26172],[101.83291,15.26181],[101.83311,15.26207],[101.83326,15.26235],[101.83339,15.26245],[101.83349,15.26248],[101.83366,15.26241],[101.8339,15.26228],[101.83403,15.26215],[101.83418,15.26185]]}},{"type":"Feature","properties":{"name":"","type":"river","osm_id":816612712},"geometry":{"type":"LineString","coordinates":[[101.83418,15.26185],[101.83405,15.26158],[101.83388,15.26138],[101.83374,15.26124],[101.83371,15.26087],[101.83386,15.26075],[101.83415,15.26068],[101.83443,15.26064],[101.83487,15.26071],[101.83511,15.26065],[101.83546,15.26061],[101.8356,15.26064],[101.83578,15.26079],[101.83597,15.26112],[101.83608,15.26127],[101.83618,15.2613],[101.83638,15.26128],[101.83654,15.2612],[101.83668,15.26106],[101.83701,15.26085],[101.83716,15.26072],[101.83728,15.26065],[101.83741,15.26059],[101.83748,15.26053],[101.83751,15.26043],[101.83737,15.26022],[101.83723,15.25986],[101.83717,15.25965],[101.83718,15.25949],[101.83741,15.25932],[101.83777,15.25911],[101.83809,15.2591],[101.83832,15.25908],[101.83865,15.25916],[101.8388,15.25925],[101.8389,15.25942],[101.83883,15.2595],[101.83876,15.25957],[101.83854,15.25982],[101.83837,15.25987],[101.83823,15.25997],[101.83819,15.26007],[101.83825,15.26015],[101.83846,15.26027],[101.83885,15.26024],[101.83906,15.26018],[101.83931,15.26007],[101.83951,15.26006],[101.83969,15.25996],[101.83979,15.25985],[101.83983,15.25959],[101.83986,15.25935],[101.83994,15.25916],[101.84009,15.25901],[101.84031,15.2589],[101.84045,15.25887],[101.84054,15.2589],[101.84065,15.25904],[101.84069,15.25915],[101.84082,15.2592],[101.84104,15.25919],[101.84125,15.25921],[101.84145,15.25914],[101.84156,15.25905],[101.84159,15.25898],[101.84154,15.25884],[101.84142,15.2585],[101.84152,15.25822],[101.84159,15.25773],[101.84166,15.2576],[101.84181,15.2576],[101.84207,15.25759],[101.84232,15.25752],[101.84259,15.25751],[101.84281,15.2576],[101.84315,15.25769],[101.84334,15.25773],[101.84359,15.25785],[101.84385,15.2577],[101.84399,15.25769],[101.84428,15.25791],[101.84444,15.25792],[101.84486,15.25773],[101.8452,15.2576],[101.84539,15.25763],[101.84553,15.25778],[101.84568,15.25787],[101.84579,15.25781],[101.84577,15.25764],[101.84571,15.25738],[101.84563,15.25719],[101.84564,15.25699],[101.84584,15.25685],[101.84606,15.25676],[101.84622,15.2567],[101.84635,15.25661],[101.84637,15.25645],[101.84663,15.25618],[101.84687,15.25607],[101.84703,15.25605],[101.84714,15.25614],[101.84732,15.25595],[101.84752,15.25583],[101.84775,15.25579],[101.84787,15.25579],[101.84799,15.25586],[101.84798,15.25603],[101.84801,15.25618],[101.84808,15.25624],[101.84832,15.25625],[101.84846,15.25626],[101.8487,15.25625],[101.84894,15.25624],[101.84903,15.25612],[101.84908,15.25592],[101.84912,15.25579],[101.84908,15.25545],[101.84913,15.25526],[101.84918,15.2551],[101.84927,15.25507],[101.84947,15.25511],[101.8496,15.25509],[101.84972,15.25499],[101.84987,15.25487],[101.84996,15.25484],[101.85007,15.25484],[101.85022,15.2549],[101.85027,15.25507],[101.85037,15.25532],[101.85048,15.25537],[101.85063,15.25534],[101.85085,15.25519],[101.85098,15.2551],[101.85111,15.25512],[101.85133,15.2551],[101.85154,15.25503],[101.8517,15.2549],[101.85169,15.25477],[101.85167,15.25446],[101.85137,15.25442],[101.85128,15.25414],[101.85116,15.254],[101.85105,15.25378],[101.85095,15.25358],[101.85083,15.25351],[101.85066,15.25348],[101.85041,15.25348],[101.85029,15.2535],[101.85018,15.25358],[101.85005,15.2537],[101.84992,15.25382],[101.84984,15.25381],[101.84967,15.25366],[101.84945,15.2532],[101.84916,15.25295],[101.84902,15.25285],[101.84895,15.25279],[101.84894,15.25269],[101.84894,15.25256],[101.84925,15.2524],[101.84955,15.25232],[101.84981,15.25223],[101.85001,15.25214],[101.85019,15.25202],[101.85036,15.25201],[101.8505,15.25207],[101.85064,15.25231],[101.85081,15.25231],[101.85116,15.25213],[101.8513,15.2521],[101.85141,15.25213],[101.85173,15.2524],[101.85192,15.25248],[101.85212,15.25247],[101.85227,15.25241],[101.85265,15.25201],[101.85294,15.25179],[101.85311,15.25163],[101.85333,15.2514],[101.85338,15.25126],[101.85328,15.2511],[101.8533,15.25091],[101.85351,15.25083],[101.85372,15.25083],[101.85384,15.25086],[101.85404,15.25075],[101.85421,15.25062],[101.85457,15.25059],[101.85478,15.25063],[101.85492,15.25076],[101.855,15.25094],[101.8549,15.25131],[101.85499,15.25159],[101.85495,15.25179],[101.85475,15.252],[101.85488,15.25226],[101.85536,15.25227],[101.85548,15.25237],[101.85556,15.25274],[101.85583,15.2533],[101.85605,15.25346],[101.85665,15.2536],[101.85709,15.2536],[101.85729,15.25318],[101.85733,15.25299],[101.85756,15.25282],[101.85796,15.25269],[101.85833,15.25232],[101.85878,15.25208],[101.85888,15.25194],[101.85887,15.25171],[101.85879,15.25128],[101.85891,15.25077],[101.85928,15.25057],[101.85955,15.25047],[101.86006,15.25002],[101.86086,15.24972],[101.86107,15.24949],[101.86122,15.24904],[101.86161,15.24764],[101.8616,15.24734],[101.86126,15.24695],[101.86125,15.24667],[101.86168,15.24661],[101.86225,15.24672],[101.86229,15.24689],[101.86225,15.24698],[101.86198,15.24707],[101.86202,15.24724],[101.86246,15.24721],[101.86317,15.24738],[101.86337,15.24794],[101.86343,15.24825],[101.8637,15.24824],[101.86404,15.24796],[101.86427,15.24779],[101.8644,15.24799],[101.86437,15.24818],[101.8646,15.24836],[101.86475,15.24865],[101.86491,15.24868],[101.86515,15.24858],[101.86522,15.24832],[101.86506,15.24803],[101.86529,15.24791],[101.86596,15.24802],[101.86639,15.24779],[101.86654,15.24806],[101.86669,15.24818],[101.86681,15.24818],[101.86676,15.24792],[101.86677,15.24776],[101.86684,15.24759],[101.86702,15.24752],[101.86709,15.2478],[101.86714,15.24805],[101.86767,15.24809],[101.86785,15.24787],[101.86793,15.2476],[101.86831,15.24741],[101.86842,15.24722],[101.86828,15.24706],[101.8681,15.24686],[101.868,15.24652],[101.86812,15.24639],[101.86848,15.24639],[101.86859,15.24633],[101.86872,15.24602],[101.8688,15.24577],[101.86891,15.24568],[101.86906,15.24583],[101.86934,15.24604],[101.86953,15.24582],[101.86941,15.24557],[101.86903,15.24519],[101.8736,15.24367],[101.89122,15.2386],[101.90809,15.22602]]}},{"type":"Feature","properties":{"name":"","type":"river","osm_id":816612715},"geometry":{"type":"LineString","coordinates":[[101.82197,15.31716],[101.82181,15.31703],[101.82175,15.31676],[101.82185,15.31658],[101.82206,15.31637],[101.82218,15.31616],[101.82221,15.31595],[101.82206,15.31583],[101.82204,15.31568],[101.82205,15.3155],[101.82187,15.31539],[101.82172,15.31528],[101.82168,15.31518],[101.82172,15.3151],[101.82187,15.31505],[101.82196,15.31498],[101.82196,15.31491],[101.82193,15.31486],[101.82171,15.31472],[101.82162,15.31457],[101.82157,15.31443],[101.82167,15.31426],[101.82169,15.31405],[101.82162,15.314],[101.82146,15.31399],[101.82115,15.31399],[101.82107,15.3139],[101.82104,15.31376],[101.82103,15.31352],[101.82151,15.31345],[101.82165,15.31362],[101.82206,15.31351],[101.82213,15.31354],[101.82226,15.31396],[101.82241,15.31408],[101.82258,15.31413],[101.82282,15.31405],[101.82309,15.31393],[101.8232,15.31382],[101.82319,15.31372],[101.82308,15.31346],[101.82311,15.31324],[101.82319,15.31313],[101.82363,15.313],[101.82413,15.31282],[101.82437,15.31274],[101.82441,15.31268],[101.82439,15.3125],[101.82428,15.31232],[101.82411,15.31199],[101.82412,15.31152],[101.8243,15.31134],[101.82461,15.31115],[101.82486,15.31102],[101.82503,15.31083],[101.82511,15.31065],[101.82514,15.31051],[101.82511,15.3104],[101.82498,15.31032],[101.82483,15.31024],[101.8248,15.31006],[101.82481,15.30983],[101.82486,15.30957],[101.82474,15.30932],[101.82493,15.3083],[101.82509,15.30814],[101.82527,15.30807],[101.82541,15.30803],[101.82544,15.30794],[101.82544,15.30752],[101.82528,15.30743],[101.82481,15.30736],[101.82437,15.30727],[101.82412,15.30707],[101.82412,15.30694],[101.82424,15.3065],[101.82412,15.3064],[101.82374,15.3064],[101.82348,15.30634],[101.82332,15.30611],[101.82322,15.30543],[101.82298,15.30493],[101.82283,15.30457],[101.82281,15.30433],[101.82284,15.30411],[101.82303,15.30352],[101.82275,15.3027],[101.82212,15.30254],[101.82185,15.30232],[101.82154,15.30232],[101.82137,15.30223],[101.82138,15.30211],[101.82154,15.30186],[101.82177,15.30167],[101.82188,15.30152],[101.82183,15.3013],[101.82173,15.30107],[101.82161,15.30082],[101.82143,15.30066],[101.82137,15.30042],[101.82102,15.30039],[101.82084,15.30002],[101.82031,15.29976],[101.82006,15.2995],[101.8202,15.29889],[101.82044,15.29754],[101.82065,15.29755],[101.82096,15.29756],[101.8217,15.29759],[101.82234,15.29775],[101.82254,15.29749],[101.82266,15.29693],[101.82271,15.2967],[101.82224,15.29635],[101.82223,15.29613],[101.82256,15.2961],[101.8228,15.29595],[101.82274,15.29581],[101.82236,15.29548],[101.82222,15.29533],[101.8217,15.29524],[101.82158,15.29514],[101.82169,15.29497],[101.82179,15.29479],[101.82171,15.29466],[101.82136,15.29474],[101.82118,15.29465],[101.82113,15.29446],[101.82139,15.29428],[101.82158,15.29392],[101.82191,15.29364],[101.82192,15.29355],[101.82194,15.29331],[101.82202,15.29327],[101.8222,15.29339],[101.82232,15.29344],[101.8224,15.29344],[101.82256,15.29323],[101.82278,15.29327],[101.82289,15.2932],[101.8229,15.29304],[101.82284,15.29274],[101.82271,15.29248],[101.82276,15.29226],[101.82289,15.29208],[101.82312,15.29195],[101.82313,15.29183],[101.8231,15.29164],[101.82291,15.29151],[101.82241,15.29144],[101.82228,15.29131],[101.8223,15.29111],[101.82251,15.29067],[101.82292,15.29032],[101.82304,15.29015],[101.82327,15.28985],[101.82347,15.28973],[101.82375,15.28972],[101.824,15.28986],[101.8242,15.28999],[101.82436,15.29],[101.82444,15.28992],[101.82442,15.28971],[101.82447,15.28934],[101.82454,15.28921],[101.82423,15.28887],[101.82391,15.28874],[101.82364,15.28857],[101.82353,15.28838],[101.82386,15.2877],[101.82358,15.28755],[101.8232,15.28754],[101.82308,15.28732],[101.82304,15.28686],[101.82259,15.28671],[101.82254,15.28654],[101.82266,15.2864],[101.82292,15.28624],[101.82316,15.28618],[101.82338,15.28617],[101.8236,15.28622],[101.82371,15.2862],[101.8238,15.28614],[101.82376,15.28591],[101.82359,15.28554],[101.82362,15.2853],[101.82382,15.28513],[101.82406,15.28517],[101.82425,15.28521],[101.82447,15.28508],[101.82465,15.28494],[101.82475,15.28466],[101.82479,15.2845],[101.82441,15.2844],[101.82457,15.28396],[101.82483,15.28376],[101.82495,15.28296],[101.82526,15.28257],[101.82593,15.28189],[101.82637,15.28199],[101.8265,15.28213],[101.82658,15.28235],[101.82664,15.28241],[101.82678,15.28238],[101.82705,15.28204],[101.82728,15.2818],[101.82731,15.28167],[101.82724,15.28157],[101.82678,15.28138],[101.82665,15.28126],[101.82669,15.2811],[101.82733,15.28103],[101.82757,15.28099],[101.82798,15.28068],[101.82828,15.28081],[101.82851,15.28059],[101.82857,15.28041],[101.8287,15.27999],[101.82867,15.2798],[101.82835,15.27942],[101.82829,15.27926],[101.82827,15.27913],[101.82852,15.27917],[101.82875,15.27926],[101.8289,15.27926],[101.82905,15.2792],[101.82908,15.27909],[101.82904,15.27897],[101.82868,15.27882],[101.82862,15.27866],[101.82864,15.2785],[101.82878,15.27837],[101.82887,15.27825],[101.82888,15.27813],[101.82858,15.27797],[101.82834,15.27802],[101.82823,15.2779],[101.82846,15.27752],[101.8285,15.27726],[101.82853,15.27704],[101.82866,15.27696],[101.82883,15.27695],[101.8289,15.27713],[101.829,15.27736],[101.82907,15.27742],[101.82924,15.27734],[101.82929,15.27715],[101.8294,15.27692],[101.82948,15.2768],[101.82955,15.27666],[101.82956,15.27646],[101.82949,15.27627],[101.82941,15.2762],[101.82934,15.27622],[101.82922,15.27634],[101.82912,15.27632],[101.82903,15.27623],[101.82909,15.27583],[101.82907,15.27564],[101.82881,15.27562],[101.82862,15.27555],[101.82861,15.27542],[101.82868,15.27537],[101.82895,15.27525],[101.82909,15.2751],[101.82913,15.27495],[101.82904,15.27488],[101.82865,15.27476],[101.82854,15.27457],[101.82853,15.27426],[101.82842,15.27393],[101.82847,15.27369],[101.82862,15.27364],[101.82893,15.27344],[101.83016,15.2727],[101.83073,15.27256],[101.83071,15.27244],[101.83068,15.27226],[101.83046,15.27139],[101.83046,15.27088],[101.8305,15.27073],[101.83073,15.27054],[101.83075,15.27038],[101.83059,15.27025],[101.83013,15.26999],[101.82997,15.26984],[101.82996,15.26971],[101.83015,15.26942],[101.83036,15.2694],[101.83068,15.26952],[101.83093,15.26963],[101.83124,15.27001],[101.83134,15.27022],[101.83154,15.27011],[101.83175,15.26993],[101.83176,15.26984],[101.83157,15.26962],[101.83142,15.26941],[101.83144,15.26925],[101.83162,15.26911],[101.83185,15.26902],[101.83216,15.2689],[101.83236,15.26876],[101.83235,15.2686],[101.83224,15.26853],[101.83204,15.2685],[101.83163,15.2684],[101.83154,15.26831],[101.83162,15.26814],[101.83181,15.26795],[101.83198,15.26781],[101.83217,15.26765],[101.83239,15.26748],[101.83248,15.26741],[101.83257,15.26734],[101.83258,15.26727],[101.83243,15.2671],[101.8323,15.267],[101.83224,15.26671],[101.83249,15.26641],[101.83265,15.26623],[101.83283,15.26597],[101.83295,15.26582],[101.83306,15.26572],[101.83321,15.2657],[101.83337,15.2658],[101.83347,15.26593],[101.83355,15.2661],[101.83355,15.26623],[101.83348,15.26638],[101.8335,15.2665],[101.8336,15.26659],[101.8339,15.26648],[101.83416,15.26643],[101.83438,15.26637],[101.83449,15.26626],[101.83451,15.26618],[101.83449,15.2661],[101.83441,15.26606],[101.83425,15.26604],[101.83415,15.26588],[101.83419,15.26571],[101.83428,15.26566],[101.83445,15.26561],[101.83453,15.26553],[101.8345,15.2654],[101.83436,15.26523],[101.83437,15.26512],[101.83452,15.26495],[101.83457,15.26483],[101.83445,15.26477],[101.83425,15.26475],[101.83413,15.26467],[101.83419,15.26448],[101.83431,15.26424],[101.83449,15.26417],[101.8346,15.26422],[101.83474,15.26436],[101.83491,15.26433],[101.83508,15.26427],[101.83513,15.26419],[101.83512,15.26401],[101.83513,15.2639],[101.83523,15.26377],[101.8353,15.26364],[101.83533,15.26352],[101.8353,15.26341],[101.8352,15.26329],[101.835,15.26327],[101.83468,15.2632],[101.83449,15.26311],[101.83449,15.26303],[101.83453,15.263],[101.83468,15.26292],[101.83487,15.26283],[101.83497,15.26274],[101.83492,15.26259],[101.83462,15.26225],[101.83422,15.2619],[101.83418,15.26185]]}},{"type":"Feature","properties":{"name":"","type":"river","osm_id":816612716},"geometry":{"type":"LineString","coordinates":[[101.82982,15.32309],[101.82966,15.32285],[101.82914,15.3229],[101.82896,15.32234],[101.8287,15.32224],[101.82802,15.32195],[101.82775,15.32188],[101.82751,15.32154],[101.82727,15.32146],[101.82713,15.32131],[101.8268,15.32093],[101.82652,15.32095],[101.82625,15.3208],[101.82605,15.32054],[101.82601,15.32006],[101.82589,15.3199],[101.82569,15.31986],[101.82554,15.31986],[101.82548,15.31957],[101.82497,15.31956],[101.82461,15.31944],[101.82423,15.31931],[101.82401,15.3192],[101.82391,15.31899],[101.82358,15.31878],[101.82332,15.31879],[101.82306,15.31867],[101.82305,15.31859],[101.8231,15.31845],[101.82296,15.31811],[101.82256,15.31803],[101.82225,15.31752],[101.82227,15.31726],[101.8221,15.31712],[101.82197,15.31716]]}},{"type":"Feature","properties":{"name":"","type":"river","osm_id":816612717},"geometry":{"type":"LineString","coordinates":[[101.81686,15.32352],[101.81714,15.32348],[101.81717,15.32316],[101.8173,15.323],[101.81772,15.3228],[101.81825,15.32279],[101.81845,15.32271],[101.8185,15.32256],[101.81863,15.32235],[101.81887,15.32211],[101.81885,15.32191],[101.81864,15.32167],[101.81854,15.32155],[101.81857,15.32137],[101.81875,15.32131],[101.81891,15.32129],[101.81906,15.32123],[101.81917,15.32108],[101.81926,15.32086],[101.81912,15.32061],[101.81905,15.32054],[101.81911,15.32025],[101.81882,15.31995],[101.81892,15.31958],[101.81878,15.31938],[101.81876,15.31921],[101.81911,15.31908],[101.81939,15.31892],[101.81961,15.31879],[101.81979,15.3188],[101.81991,15.31893],[101.8201,15.31881],[101.82031,15.31889],[101.82045,15.31881],[101.8206,15.31849],[101.82087,15.31843],[101.8211,15.31831],[101.82117,15.31815],[101.82113,15.31802],[101.8209,15.31793],[101.82089,15.31776],[101.82107,15.31741],[101.82126,15.31748],[101.82151,15.31755],[101.82164,15.31754],[101.82186,15.31739],[101.82197,15.31716]]}},{"type":"Feature","properties":{"name":"","type":"canal","osm_id":816953848},"geometry":{"type":"LineString","coordinates":[[102.14029,15.02627],[102.14034,15.02661],[102.14072,15.0268],[102.14157,15.02808],[102.14215,15.02886],[102.14294,15.02926],[102.14417,15.02974],[102.14478,15.03003],[102.14505,15.03025],[102.14565,15.03126],[102.14668,15.03319]]}},{"type":"Feature","properties":{"name":"","type":"canal","osm_id":816953849},"geometry":{"type":"LineString","coordinates":[[102.1157,15.02672],[102.11638,15.02668],[102.11698,15.02663],[102.11723,15.02657],[102.11728,15.02639],[102.11731,15.02609],[102.1175,15.02576],[102.11758,15.02558],[102.11762,15.02495],[102.11774,15.0244],[102.11793,15.0239]]}},{"type":"Feature","properties":{"name":"","type":"canal","osm_id":816953850},"geometry":{"type":"LineString","coordinates":[[102.03065,15.01039],[102.03094,15.0105],[102.03106,15.01059],[102.03113,15.01069],[102.03118,15.01081],[102.0312,15.01095],[102.03125,15.01102],[102.0315,15.01125],[102.03154,15.01135],[102.03154,15.01146],[102.0315,15.01156],[102.03141,15.01161],[102.0313,15.01166],[102.03119,15.01184],[102.03109,15.01199],[102.0311,15.01213],[102.03115,15.01236],[102.03128,15.01246],[102.03139,15.0125],[102.03153,15.01248],[102.03168,15.01241],[102.03216,15.0121],[102.03261,15.0121],[102.03299,15.01219],[102.03387,15.01208],[102.03405,15.01208],[102.03421,15.01214],[102.03475,15.01292],[102.03485,15.01304],[102.03498,15.01314],[102.03515,15.0132],[102.03577,15.01328],[102.03607,15.01327],[102.03667,15.01343],[102.0372,15.01371],[102.03744,15.01376],[102.03766,15.01389],[102.03777,15.01403],[102.03772,15.0144],[102.0376,15.01449],[102.03747,15.01453],[102.03734,15.01455],[102.03727,15.01466],[102.03726,15.01506],[102.0373,15.01514],[102.03735,15.01519],[102.03775,15.01523],[102.03787,15.01518],[102.03804,15.01518],[102.03826,15.01511],[102.03869,15.01512],[102.03896,15.01543],[102.03903,15.01548],[102.03958,15.01592],[102.03968,15.01602],[102.03977,15.01607],[102.03989,15.01606],[102.04007,15.0159],[102.0403,15.01572],[102.0404,15.01563],[102.04073,15.01525],[102.04081,15.01514],[102.04086,15.01501],[102.04081,15.01446],[102.04083,15.01441],[102.04087,15.01436],[102.04095,15.01431],[102.04108,15.01429],[102.04155,15.01417],[102.04202,15.01409],[102.04217,15.01419],[102.04227,15.01432],[102.04239,15.01428],[102.04245,15.01406],[102.04246,15.01387],[102.04262,15.0137],[102.04298,15.01365],[102.04335,15.01341],[102.04363,15.01328],[102.04378,15.01335],[102.04392,15.01376],[102.04409,15.01395],[102.04441,15.01441],[102.04472,15.0147],[102.04491,15.01483],[102.04522,15.01488],[102.04533,15.01485],[102.04548,15.01458],[102.0456,15.01436],[102.04575,15.0141],[102.04586,15.01408],[102.04604,15.01409],[102.04637,15.01422],[102.04657,15.01426],[102.0467,15.01426],[102.04684,15.01423],[102.04704,15.01412],[102.04712,15.01402],[102.04725,15.01387],[102.04738,15.01381],[102.04765,15.0138],[102.04791,15.01384],[102.0483,15.01397],[102.04844,15.01408],[102.04856,15.01422],[102.04875,15.01459],[102.04882,15.01462],[102.04892,15.01462],[102.04916,15.01462],[102.04938,15.01456]]}},{"type":"Feature","properties":{"name":"","type":"river","osm_id":884025588},"geometry":{"type":"LineString","coordinates":[[102.31875,15.24192],[102.31937,15.24231],[102.31981,15.24238],[102.32042,15.24254],[102.32099,15.2429],[102.32148,15.24319],[102.3218,15.24328],[102.32218,15.24324],[102.32274,15.24352],[102.32292,15.24355],[102.32319,15.24351],[102.32328,15.24341],[102.32342,15.24312],[102.3236,15.24302],[102.32379,15.2428],[102.32393,15.24261],[102.32409,15.24267],[102.3242,15.24302],[102.32425,15.24331],[102.32434,15.24387],[102.3245,15.24413],[102.32492,15.24419],[102.32516,15.24418],[102.32539,15.24404],[102.32577,15.24372],[102.32595,15.24371],[102.32627,15.24386],[102.32683,15.24403],[102.32736,15.24416],[102.32784,15.24419],[102.3285,15.24412],[102.32897,15.24418],[102.32921,15.24433],[102.32938,15.24471],[102.32975,15.24488],[102.33011,15.24507],[102.33091,15.24553],[102.33119,15.24557],[102.33135,15.24531],[102.3316,15.24525],[102.3317,15.24533],[102.3317,15.2455],[102.33157,15.24579],[102.33161,15.2459],[102.33194,15.24602],[102.33286,15.24607],[102.3331,15.24602],[102.33346,15.24615],[102.33372,15.24627],[102.33391,15.24632],[102.33415,15.24631],[102.33442,15.24632],[102.3347,15.24644],[102.33503,15.2465],[102.33525,15.24648],[102.33603,15.24668],[102.33709,15.24703],[102.33748,15.24707],[102.33777,15.24717],[102.33804,15.24733],[102.33874,15.24755],[102.33905,15.24748],[102.33911,15.24737],[102.33918,15.24708],[102.33935,15.24684],[102.33952,15.2468],[102.33966,15.24683],[102.33977,15.2471],[102.34012,15.24734],[102.34049,15.24749],[102.34078,15.24745],[102.34153,15.24688],[102.34171,15.24687],[102.34188,15.24714],[102.34203,15.24744],[102.34232,15.24775],[102.34263,15.24792],[102.34304,15.24805],[102.34334,15.24805],[102.34369,15.24792],[102.34405,15.24766],[102.34449,15.24729],[102.34472,15.24728],[102.3449,15.24736],[102.34503,15.24752],[102.34528,15.24785],[102.34555,15.24806],[102.3465,15.24825],[102.34667,15.24816],[102.34674,15.24794],[102.34689,15.24711],[102.34707,15.24684]]}},{"type":"Feature","properties":{"name":"","type":"canal","osm_id":901486471},"geometry":{"type":"LineString","coordinates":[[102.0541,14.98727],[102.05411,14.98734]]}},{"type":"Feature","properties":{"name":"","type":"canal","osm_id":901486472},"geometry":{"type":"LineString","coordinates":[[102.05396,14.98598],[102.05409,14.98711],[102.0541,14.98727]]}},{"type":"Feature","properties":{"name":"","type":"canal","osm_id":942507101},"geometry":{"type":"LineString","coordinates":[[102.02932,15.06325],[102.02916,15.06324],[102.02906,15.06321],[102.02895,15.06316],[102.02887,15.06311],[102.0288,15.06305],[102.02878,15.063],[102.02879,15.06294],[102.0288,15.06288],[102.02883,15.06281],[102.02887,15.06277],[102.02891,15.06267]]}},{"type":"Feature","properties":{"name":"","type":"canal","osm_id":942507102},"geometry":{"type":"LineString","coordinates":[[102.02944,15.08329],[102.02943,15.0828],[102.02945,15.08255],[102.02948,15.08231],[102.02948,15.08219],[102.02945,15.08205],[102.02939,15.08187],[102.02923,15.0816],[102.02916,15.08145],[102.02908,15.08121],[102.02887,15.08068],[102.02882,15.08052],[102.0288,15.08037],[102.0288,15.08023],[102.02878,15.08007],[102.02872,15.0799],[102.02864,15.07976],[102.02834,15.07935],[102.02826,15.07922],[102.0282,15.07903],[102.02814,15.07883],[102.02812,15.07858],[102.02806,15.07791],[102.02803,15.07776],[102.028,15.07764],[102.02794,15.07751],[102.02788,15.0774],[102.02783,15.07725],[102.02783,15.07709],[102.02786,15.07695],[102.02793,15.07684],[102.02799,15.0767],[102.02803,15.07661],[102.02806,15.07652],[102.02807,15.07641],[102.02805,15.07629],[102.028,15.07617],[102.02766,15.07561],[102.02756,15.07554],[102.02743,15.07549],[102.0273,15.07548],[102.02716,15.0755],[102.02701,15.07552],[102.02687,15.07552],[102.02674,15.07547],[102.02661,15.07542],[102.02622,15.07531],[102.026,15.07526],[102.02586,15.0752],[102.02575,15.07516],[102.02559,15.07514],[102.02542,15.07515],[102.02527,15.07515],[102.02512,15.07514],[102.02497,15.07511],[102.0248,15.07505],[102.02397,15.07473],[102.02388,15.07469],[102.02377,15.07463],[102.02369,15.07455],[102.02363,15.07443],[102.02365,15.07429],[102.02372,15.07411],[102.02384,15.07384],[102.02393,15.07364],[102.02395,15.07347],[102.02392,15.07334],[102.02395,15.07318],[102.02401,15.07296],[102.02406,15.0728],[102.02409,15.07267],[102.02407,15.07252],[102.0241,15.07228],[102.02423,15.07199],[102.02429,15.07181],[102.02439,15.07151],[102.02444,15.07144],[102.02454,15.07137],[102.02465,15.07125],[102.02472,15.07111],[102.02473,15.07093],[102.0248,15.07072]]}},{"type":"Feature","properties":{"name":"","type":"canal","osm_id":944685250},"geometry":{"type":"LineString","coordinates":[[102.04519,15.09104],[102.04477,15.09119],[102.04463,15.09122],[102.04449,15.09125],[102.04438,15.09125],[102.04424,15.09124],[102.04411,15.0912],[102.04396,15.09115],[102.04317,15.09091],[102.04294,15.09086],[102.0427,15.09084],[102.04242,15.09085],[102.04193,15.09088],[102.04173,15.09089],[102.04152,15.09088],[102.04128,15.09086],[102.04105,15.09083],[102.04085,15.09081],[102.04061,15.09081],[102.04042,15.09081],[102.04013,15.09081],[102.03994,15.09082],[102.03974,15.09084],[102.03959,15.09084],[102.03945,15.09082],[102.03931,15.09078],[102.03915,15.09074],[102.03902,15.09072],[102.03892,15.0907],[102.0388,15.09065],[102.03871,15.09061],[102.03862,15.09059],[102.03854,15.0906],[102.03845,15.09063],[102.03838,15.09067],[102.03832,15.09068],[102.03825,15.09067],[102.03816,15.09063],[102.0381,15.09057],[102.03807,15.09049],[102.03807,15.09038],[102.03807,15.08992],[102.03807,15.08983],[102.03807,15.08974],[102.03804,15.08964],[102.038,15.08957],[102.03794,15.08952],[102.03786,15.08945],[102.03778,15.08939],[102.03713,15.08868],[102.03709,15.08864],[102.03704,15.0886],[102.03698,15.08857],[102.03692,15.08855],[102.03663,15.08855],[102.03655,15.08853],[102.03647,15.0885],[102.03641,15.08845],[102.03614,15.08819],[102.0361,15.08814],[102.03607,15.08809],[102.03606,15.08805],[102.03604,15.08797],[102.03603,15.0879],[102.03602,15.08782],[102.03601,15.08773],[102.03598,15.08765],[102.03594,15.08758],[102.0359,15.08753],[102.03586,15.08749],[102.03583,15.08745],[102.03581,15.08739],[102.03578,15.08728],[102.03575,15.08721],[102.03571,15.08715],[102.03565,15.08712],[102.03544,15.08708],[102.03535,15.08706],[102.03526,15.08702],[102.03522,15.08695],[102.03519,15.08688],[102.03515,15.08682],[102.03511,15.08676],[102.03504,15.08672],[102.03492,15.08671],[102.03478,15.08673],[102.03463,15.08676],[102.03445,15.08675],[102.0343,15.08671],[102.03414,15.08659],[102.03403,15.08644],[102.03388,15.08632],[102.03368,15.08629],[102.03351,15.08631],[102.03333,15.08636],[102.03312,15.08635],[102.03292,15.08627],[102.03271,15.08616],[102.03256,15.08604],[102.03244,15.08587],[102.03228,15.08548],[102.03223,15.08543],[102.03214,15.08539],[102.03204,15.08538],[102.03191,15.08536],[102.03178,15.08528],[102.03167,15.08514],[102.03159,15.08494],[102.03148,15.08479],[102.03132,15.08459],[102.03075,15.08405],[102.03057,15.0839],[102.03038,15.08377],[102.03015,15.08366],[102.02996,15.0836],[102.02976,15.08353],[102.0296,15.08345],[102.02944,15.08329],[102.02925,15.08313],[102.02907,15.08301],[102.02894,15.08295],[102.02878,15.08292],[102.02862,15.08291],[102.02847,15.08293],[102.02825,15.08296],[102.02806,15.08299],[102.0279,15.08301],[102.02771,15.08301],[102.02751,15.083],[102.02734,15.083],[102.0272,15.08303],[102.02705,15.08307],[102.02691,15.08314],[102.02676,15.08324],[102.02658,15.08331],[102.02643,15.08335],[102.02628,15.08337],[102.02617,15.08338],[102.02606,15.08341],[102.02599,15.08345],[102.02595,15.08351],[102.02594,15.0836],[102.0259,15.08382],[102.0258,15.08414],[102.02571,15.08427],[102.02559,15.08438],[102.0255,15.0845],[102.02539,15.08478],[102.02528,15.08486],[102.02505,15.08494],[102.02496,15.08503],[102.02484,15.0852],[102.02477,15.08524],[102.02456,15.08522],[102.02366,15.08504],[102.02359,15.08496],[102.02357,15.08486],[102.02354,15.08466],[102.02351,15.08456],[102.02343,15.08448],[102.02333,15.08443],[102.02321,15.08444],[102.0231,15.08448],[102.02298,15.08457],[102.0228,15.08466],[102.02267,15.08467],[102.02228,15.08454],[102.02221,15.08443],[102.02215,15.08432],[102.02183,15.08423],[102.02167,15.08413],[102.0215,15.08406],[102.02142,15.08408],[102.02138,15.08417],[102.02126,15.08446],[102.02094,15.08486],[102.02086,15.08493],[102.02077,15.08495],[102.02067,15.08492],[102.02056,15.08483],[102.02044,15.08472],[102.02033,15.08465],[102.02007,15.08454],[102.02001,15.08448],[102.01997,15.0844],[102.01991,15.08409],[102.01986,15.08399],[102.01945,15.08342],[102.01933,15.08331],[102.01919,15.08329],[102.01901,15.08335],[102.01881,15.08343],[102.01872,15.08343],[102.01832,15.0833],[102.01819,15.0833],[102.01804,15.08333],[102.0178,15.0834],[102.01743,15.0834],[102.01658,15.0833],[102.01634,15.08331],[102.0159,15.08341],[102.0154,15.08362],[102.01494,15.08393],[102.01491,15.08407],[102.01496,15.08435],[102.01493,15.08447],[102.01487,15.08452],[102.01462,15.08454],[102.01453,15.0846],[102.0145,15.08473],[102.01456,15.0849],[102.01461,15.08501],[102.01456,15.0851],[102.01418,15.08535],[102.01406,15.08536],[102.01389,15.08538],[102.01366,15.08548],[102.01308,15.08561],[102.01266,15.08567],[102.01249,15.08575],[102.01234,15.08586],[102.01212,15.08591],[102.01194,15.086],[102.01087,15.08567],[102.01024,15.0857],[102.00992,15.08573],[102.00966,15.08589],[102.00947,15.08593],[102.00915,15.08587],[102.0088,15.08591],[102.00849,15.08573],[102.0083,15.08558],[102.008,15.0855],[102.00757,15.08551],[102.00686,15.08545],[102.00672,15.08544],[102.00648,15.08551],[102.00589,15.08556],[102.00552,15.08551],[102.00514,15.08552],[102.00453,15.08534],[102.00393,15.08521],[102.00337,15.08508],[102.00315,15.0851],[102.00269,15.08518],[102.0026,15.08518]]}},{"type":"Feature","properties":{"name":"","type":"canal","osm_id":944685254},"geometry":{"type":"LineString","coordinates":[[102.02486,15.07053],[102.02489,15.07043],[102.02497,15.07016],[102.02515,15.06989],[102.02533,15.06961],[102.02554,15.06935],[102.02623,15.0685],[102.02699,15.06744],[102.02712,15.06733],[102.02722,15.06719],[102.0273,15.06707],[102.0274,15.06698],[102.02753,15.06686],[102.02766,15.06676],[102.02775,15.06663],[102.02785,15.06644],[102.02795,15.06622],[102.028,15.06613],[102.02808,15.06603],[102.0281,15.06589],[102.02816,15.06582],[102.02825,15.06561],[102.02832,15.06556],[102.02837,15.06549],[102.0287,15.06537],[102.02873,15.06533],[102.02872,15.06529],[102.0287,15.06521],[102.02871,15.06514],[102.02875,15.06505],[102.02894,15.06482],[102.02903,15.06472],[102.02907,15.06466],[102.0291,15.06451],[102.02911,15.06429],[102.02913,15.06415],[102.02914,15.06407],[102.02918,15.06395],[102.02926,15.06369],[102.02931,15.0635],[102.02931,15.06341],[102.02932,15.06325],[102.02931,15.06317],[102.02933,15.06302],[102.02935,15.06296],[102.02937,15.06281]]}},{"type":"Feature","properties":{"name":"","type":"river","osm_id":1121787399},"geometry":{"type":"LineString","coordinates":[[102.27854,15.16935],[102.27834,15.16985],[102.27824,15.17145],[102.27795,15.17176],[102.27708,15.17101],[102.2762,15.17085],[102.27532,15.17086],[102.27469,15.1718],[102.27495,15.1723],[102.27481,15.17368],[102.27406,15.17384],[102.27397,15.1741],[102.27432,15.17467],[102.27418,15.17507],[102.27325,15.17608],[102.27287,15.17589],[102.27225,15.17539],[102.27182,15.17537],[102.27148,15.17586],[102.27121,15.17668],[102.2704,15.17753],[102.26994,15.17769],[102.26647,15.17752],[102.26566,15.17724],[102.26408,15.17689],[102.26372,15.17693],[102.26326,15.17704],[102.26236,15.17752],[102.26197,15.1777],[102.26151,15.17761],[102.26138,15.1773],[102.26156,15.17708],[102.26166,15.17685],[102.26215,15.17615],[102.26228,15.17582],[102.26212,15.17557],[102.26189,15.17543],[102.26159,15.1754],[102.26112,15.1756],[102.26093,15.1758],[102.26041,15.17639],[102.2593,15.17697],[102.25896,15.1774],[102.25895,15.17774],[102.25853,15.17936],[102.25863,15.18075],[102.25861,15.181],[102.25852,15.18158],[102.25821,15.18202],[102.25749,15.18208],[102.25698,15.18247],[102.25703,15.18321],[102.25729,15.18325],[102.25791,15.18407],[102.25783,15.18447],[102.25743,15.18505],[102.25703,15.1854],[102.25608,15.18573]]}},{"type":"Feature","properties":{"name":"","type":"river","osm_id":1121887189},"geometry":{"type":"LineString","coordinates":[[102.25597,15.18583],[102.25582,15.18595],[102.25563,15.18627],[102.25562,15.18702],[102.25554,15.18801],[102.25366,15.18804],[102.25266,15.18851],[102.25185,15.18804],[102.25102,15.18711]]}},{"type":"Feature","properties":{"name":"","type":"river","osm_id":1121887190},"geometry":{"type":"LineString","coordinates":[[102.25603,15.18577],[102.25597,15.18583]]}},{"type":"Feature","properties":{"name":"","type":"river","osm_id":1121887191},"geometry":{"type":"LineString","coordinates":[[102.25608,15.18573],[102.25603,15.18577]]}},{"type":"Feature","properties":{"name":"","type":"river","osm_id":1121887192},"geometry":{"type":"LineString","coordinates":[[102.25102,15.18711],[102.25108,15.18656],[102.25159,15.18654],[102.25209,15.18654],[102.25236,15.18624],[102.25235,15.18581],[102.2522,15.18537],[102.25159,15.1852],[102.25005,15.18568],[102.24963,15.18513],[102.24849,15.18527],[102.24823,15.18506],[102.24827,15.18437],[102.24775,15.18322],[102.24752,15.183],[102.24731,15.18299],[102.24685,15.18328],[102.24676,15.18399],[102.24634,15.18424],[102.2458,15.18404],[102.2457,15.18362],[102.24606,15.18248],[102.24562,15.18219],[102.24501,15.18206],[102.24355,15.18146],[102.24249,15.18177],[102.24215,15.18236],[102.2423,15.18311],[102.24291,15.1834],[102.24305,15.18397],[102.2427,15.1849],[102.24231,15.18538],[102.24202,15.18557],[102.24167,15.18506],[102.24134,15.18434],[102.24073,15.1841],[102.23928,15.18454],[102.23858,15.18425],[102.23824,15.18358],[102.23757,15.1837],[102.23725,15.1831],[102.23757,15.18192],[102.23712,15.18143],[102.23587,15.18105],[102.23504,15.18089],[102.23435,15.18003],[102.23431,15.17953],[102.23453,15.17921],[102.23475,15.17894],[102.23517,15.17921],[102.23524,15.17952],[102.23558,15.18026],[102.23578,15.1804],[102.23616,15.18034],[102.2368,15.18022],[102.23706,15.1798],[102.23724,15.17943],[102.23703,15.17913],[102.23654,15.17895],[102.23579,15.17877],[102.23551,15.17857],[102.23496,15.17799],[102.2343,15.17784],[102.23353,15.17772],[102.23276,15.17783],[102.23234,15.17884],[102.23239,15.17966],[102.23172,15.18033],[102.23164,15.18078],[102.23178,15.18134],[102.2314,15.18164],[102.23083,15.18195],[102.22982,15.18178],[102.22931,15.18235],[102.22936,15.18272],[102.22964,15.18338],[102.2294,15.18404],[102.22909,15.18405],[102.22855,15.18314],[102.22765,15.18259],[102.22701,15.18243],[102.2261,15.18189],[102.22543,15.18173],[102.2251,15.18201],[102.22477,15.18273],[102.22479,15.18304],[102.22525,15.1835],[102.22546,15.18398],[102.22612,15.18419],[102.22636,15.18462],[102.22639,15.18512],[102.22635,15.18546],[102.22592,15.18585]]}},{"type":"Feature","properties":{"name":"","type":"river","osm_id":1121887201},"geometry":{"type":"LineString","coordinates":[[102.28326,15.17053],[102.28161,15.17066],[102.28005,15.17003],[102.27933,15.16968],[102.27911,15.16933]]}},{"type":"Feature","properties":{"name":"","type":"river","osm_id":1121887203},"geometry":{"type":"LineString","coordinates":[[102.27911,15.16933],[102.27854,15.16935]]}},{"type":"Feature","properties":{"name":"","type":"canal","osm_id":1127451514},"geometry":{"type":"LineString","coordinates":[[102.15136,15.22048],[102.15129,15.22079],[102.15111,15.22129],[102.15093,15.22175],[102.15088,15.22195],[102.15092,15.22216],[102.15094,15.22229],[102.15101,15.22281],[102.15087,15.2232],[102.15085,15.22408],[102.1509,15.22431],[102.15095,15.22459],[102.15094,15.22479],[102.15093,15.22512],[102.15087,15.2255],[102.15086,15.22559],[102.15125,15.22567],[102.15195,15.22582],[102.15208,15.22591],[102.15216,15.22608],[102.1522,15.22623],[102.15269,15.22652],[102.15347,15.22688]]}},{"type":"Feature","properties":{"name":"","type":"canal","osm_id":1128256978},"geometry":{"type":"LineString","coordinates":[[102.05513,14.99773],[102.05472,14.99772]]}},{"type":"Feature","properties":{"name":"","type":"canal","osm_id":1147593431},"geometry":{"type":"LineString","coordinates":[[102.48343,15.30887],[102.4835,15.30915],[102.48355,15.30923],[102.48359,15.30932],[102.4835,15.30951],[102.48308,15.31039],[102.48267,15.31123],[102.4822,15.31207],[102.4818,15.31281],[102.48177,15.31289],[102.48173,15.31313],[102.48179,15.31399],[102.48186,15.31512],[102.48186,15.3155],[102.48185,15.31555]]}},{"type":"Feature","properties":{"name":"","type":"canal","osm_id":1147593432},"geometry":{"type":"LineString","coordinates":[[102.48247,15.31782],[102.48251,15.31785],[102.48293,15.31825],[102.48346,15.31883],[102.48425,15.31971],[102.48462,15.32012],[102.48537,15.32106],[102.48552,15.32121],[102.48634,15.32214],[102.48675,15.32256],[102.48697,15.3228],[102.48711,15.323],[102.48725,15.32319],[102.48764,15.32362],[102.48768,15.32365],[102.48793,15.32373],[102.48902,15.32401],[102.48903,15.32413],[102.48901,15.32507],[102.489,15.32609],[102.48895,15.32688],[102.48893,15.32703],[102.48879,15.32761],[102.48873,15.32795],[102.48867,15.3285],[102.48865,15.32907],[102.48862,15.32954],[102.48859,15.33011],[102.48853,15.33047],[102.48851,15.33063]]}},{"type":"Feature","properties":{"name":"","type":"canal","osm_id":1147593433},"geometry":{"type":"LineString","coordinates":[[102.48236,15.31774],[102.48247,15.31782]]}},{"type":"Feature","properties":{"name":"","type":"canal","osm_id":1153627423},"geometry":{"type":"LineString","coordinates":[[102.48183,15.3156],[102.48182,15.31567],[102.48202,15.31689],[102.4821,15.31746],[102.48217,15.31756],[102.48236,15.31774]]}},{"type":"Feature","properties":{"name":"","type":"canal","osm_id":1153627424},"geometry":{"type":"LineString","coordinates":[[102.48185,15.31555],[102.48183,15.3156]]}},{"type":"Feature","properties":{"name":"","type":"canal","osm_id":1153627812},"geometry":{"type":"LineString","coordinates":[[102.46459,15.26462],[102.46607,15.26503]]}},{"type":"Feature","properties":{"name":"","type":"canal","osm_id":1153627813},"geometry":{"type":"LineString","coordinates":[[102.46617,15.26505],[102.4675,15.26541]]}},{"type":"Feature","properties":{"name":"","type":"canal","osm_id":1153627814},"geometry":{"type":"LineString","coordinates":[[102.46766,15.26542],[102.46796,15.26548],[102.46804,15.26542],[102.46826,15.26482],[102.46855,15.26405],[102.4688,15.26335]]}},{"type":"Feature","properties":{"name":"","type":"canal","osm_id":1153627815},"geometry":{"type":"LineString","coordinates":[[102.46892,15.26342],[102.47034,15.26388],[102.47073,15.26402]]}},{"type":"Feature","properties":{"name":"","type":"canal","osm_id":1153627816},"geometry":{"type":"LineString","coordinates":[[102.47081,15.26407],[102.47148,15.26433],[102.47229,15.26469],[102.47234,15.26466],[102.47267,15.26399],[102.4735,15.26427]]}},{"type":"Feature","properties":{"name":"","type":"canal","osm_id":1155380417},"geometry":{"type":"LineString","coordinates":[[102.48216,15.33507],[102.48218,15.33529],[102.4822,15.33559],[102.48214,15.33591],[102.48228,15.33661],[102.48256,15.33706]]}},{"type":"Feature","properties":{"name":"","type":"canal","osm_id":1155380419},"geometry":{"type":"LineString","coordinates":[[102.46575,15.33337],[102.4658,15.33337],[102.46637,15.33334],[102.46667,15.33325],[102.46686,15.33322],[102.46701,15.33305],[102.46711,15.33292],[102.46742,15.33271],[102.46778,15.33241],[102.46798,15.33226],[102.46793,15.33209],[102.46763,15.33187],[102.46742,15.33177],[102.4669,15.33177]]}},{"type":"Feature","properties":{"name":"ลำตะคอง","type":"river","osm_id":1227750393},"geometry":{"type":"LineString","coordinates":[[102.11156,14.98072],[102.1119,14.98097],[102.11217,14.98098],[102.11282,14.98097],[102.113,14.98101],[102.11353,14.98113],[102.1145,14.98137],[102.11492,14.98136],[102.11534,14.98132],[102.11599,14.98124]]}},{"type":"Feature","properties":{"name":"","type":"canal","osm_id":1228379051},"geometry":{"type":"LineString","coordinates":[[102.04778,14.99729],[102.04776,14.9974]]}},{"type":"Feature","properties":{"name":"","type":"canal","osm_id":1228379054},"geometry":{"type":"LineString","coordinates":[[102.04894,15.00436],[102.04903,15.00441]]}},{"type":"Feature","properties":{"name":"","type":"canal","osm_id":1228379056},"geometry":{"type":"LineString","coordinates":[[102.06221,15.01173],[102.06233,15.01175]]}},{"type":"Feature","properties":{"name":"","type":"canal","osm_id":1228379057},"geometry":{"type":"LineString","coordinates":[[102.06246,15.01177],[102.06264,15.0118]]}},{"type":"Feature","properties":{"name":"","type":"canal","osm_id":1228379060},"geometry":{"type":"LineString","coordinates":[[102.0685,15.01212],[102.06862,15.01212]]}},{"type":"Feature","properties":{"name":"","type":"canal","osm_id":1228379062},"geometry":{"type":"LineString","coordinates":[[102.08987,15.01581],[102.08998,15.01581]]}},{"type":"Feature","properties":{"name":"","type":"canal","osm_id":1228379064},"geometry":{"type":"LineString","coordinates":[[102.09612,15.01563],[102.09623,15.01563]]}},{"type":"Feature","properties":{"name":"","type":"canal","osm_id":1228379066},"geometry":{"type":"LineString","coordinates":[[102.09966,15.01553],[102.09977,15.01552]]}},{"type":"Feature","properties":{"name":"","type":"canal","osm_id":1228379068},"geometry":{"type":"LineString","coordinates":[[102.10544,15.01536],[102.10551,15.01535]]}},{"type":"Feature","properties":{"name":"","type":"canal","osm_id":1228380594},"geometry":{"type":"LineString","coordinates":[[102.07398,15.0124],[102.07406,15.0124]]}},{"type":"Feature","properties":{"name":"","type":"canal","osm_id":1228380597},"geometry":{"type":"LineString","coordinates":[[102.07966,15.01327],[102.0797,15.01337]]}},{"type":"Feature","properties":{"name":"","type":"canal","osm_id":1228380599},"geometry":{"type":"LineString","coordinates":[[102.08004,15.01411],[102.08008,15.0142]]}},{"type":"Feature","properties":{"name":"","type":"canal","osm_id":1228380602},"geometry":{"type":"LineString","coordinates":[[102.08385,15.01533],[102.08393,15.01535]]}},{"type":"Feature","properties":{"name":"","type":"canal","osm_id":1228380605},"geometry":{"type":"LineString","coordinates":[[102.08743,15.01588],[102.08754,15.01588]]}},{"type":"Feature","properties":{"name":"","type":"canal","osm_id":1228380608},"geometry":{"type":"LineString","coordinates":[[102.09441,15.01568],[102.09452,15.01567]]}},{"type":"Feature","properties":{"name":"","type":"canal","osm_id":1228380612},"geometry":{"type":"LineString","coordinates":[[102.11544,15.01507],[102.11553,15.01506]]}},{"type":"Feature","properties":{"name":"คลองตะคองเก่า","type":"canal","osm_id":1228382602},"geometry":{"type":"LineString","coordinates":[[102.1363,14.97722],[102.13649,14.97736],[102.13673,14.97751],[102.13691,14.9776],[102.13706,14.97762],[102.13748,14.97762],[102.13793,14.97785],[102.1381,14.97824],[102.13822,14.97857],[102.13851,14.9787],[102.13898,14.97867],[102.13917,14.97869],[102.13935,14.97885],[102.13962,14.97891],[102.14002,14.97893],[102.14028,14.97904],[102.14071,14.97911],[102.14096,14.97914],[102.14121,14.97925],[102.14141,14.9795],[102.14167,14.97958],[102.14202,14.97937],[102.14228,14.97934],[102.14248,14.97952],[102.14251,14.97983],[102.1427,14.98],[102.14316,14.97992],[102.14341,14.97986],[102.14371,14.97996],[102.14455,14.98043],[102.1447,14.98065],[102.14481,14.98115],[102.14542,14.98158],[102.14558,14.98169],[102.14553,14.98198],[102.14557,14.98255],[102.14585,14.98282],[102.14628,14.983],[102.14705,14.98313],[102.14739,14.98333],[102.148,14.98347],[102.14828,14.98372],[102.14856,14.98414],[102.14946,14.98445],[102.1498,14.98452],[102.15004,14.98469],[102.15028,14.98472],[102.15059,14.98468],[102.15083,14.98461],[102.15105,14.98451],[102.15118,14.98449],[102.1513,14.98452],[102.15142,14.98457],[102.15154,14.98461],[102.15162,14.98459],[102.15169,14.98451],[102.15182,14.98427],[102.15191,14.98404],[102.15209,14.9838],[102.15225,14.98369],[102.15252,14.98359],[102.15289,14.98345],[102.15302,14.98324],[102.15314,14.98292],[102.15323,14.98274],[102.15339,14.98262],[102.1536,14.98257],[102.15403,14.98256],[102.15447,14.98265],[102.15487,14.98282],[102.15507,14.98297],[102.15521,14.9831],[102.15525,14.98326],[102.15525,14.98344],[102.15526,14.9836],[102.15527,14.98376],[102.1553,14.98391],[102.15537,14.98398],[102.15547,14.98403],[102.15573,14.98409]]}},{"type":"Feature","properties":{"name":"คลองตะคองเก่า","type":"canal","osm_id":1228382603},"geometry":{"type":"LineString","coordinates":[[102.15573,14.98409],[102.15583,14.98411]]}},{"type":"Feature","properties":{"name":"คลองตะคองเก่า","type":"canal","osm_id":1228382605},"geometry":{"type":"LineString","coordinates":[[102.15583,14.98411],[102.15633,14.98424],[102.15657,14.98428],[102.15683,14.98438],[102.15706,14.98454],[102.15729,14.98472],[102.15789,14.98525],[102.15858,14.98569],[102.16016,14.98652],[102.16077,14.98695],[102.16207,14.98797],[102.16293,14.9883],[102.16374,14.98853]]}},{"type":"Feature","properties":{"name":"คลองตะคองเก่า","type":"canal","osm_id":1228382606},"geometry":{"type":"LineString","coordinates":[[102.16374,14.98853],[102.16384,14.98856]]}},{"type":"Feature","properties":{"name":"คลองตะคองเก่า","type":"canal","osm_id":1228382607},"geometry":{"type":"LineString","coordinates":[[102.16384,14.98856],[102.16411,14.98863],[102.16441,14.98869],[102.16485,14.98874],[102.16509,14.98887],[102.16529,14.98905],[102.16545,14.98913],[102.1656,14.9892],[102.16571,14.98937],[102.16578,14.98955],[102.16584,14.98965],[102.16592,14.98973],[102.16601,14.98976],[102.1661,14.98976],[102.16631,14.98973],[102.16827,14.99035],[102.16898,14.9905],[102.16976,14.99069]]}},{"type":"Feature","properties":{"name":"คลองตะคองเก่า","type":"canal","osm_id":1228382608},"geometry":{"type":"LineString","coordinates":[[102.16976,14.99069],[102.16985,14.99071]]}},{"type":"Feature","properties":{"name":"คลองตะคองเก่า","type":"canal","osm_id":1228382611},"geometry":{"type":"LineString","coordinates":[[102.16985,14.99071],[102.17,14.99074],[102.1704,14.99079],[102.17068,14.99082],[102.17078,14.9908],[102.17086,14.99074],[102.17089,14.99069],[102.17093,14.99059],[102.17094,14.99048],[102.17108,14.98943]]}},{"type":"Feature","properties":{"name":"คลองตะคองเก่า","type":"canal","osm_id":1228382612},"geometry":{"type":"LineString","coordinates":[[102.17108,14.98943],[102.17109,14.98934]]}},{"type":"Feature","properties":{"name":"คลองตะคองเก่า","type":"canal","osm_id":1228382614},"geometry":{"type":"LineString","coordinates":[[102.17109,14.98934],[102.17111,14.98922],[102.1712,14.98892],[102.17132,14.98871],[102.17144,14.98866],[102.17162,14.98873],[102.17178,14.9888],[102.17206,14.98874],[102.17251,14.98865],[102.17277,14.98867],[102.17301,14.98873],[102.17348,14.98897],[102.17378,14.98902],[102.17402,14.98897],[102.17443,14.98873],[102.17496,14.98869],[102.17507,14.98867]]}},{"type":"Feature","properties":{"name":"คลองตะคองเก่า","type":"canal","osm_id":1228382615},"geometry":{"type":"LineString","coordinates":[[102.17507,14.98867],[102.17516,14.98866]]}},{"type":"Feature","properties":{"name":"คลองตะคองเก่า","type":"canal","osm_id":1228382617},"geometry":{"type":"LineString","coordinates":[[102.17516,14.98866],[102.17553,14.98859],[102.1759,14.98853],[102.17634,14.98856],[102.17668,14.98852],[102.17683,14.9885],[102.17699,14.98845]]}},{"type":"Feature","properties":{"name":"คลองตะคองเก่า","type":"canal","osm_id":1228382618},"geometry":{"type":"LineString","coordinates":[[102.17699,14.98845],[102.17704,14.98842]]}},{"type":"Feature","properties":{"name":"คลองตะคองเก่า","type":"canal","osm_id":1228382620},"geometry":{"type":"LineString","coordinates":[[102.17704,14.98842],[102.17734,14.98829],[102.17769,14.9883],[102.17815,14.98844],[102.17864,14.98873],[102.17884,14.98894],[102.179,14.98918],[102.17916,14.98937],[102.17939,14.98979],[102.17944,14.98995],[102.17951,14.9901],[102.17958,14.99044],[102.17961,14.99064],[102.17963,14.99085],[102.17984,14.99114],[102.18008,14.99138],[102.18038,14.99164],[102.18066,14.99185]]}},{"type":"Feature","properties":{"name":"คลองตะคองเก่า","type":"canal","osm_id":1228382621},"geometry":{"type":"LineString","coordinates":[[102.18066,14.99185],[102.18079,14.99195]]}},{"type":"Feature","properties":{"name":"คลองตะคองเก่า","type":"canal","osm_id":1228382623},"geometry":{"type":"LineString","coordinates":[[102.18079,14.99195],[102.18108,14.99218],[102.18137,14.99235],[102.18177,14.99247],[102.18199,14.99244],[102.18219,14.99238],[102.18231,14.99236],[102.18242,14.99239],[102.1827,14.99281],[102.18281,14.993],[102.18287,14.99322],[102.18297,14.99375],[102.1832,14.99426],[102.18348,14.99461],[102.18386,14.99478],[102.18468,14.99496],[102.18489,14.99495],[102.18555,14.995],[102.18569,14.99498],[102.18581,14.99496],[102.18593,14.99496],[102.18614,14.99503],[102.18641,14.99507],[102.18654,14.99507],[102.18668,14.99504],[102.18692,14.99479],[102.18752,14.99415],[102.18776,14.99392],[102.18833,14.99375],[102.18851,14.9937],[102.18865,14.99347],[102.1889,14.99322]]}},{"type":"Feature","properties":{"name":"คลองตะคองเก่า","type":"canal","osm_id":1228382624},"geometry":{"type":"LineString","coordinates":[[102.1889,14.99322],[102.18896,14.99316]]}},{"type":"Feature","properties":{"name":"คลองตะคองเก่า","type":"canal","osm_id":1228382626},"geometry":{"type":"LineString","coordinates":[[102.18896,14.99316],[102.18911,14.99298],[102.18926,14.99284],[102.18936,14.99279],[102.18947,14.99278],[102.18958,14.99279],[102.18967,14.99282],[102.18973,14.99288],[102.18977,14.99294],[102.18985,14.993],[102.18994,14.99303],[102.19055,14.99322],[102.19109,14.99342],[102.19133,14.99347],[102.19158,14.99347],[102.19188,14.99345],[102.19218,14.99345],[102.19229,14.99346],[102.19239,14.9935],[102.19247,14.99356],[102.1925,14.99361],[102.19249,14.99366],[102.19227,14.99412],[102.19225,14.99424],[102.19226,14.99432],[102.19229,14.99439],[102.19236,14.99447],[102.19246,14.99453],[102.19256,14.99456],[102.19279,14.99458],[102.19313,14.99459],[102.19325,14.99459],[102.19335,14.99455],[102.19344,14.99448],[102.19347,14.99438],[102.19353,14.99429],[102.1936,14.99424],[102.19369,14.99423],[102.1938,14.99426],[102.19392,14.99433],[102.194,14.99438],[102.19404,14.99447],[102.19407,14.99463],[102.19413,14.99479],[102.19433,14.99493],[102.19489,14.99527],[102.19534,14.99545],[102.19559,14.99562],[102.1958,14.99573]]}},{"type":"Feature","properties":{"name":"คลองตะคองเก่า","type":"canal","osm_id":1228382627},"geometry":{"type":"LineString","coordinates":[[102.1958,14.99573],[102.19593,14.9958]]}},{"type":"Feature","properties":{"name":"คลองตะคองเก่า","type":"canal","osm_id":1228382628},"geometry":{"type":"LineString","coordinates":[[102.19593,14.9958],[102.19624,14.99591],[102.19638,14.99593],[102.19651,14.99592],[102.19686,14.99582],[102.19704,14.99581],[102.19722,14.99582],[102.19755,14.99595],[102.19778,14.996],[102.19807,14.99602],[102.19818,14.99613],[102.19824,14.99619],[102.19831,14.99621],[102.19867,14.99629],[102.19953,14.99666],[102.1999,14.99676],[102.20016,14.99679],[102.20028,14.99682],[102.20043,14.99686],[102.20078,14.99707],[102.20091,14.99717],[102.20098,14.99729]]}},{"type":"Feature","properties":{"name":"คลองตะคองเก่า","type":"canal","osm_id":1228382629},"geometry":{"type":"LineString","coordinates":[[102.20098,14.99729],[102.20103,14.99737]]}},{"type":"Feature","properties":{"name":"คลองตะคองเก่า","type":"canal","osm_id":1228382630},"geometry":{"type":"LineString","coordinates":[[102.20103,14.99737],[102.20112,14.99752],[102.20121,14.99757],[102.20128,14.99759],[102.20136,14.99758],[102.20146,14.99754],[102.20158,14.99752],[102.20205,14.99771],[102.20251,14.99789],[102.20286,14.99791],[102.20308,14.99791],[102.20321,14.99798],[102.20328,14.99806],[102.20334,14.99835],[102.20343,14.99857]]}},{"type":"Feature","properties":{"name":"คลองตะคองเก่า","type":"canal","osm_id":1228382631},"geometry":{"type":"LineString","coordinates":[[102.20343,14.99857],[102.20346,14.99866]]}},{"type":"Feature","properties":{"name":"คลองตะคองเก่า","type":"canal","osm_id":1228384473},"geometry":{"type":"LineString","coordinates":[[102.20346,14.99866],[102.20348,14.99871],[102.20346,14.99886],[102.20337,14.99898],[102.20302,14.99916],[102.20294,14.99922],[102.20285,14.99941],[102.2027,14.99986],[102.20261,15.00033],[102.20257,15.0006],[102.20262,15.00086],[102.2027,15.00099],[102.20282,15.00108],[102.20309,15.00111],[102.20335,15.00115],[102.20338,15.00115]]}},{"type":"Feature","properties":{"name":"คลองตะคองเก่า","type":"canal","osm_id":1228384474},"geometry":{"type":"LineString","coordinates":[[102.20338,15.00115],[102.20347,15.00115]]}},{"type":"Feature","properties":{"name":"คลองตะคองเก่า","type":"canal","osm_id":1228384475},"geometry":{"type":"LineString","coordinates":[[102.20347,15.00115],[102.20358,15.00115],[102.20381,15.00108],[102.20415,15.00102],[102.20432,15.00099],[102.20448,15.00099],[102.20518,15.00118],[102.20588,15.00133],[102.20596,15.00141],[102.20599,15.00153],[102.20594,15.0021],[102.20585,15.00266],[102.20573,15.00283],[102.20568,15.00292],[102.20564,15.00301],[102.20564,15.00306],[102.20565,15.0031],[102.20569,15.00318],[102.20574,15.00323],[102.20579,15.00328],[102.20581,15.00333],[102.2058,15.00339],[102.20577,15.0035],[102.20566,15.00372],[102.20562,15.00381],[102.2056,15.00387],[102.2056,15.00392],[102.20559,15.00401],[102.20558,15.0041],[102.20556,15.00427],[102.20555,15.00445],[102.20551,15.00463],[102.20551,15.00469],[102.20552,15.00471],[102.20554,15.00473],[102.20559,15.00473]]}},{"type":"Feature","properties":{"name":"คลองตะคองเก่า","type":"canal","osm_id":1228384476},"geometry":{"type":"LineString","coordinates":[[102.20559,15.00473],[102.20573,15.0048]]}},{"type":"Feature","properties":{"name":"คลองตะคองเก่า","type":"canal","osm_id":1228384477},"geometry":{"type":"LineString","coordinates":[[102.20573,15.0048],[102.20586,15.00486],[102.20604,15.00503],[102.20636,15.00525],[102.20648,15.00532],[102.20662,15.00536],[102.20671,15.00533],[102.20676,15.00529],[102.2068,15.0052],[102.20686,15.00513],[102.207,15.00506],[102.20713,15.005],[102.20774,15.00486],[102.20813,15.00483],[102.20847,15.00474],[102.20867,15.00472],[102.20889,15.00468],[102.20909,15.0046],[102.20927,15.0045],[102.20941,15.00441],[102.20955,15.00438],[102.20975,15.00442],[102.20988,15.00449],[102.21032,15.00469]]}},{"type":"Feature","properties":{"name":"คลองตะคองเก่า","type":"canal","osm_id":1228384478},"geometry":{"type":"LineString","coordinates":[[102.21032,15.00469],[102.21046,15.00476]]}},{"type":"Feature","properties":{"name":"คลองตะคองเก่า","type":"canal","osm_id":1228384479},"geometry":{"type":"LineString","coordinates":[[102.21046,15.00476],[102.21068,15.00485],[102.2108,15.00504],[102.21088,15.0052],[102.21097,15.00536],[102.21111,15.00547],[102.2113,15.00551],[102.21147,15.00548],[102.21177,15.00539],[102.21207,15.00536],[102.21236,15.00537],[102.21248,15.00547],[102.21257,15.0056],[102.2126,15.00595],[102.21264,15.00609],[102.21269,15.00616],[102.21275,15.0062],[102.21283,15.00621],[102.2129,15.00619],[102.21307,15.00607],[102.21321,15.00595],[102.21327,15.00592],[102.21335,15.00592],[102.21343,15.00596],[102.21369,15.00609],[102.21397,15.00626],[102.21403,15.00659],[102.21422,15.00683],[102.21451,15.00708],[102.21473,15.00733],[102.21479,15.00736],[102.21487,15.00736],[102.21493,15.0073],[102.21495,15.00717],[102.21499,15.00681],[102.21504,15.0067],[102.21512,15.00662],[102.21526,15.0066],[102.21563,15.00667],[102.21567,15.00684],[102.21566,15.00705],[102.21567,15.00727],[102.21573,15.00733],[102.21581,15.00739],[102.21625,15.00741],[102.21636,15.00735],[102.21644,15.00726],[102.21649,15.00709],[102.21658,15.00682],[102.21668,15.00675],[102.21677,15.00675],[102.21707,15.00683],[102.2173,15.00703],[102.21769,15.00713],[102.21817,15.0074],[102.21832,15.00743],[102.21842,15.00734],[102.21847,15.00721],[102.21847,15.00707],[102.2185,15.00698],[102.21857,15.00693],[102.21876,15.00693],[102.21955,15.00711],[102.21955,15.00725],[102.21952,15.00741],[102.2195,15.00755],[102.21953,15.00768],[102.21963,15.0078],[102.21978,15.00781],[102.21989,15.00774],[102.21995,15.00761],[102.22003,15.00706],[102.22007,15.00695],[102.22014,15.00686],[102.22025,15.00677],[102.22042,15.00674],[102.22079,15.00671],[102.22115,15.00682],[102.22133,15.00696],[102.22157,15.00704],[102.22214,15.00721],[102.2222,15.00723],[102.22221,15.00724]]}},{"type":"Feature","properties":{"name":"คลองตะคองเก่า","type":"canal","osm_id":1228384480},"geometry":{"type":"LineString","coordinates":[[102.22221,15.00724],[102.22229,15.00729]]}},{"type":"Feature","properties":{"name":"คลองตะคองเก่า","type":"canal","osm_id":1228384481},"geometry":{"type":"LineString","coordinates":[[102.22229,15.00729],[102.22233,15.00734],[102.22239,15.00744],[102.22244,15.00753],[102.2225,15.0076],[102.22263,15.00771],[102.22279,15.00778],[102.22301,15.00779],[102.22324,15.00774],[102.22347,15.0077],[102.22384,15.00766],[102.22443,15.0077],[102.2247,15.00772],[102.22497,15.00769],[102.22524,15.00761],[102.22542,15.0076],[102.22559,15.00765],[102.22606,15.00826]]}},{"type":"Feature","properties":{"name":"คลองตะคองเก่า","type":"canal","osm_id":1228384482},"geometry":{"type":"LineString","coordinates":[[102.22606,15.00826],[102.2261,15.00832]]}},{"type":"Feature","properties":{"name":"คลองตะคองเก่า","type":"canal","osm_id":1228384483},"geometry":{"type":"LineString","coordinates":[[102.2357,15.00808],[102.23574,15.00812],[102.23605,15.00887],[102.23593,15.00902],[102.23618,15.00947],[102.23629,15.00974],[102.23636,15.00989],[102.23649,15.00994],[102.23664,15.01014],[102.23713,15.01081],[102.23748,15.01138]]}},{"type":"Feature","properties":{"name":"คลองตะคองเก่า","type":"canal","osm_id":1228384484},"geometry":{"type":"LineString","coordinates":[[102.23563,15.00801],[102.2357,15.00808]]}},{"type":"Feature","properties":{"name":"คลองตะคองใหม่","type":"canal","osm_id":1228385505},"geometry":{"type":"LineString","coordinates":[[102.20391,15.00775],[102.20402,15.00786],[102.20417,15.008],[102.20428,15.00816],[102.20449,15.00833],[102.20472,15.00844],[102.20527,15.00865],[102.20543,15.00902],[102.2055,15.00916],[102.2056,15.00924],[102.20576,15.0093],[102.20593,15.0093],[102.20618,15.0092],[102.20636,15.00899],[102.20653,15.00884],[102.20661,15.00881],[102.2067,15.00882],[102.2068,15.00882],[102.20689,15.00889],[102.20699,15.00905],[102.20706,15.00912],[102.20714,15.00915],[102.20734,15.00926],[102.20757,15.00931],[102.20816,15.00936],[102.2087,15.00956],[102.20898,15.00967],[102.20931,15.00973],[102.20949,15.00969],[102.20967,15.00962],[102.20982,15.00955],[102.20997,15.00953],[102.2101,15.00956],[102.21018,15.00963],[102.21031,15.00978],[102.21048,15.0099],[102.21099,15.01001],[102.21153,15.01009],[102.21166,15.01006],[102.21178,15.00999],[102.21188,15.00996],[102.21196,15.01001],[102.21207,15.01015],[102.21221,15.01026],[102.21227,15.01025],[102.21234,15.01021],[102.2125,15.01018],[102.21264,15.0102],[102.21296,15.0102],[102.21326,15.01021],[102.21368,15.01037],[102.21399,15.01047],[102.21459,15.01045],[102.21472,15.01045],[102.21484,15.01048],[102.21504,15.01056],[102.21535,15.01066],[102.21573,15.01079],[102.21605,15.01088],[102.2163,15.01087],[102.21658,15.01084],[102.21689,15.01078],[102.21718,15.01066],[102.21739,15.01056],[102.21759,15.01053],[102.21783,15.01058],[102.21796,15.01064],[102.21808,15.01075],[102.21823,15.01091],[102.21834,15.01097],[102.21849,15.01099],[102.21865,15.01099],[102.21883,15.01093],[102.21901,15.01093],[102.21948,15.0109],[102.21989,15.0109],[102.22041,15.01089],[102.22061,15.01087],[102.22073,15.01078],[102.22083,15.01072],[102.22096,15.01069],[102.22106,15.01065],[102.22116,15.01063],[102.22135,15.01068],[102.22142,15.01078],[102.22151,15.01092],[102.22179,15.01114],[102.22246,15.01192],[102.22364,15.01234],[102.2239,15.01243],[102.22414,15.01257],[102.2242,15.01263],[102.22422,15.01274],[102.22428,15.01299],[102.22441,15.01316],[102.22459,15.01327],[102.22476,15.01331],[102.2249,15.01337],[102.22495,15.01359],[102.22497,15.01367],[102.225,15.01378],[102.22511,15.01391],[102.22522,15.01394],[102.22535,15.01397],[102.22548,15.01395],[102.22558,15.01391],[102.22564,15.01378],[102.22565,15.01368],[102.22567,15.01347],[102.22572,15.01341],[102.2258,15.0134],[102.22598,15.01348],[102.22615,15.01358],[102.2264,15.01361],[102.22706,15.01357],[102.22741,15.01354],[102.22769,15.01344],[102.22802,15.01323],[102.22817,15.01318],[102.22833,15.01313],[102.22856,15.0131],[102.22864,15.01314],[102.22865,15.01323],[102.22861,15.01338],[102.22856,15.01349],[102.2285,15.01367],[102.22853,15.01374],[102.22859,15.01379],[102.2287,15.01377],[102.22879,15.01366],[102.22883,15.01358],[102.22888,15.01354],[102.22903,15.01349],[102.22921,15.01361],[102.22937,15.01376],[102.22968,15.01386],[102.22993,15.01391],[102.23009,15.01384],[102.23034,15.01367],[102.23042,15.01356],[102.23052,15.01354],[102.23066,15.01356],[102.23066,15.01382],[102.2307,15.01403],[102.23076,15.01409],[102.23103,15.01396],[102.23139,15.01389],[102.23222,15.01391],[102.23273,15.01402],[102.23306,15.01415],[102.23338,15.01414],[102.23354,15.01419]]}},{"type":"Feature","properties":{"name":"คลองตะคองใหม่","type":"canal","osm_id":1228385506},"geometry":{"type":"LineString","coordinates":[[102.18202,14.99781],[102.18218,14.99779]]}},{"type":"Feature","properties":{"name":"คลองตะคองใหม่","type":"canal","osm_id":1228385507},"geometry":{"type":"LineString","coordinates":[[102.18218,14.99779],[102.18252,14.99774],[102.18296,14.99783],[102.18332,14.99788],[102.18349,14.9979],[102.18372,14.99799],[102.1853,14.99851],[102.18584,14.99878],[102.18644,14.99878],[102.18667,14.99881],[102.18694,14.99891],[102.18715,14.99895],[102.18754,14.99894],[102.18784,14.99882],[102.18807,14.9988],[102.18827,14.99881],[102.18878,14.9989],[102.18914,14.99886],[102.18971,14.99919],[102.18991,14.99924]]}},{"type":"Feature","properties":{"name":"คลองตะคองใหม่","type":"canal","osm_id":1228385508},"geometry":{"type":"LineString","coordinates":[[102.18991,14.99924],[102.19006,14.99926]]}},{"type":"Feature","properties":{"name":"คลองตะคองใหม่","type":"canal","osm_id":1228385509},"geometry":{"type":"LineString","coordinates":[[102.19006,14.99926],[102.19016,14.99928],[102.19049,14.99935],[102.19065,14.99943],[102.19072,14.99948],[102.19081,14.9996],[102.19088,14.99967],[102.19095,14.9997],[102.19107,14.99972],[102.19124,14.99976],[102.19141,14.99975],[102.19156,14.99973],[102.19164,14.99971],[102.1918,14.99971],[102.19252,14.99975],[102.19262,14.99975],[102.1927,14.99974],[102.19282,14.99977],[102.19291,14.99982],[102.19301,14.99991],[102.19305,15.00003],[102.19307,15.00011],[102.19307,15.00023],[102.19308,15.0003],[102.1931,15.00035],[102.19316,15.00044],[102.19324,15.00053],[102.19334,15.0006],[102.19345,15.00063],[102.19357,15.00063],[102.19369,15.00061],[102.19379,15.00062],[102.19389,15.00066],[102.19397,15.00072],[102.19403,15.00097],[102.19408,15.00109],[102.19415,15.00119],[102.19423,15.00127],[102.19433,15.00132],[102.19453,15.00137],[102.19465,15.00139],[102.19475,15.00139],[102.19484,15.00133],[102.19497,15.00136],[102.19509,15.00139],[102.19516,15.00144],[102.19523,15.0015],[102.19527,15.00165],[102.19529,15.00181],[102.19527,15.00202],[102.19527,15.00214],[102.19532,15.00223],[102.1954,15.00233],[102.19553,15.00238],[102.19565,15.00239],[102.19576,15.00238],[102.19606,15.00226],[102.19648,15.00211],[102.19656,15.00211],[102.19665,15.00217],[102.19692,15.00238],[102.19732,15.0025],[102.19776,15.00267],[102.19809,15.00287],[102.19824,15.00291]]}},{"type":"Feature","properties":{"name":"คลองตะคองใหม่","type":"canal","osm_id":1228385510},"geometry":{"type":"LineString","coordinates":[[102.19824,15.00291],[102.19837,15.00295]]}},{"type":"Feature","properties":{"name":"คลองตะคองใหม่","type":"canal","osm_id":1228385511},"geometry":{"type":"LineString","coordinates":[[102.19837,15.00295],[102.1986,15.00301],[102.19869,15.00308],[102.19883,15.00326],[102.19896,15.00352],[102.19902,15.00365],[102.19911,15.00375],[102.1995,15.00416],[102.19966,15.0043],[102.19983,15.00441],[102.20036,15.00463],[102.20068,15.00491],[102.20108,15.00552],[102.20119,15.00565],[102.20134,15.00575],[102.20179,15.00595],[102.20191,15.00605],[102.20204,15.0062],[102.20231,15.00645],[102.20247,15.00663],[102.20281,15.00699],[102.20293,15.00705],[102.20306,15.00707],[102.20317,15.0071],[102.20353,15.00747],[102.2038,15.00767]]}},{"type":"Feature","properties":{"name":"คลองตะคองใหม่","type":"canal","osm_id":1228385512},"geometry":{"type":"LineString","coordinates":[[102.2038,15.00767],[102.20391,15.00775]]}},{"type":"Feature","properties":{"name":"คลองตะคองเก่า","type":"canal","osm_id":1228387760},"geometry":{"type":"LineString","coordinates":[[102.11599,14.98124],[102.11585,14.98024],[102.11578,14.97995],[102.11577,14.97993]]}},{"type":"Feature","properties":{"name":"คลองตะคองเก่า","type":"canal","osm_id":1228387764},"geometry":{"type":"LineString","coordinates":[[102.11573,14.97984],[102.11569,14.97975],[102.11561,14.97963],[102.1155,14.9795],[102.11541,14.97935],[102.11537,14.97923],[102.1154,14.97909],[102.11546,14.97891],[102.11559,14.97856]]}},{"type":"Feature","properties":{"name":"คลองตะคองเก่า","type":"canal","osm_id":1228387765},"geometry":{"type":"LineString","coordinates":[[102.11577,14.97993],[102.11573,14.97984]]}},{"type":"Feature","properties":{"name":"","type":"canal","osm_id":1228540563},"geometry":{"type":"LineString","coordinates":[[102.02148,15.00691],[102.02183,15.00695],[102.02199,15.00686],[102.02218,15.00678],[102.02238,15.00676],[102.02256,15.00679],[102.02267,15.00683],[102.02279,15.00694],[102.02293,15.00709]]}},{"type":"Feature","properties":{"name":"","type":"canal","osm_id":1228540564},"geometry":{"type":"LineString","coordinates":[[102.02293,15.00709],[102.02302,15.00715]]}},{"type":"Feature","properties":{"name":"","type":"canal","osm_id":1228540565},"geometry":{"type":"LineString","coordinates":[[102.02302,15.00715],[102.02342,15.00751],[102.02357,15.00758],[102.02373,15.00761],[102.02396,15.00756],[102.02448,15.00795],[102.02515,15.00815],[102.02544,15.00826],[102.02566,15.00844],[102.02585,15.00853],[102.02614,15.00841],[102.02642,15.00844],[102.02686,15.00861],[102.02697,15.00851],[102.02708,15.00833],[102.02719,15.00802],[102.0275,15.00776],[102.02779,15.00765],[102.02803,15.00771],[102.02822,15.00789],[102.0284,15.0084],[102.02849,15.00854],[102.02869,15.00863],[102.02949,15.00887],[102.02983,15.00877],[102.03019,15.00883],[102.03041,15.00874],[102.03058,15.00869],[102.03079,15.00879],[102.03095,15.00891],[102.031,15.00914],[102.0305,15.01017],[102.03049,15.01026],[102.03052,15.01033],[102.03056,15.01035]]}},{"type":"Feature","properties":{"name":"","type":"canal","osm_id":1228540566},"geometry":{"type":"LineString","coordinates":[[102.03056,15.01035],[102.03065,15.01039]]}},{"type":"Feature","properties":{"name":"","type":"canal","osm_id":1228574949},"geometry":{"type":"LineString","coordinates":[[102.17176,15.00929],[102.17649,15.00932],[102.17764,15.00931],[102.17922,15.00927]]}},{"type":"Feature","properties":{"name":"","type":"canal","osm_id":1228574950},"geometry":{"type":"LineString","coordinates":[[102.12956,14.98318],[102.12953,14.98363]]}},{"type":"Feature","properties":{"name":"","type":"canal","osm_id":1228574951},"geometry":{"type":"LineString","coordinates":[[102.12953,14.98363],[102.12952,14.98373]]}},{"type":"Feature","properties":{"name":"","type":"canal","osm_id":1228574952},"geometry":{"type":"LineString","coordinates":[[102.12952,14.98373],[102.12951,14.98386],[102.12953,14.984],[102.12957,14.98412],[102.12971,14.98436],[102.12987,14.98462],[102.13021,14.98514],[102.13133,14.98696],[102.13294,14.98955]]}},{"type":"Feature","properties":{"name":"","type":"canal","osm_id":1228574953},"geometry":{"type":"LineString","coordinates":[[102.13294,14.98955],[102.13298,14.9896]]}},{"type":"Feature","properties":{"name":"","type":"canal","osm_id":1228574955},"geometry":{"type":"LineString","coordinates":[[102.13298,14.9896],[102.13749,14.99681],[102.13751,14.99684]]}},{"type":"Feature","properties":{"name":"","type":"canal","osm_id":1228574956},"geometry":{"type":"LineString","coordinates":[[102.13751,14.99684],[102.13756,14.99694]]}},{"type":"Feature","properties":{"name":"","type":"canal","osm_id":1228574957},"geometry":{"type":"LineString","coordinates":[[102.1376,14.99699],[102.13769,14.99705]]}},{"type":"Feature","properties":{"name":"","type":"canal","osm_id":1228574958},"geometry":{"type":"LineString","coordinates":[[102.13756,14.99694],[102.13758,14.99697],[102.1376,14.99699]]}},{"type":"Feature","properties":{"name":"","type":"canal","osm_id":1228574959},"geometry":{"type":"LineString","coordinates":[[102.13769,14.99705],[102.13775,14.99712],[102.13823,14.9976],[102.1384,14.99774],[102.1386,14.99787],[102.13891,14.99802],[102.14106,14.99919]]}},{"type":"Feature","properties":{"name":"","type":"canal","osm_id":1228574960},"geometry":{"type":"LineString","coordinates":[[102.14106,14.99919],[102.14112,14.99922]]}},{"type":"Feature","properties":{"name":"","type":"canal","osm_id":1228574961},"geometry":{"type":"LineString","coordinates":[[102.14112,14.99922],[102.14329,15.00039],[102.14441,15.00101]]}},{"type":"Feature","properties":{"name":"","type":"canal","osm_id":1228574962},"geometry":{"type":"LineString","coordinates":[[102.14441,15.00101],[102.14449,15.00105]]}},{"type":"Feature","properties":{"name":"","type":"canal","osm_id":1228574963},"geometry":{"type":"LineString","coordinates":[[102.14449,15.00105],[102.14528,15.00149]]}},{"type":"Feature","properties":{"name":"","type":"canal","osm_id":1228574964},"geometry":{"type":"LineString","coordinates":[[102.14528,15.00149],[102.14534,15.00152]]}},{"type":"Feature","properties":{"name":"","type":"canal","osm_id":1228574965},"geometry":{"type":"LineString","coordinates":[[102.14534,15.00152],[102.14628,15.00204]]}},{"type":"Feature","properties":{"name":"","type":"canal","osm_id":1228574966},"geometry":{"type":"LineString","coordinates":[[102.14628,15.00204],[102.14633,15.00207]]}},{"type":"Feature","properties":{"name":"","type":"canal","osm_id":1228574967},"geometry":{"type":"LineString","coordinates":[[102.14633,15.00207],[102.14713,15.00252]]}},{"type":"Feature","properties":{"name":"","type":"canal","osm_id":1228574968},"geometry":{"type":"LineString","coordinates":[[102.14713,15.00252],[102.14719,15.00255]]}},{"type":"Feature","properties":{"name":"","type":"canal","osm_id":1228574969},"geometry":{"type":"LineString","coordinates":[[102.14719,15.00255],[102.14826,15.00315],[102.14862,15.00334]]}},{"type":"Feature","properties":{"name":"","type":"canal","osm_id":1228574970},"geometry":{"type":"LineString","coordinates":[[102.14862,15.00334],[102.14871,15.00339]]}},{"type":"Feature","properties":{"name":"","type":"canal","osm_id":1228574971},"geometry":{"type":"LineString","coordinates":[[102.14871,15.00339],[102.14927,15.0037]]}},{"type":"Feature","properties":{"name":"","type":"canal","osm_id":1228574972},"geometry":{"type":"LineString","coordinates":[[102.14927,15.0037],[102.14937,15.00375]]}},{"type":"Feature","properties":{"name":"","type":"canal","osm_id":1228574973},"geometry":{"type":"LineString","coordinates":[[102.14937,15.00375],[102.15099,15.00464]]}},{"type":"Feature","properties":{"name":"","type":"canal","osm_id":1228574974},"geometry":{"type":"LineString","coordinates":[[102.15099,15.00464],[102.15106,15.00468]]}},{"type":"Feature","properties":{"name":"","type":"canal","osm_id":1228574975},"geometry":{"type":"LineString","coordinates":[[102.15106,15.00468],[102.15206,15.00523]]}},{"type":"Feature","properties":{"name":"","type":"canal","osm_id":1228574976},"geometry":{"type":"LineString","coordinates":[[102.15206,15.00523],[102.15213,15.00527]]}},{"type":"Feature","properties":{"name":"","type":"canal","osm_id":1228574977},"geometry":{"type":"LineString","coordinates":[[102.15213,15.00527],[102.1548,15.00673]]}},{"type":"Feature","properties":{"name":"","type":"canal","osm_id":1228574978},"geometry":{"type":"LineString","coordinates":[[102.1548,15.00673],[102.15486,15.00676]]}},{"type":"Feature","properties":{"name":"","type":"canal","osm_id":1228574979},"geometry":{"type":"LineString","coordinates":[[102.15486,15.00676],[102.15643,15.00762]]}},{"type":"Feature","properties":{"name":"","type":"canal","osm_id":1228574980},"geometry":{"type":"LineString","coordinates":[[102.15643,15.00762],[102.15651,15.00766]]}},{"type":"Feature","properties":{"name":"","type":"canal","osm_id":1228574981},"geometry":{"type":"LineString","coordinates":[[102.15651,15.00766],[102.15825,15.0086],[102.15844,15.0087],[102.15868,15.00881],[102.15902,15.00894],[102.15936,15.00903],[102.15973,15.0091],[102.16006,15.00913],[102.16035,15.00914]]}},{"type":"Feature","properties":{"name":"","type":"canal","osm_id":1228574982},"geometry":{"type":"LineString","coordinates":[[102.16035,15.00914],[102.1604,15.00914]]}},{"type":"Feature","properties":{"name":"","type":"canal","osm_id":1228574983},"geometry":{"type":"LineString","coordinates":[[102.1604,15.00914],[102.16237,15.00918]]}},{"type":"Feature","properties":{"name":"","type":"canal","osm_id":1228574984},"geometry":{"type":"LineString","coordinates":[[102.16237,15.00918],[102.16245,15.00918]]}},{"type":"Feature","properties":{"name":"","type":"canal","osm_id":1228574985},"geometry":{"type":"LineString","coordinates":[[102.16245,15.00918],[102.16347,15.00919]]}},{"type":"Feature","properties":{"name":"","type":"canal","osm_id":1228574986},"geometry":{"type":"LineString","coordinates":[[102.16347,15.00919],[102.16355,15.0092]]}},{"type":"Feature","properties":{"name":"","type":"canal","osm_id":1228574987},"geometry":{"type":"LineString","coordinates":[[102.16355,15.0092],[102.16582,15.00924],[102.16673,15.00925]]}},{"type":"Feature","properties":{"name":"","type":"canal","osm_id":1228574988},"geometry":{"type":"LineString","coordinates":[[102.16673,15.00925],[102.16684,15.00925]]}},{"type":"Feature","properties":{"name":"","type":"canal","osm_id":1228574989},"geometry":{"type":"LineString","coordinates":[[102.16691,15.00925],[102.16702,15.00925]]}},{"type":"Feature","properties":{"name":"","type":"canal","osm_id":1228574990},"geometry":{"type":"LineString","coordinates":[[102.16684,15.00925],[102.16691,15.00925]]}},{"type":"Feature","properties":{"name":"","type":"canal","osm_id":1228574992},"geometry":{"type":"LineString","coordinates":[[102.16702,15.00925],[102.17169,15.00929]]}},{"type":"Feature","properties":{"name":"","type":"canal","osm_id":1228574993},"geometry":{"type":"LineString","coordinates":[[102.17169,15.00929],[102.17176,15.00929]]}},{"type":"Feature","properties":{"name":"","type":"canal","osm_id":1228574994},"geometry":{"type":"LineString","coordinates":[[102.18152,15.00922],[102.18258,15.00919],[102.18266,15.00919],[102.18271,15.00922],[102.18304,15.00964],[102.18322,15.00982],[102.18354,15.01007]]}},{"type":"Feature","properties":{"name":"","type":"canal","osm_id":1228574995},"geometry":{"type":"LineString","coordinates":[[102.17922,15.00927],[102.17934,15.00927]]}},{"type":"Feature","properties":{"name":"","type":"canal","osm_id":1228574996},"geometry":{"type":"LineString","coordinates":[[102.17934,15.00927],[102.18147,15.00922]]}},{"type":"Feature","properties":{"name":"","type":"canal","osm_id":1228574997},"geometry":{"type":"LineString","coordinates":[[102.18147,15.00922],[102.18152,15.00922]]}},{"type":"Feature","properties":{"name":"","type":"canal","osm_id":1228580447},"geometry":{"type":"LineString","coordinates":[[102.18909,15.00486],[102.18939,15.00501],[102.1895,15.00503],[102.18975,15.00502],[102.18983,15.00511],[102.18986,15.00517],[102.18996,15.00522],[102.1902,15.00532],[102.19035,15.0054],[102.19053,15.0054],[102.191,15.00523],[102.19107,15.00517],[102.19121,15.00513],[102.19144,15.00511],[102.19164,15.00515],[102.19188,15.00514],[102.19196,15.00517],[102.19205,15.0052],[102.19229,15.00521],[102.19247,15.00524],[102.19258,15.00529],[102.19297,15.00541],[102.19342,15.00565],[102.19374,15.00571],[102.19387,15.00574],[102.19404,15.00579],[102.1941,15.00582],[102.19416,15.0059],[102.19422,15.00595],[102.19461,15.00604],[102.19481,15.006],[102.1954,15.00587],[102.19553,15.00585],[102.19578,15.00587],[102.19628,15.00591],[102.19682,15.00591],[102.19704,15.00594],[102.19764,15.00603],[102.19795,15.00599],[102.19833,15.00607],[102.19852,15.00618],[102.19858,15.00621],[102.19865,15.00632],[102.19883,15.0064],[102.19914,15.00647],[102.19946,15.00652],[102.19987,15.00654],[102.20075,15.00656],[102.20116,15.00657],[102.20156,15.00657],[102.20176,15.00662],[102.20195,15.00667],[102.20215,15.00664],[102.20228,15.00664]]}},{"type":"Feature","properties":{"name":"","type":"canal","osm_id":1228580448},"geometry":{"type":"LineString","coordinates":[[102.20239,15.00663],[102.20247,15.00663]]}},{"type":"Feature","properties":{"name":"","type":"canal","osm_id":1228580449},"geometry":{"type":"LineString","coordinates":[[102.20228,15.00664],[102.20239,15.00663]]}},{"type":"Feature","properties":{"name":"","type":"canal","osm_id":1228581935},"geometry":{"type":"LineString","coordinates":[[102.18284,15.00531],[102.18331,15.00532],[102.18358,15.0053],[102.1841,15.00532],[102.18415,15.00534],[102.18479,15.00545],[102.18502,15.00545],[102.18581,15.00546],[102.18593,15.00545],[102.18599,15.00541],[102.18605,15.00523],[102.1862,15.00512],[102.18634,15.00507],[102.18641,15.00503],[102.18644,15.00485],[102.18652,15.00481],[102.18698,15.00481],[102.1873,15.00481],[102.18744,15.00484],[102.18763,15.00486],[102.18786,15.00483]]}},{"type":"Feature","properties":{"name":"","type":"canal","osm_id":1228581936},"geometry":{"type":"LineString","coordinates":[[102.18786,15.00483],[102.18795,15.00482]]}},{"type":"Feature","properties":{"name":"","type":"canal","osm_id":1228581937},"geometry":{"type":"LineString","coordinates":[[102.18795,15.00482],[102.18816,15.00475],[102.18823,15.00471],[102.18835,15.00466],[102.18848,15.00464],[102.1886,15.00466],[102.18891,15.00476],[102.18901,15.00481],[102.18902,15.00481]]}},{"type":"Feature","properties":{"name":"","type":"canal","osm_id":1228581938},"geometry":{"type":"LineString","coordinates":[[102.18902,15.00481],[102.18909,15.00486]]}},{"type":"Feature","properties":{"name":"","type":"canal","osm_id":1228587458},"geometry":{"type":"LineString","coordinates":[[102.14718,15.02281],[102.14717,15.02282],[102.14702,15.02289],[102.14677,15.02296],[102.1464,15.02299],[102.14597,15.02292],[102.14445,15.02273],[102.14387,15.0227],[102.14364,15.0227],[102.14341,15.02278],[102.14314,15.02292],[102.14307,15.02302],[102.14276,15.02366],[102.14271,15.02371],[102.14259,15.02374],[102.1424,15.02376],[102.14225,15.0238],[102.14219,15.02388],[102.14206,15.02419],[102.142,15.02429],[102.14188,15.02434],[102.14151,15.02434],[102.14133,15.0243],[102.14116,15.02417],[102.14096,15.02402],[102.14082,15.02401],[102.14062,15.02413],[102.14047,15.02428],[102.14036,15.02449],[102.14029,15.02475],[102.14034,15.02563]]}},{"type":"Feature","properties":{"name":"","type":"canal","osm_id":1228587459},"geometry":{"type":"LineString","coordinates":[[102.14034,15.02573],[102.14035,15.02596]]}},{"type":"Feature","properties":{"name":"","type":"canal","osm_id":1228587460},"geometry":{"type":"LineString","coordinates":[[102.14034,15.02563],[102.14034,15.02573]]}},{"type":"Feature","properties":{"name":"","type":"canal","osm_id":1228587461},"geometry":{"type":"LineString","coordinates":[[102.20405,15.01623],[102.19464,15.01465],[102.19382,15.01454],[102.19314,15.01453],[102.18107,15.01569]]}},{"type":"Feature","properties":{"name":"","type":"canal","osm_id":1228587462},"geometry":{"type":"LineString","coordinates":[[102.14727,15.02277],[102.14718,15.02281]]}},{"type":"Feature","properties":{"name":"","type":"canal","osm_id":1228587463},"geometry":{"type":"LineString","coordinates":[[102.14739,15.02272],[102.14727,15.02277]]}},{"type":"Feature","properties":{"name":"","type":"canal","osm_id":1228587464},"geometry":{"type":"LineString","coordinates":[[102.14752,15.02266],[102.14739,15.02272]]}},{"type":"Feature","properties":{"name":"","type":"canal","osm_id":1228587465},"geometry":{"type":"LineString","coordinates":[[102.14026,15.02597],[102.14028,15.02617]]}},{"type":"Feature","properties":{"name":"","type":"canal","osm_id":1228587466},"geometry":{"type":"LineString","coordinates":[[102.14028,15.02617],[102.14029,15.02627]]}},{"type":"Feature","properties":{"name":"","type":"canal","osm_id":1228587467},"geometry":{"type":"LineString","coordinates":[[102.15067,15.01951],[102.15065,15.01951],[102.15024,15.01962],[102.14998,15.01966],[102.14974,15.01978],[102.14954,15.02001],[102.1493,15.02043],[102.14909,15.0209],[102.14886,15.02161],[102.14868,15.02189],[102.14847,15.022],[102.14815,15.02202],[102.14807,15.0221],[102.14802,15.0222],[102.14797,15.02235],[102.14789,15.02247],[102.1477,15.02258],[102.14752,15.02266]]}},{"type":"Feature","properties":{"name":"","type":"canal","osm_id":1228587468},"geometry":{"type":"LineString","coordinates":[[102.15076,15.0195],[102.15067,15.01951]]}},{"type":"Feature","properties":{"name":"","type":"canal","osm_id":1228587469},"geometry":{"type":"LineString","coordinates":[[102.16168,15.01759],[102.15655,15.0181],[102.15639,15.01811],[102.15627,15.01816],[102.15388,15.01913],[102.15331,15.01934],[102.15297,15.01943],[102.15264,15.01947],[102.15245,15.01948],[102.15188,15.01944],[102.15076,15.0195]]}},{"type":"Feature","properties":{"name":"","type":"canal","osm_id":1228587470},"geometry":{"type":"LineString","coordinates":[[102.16177,15.01758],[102.16168,15.01759]]}},{"type":"Feature","properties":{"name":"","type":"canal","osm_id":1228587471},"geometry":{"type":"LineString","coordinates":[[102.1713,15.01664],[102.16177,15.01758]]}},{"type":"Feature","properties":{"name":"","type":"canal","osm_id":1228587472},"geometry":{"type":"LineString","coordinates":[[102.17157,15.01661],[102.1713,15.01664]]}},{"type":"Feature","properties":{"name":"","type":"canal","osm_id":1228587473},"geometry":{"type":"LineString","coordinates":[[102.18095,15.0157],[102.17789,15.01599],[102.17157,15.01661]]}},{"type":"Feature","properties":{"name":"","type":"canal","osm_id":1228587474},"geometry":{"type":"LineString","coordinates":[[102.18107,15.01569],[102.18095,15.0157]]}},{"type":"Feature","properties":{"name":"","type":"canal","osm_id":1228587475},"geometry":{"type":"LineString","coordinates":[[102.22054,15.01898],[102.21788,15.01854],[102.21679,15.01836]]}},{"type":"Feature","properties":{"name":"","type":"canal","osm_id":1228587476},"geometry":{"type":"LineString","coordinates":[[102.20416,15.01625],[102.20405,15.01623]]}},{"type":"Feature","properties":{"name":"คลองบริบูรณ์","type":"canal","osm_id":1228590891},"geometry":{"type":"LineString","coordinates":[[102.15712,15.02767],[102.15725,15.02757],[102.15736,15.02744],[102.15747,15.02735],[102.15765,15.02736],[102.15781,15.02741],[102.15787,15.02748],[102.15792,15.02763],[102.15804,15.02766],[102.15816,15.0276],[102.15825,15.02735],[102.1583,15.02715],[102.15844,15.02712],[102.15854,15.02728],[102.15862,15.02752],[102.15853,15.02779],[102.15857,15.02792],[102.15872,15.028],[102.15885,15.02791],[102.15914,15.02744],[102.15945,15.02721],[102.15957,15.02718],[102.15976,15.02721],[102.15994,15.02728],[102.16014,15.02725],[102.16063,15.02687],[102.16081,15.02665],[102.16129,15.0264],[102.1614,15.02624],[102.16154,15.0262],[102.162,15.0263],[102.16229,15.02645],[102.16251,15.02681],[102.16301,15.02694],[102.16328,15.02679],[102.1635,15.02638],[102.16368,15.02616],[102.16402,15.02606],[102.16424,15.02602],[102.16442,15.02584],[102.16461,15.0257],[102.16492,15.02567],[102.16534,15.02576],[102.16558,15.02576],[102.16572,15.02565],[102.16606,15.02526],[102.16635,15.02504],[102.16655,15.02503],[102.16682,15.02488],[102.16689,15.0245],[102.16695,15.0244],[102.16707,15.02439],[102.16734,15.02459],[102.16753,15.02467],[102.16767,15.02461],[102.16792,15.02425],[102.16789,15.02403],[102.16791,15.02374],[102.16803,15.0236],[102.16822,15.02359],[102.1685,15.02371],[102.16868,15.02366],[102.16883,15.02346],[102.16883,15.02326],[102.1687,15.02306],[102.16862,15.02298],[102.16862,15.02268],[102.16874,15.02256],[102.16924,15.02241],[102.16949,15.02212],[102.16967,15.02198],[102.1699,15.02192],[102.17016,15.02202],[102.17033,15.02206],[102.17056,15.022],[102.1708,15.02191],[102.17101,15.02197],[102.17121,15.02252],[102.17145,15.02273],[102.17177,15.02274],[102.17205,15.02255],[102.17225,15.02243],[102.17258,15.02245],[102.17281,15.02258],[102.17285,15.02283],[102.1729,15.02297],[102.1731,15.02305],[102.17329,15.0229],[102.17341,15.02257],[102.17363,15.02246],[102.17401,15.02254],[102.17419,15.02262],[102.17434,15.02257],[102.17454,15.02223],[102.17457,15.02192],[102.1747,15.02162],[102.17479,15.02151],[102.17493,15.02144],[102.17518,15.02143],[102.17531,15.02138],[102.17542,15.0212],[102.17564,15.02089],[102.17589,15.0208],[102.17641,15.0208],[102.17662,15.02084],[102.17687,15.02117],[102.17705,15.02124],[102.1772,15.02115],[102.17722,15.021],[102.17694,15.02043],[102.17681,15.02012],[102.17675,15.01974],[102.1768,15.0195],[102.17697,15.01941],[102.17718,15.01952],[102.17732,15.02005],[102.17759,15.02024],[102.17797,15.02029],[102.17834,15.02031],[102.17865,15.02014],[102.17911,15.01975],[102.17927,15.01976],[102.17939,15.01991],[102.17955,15.02018],[102.17976,15.0202],[102.17994,15.02012],[102.18015,15.01978],[102.18044,15.01957],[102.18097,15.01941],[102.18148,15.01937],[102.18209,15.01948],[102.18286,15.01967],[102.18369,15.0201],[102.18407,15.0203],[102.18468,15.02044],[102.18499,15.02039],[102.18509,15.02022],[102.18515,15.01988],[102.18532,15.01969],[102.18557,15.01965],[102.18584,15.01972],[102.18614,15.02005],[102.18651,15.02027],[102.18711,15.02037],[102.1882,15.02049],[102.18857,15.02044],[102.18918,15.02022],[102.1895,15.02019],[102.19054,15.02034],[102.19218,15.0206],[102.19267,15.02078],[102.19294,15.02104],[102.19356,15.02112],[102.19396,15.02111],[102.19431,15.02098],[102.19451,15.02085],[102.19468,15.02087],[102.19481,15.02104],[102.19495,15.02113],[102.19515,15.02107],[102.19526,15.0209],[102.1952,15.02067],[102.19517,15.02046],[102.19514,15.02031],[102.19505,15.02011],[102.19504,15.01995],[102.19519,15.01994],[102.1954,15.01998],[102.1956,15.02005],[102.19578,15.01992],[102.19597,15.01983],[102.19608,15.01992],[102.19612,15.02018],[102.19629,15.02037],[102.19674,15.02066],[102.19696,15.02062],[102.19743,15.0208],[102.19798,15.02102],[102.19859,15.02105],[102.19978,15.02106],[102.20038,15.02101],[102.20096,15.02071],[102.20124,15.02067],[102.20187,15.02082],[102.20273,15.02077],[102.20354,15.02085],[102.20387,15.02092],[102.20395,15.02101],[102.20393,15.02127],[102.20382,15.02148],[102.20372,15.02155],[102.20318,15.02157],[102.20302,15.02169],[102.20296,15.02183],[102.20302,15.02233],[102.20313,15.02242],[102.20361,15.02233],[102.20378,15.0223],[102.20389,15.02237],[102.20466,15.02283],[102.20483,15.02318],[102.20494,15.0233],[102.2052,15.02343],[102.20543,15.02347],[102.20558,15.0234],[102.20566,15.02329],[102.206,15.02289],[102.2061,15.02279],[102.20626,15.02271],[102.20658,15.02263],[102.20671,15.02269],[102.2068,15.02283],[102.20697,15.02312],[102.20712,15.02319],[102.20725,15.02321],[102.20739,15.02314],[102.20747,15.02305],[102.20756,15.02299],[102.20775,15.02294],[102.20797,15.02296],[102.20818,15.02316],[102.2084,15.02335],[102.20868,15.02351],[102.20901,15.02364],[102.20935,15.02371],[102.20972,15.0238],[102.20998,15.02377],[102.21024,15.0237],[102.21073,15.02366],[102.21127,15.02366],[102.21177,15.02372],[102.2123,15.02376]]}},{"type":"Feature","properties":{"name":"คลองบริบูรณ์","type":"canal","osm_id":1228590892},"geometry":{"type":"LineString","coordinates":[[102.15706,15.02773],[102.15712,15.02767]]}},{"type":"Feature","properties":{"name":"คลองบริบูรณ์","type":"canal","osm_id":1228593930},"geometry":{"type":"LineString","coordinates":[[102.2124,15.02377],[102.21314,15.02395],[102.21347,15.02401],[102.21375,15.02412],[102.21432,15.02439],[102.21489,15.02474],[102.21516,15.02506],[102.21537,15.02518],[102.21571,15.02513],[102.21612,15.02504],[102.21639,15.02503],[102.21664,15.02504],[102.21688,15.02514],[102.21702,15.02522],[102.21709,15.02547],[102.21719,15.02578],[102.21731,15.02589],[102.2175,15.02595],[102.21768,15.02589],[102.21775,15.02578],[102.21771,15.0253],[102.21776,15.0252],[102.21785,15.02516],[102.21833,15.02529],[102.21872,15.0253],[102.21891,15.02528],[102.21916,15.0252],[102.21937,15.02519],[102.21973,15.02533],[102.2199,15.02538],[102.22008,15.02539],[102.22049,15.0255],[102.22086,15.02568],[102.22111,15.02578],[102.22143,15.02516],[102.2213,15.02468],[102.22122,15.02443],[102.22121,15.02421],[102.22135,15.02384],[102.22145,15.02359],[102.22159,15.02353],[102.22223,15.02343],[102.22293,15.02313],[102.22329,15.02304],[102.22358,15.02279],[102.22385,15.02256],[102.22419,15.02243],[102.22471,15.02232],[102.22537,15.02255],[102.2257,15.0226],[102.22623,15.02245],[102.22653,15.02229],[102.22663,15.02211],[102.2265,15.02178],[102.22648,15.02152],[102.22661,15.02115],[102.22657,15.02098],[102.22641,15.0208],[102.2264,15.0205],[102.22646,15.01995]]}},{"type":"Feature","properties":{"name":"คลองบริบูรณ์","type":"canal","osm_id":1228593931},"geometry":{"type":"LineString","coordinates":[[102.2123,15.02376],[102.2124,15.02377]]}},{"type":"Feature","properties":{"name":"คลองตะคองใหม่","type":"canal","osm_id":1228597457},"geometry":{"type":"LineString","coordinates":[[102.15856,14.99209],[102.15876,14.99206],[102.15889,14.99206],[102.159,14.99209],[102.15911,14.99228],[102.15917,14.9925],[102.15928,14.99283],[102.15934,14.99295],[102.15947,14.99304],[102.15979,14.99309],[102.15999,14.99312],[102.16048,14.99349],[102.16102,14.99364],[102.16154,14.99389],[102.16195,14.99433],[102.16227,14.99447],[102.16349,14.99515],[102.16389,14.9954],[102.16426,14.99549],[102.16446,14.9955],[102.16465,14.99547],[102.16479,14.99541],[102.16492,14.99533],[102.16504,14.99524],[102.16518,14.99516],[102.16543,14.99513],[102.1656,14.99516],[102.16576,14.9952],[102.16607,14.99526],[102.1664,14.99526],[102.16674,14.99524],[102.16734,14.99531],[102.16942,14.99575],[102.16998,14.99584],[102.17038,14.99584],[102.17101,14.99599],[102.17157,14.99605],[102.17189,14.996],[102.17215,14.996],[102.17251,14.99601],[102.17281,14.99614],[102.17347,14.99632],[102.17453,14.99649],[102.17498,14.99659],[102.17543,14.99672],[102.17574,14.99682],[102.176,14.99684],[102.17627,14.99682],[102.17663,14.99691],[102.177,14.99695],[102.17746,14.99693],[102.17785,14.99703],[102.17812,14.99716],[102.17838,14.9972],[102.17861,14.9972],[102.17873,14.99717],[102.17883,14.99718],[102.17895,14.99725],[102.1791,14.99726],[102.17933,14.9972],[102.17958,14.99718],[102.18057,14.99748],[102.18132,14.99769],[102.18178,14.99784],[102.18202,14.99781]]}},{"type":"Feature","properties":{"name":"คลองตะคองใหม่","type":"canal","osm_id":1228597458},"geometry":{"type":"LineString","coordinates":[[102.15844,14.99212],[102.15856,14.99209]]}},{"type":"Feature","properties":{"name":"","type":"river","osm_id":1229008970},"geometry":{"type":"LineString","coordinates":[[102.07019,14.9904],[102.0705,14.99029],[102.07075,14.99032],[102.07105,14.99042],[102.0713,14.99063],[102.07151,14.99073],[102.0715,14.99083],[102.07141,14.99094],[102.07128,14.99104],[102.07123,14.99114],[102.07122,14.99128],[102.07125,14.99133],[102.07137,14.99132]]}},{"type":"Feature","properties":{"name":"","type":"river","osm_id":1229008971},"geometry":{"type":"LineString","coordinates":[[102.07009,14.99043],[102.07019,14.9904]]}},{"type":"Feature","properties":{"name":"","type":"river","osm_id":1229008972},"geometry":{"type":"LineString","coordinates":[[102.07291,14.98959],[102.07301,14.9895],[102.07314,14.98944],[102.07327,14.98941],[102.07342,14.98938],[102.0735,14.98938],[102.07356,14.98943],[102.07364,14.98956],[102.07375,14.98975],[102.07389,14.9898],[102.07407,14.98981],[102.0744,14.98979],[102.07459,14.98978],[102.0746,14.99]]}},{"type":"Feature","properties":{"name":"","type":"river","osm_id":1229008973},"geometry":{"type":"LineString","coordinates":[[102.07284,14.98966],[102.07291,14.98959]]}},{"type":"Feature","properties":{"name":"คลองเชียงไกร","type":"river","osm_id":1229282036},"geometry":{"type":"LineString","coordinates":[[102.06133,15.11759],[102.06183,15.11783],[102.06197,15.11787],[102.06208,15.11784],[102.06218,15.11776],[102.06222,15.11767],[102.06225,15.11757],[102.06222,15.11746],[102.06207,15.11731],[102.06189,15.11719],[102.06172,15.11704],[102.06172,15.11668],[102.06181,15.11645],[102.06202,15.11639],[102.06235,15.11626],[102.06259,15.11627],[102.06264,15.11634],[102.06269,15.11663],[102.06275,15.1169],[102.06296,15.11699],[102.06345,15.11668],[102.06379,15.11637],[102.06433,15.11687],[102.06468,15.1177],[102.06506,15.11837],[102.06518,15.11871],[102.06525,15.11884],[102.06542,15.11893],[102.06558,15.11891],[102.06574,15.11876],[102.06588,15.11862],[102.06604,15.11861],[102.06617,15.11865],[102.06629,15.11877],[102.06633,15.11917],[102.06628,15.11971],[102.0666,15.11971],[102.06699,15.11958],[102.06714,15.11961],[102.06727,15.11971],[102.06727,15.11982],[102.06727,15.1201],[102.06731,15.12021],[102.06741,15.12027],[102.06752,15.12025],[102.06762,15.12021],[102.06774,15.12012],[102.06806,15.1198],[102.06817,15.11974],[102.06831,15.11978],[102.0684,15.11986],[102.06842,15.11998],[102.06834,15.12068],[102.06833,15.12115],[102.06835,15.12128],[102.06842,15.12136],[102.0685,15.12138],[102.06895,15.12139],[102.0691,15.12142],[102.06923,15.12148],[102.06929,15.12158],[102.06931,15.12165],[102.06932,15.12187],[102.06937,15.12194],[102.06943,15.12196],[102.06951,15.12193],[102.06959,15.12185],[102.06973,15.12178],[102.06988,15.12182],[102.07003,15.12188],[102.07013,15.12198],[102.07029,15.12211],[102.07053,15.12219],[102.07065,15.12229],[102.0708,15.12243],[102.07093,15.12242]]}},{"type":"Feature","properties":{"name":"คลองเชียงไกร","type":"river","osm_id":1229282037},"geometry":{"type":"LineString","coordinates":[[102.05299,15.11858],[102.05309,15.11859]]}},{"type":"Feature","properties":{"name":"คลองเชียงไกร","type":"river","osm_id":1229282040},"geometry":{"type":"LineString","coordinates":[[102.05309,15.11859],[102.05347,15.11859],[102.05363,15.11853],[102.05386,15.1183],[102.05399,15.11826],[102.05414,15.11828],[102.05463,15.11881],[102.05524,15.11847],[102.05589,15.11857],[102.05617,15.11838],[102.05624,15.11815],[102.05585,15.11771],[102.05549,15.11778],[102.05513,15.11796],[102.05498,15.11789],[102.0549,15.11776],[102.055,15.11741],[102.05523,15.11702],[102.05565,15.11658],[102.05595,15.11648],[102.05625,15.11654],[102.05641,15.11677],[102.05662,15.11744],[102.05667,15.11753],[102.05677,15.11758]]}},{"type":"Feature","properties":{"name":"คลองเชียงไกร","type":"river","osm_id":1229282041},"geometry":{"type":"LineString","coordinates":[[102.05677,15.11758],[102.05692,15.11758]]}},{"type":"Feature","properties":{"name":"คลองเชียงไกร","type":"river","osm_id":1229282042},"geometry":{"type":"LineString","coordinates":[[102.05692,15.11758],[102.05734,15.11745],[102.05765,15.11732],[102.05791,15.1172],[102.05815,15.11753],[102.05835,15.11753],[102.05856,15.11735],[102.05867,15.1172],[102.05885,15.11713],[102.059,15.1172],[102.0591,15.11747],[102.05923,15.11767],[102.05929,15.1177],[102.05953,15.11761],[102.05979,15.11742],[102.05995,15.11735],[102.06011,15.11735],[102.06029,15.11744],[102.06055,15.11761],[102.06074,15.11762],[102.0611,15.11754],[102.06122,15.11755]]}},{"type":"Feature","properties":{"name":"คลองเชียงไกร","type":"river","osm_id":1229282043},"geometry":{"type":"LineString","coordinates":[[102.06122,15.11755],[102.06133,15.11759]]}},{"type":"Feature","properties":{"name":"","type":"canal","osm_id":1232126606},"geometry":{"type":"LineString","coordinates":[[101.99964,15.08477],[101.99954,15.08478],[101.99939,15.08474],[101.99926,15.08469],[101.99918,15.08468],[101.99908,15.08472],[101.99898,15.08481],[101.99885,15.08485],[101.99862,15.08489],[101.99849,15.08487],[101.99836,15.08479],[101.99825,15.08466],[101.99818,15.08452]]}},{"type":"Feature","properties":{"name":"","type":"canal","osm_id":1232126611},"geometry":{"type":"LineString","coordinates":[[102.00245,15.08518],[102.00238,15.08518],[102.00095,15.08511],[102.00013,15.08499],[101.99979,15.08489],[101.99964,15.08477],[101.99953,15.08454],[101.9992,15.08449],[101.99849,15.08442],[101.99839,15.08449],[101.99834,15.08453],[101.99828,15.08453],[101.99818,15.08452],[101.99814,15.08452],[101.99786,15.08441],[101.99762,15.08431],[101.99724,15.08422],[101.99706,15.08419],[101.99694,15.0842],[101.99684,15.08416],[101.99682,15.08386],[101.99681,15.08376],[101.99676,15.08366],[101.99667,15.08358],[101.99656,15.08348],[101.99634,15.08334],[101.99618,15.08314],[101.9961,15.08305],[101.996,15.08302],[101.99588,15.08294],[101.99577,15.0829],[101.9956,15.08291],[101.99553,15.08298],[101.99547,15.08307],[101.99539,15.08313],[101.99532,15.08317],[101.99523,15.08323],[101.9951,15.08327],[101.99498,15.08326],[101.99462,15.08332]]}},{"type":"Feature","properties":{"name":"","type":"canal","osm_id":1232126612},"geometry":{"type":"LineString","coordinates":[[102.0026,15.08518],[102.00245,15.08518]]}},{"type":"Feature","properties":{"name":"","type":"canal","osm_id":1234249233},"geometry":{"type":"LineString","coordinates":[[102.02918,15.06395],[102.02926,15.06388],[102.02939,15.06383],[102.02947,15.06373],[102.02968,15.06323],[102.02995,15.06236],[102.03002,15.06216],[102.03001,15.06207],[102.0301,15.06206],[102.03019,15.06208],[102.03039,15.06214],[102.03048,15.0622],[102.03057,15.06218],[102.03089,15.06174],[102.03114,15.0615],[102.03159,15.06098],[102.0322,15.06036],[102.03275,15.05999],[102.03311,15.05978],[102.03361,15.05957],[102.03387,15.05941],[102.03418,15.05928],[102.03454,15.05909],[102.03484,15.05886],[102.03513,15.05864],[102.03524,15.05853],[102.03539,15.05811],[102.03573,15.05783],[102.03598,15.05768],[102.0363,15.05754],[102.03712,15.05742],[102.03733,15.05739],[102.0377,15.05724],[102.03776,15.05717],[102.03786,15.05688],[102.03794,15.05664],[102.03793,15.05655],[102.03793,15.05649],[102.03799,15.05638],[102.03805,15.05631],[102.03821,15.05532],[102.03817,15.05523],[102.03817,15.05513],[102.0382,15.05508],[102.03832,15.055],[102.03836,15.05493],[102.0385,15.05475],[102.03859,15.05441],[102.03858,15.05415],[102.03855,15.05378],[102.03854,15.05367],[102.03855,15.05355],[102.03852,15.05328],[102.03844,15.05321],[102.03839,15.05314],[102.03836,15.05306],[102.0383,15.05303],[102.03819,15.05299],[102.03816,15.05294],[102.03816,15.05292]]}},{"type":"Feature","properties":{"name":"","type":"canal","osm_id":1234249234},"geometry":{"type":"LineString","coordinates":[[102.03816,15.05282],[102.03815,15.05278]]}},{"type":"Feature","properties":{"name":"","type":"canal","osm_id":1234249235},"geometry":{"type":"LineString","coordinates":[[102.03816,15.05292],[102.03816,15.05282]]}},{"type":"Feature","properties":{"name":"","type":"canal","osm_id":1239000769},"geometry":{"type":"LineString","coordinates":[[102.39505,15.20247],[102.3948,15.20256]]}},{"type":"Feature","properties":{"name":"","type":"canal","osm_id":1239000770},"geometry":{"type":"LineString","coordinates":[[102.3948,15.20256],[102.39471,15.2026]]}},{"type":"Feature","properties":{"name":"","type":"canal","osm_id":1243068848},"geometry":{"type":"LineString","coordinates":[[102.48032,15.3209],[102.47846,15.32087],[102.47718,15.32031],[102.47699,15.32021],[102.47455,15.31895],[102.47224,15.31756],[102.47179,15.31738]]}},{"type":"Feature","properties":{"name":"","type":"canal","osm_id":1253897529},"geometry":{"type":"LineString","coordinates":[[102.41751,15.37214],[102.41779,15.37215],[102.418,15.37217],[102.41813,15.37214],[102.41853,15.37193],[102.41875,15.37171],[102.41898,15.3715],[102.41917,15.37143],[102.41927,15.37155],[102.41944,15.37165],[102.41963,15.37168],[102.41983,15.37168],[102.42002,15.37158],[102.42018,15.37139],[102.4203,15.37118],[102.42034,15.37105],[102.4204,15.3707],[102.42055,15.37048],[102.42072,15.37031],[102.4208,15.3701]]}},{"type":"Feature","properties":{"name":"","type":"canal","osm_id":1262855480},"geometry":{"type":"LineString","coordinates":[[102.48847,15.33073],[102.48828,15.33107],[102.48812,15.33156],[102.48799,15.33203],[102.48778,15.33292],[102.48772,15.33319],[102.4876,15.33356],[102.48747,15.33408],[102.48746,15.33413],[102.48739,15.3342],[102.48724,15.33426],[102.48714,15.33428],[102.48699,15.33438],[102.48684,15.33469],[102.48665,15.33509],[102.4865,15.3355],[102.48643,15.33559],[102.48623,15.33572],[102.48612,15.33592],[102.48584,15.33638],[102.48537,15.33713]]}},{"type":"Feature","properties":{"name":"","type":"canal","osm_id":1262859518},"geometry":{"type":"LineString","coordinates":[[102.47178,15.31738],[102.47172,15.31735]]}},{"type":"Feature","properties":{"name":"","type":"canal","osm_id":1262859519},"geometry":{"type":"LineString","coordinates":[[102.47172,15.31735],[102.47168,15.31734]]}},{"type":"Feature","properties":{"name":"","type":"canal","osm_id":1262859520},"geometry":{"type":"LineString","coordinates":[[102.47179,15.31738],[102.47178,15.31738]]}},{"type":"Feature","properties":{"name":"","type":"canal","osm_id":1262859521},"geometry":{"type":"LineString","coordinates":[[102.46921,15.31631],[102.4692,15.31631],[102.46915,15.31628],[102.4691,15.31625]]}},{"type":"Feature","properties":{"name":"","type":"canal","osm_id":1262859522},"geometry":{"type":"LineString","coordinates":[[102.46904,15.31622],[102.46896,15.31618]]}},{"type":"Feature","properties":{"name":"","type":"canal","osm_id":1262859523},"geometry":{"type":"LineString","coordinates":[[102.4691,15.31625],[102.46904,15.31622]]}},{"type":"Feature","properties":{"name":"","type":"canal","osm_id":1262859524},"geometry":{"type":"LineString","coordinates":[[102.4693,15.31636],[102.46921,15.31631]]}},{"type":"Feature","properties":{"name":"","type":"canal","osm_id":1262859525},"geometry":{"type":"LineString","coordinates":[[102.46932,15.31637],[102.4693,15.31636]]}},{"type":"Feature","properties":{"name":"","type":"canal","osm_id":1262859527},"geometry":{"type":"LineString","coordinates":[[102.46734,15.3211],[102.46742,15.32113]]}},{"type":"Feature","properties":{"name":"","type":"canal","osm_id":1262859528},"geometry":{"type":"LineString","coordinates":[[102.46727,15.32108],[102.46734,15.3211]]}},{"type":"Feature","properties":{"name":"","type":"canal","osm_id":1262873217},"geometry":{"type":"LineString","coordinates":[[102.46546,15.32478],[102.46541,15.32483],[102.46529,15.32506],[102.46483,15.32634]]}},{"type":"Feature","properties":{"name":"","type":"canal","osm_id":1262873218},"geometry":{"type":"LineString","coordinates":[[102.46551,15.32474],[102.46546,15.32478]]}},{"type":"Feature","properties":{"name":"","type":"canal","osm_id":1262873219},"geometry":{"type":"LineString","coordinates":[[102.46553,15.32471],[102.46559,15.32475]]}},{"type":"Feature","properties":{"name":"","type":"canal","osm_id":1262873220},"geometry":{"type":"LineString","coordinates":[[102.46559,15.32475],[102.46564,15.32477]]}},{"type":"Feature","properties":{"name":"ห้วยใหญ่","type":"canal","osm_id":1299983714},"geometry":{"type":"LineString","coordinates":[[102.23341,15.39561],[102.23338,15.39574],[102.23345,15.39601],[102.23341,15.39632],[102.23333,15.39652],[102.23315,15.39667],[102.23296,15.3968],[102.23298,15.39707],[102.23289,15.39719],[102.23276,15.39721],[102.23257,15.39707],[102.23227,15.39695],[102.23181,15.39692],[102.23154,15.39697],[102.23139,15.39714],[102.23113,15.39725],[102.23072,15.39744],[102.2306,15.3976],[102.23032,15.39846],[102.23024,15.39858],[102.22996,15.39863],[102.22902,15.39899],[102.22871,15.39924],[102.22864,15.39946],[102.22843,15.39974],[102.228,15.40005],[102.22745,15.40029],[102.22719,15.40027],[102.22707,15.40019],[102.22706,15.3999],[102.22696,15.3997],[102.2268,15.39966],[102.22662,15.39978],[102.22655,15.40001],[102.22637,15.40003],[102.22597,15.39984],[102.22567,15.3999],[102.2256,15.40001],[102.22544,15.4002],[102.22501,15.40031],[102.22478,15.40059],[102.22422,15.40098],[102.22374,15.40106],[102.22267,15.40128],[102.22215,15.40121],[102.22177,15.40111],[102.22159,15.40116],[102.22144,15.40132],[102.22131,15.40157],[102.22117,15.40185],[102.22085,15.40204],[102.22065,15.40223],[102.22062,15.40247],[102.22061,15.40275],[102.22042,15.403],[102.22028,15.40301],[102.22013,15.40317],[102.22016,15.40338],[102.2201,15.40346],[102.21985,15.40358],[102.21974,15.40371],[102.21974,15.4039],[102.2197,15.40443],[102.21968,15.40452],[102.21921,15.40482],[102.21904,15.40499],[102.21885,15.405],[102.21862,15.40515],[102.21854,15.4054],[102.21837,15.40575],[102.21816,15.40584],[102.21782,15.40604],[102.21751,15.40676],[102.21736,15.40752],[102.2175,15.40782],[102.21743,15.40809],[102.21728,15.40814],[102.21713,15.40831],[102.21693,15.40877],[102.21687,15.40892],[102.21688,15.40913],[102.21698,15.4095],[102.21696,15.4097],[102.21682,15.40989],[102.21651,15.41011],[102.21643,15.4103],[102.21639,15.41053],[102.21589,15.41101],[102.21582,15.4112],[102.21579,15.41142],[102.21579,15.4118],[102.21576,15.41245],[102.21571,15.41265],[102.21561,15.41275],[102.21537,15.41289],[102.21492,15.41306],[102.21455,15.41308],[102.21436,15.4131],[102.21428,15.4132],[102.21426,15.41335],[102.21419,15.41349],[102.21385,15.41379],[102.21352,15.41396],[102.21324,15.41423],[102.21326,15.4145],[102.21307,15.41471],[102.21297,15.41489],[102.21301,15.41518],[102.21313,15.41548],[102.21312,15.41567],[102.21296,15.41615],[102.21285,15.41626],[102.21271,15.4163],[102.21236,15.41633],[102.21209,15.41639],[102.21178,15.41662],[102.21137,15.41677],[102.21119,15.41683],[102.21117,15.4169],[102.21128,15.41741],[102.21128,15.41802],[102.21126,15.4183],[102.21105,15.41856],[102.21084,15.41893],[102.21068,15.41931],[102.21062,15.41969],[102.21041,15.42157],[102.21037,15.42204],[102.21026,15.42228],[102.21003,15.42276],[102.20993,15.42298],[102.20991,15.42315],[102.20998,15.4233],[102.21011,15.42343],[102.21016,15.42357],[102.21011,15.42398],[102.2101,15.4243],[102.21016,15.42456],[102.21015,15.42479],[102.21004,15.4253],[102.20991,15.42558],[102.20977,15.4257],[102.2096,15.42584],[102.20956,15.42594],[102.20958,15.42617],[102.20962,15.42631],[102.2096,15.42649],[102.20948,15.42668],[102.20935,15.4272],[102.20936,15.42749],[102.20938,15.42772],[102.20938,15.42793],[102.20937,15.42809],[102.2093,15.42822],[102.20916,15.42839],[102.20914,15.42856],[102.20925,15.42901],[102.20936,15.4296],[102.20957,15.43082],[102.20952,15.43111],[102.20944,15.4314],[102.20929,15.43162],[102.20888,15.43191],[102.20864,15.43203],[102.20834,15.43205],[102.2081,15.43215],[102.20789,15.43234],[102.20754,15.43268],[102.2073,15.43278],[102.20704,15.43278],[102.20685,15.43283],[102.20687,15.43297],[102.20695,15.43323],[102.2069,15.43339],[102.20623,15.43379],[102.20612,15.43397],[102.20606,15.43442],[102.20601,15.43467],[102.20586,15.43491],[102.20566,15.43518],[102.20497,15.43558],[102.20472,15.43585],[102.20478,15.43619],[102.20471,15.43634],[102.20454,15.43632],[102.20438,15.43651],[102.20416,15.43676],[102.20375,15.43688],[102.20362,15.43695],[102.2034,15.43729],[102.20317,15.43751],[102.20296,15.43761],[102.20271,15.43761],[102.20253,15.43751],[102.20242,15.4374],[102.20202,15.4373],[102.20174,15.43727],[102.20149,15.43734],[102.20122,15.4375],[102.20115,15.43756],[102.20098,15.43759],[102.20083,15.43765],[102.20075,15.43787],[102.20061,15.43815],[102.20046,15.43859],[102.2,15.43949],[102.19973,15.43974],[102.19952,15.43986],[102.1993,15.44016],[102.19909,15.44032],[102.19889,15.44033],[102.1987,15.44042],[102.19856,15.44063],[102.19845,15.44096],[102.19839,15.44114]]}},{"type":"Feature","properties":{"name":"","type":"canal","osm_id":1299983732},"geometry":{"type":"LineString","coordinates":[[102.28437,15.35541],[102.2842,15.35522],[102.2842,15.35507],[102.28438,15.35495],[102.28481,15.35464],[102.2852,15.3544],[102.28544,15.35428],[102.28609,15.3543],[102.28621,15.35427],[102.28627,15.35413],[102.28622,15.35399],[102.28605,15.3539],[102.28592,15.35382],[102.28591,15.35371],[102.28598,15.3536],[102.28619,15.35355],[102.28632,15.35347],[102.2864,15.3533],[102.28671,15.35325],[102.287,15.35326],[102.28719,15.35342],[102.28732,15.35368],[102.28764,15.35402],[102.28784,15.35421],[102.28807,15.35422],[102.28853,15.35404],[102.28889,15.35395],[102.28931,15.35379],[102.28959,15.35362],[102.28989,15.3534],[102.29004,15.35318],[102.29066,15.35217],[102.29083,15.35196],[102.29107,15.35196],[102.29133,15.3521],[102.29168,15.35224],[102.29189,15.35224],[102.29206,15.35208],[102.29245,15.35141],[102.29283,15.35111],[102.29313,15.35097],[102.29345,15.35091],[102.29393,15.35102],[102.29546,15.35125],[102.29588,15.35117],[102.29653,15.35094],[102.29685,15.35082],[102.29721,15.35082],[102.29748,15.35079],[102.29766,15.35062],[102.29795,15.35042],[102.29814,15.35033],[102.29853,15.3503],[102.29871,15.35021],[102.29882,15.34993],[102.29884,15.34967],[102.29881,15.34947],[102.29861,15.34931],[102.29834,15.34923],[102.2981,15.34917],[102.29806,15.34898],[102.29809,15.34883],[102.29828,15.34849],[102.29836,15.34839],[102.29849,15.34831],[102.29854,15.3482],[102.29841,15.34799],[102.29831,15.34778],[102.29831,15.34767],[102.29834,15.34758],[102.29846,15.34751],[102.29883,15.34759],[102.29921,15.34757],[102.29943,15.34746],[102.29946,15.34741],[102.29949,15.34731],[102.2994,15.34709],[102.29936,15.34689],[102.2994,15.34675],[102.29965,15.34653],[102.29983,15.34632],[102.29995,15.34588],[102.29998,15.34567],[102.29988,15.34527],[102.29974,15.34513],[102.29957,15.34492],[102.29957,15.34476],[102.29967,15.34463],[102.29999,15.34446],[102.30037,15.3443],[102.3006,15.34414],[102.30072,15.34386],[102.30071,15.34356],[102.30091,15.34338],[102.30116,15.3433],[102.30141,15.34309],[102.30146,15.34282],[102.30142,15.34252],[102.30149,15.34217],[102.30162,15.34196],[102.30219,15.34152],[102.30253,15.34143],[102.30256,15.34129],[102.30235,15.3409],[102.30234,15.34069],[102.30236,15.34042],[102.30253,15.34021],[102.30297,15.33988],[102.30315,15.33979],[102.30321,15.33951],[102.30317,15.33918],[102.30323,15.33902],[102.30356,15.33889],[102.30383,15.33872],[102.30386,15.33842],[102.30386,15.33813],[102.30411,15.33794],[102.30443,15.33788],[102.30481,15.33803],[102.30513,15.33803],[102.30547,15.33796]]}},{"type":"Feature","properties":{"name":"","type":"canal","osm_id":1299983749},"geometry":{"type":"LineString","coordinates":[[102.29364,15.32412],[102.29378,15.32343],[102.29378,15.32293],[102.29396,15.32275],[102.29413,15.32268],[102.29446,15.32261],[102.29464,15.32225],[102.29486,15.32206],[102.29537,15.32193],[102.29594,15.322],[102.29649,15.32215],[102.29702,15.32234],[102.29736,15.32241],[102.29791,15.32241],[102.29925,15.3222],[102.29951,15.32198],[102.29949,15.32168],[102.29955,15.32156],[102.29983,15.32146],[102.30025,15.32138],[102.30054,15.32115],[102.30097,15.3207],[102.30207,15.3198],[102.30288,15.31925],[102.30324,15.31906],[102.30363,15.31863],[102.3041,15.31801],[102.30455,15.31705],[102.30467,15.31681],[102.30484,15.31668],[102.30506,15.31668],[102.30519,15.31646],[102.30517,15.31607],[102.30544,15.31526],[102.30563,15.31476],[102.30585,15.31441],[102.30601,15.31421],[102.30624,15.31409],[102.30643,15.31408],[102.3066,15.31415],[102.30674,15.31391],[102.30689,15.31383],[102.30742,15.31394],[102.30764,15.31334],[102.30776,15.31279],[102.30777,15.31243],[102.30767,15.31213],[102.30779,15.31201],[102.30801,15.31188],[102.3083,15.31083],[102.30833,15.31062],[102.30829,15.31034],[102.30835,15.31012],[102.30852,15.30984],[102.30852,15.30943],[102.30861,15.30904],[102.30886,15.30866],[102.30959,15.30588],[102.31102,15.3014],[102.31103,15.30127],[102.31097,15.30118],[102.31086,15.30112],[102.3107,15.30095],[102.31059,15.30047],[102.31057,15.29991],[102.31044,15.29942],[102.31028,15.29873],[102.31011,15.29736],[102.31028,15.2964],[102.3103,15.29473],[102.31076,15.29075],[102.31128,15.28534],[102.31152,15.28149],[102.31161,15.28084]]}},{"type":"Feature","properties":{"name":"แม่น้ำมูล","type":"river","osm_id":1300598217},"geometry":{"type":"LineString","coordinates":[[102.27935,15.03081],[102.27934,15.03083],[102.27926,15.03099],[102.27923,15.03115],[102.27926,15.03132],[102.27935,15.03147],[102.27955,15.03168],[102.27976,15.03183],[102.28,15.03193],[102.28024,15.03196],[102.2805,15.03194],[102.28081,15.03195],[102.28105,15.03202],[102.28137,15.03221],[102.28162,15.03237],[102.28183,15.03245],[102.28212,15.03248],[102.28251,15.03245],[102.28272,15.0324],[102.28294,15.03228],[102.28317,15.03222],[102.28345,15.03229],[102.28368,15.03249],[102.28374,15.03268],[102.28372,15.03294],[102.28358,15.03326],[102.28335,15.0336],[102.28318,15.03389],[102.28309,15.03418],[102.28311,15.03444],[102.28318,15.03465],[102.28335,15.03484],[102.28359,15.03497],[102.28385,15.03505],[102.28408,15.03507],[102.28435,15.03505],[102.28472,15.03501],[102.28511,15.03498],[102.2853,15.03502],[102.28549,15.03514],[102.28558,15.0353],[102.28558,15.03551],[102.28552,15.03572],[102.28541,15.03586],[102.28506,15.03613],[102.28483,15.03638],[102.28466,15.0366],[102.28458,15.03688],[102.28453,15.03714],[102.2845,15.03735],[102.28438,15.03756],[102.28418,15.03771],[102.28406,15.03788],[102.28399,15.03808],[102.28401,15.0383],[102.28412,15.0385],[102.28431,15.03867],[102.28461,15.03885],[102.2848,15.03892],[102.28539,15.03903],[102.28595,15.03912],[102.28625,15.03915],[102.28664,15.03916],[102.28698,15.03913],[102.28734,15.03908],[102.28773,15.03903],[102.28795,15.03903],[102.28814,15.0391],[102.28829,15.03924],[102.28849,15.03957],[102.28861,15.04001],[102.28869,15.04037],[102.28876,15.04058],[102.28891,15.04078],[102.28922,15.04097],[102.28969,15.04131],[102.28996,15.04156],[102.2901,15.04176],[102.29029,15.04202],[102.29055,15.04223],[102.29087,15.04244],[102.29106,15.04265],[102.29115,15.04293],[102.29114,15.04321],[102.29102,15.04343],[102.29092,15.04367],[102.29089,15.04387],[102.29096,15.04402],[102.29112,15.0441],[102.29128,15.04413],[102.29149,15.04406],[102.29189,15.04379],[102.29229,15.04344],[102.29249,15.04325],[102.29265,15.04311],[102.29285,15.04307],[102.29309,15.04308],[102.29338,15.04319],[102.29399,15.04352],[102.2944,15.04382],[102.29464,15.04409],[102.29479,15.04435],[102.29494,15.04457],[102.29507,15.04467],[102.29524,15.04471],[102.29541,15.04466],[102.29555,15.04456],[102.29571,15.04428],[102.29603,15.04355],[102.2961,15.04324],[102.29609,15.04304],[102.29601,15.04279],[102.29584,15.04262],[102.29571,15.04242],[102.29565,15.04224],[102.29568,15.04204],[102.2958,15.04175],[102.29604,15.04146],[102.29622,15.04134],[102.29649,15.04122],[102.29674,15.04122],[102.29688,15.04132],[102.29703,15.04154],[102.29712,15.0419],[102.29718,15.04215],[102.29733,15.04234],[102.29751,15.04254],[102.29779,15.0427],[102.2982,15.04286],[102.29846,15.04294],[102.2986,15.04304],[102.2987,15.04319],[102.29869,15.04349],[102.29857,15.04381],[102.29846,15.04399],[102.29822,15.04422],[102.29785,15.04443],[102.29752,15.04468],[102.29742,15.04486],[102.29739,15.04503],[102.29746,15.0452],[102.29763,15.04532],[102.29791,15.04536],[102.29842,15.04534],[102.29917,15.04527],[102.29954,15.0453],[102.29984,15.04543],[102.30009,15.04561],[102.30027,15.0458],[102.30042,15.04593],[102.30062,15.04601],[102.30095,15.04601],[102.3012,15.04596],[102.30143,15.04578],[102.30167,15.04566],[102.30196,15.0456],[102.30228,15.04567],[102.3025,15.0458],[102.30266,15.046],[102.30269,15.04624],[102.30264,15.04654],[102.30249,15.04698],[102.30221,15.04744],[102.30185,15.0479],[102.30154,15.04832],[102.30146,15.04857],[102.30148,15.04882],[102.30157,15.04898],[102.3017,15.0491],[102.30195,15.04919],[102.30223,15.04921],[102.30258,15.04916],[102.30315,15.04901],[102.30372,15.0488],[102.30399,15.04867],[102.3043,15.04863],[102.30451,15.04869],[102.30463,15.04882],[102.30472,15.04914],[102.30472,15.04949],[102.3046,15.04985],[102.30438,15.05038],[102.30429,15.0507],[102.30432,15.05094],[102.3044,15.05109],[102.30453,15.05117],[102.30464,15.05118],[102.30479,15.05115],[102.30492,15.05109],[102.30509,15.05084],[102.30526,15.05069],[102.30552,15.05059],[102.30574,15.05057],[102.30599,15.05065],[102.30628,15.05084],[102.30647,15.05106],[102.30653,15.05125],[102.30654,15.05145],[102.30647,15.05172],[102.30633,15.05192],[102.30606,15.05212],[102.30567,15.05231],[102.30538,15.05249],[102.30515,15.05267],[102.30501,15.05288],[102.30491,15.05311],[102.30482,15.05331],[102.30467,15.05352],[102.30457,15.05367],[102.30446,15.0539],[102.30443,15.05412],[102.30446,15.05443],[102.30455,15.0546],[102.30473,15.05472],[102.30497,15.05476],[102.30514,15.0547],[102.30528,15.0546],[102.30535,15.05442],[102.3054,15.05418],[102.30549,15.05381],[102.30562,15.05362],[102.3059,15.05344],[102.30619,15.05338],[102.30662,15.05336],[102.30696,15.05342],[102.30724,15.05352],[102.30752,15.0537],[102.30772,15.05394],[102.30795,15.0543],[102.30815,15.05449],[102.30841,15.05461],[102.30864,15.05464],[102.30885,15.05459],[102.3091,15.05447],[102.30939,15.0542],[102.3098,15.05385],[102.31003,15.05374],[102.3103,15.05369],[102.31055,15.05369],[102.3108,15.05376],[102.31093,15.05388],[102.31103,15.05406],[102.31105,15.05425],[102.31098,15.05446],[102.31076,15.05473],[102.31049,15.05504],[102.31033,15.05527],[102.31026,15.05551],[102.31026,15.05575],[102.31033,15.05596],[102.31045,15.05612],[102.31065,15.05624],[102.3109,15.0563],[102.3112,15.0563],[102.31149,15.05621],[102.31192,15.05602],[102.3122,15.05595],[102.31249,15.05597],[102.31287,15.05604],[102.31323,15.05621],[102.31351,15.05634],[102.31375,15.05642],[102.31391,15.05641],[102.31415,15.05637],[102.31442,15.05637],[102.31461,15.05642],[102.31484,15.05654],[102.31522,15.05689],[102.31542,15.05703],[102.31568,15.05714],[102.31594,15.0572],[102.31657,15.0573],[102.31688,15.05737],[102.31702,15.05746],[102.31712,15.05758]]}},{"type":"Feature","properties":{"name":"แม่น้ำมูล","type":"river","osm_id":1300598220},"geometry":{"type":"LineString","coordinates":[[102.27971,15.01916],[102.28011,15.01942],[102.28046,15.01967],[102.28074,15.01994],[102.28106,15.02028],[102.28138,15.0207],[102.28151,15.02099],[102.28154,15.02114],[102.28154,15.02129],[102.2815,15.02143],[102.28138,15.02168],[102.28122,15.0219],[102.28089,15.02219],[102.2799,15.02292],[102.27973,15.0231],[102.2796,15.02337],[102.2795,15.02366],[102.27948,15.02389],[102.27956,15.02619],[102.27959,15.02653],[102.27966,15.02673],[102.27984,15.02704],[102.28009,15.02739],[102.28013,15.02756],[102.28013,15.0278],[102.28005,15.02798],[102.27987,15.02814],[102.2797,15.02822],[102.27949,15.02823],[102.27925,15.02819],[102.27902,15.0281],[102.27884,15.02795],[102.27873,15.02782],[102.27859,15.02773],[102.27844,15.0277],[102.27826,15.02774],[102.27816,15.02787],[102.27805,15.02814],[102.27807,15.02834],[102.27811,15.02855],[102.27824,15.02874],[102.27848,15.02894]]}},{"type":"Feature","properties":{"name":"แม่น้ำมูล","type":"river","osm_id":1300598221},"geometry":{"type":"LineString","coordinates":[[102.24494,14.99009],[102.24509,14.98991],[102.24518,14.98967],[102.24531,14.98951],[102.24552,14.98938],[102.24576,14.98938],[102.24594,14.98943],[102.24617,14.98958],[102.24642,14.98974],[102.24683,14.99008],[102.24698,14.99032],[102.24702,14.99051],[102.24702,14.99073],[102.24698,14.9909],[102.24689,14.99105],[102.24655,14.99145],[102.24643,14.99168],[102.24638,14.9919],[102.2463,14.9925],[102.24629,14.99272],[102.24634,14.99289],[102.24647,14.99304],[102.24661,14.99314],[102.24677,14.99318],[102.24702,14.99318],[102.24726,14.99313],[102.24751,14.99301],[102.24767,14.9928],[102.24783,14.99251],[102.24816,14.99166],[102.24831,14.99109],[102.24842,14.99091],[102.24861,14.99081],[102.24876,14.99079],[102.24897,14.99084],[102.24916,14.99096],[102.2493,14.99116],[102.24934,14.99135],[102.24935,14.99181],[102.24932,14.99206],[102.24927,14.99227],[102.24919,14.99253],[102.24915,14.99268],[102.24915,14.9928],[102.24917,14.9929],[102.24924,14.993],[102.24936,14.9931],[102.24948,14.99317],[102.24968,14.99323],[102.24988,14.99326],[102.25033,14.99329],[102.25083,14.99329],[102.25123,14.99322],[102.25136,14.99318],[102.25143,14.9931],[102.25149,14.993],[102.25151,14.99287],[102.25149,14.9927],[102.2514,14.99244],[102.25138,14.99229],[102.25139,14.99215],[102.25144,14.99204],[102.25151,14.99196],[102.25162,14.99193],[102.25171,14.99194],[102.25181,14.992],[102.25204,14.99227],[102.25218,14.9925],[102.25222,14.99262],[102.25223,14.99281],[102.25219,14.993],[102.25212,14.9932],[102.25206,14.99337],[102.252,14.99347],[102.25194,14.99356],[102.2519,14.99363],[102.25183,14.99367],[102.25166,14.99376],[102.25161,14.99383],[102.25157,14.99394],[102.25159,14.99406],[102.25165,14.99417],[102.2517,14.99425],[102.25183,14.99429],[102.25203,14.99427],[102.25273,14.99416],[102.25297,14.99412],[102.25312,14.9941],[102.25324,14.99411],[102.25337,14.99415],[102.25346,14.99424],[102.25353,14.99434],[102.25355,14.99445],[102.25354,14.99455],[102.2535,14.99468],[102.25321,14.99517],[102.25312,14.99533],[102.25311,14.99541],[102.25312,14.9955],[102.25316,14.99559],[102.25322,14.99566],[102.2533,14.9957],[102.25341,14.99573],[102.25351,14.99573],[102.25399,14.99566],[102.25416,14.9956],[102.25428,14.99552],[102.25435,14.99542],[102.2544,14.99527],[102.25444,14.99505],[102.25451,14.99462],[102.2546,14.99424],[102.25471,14.99395],[102.25479,14.99378],[102.25494,14.99359],[102.25508,14.99348],[102.2552,14.99339],[102.25534,14.99333],[102.25548,14.99331],[102.2556,14.99332],[102.25569,14.99335],[102.25582,14.99342],[102.25595,14.99351],[102.25609,14.99362],[102.25648,14.99393],[102.25674,14.99419],[102.2569,14.99435],[102.25705,14.99452],[102.25722,14.99466],[102.25735,14.99475],[102.25751,14.99484],[102.258,14.99511],[102.25861,14.99555],[102.25886,14.99579],[102.25897,14.99592],[102.259,14.99602],[102.25901,14.99613],[102.25901,14.99625],[102.25899,14.99648],[102.25899,14.99662],[102.25902,14.99672],[102.25909,14.9968],[102.25923,14.99689],[102.25937,14.99696],[102.25953,14.99698],[102.25979,14.997],[102.25996,14.99703],[102.26009,14.99709],[102.2602,14.99718],[102.26025,14.99727],[102.26027,14.99736],[102.26026,14.99748],[102.26023,14.99761],[102.26015,14.99774],[102.26003,14.99789],[102.25979,14.99809],[102.2596,14.99822],[102.25944,14.99829],[102.25929,14.99832],[102.25916,14.99832],[102.25902,14.9983],[102.2589,14.99825],[102.25868,14.9981],[102.25848,14.99796],[102.25829,14.99791],[102.25816,14.9979],[102.25807,14.99794],[102.258,14.99802],[102.25792,14.99814],[102.25788,14.99827],[102.25786,14.99847],[102.25788,14.99868],[102.25791,14.99888],[102.25796,14.99901],[102.25805,14.99915],[102.25813,14.99923],[102.25828,14.99931],[102.25846,14.99935],[102.25864,14.99938],[102.25881,14.99935],[102.25897,14.99931],[102.25959,14.99912],[102.25975,14.9991],[102.25991,14.99912],[102.26004,14.99915],[102.26016,14.99926],[102.26026,14.99935],[102.26047,14.99963],[102.2608,15.00012],[102.26091,15.00026],[102.26102,15.00038],[102.26113,15.00046],[102.26127,15.00052],[102.26152,15.00059],[102.2616,15.00065],[102.26167,15.00071],[102.26173,15.00076],[102.26178,15.00081],[102.26189,15.00094],[102.26196,15.00099],[102.26202,15.00102],[102.26213,15.00111],[102.26218,15.00121],[102.26221,15.00131],[102.2622,15.00164],[102.26213,15.00192],[102.26208,15.0022],[102.26207,15.00233],[102.2621,15.00252],[102.26217,15.00269],[102.26224,15.00292],[102.2623,15.00314],[102.26235,15.00336],[102.26238,15.00352],[102.26236,15.0037],[102.26231,15.00386],[102.26212,15.00416],[102.26209,15.00427],[102.26207,15.00438],[102.26209,15.00449],[102.26212,15.00459],[102.26221,15.00469],[102.26233,15.00475],[102.26252,15.0048],[102.26284,15.00485],[102.26317,15.00485],[102.2634,15.0048],[102.26353,15.00472],[102.26367,15.00461],[102.26382,15.00436],[102.26391,15.0042],[102.26408,15.0041],[102.26424,15.00406],[102.26435,15.00409],[102.26448,15.00415],[102.2646,15.00424],[102.26469,15.00438],[102.26472,15.00449],[102.26471,15.00458],[102.26464,15.00472],[102.26435,15.00515],[102.26413,15.00543],[102.26399,15.00555],[102.26385,15.00561],[102.26357,15.00569],[102.26326,15.00577],[102.26313,15.00581],[102.26299,15.00589],[102.26283,15.00602],[102.26267,15.00616],[102.26255,15.00622],[102.26243,15.00627],[102.26218,15.00631],[102.26187,15.00635],[102.26163,15.00643],[102.26151,15.00654],[102.26147,15.00668],[102.26142,15.0069],[102.26142,15.00713],[102.26144,15.00727],[102.26148,15.00743],[102.26153,15.00758],[102.26163,15.00779],[102.26172,15.00796],[102.26189,15.00817],[102.26204,15.00833],[102.26246,15.00901],[102.26264,15.00936],[102.26265,15.00977],[102.26253,15.00999],[102.26244,15.01017],[102.26238,15.01027],[102.26236,15.01039],[102.26234,15.01058],[102.26231,15.01071],[102.26226,15.01082],[102.26218,15.01092],[102.26199,15.0111],[102.2617,15.01132],[102.26161,15.01144],[102.2615,15.01167],[102.26143,15.01192],[102.2614,15.01217],[102.26141,15.01235],[102.26145,15.01252],[102.26154,15.01273],[102.26164,15.01292],[102.26179,15.01313],[102.26195,15.01331],[102.26207,15.01341],[102.26221,15.0135],[102.26239,15.01357],[102.26257,15.01361],[102.2628,15.01362],[102.26301,15.01359],[102.26326,15.0135],[102.26347,15.01342],[102.26366,15.01338],[102.26384,15.01337],[102.26403,15.0134],[102.26443,15.01345],[102.26466,15.01354],[102.2651,15.01364],[102.2657,15.01367],[102.26607,15.01371],[102.26652,15.01385],[102.26679,15.01398],[102.26686,15.01411],[102.26687,15.01421],[102.26684,15.01451],[102.26684,15.01469],[102.26687,15.01479],[102.26694,15.01487],[102.26707,15.01493],[102.26722,15.01495],[102.26737,15.01494],[102.26751,15.01489],[102.2676,15.01481],[102.26769,15.01468],[102.26782,15.0144],[102.26791,15.01423],[102.26802,15.01411],[102.26819,15.01398],[102.26835,15.0139],[102.26849,15.01387],[102.26868,15.01387],[102.26883,15.0139],[102.26901,15.01396],[102.26922,15.0141],[102.26944,15.01427],[102.26965,15.01442],[102.26982,15.01449],[102.27002,15.01455],[102.27087,15.01474],[102.2711,15.01481],[102.27125,15.01488],[102.27138,15.015],[102.27153,15.0152],[102.27163,15.01538],[102.27185,15.016],[102.27192,15.01624],[102.27198,15.01635],[102.27208,15.01644],[102.27226,15.01648],[102.27238,15.01647],[102.27252,15.01641],[102.27264,15.01629],[102.2727,15.01617],[102.27273,15.01596],[102.27279,15.01544],[102.27284,15.01508],[102.2729,15.01493],[102.27296,15.01483],[102.27313,15.0147],[102.27328,15.0146],[102.27345,15.01453],[102.27367,15.01451],[102.27394,15.01454],[102.27426,15.01461],[102.27456,15.01472],[102.27475,15.01481],[102.27493,15.01495],[102.27508,15.0151],[102.27558,15.01561],[102.2761,15.01612],[102.2765,15.01648],[102.27723,15.01709],[102.27753,15.0173],[102.27783,15.01743],[102.27809,15.01748],[102.27835,15.01751],[102.27856,15.01751],[102.27873,15.01753],[102.27887,15.01763],[102.27895,15.01776],[102.27901,15.01792],[102.27906,15.01817],[102.27917,15.01851],[102.27929,15.01874],[102.2795,15.01899],[102.27971,15.01916]]}},{"type":"Feature","properties":{"name":"แม่น้ำมูล","type":"river","osm_id":1300598230},"geometry":{"type":"LineString","coordinates":[[102.24252,14.98613],[102.24231,14.98659],[102.24086,14.98675],[102.2402,14.98747],[102.24027,14.98999],[102.24043,14.99035],[102.24043,14.99073],[102.24075,14.99098],[102.2413,14.99105],[102.24159,14.99054],[102.24183,14.98989],[102.24242,14.98976],[102.24365,14.9898],[102.24405,14.99016],[102.24449,14.9903],[102.24494,14.99009]]}},{"type":"Feature","properties":{"name":"คลองบริบูรณ์","type":"canal","osm_id":1300598235},"geometry":{"type":"LineString","coordinates":[[102.23354,15.01419],[102.23422,15.01411],[102.23454,15.01399],[102.23472,15.01398],[102.23485,15.01404],[102.23493,15.01413],[102.23499,15.01426],[102.23502,15.01435],[102.23518,15.01438],[102.23538,15.01442],[102.23582,15.01441],[102.23618,15.01445],[102.23665,15.01456],[102.23683,15.01458]]}},{"type":"Feature","properties":{"name":"คลองบริบูรณ์","type":"canal","osm_id":1300598236},"geometry":{"type":"LineString","coordinates":[[102.22646,15.01995],[102.22668,15.01969],[102.22692,15.01966],[102.22739,15.01977],[102.22756,15.01973],[102.22782,15.01949],[102.22819,15.01935],[102.22869,15.01929],[102.22885,15.01913],[102.22891,15.01886],[102.22902,15.0187],[102.22946,15.01855],[102.23009,15.01854],[102.2305,15.01861],[102.23074,15.01855],[102.23084,15.01833],[102.23085,15.01787],[102.23107,15.01688],[102.23188,15.01648],[102.23263,15.01571],[102.23283,15.01554],[102.23315,15.0152],[102.23324,15.01498],[102.23327,15.01467],[102.23337,15.01446],[102.23349,15.0143],[102.23354,15.01419]]}},{"type":"Feature","properties":{"name":"","type":"canal","osm_id":1300598237},"geometry":{"type":"LineString","coordinates":[[102.22646,15.01995],[102.22054,15.01898]]}},{"type":"Feature","properties":{"name":"","type":"river","osm_id":1302843771},"geometry":{"type":"LineString","coordinates":[[102.18575,15.18539],[102.18614,15.18519],[102.18661,15.18513],[102.18694,15.18499],[102.18714,15.18444],[102.18731,15.18433],[102.18761,15.18434],[102.18795,15.18466],[102.18817,15.18475],[102.1885,15.18477],[102.18851,15.18432],[102.18867,15.18402],[102.18904,15.18392],[102.18964,15.18377],[102.1902,15.18411],[102.19059,15.1842],[102.19096,15.18401],[102.19094,15.18349],[102.19131,15.18319],[102.19165,15.18334],[102.19213,15.18331],[102.19318,15.18353],[102.1934,15.18392],[102.19362,15.18392],[102.19429,15.18363],[102.19474,15.18344],[102.1953,15.18263],[102.19529,15.18209],[102.1956,15.18226],[102.19584,15.18269],[102.19624,15.18273],[102.19678,15.18269],[102.19725,15.18272],[102.19766,15.18313],[102.1976,15.18342],[102.19718,15.184],[102.19723,15.18435],[102.1977,15.18443],[102.19793,15.18469],[102.19776,15.18523],[102.19757,15.18563],[102.19776,15.18598],[102.19835,15.18629],[102.19891,15.18699],[102.20016,15.18727],[102.20044,15.18727],[102.20106,15.18701],[102.20237,15.18723],[102.20296,15.18755],[102.20299,15.18844],[102.2028,15.18864],[102.20251,15.18897],[102.20263,15.18938],[102.20363,15.19034],[102.20372,15.19098],[102.2036,15.19137],[102.20354,15.19195],[102.20378,15.19276],[102.20378,15.19333],[102.20438,15.19312],[102.20453,15.19224],[102.20448,15.19164],[102.20503,15.19094],[102.20524,15.19086],[102.20564,15.19104],[102.20583,15.19093],[102.20597,15.19041],[102.20605,15.18978],[102.20677,15.18977],[102.20699,15.18997],[102.20726,15.19007],[102.20796,15.18998],[102.20841,15.19033],[102.20874,15.19023],[102.2089,15.18932],[102.20885,15.18883],[102.2082,15.18843],[102.20795,15.18808],[102.20802,15.18747],[102.20819,15.18725],[102.20852,15.18727],[102.20878,15.18739],[102.20895,15.18731],[102.2091,15.18704],[102.20902,15.18662],[102.20902,15.1863],[102.20922,15.18617],[102.20974,15.1865],[102.20999,15.18642],[102.20994,15.18594],[102.21013,15.18541],[102.21037,15.18497],[102.20967,15.18459],[102.20966,15.18441],[102.20988,15.18398],[102.20979,15.18378],[102.20948,15.18372],[102.20918,15.18394],[102.20845,15.18397],[102.20834,15.18361],[102.20845,15.18303],[102.20832,15.1826],[102.20847,15.1823],[102.20891,15.18202],[102.20877,15.18146],[102.20884,15.18111],[102.20959,15.18041],[102.21047,15.18046],[102.21086,15.18006],[102.21119,15.18016],[102.21156,15.18104],[102.2115,15.1816],[102.21112,15.18226],[102.21115,15.18284],[102.21164,15.18281],[102.21214,15.18261],[102.21247,15.18229],[102.21275,15.18226],[102.21286,15.18267],[102.21256,15.18379],[102.2129,15.18413],[102.21334,15.1842],[102.21365,15.18383],[102.21404,15.18367],[102.2146,15.1838],[102.21512,15.18362],[102.21545,15.18392],[102.21577,15.18479],[102.21669,15.18522],[102.21718,15.18572],[102.21735,15.186],[102.21718,15.18644],[102.21754,15.18676],[102.21783,15.18681],[102.21882,15.18759],[102.21947,15.18802],[102.22106,15.188],[102.22194,15.18739],[102.22274,15.1863],[102.22259,15.18574],[102.22168,15.1852],[102.22198,15.18396],[102.22279,15.18383],[102.22349,15.18426],[102.22433,15.18518],[102.22447,15.18603],[102.22513,15.18585],[102.22592,15.18585]]}},{"type":"Feature","properties":{"name":"","type":"river","osm_id":1302843772},"geometry":{"type":"LineString","coordinates":[[102.16899,15.18108],[102.16995,15.18203],[102.17002,15.18328],[102.17006,15.18398],[102.17088,15.18446],[102.17251,15.18446],[102.17315,15.18483],[102.17362,15.18591],[102.1744,15.18729],[102.17487,15.18722],[102.17491,15.18709],[102.17484,15.18683],[102.17488,15.18671],[102.17542,15.18646],[102.17557,15.18664],[102.1754,15.18705],[102.17568,15.18738],[102.17595,15.18735],[102.17601,15.18698],[102.17652,15.18692],[102.17665,15.18675],[102.17659,15.18608],[102.17701,15.18582],[102.17786,15.18594],[102.17811,15.18602],[102.17867,15.18563],[102.17883,15.18577],[102.17876,15.18594],[102.1784,15.18633],[102.17847,15.18664],[102.1788,15.18701],[102.179,15.18696],[102.17935,15.18641],[102.18001,15.18627],[102.18037,15.18585],[102.1807,15.18579],[102.18102,15.18596],[102.18182,15.18669],[102.18178,15.18694],[102.18145,15.18727],[102.18156,15.18788],[102.18181,15.18872],[102.18202,15.18878],[102.18267,15.18842],[102.18261,15.18796],[102.18264,15.18733],[102.18288,15.18668],[102.18329,15.18604],[102.18399,15.18587],[102.18443,15.18571],[102.18507,15.18577],[102.18575,15.18539]]}},{"type":"Feature","properties":{"name":"","type":"river","osm_id":1302843773},"geometry":{"type":"LineString","coordinates":[[102.15113,15.14374],[102.15139,15.14291],[102.15161,15.14272],[102.15247,15.14286],[102.15349,15.14339],[102.15417,15.14348],[102.15465,15.14336],[102.15529,15.14298],[102.15607,15.14265],[102.15652,15.14218],[102.15674,15.14213],[102.15706,15.14222],[102.15738,15.14265],[102.15753,15.14329],[102.15756,15.14414],[102.15739,15.14448],[102.15679,15.14517],[102.15643,15.14557],[102.15614,15.14669],[102.15627,15.14725],[102.15618,15.14758],[102.1557,15.14797],[102.15521,15.14861],[102.1548,15.14914],[102.15479,15.14969],[102.15431,15.14984],[102.15448,15.15024],[102.15461,15.15046],[102.15437,15.15093],[102.15379,15.152],[102.15338,15.1539],[102.15278,15.15502],[102.15271,15.15545],[102.15263,15.1561],[102.15235,15.15655],[102.1523,15.15685],[102.1525,15.15725],[102.15257,15.15761],[102.15245,15.15797],[102.15208,15.15841],[102.15217,15.15875],[102.15252,15.15877],[102.15276,15.15896],[102.15284,15.15925],[102.15329,15.15933],[102.15378,15.15928],[102.15445,15.15929],[102.15491,15.15946],[102.15527,15.1592],[102.15543,15.15871],[102.15584,15.15827],[102.15567,15.15787],[102.1553,15.15747],[102.1553,15.15698],[102.15554,15.15676],[102.15613,15.15671],[102.15652,15.15685],[102.15669,15.15738],[102.1571,15.15804],[102.15701,15.1585],[102.15725,15.15902],[102.15705,15.1594],[102.1572,15.15978],[102.15719,15.16001],[102.15767,15.16051],[102.15784,15.16032],[102.15806,15.15979],[102.15835,15.15959],[102.15866,15.15966],[102.1587,15.16],[102.15851,15.16047],[102.15859,15.1609],[102.15926,15.16124],[102.16049,15.16158],[102.16094,15.16147],[102.16138,15.16216],[102.16123,15.16249],[102.161,15.16271],[102.16119,15.16363],[102.16115,15.16408],[102.16138,15.16472],[102.16198,15.16495],[102.16258,15.16501],[102.16296,15.16538],[102.16375,15.16545],[102.16415,15.16566],[102.16429,15.16636],[102.16456,15.16644],[102.16501,15.1661],[102.16538,15.16596],[102.16594,15.16634],[102.16578,15.16686],[102.16528,15.16756],[102.16515,15.16831],[102.16542,15.1686],[102.16588,15.16871],[102.1663,15.1691],[102.16717,15.16918],[102.16779,15.1693],[102.168,15.16953],[102.16798,15.17027],[102.16829,15.17058],[102.1687,15.17062],[102.1693,15.17081],[102.16955,15.17061],[102.16983,15.17016],[102.17004,15.17012],[102.17017,15.17037],[102.17014,15.17075],[102.17005,15.17111],[102.17026,15.17131],[102.17064,15.17103],[102.17109,15.17082],[102.17182,15.17087],[102.17251,15.17107],[102.17248,15.17155],[102.17236,15.17178],[102.17266,15.17222],[102.17262,15.17251],[102.17233,15.17247],[102.17161,15.17183],[102.17139,15.17201],[102.17147,15.17233],[102.17171,15.17264],[102.17215,15.17271],[102.17233,15.17291],[102.17214,15.17321],[102.17165,15.17346],[102.17129,15.17394],[102.17037,15.17367],[102.17001,15.17368],[102.16989,15.174],[102.17023,15.17436],[102.17054,15.17482],[102.1712,15.17635],[102.17111,15.17685],[102.17082,15.17718],[102.16984,15.1774],[102.16952,15.17776],[102.16969,15.178],[102.16973,15.17859],[102.16958,15.17901],[102.16968,15.17931],[102.1699,15.17938],[102.17032,15.17926],[102.17043,15.17945],[102.1705,15.18016],[102.17027,15.18059],[102.17035,15.18105],[102.17012,15.1811],[102.16964,15.18073],[102.16915,15.18054],[102.16858,15.18077],[102.16899,15.18108]]}},{"type":"Feature","properties":{"name":"","type":"canal","osm_id":1376690125},"geometry":{"type":"LineString","coordinates":[[102.44398,15.35561],[102.44458,15.35567],[102.44504,15.35572],[102.44605,15.35598],[102.44644,15.35607],[102.44667,15.3561],[102.44689,15.35614],[102.44846,15.35635]]}},{"type":"Feature","properties":{"name":"","type":"canal","osm_id":1379270211},"geometry":{"type":"LineString","coordinates":[[102.42837,15.29234],[102.42805,15.29265],[102.42791,15.29299],[102.42783,15.29343],[102.42772,15.29385],[102.42769,15.29463],[102.42753,15.29478],[102.4273,15.29474],[102.42696,15.29426],[102.42686,15.29416]]}},{"type":"Feature","properties":{"name":"","type":"canal","osm_id":1379270212},"geometry":{"type":"LineString","coordinates":[[102.43068,15.29509],[102.43029,15.29476],[102.43008,15.29457],[102.42979,15.2946],[102.42973,15.29458],[102.42965,15.29439],[102.42947,15.29421],[102.42916,15.29392],[102.42898,15.29379],[102.42892,15.29374],[102.42891,15.2936],[102.42891,15.29353],[102.42867,15.29328],[102.42858,15.29311],[102.42848,15.29273]]}},{"type":"Feature","properties":{"name":"","type":"canal","osm_id":1379270213},"geometry":{"type":"LineString","coordinates":[[102.43003,15.29598],[102.43012,15.29619],[102.43018,15.29628],[102.43021,15.29657],[102.43036,15.29671],[102.4305,15.29682],[102.43053,15.29691],[102.43057,15.29712],[102.43076,15.29736],[102.43105,15.29796],[102.43114,15.29808],[102.43144,15.29831],[102.4317,15.29858],[102.43196,15.29891],[102.43208,15.29902]]}},{"type":"Feature","properties":{"name":"","type":"canal","osm_id":1379270217},"geometry":{"type":"LineString","coordinates":[[102.43273,15.29922],[102.43298,15.30007],[102.43319,15.30032],[102.43454,15.30196],[102.43489,15.3024],[102.43505,15.30261],[102.43519,15.30284],[102.43552,15.30318],[102.43565,15.30337]]}},{"type":"Feature","properties":{"name":"","type":"river","osm_id":1379272485},"geometry":{"type":"LineString","coordinates":[[102.45535,15.31139],[102.4554,15.31148]]}},{"type":"Feature","properties":{"name":"","type":"river","osm_id":1379272486},"geometry":{"type":"LineString","coordinates":[[102.4554,15.31148],[102.45542,15.31153]]}},{"type":"Feature","properties":{"name":"","type":"river","osm_id":1379272487},"geometry":{"type":"LineString","coordinates":[[102.45542,15.31153],[102.45549,15.31164],[102.45561,15.31203],[102.45559,15.31247],[102.456,15.31271]]}},{"type":"Feature","properties":{"name":"","type":"river","osm_id":1379272488},"geometry":{"type":"LineString","coordinates":[[102.44221,15.30167],[102.44231,15.30163]]}},{"type":"Feature","properties":{"name":"","type":"river","osm_id":1379272489},"geometry":{"type":"LineString","coordinates":[[102.4421,15.30172],[102.44215,15.3017]]}},{"type":"Feature","properties":{"name":"","type":"river","osm_id":1379272490},"geometry":{"type":"LineString","coordinates":[[102.44215,15.3017],[102.44221,15.30167]]}},{"type":"Feature","properties":{"name":"","type":"river","osm_id":1379272491},"geometry":{"type":"LineString","coordinates":[[102.44208,15.30173],[102.4421,15.30172]]}},{"type":"Feature","properties":{"name":"","type":"canal","osm_id":1381940730},"geometry":{"type":"LineString","coordinates":[[102.37012,15.43414],[102.36972,15.43416],[102.36956,15.43424],[102.36943,15.43425],[102.36931,15.4342],[102.36914,15.43408],[102.3687,15.43399],[102.36858,15.43399],[102.36853,15.43405],[102.36852,15.4342],[102.36854,15.4343],[102.36853,15.43435],[102.36847,15.43442],[102.36825,15.43443],[102.36822,15.43446],[102.36809,15.43464],[102.36767,15.43486],[102.36727,15.43559],[102.36727,15.43575],[102.36734,15.43596],[102.36731,15.43605],[102.36723,15.43613],[102.36706,15.43619],[102.36672,15.43621],[102.3662,15.43624]]}},{"type":"Feature","properties":{"name":"แม่น้ำมูล","type":"river","osm_id":1384566403},"geometry":{"type":"LineString","coordinates":[[102.27848,15.02894],[102.27871,15.02905],[102.2791,15.02918],[102.28004,15.02947],[102.28047,15.02964],[102.28063,15.02976],[102.28071,15.02994],[102.28071,15.03015],[102.28064,15.03036],[102.2805,15.03048],[102.28033,15.03056],[102.28004,15.03061],[102.2797,15.03065],[102.27948,15.0307],[102.27935,15.03081]]}},{"type":"Feature","properties":{"name":"","type":"canal","osm_id":1384566406},"geometry":{"type":"LineString","coordinates":[[102.21679,15.01836],[102.20416,15.01625]]}},{"type":"Feature","properties":{"name":"","type":"canal","osm_id":1390691290},"geometry":{"type":"LineString","coordinates":[[102.2479,15.01858],[102.24763,15.01832],[102.24755,15.01793],[102.24706,15.01785],[102.24641,15.01748],[102.24386,15.01678],[102.24187,15.01621],[102.24134,15.01612],[102.23997,15.01572],[102.23887,15.01532]]}},{"type":"Feature","properties":{"name":"","type":"canal","osm_id":1390691291},"geometry":{"type":"LineString","coordinates":[[102.24123,15.01329],[102.24208,15.01342]]}},{"type":"Feature","properties":{"name":"","type":"canal","osm_id":1396139121},"geometry":{"type":"LineString","coordinates":[[102.10068,15.01084],[102.10072,15.01085],[102.10082,15.01086],[102.10103,15.01083],[102.10113,15.0108],[102.10143,15.01064],[102.10156,15.01061],[102.10184,15.01054],[102.1019,15.01055],[102.102,15.01058],[102.10242,15.01069],[102.10246,15.01067],[102.10264,15.01023],[102.10272,15.01009],[102.10285,15.01006],[102.10297,15.01008],[102.10314,15.01011],[102.10329,15.01011],[102.10338,15.0101],[102.10349,15.01008],[102.10404,15.01013],[102.10418,15.01013],[102.10426,15.01011],[102.10436,15.01006],[102.10442,15.01004],[102.10451,15.01003],[102.10492,15.01005],[102.10555,15.01015],[102.10568,15.01014],[102.10581,15.01012],[102.10596,15.01008],[102.1061,15.0101],[102.1062,15.01016],[102.10627,15.01023],[102.10635,15.01028],[102.1068,15.01034],[102.10709,15.01041],[102.10739,15.01051],[102.10753,15.0105],[102.10763,15.01045],[102.10772,15.01037],[102.10785,15.01035],[102.10797,15.01036],[102.10842,15.0105],[102.10858,15.01054],[102.1094,15.0105],[102.11001,15.01051],[102.11013,15.01053],[102.1103,15.01057],[102.11051,15.01063],[102.11057,15.01068],[102.11064,15.0108],[102.11073,15.01096],[102.1108,15.01102],[102.1109,15.01107],[102.11111,15.01107],[102.11142,15.01108],[102.1115,15.01106],[102.1116,15.01102],[102.11178,15.01092],[102.11183,15.0109],[102.11188,15.01092],[102.11191,15.01095],[102.11191,15.01101],[102.11192,15.01169],[102.11194,15.01175],[102.11199,15.01178],[102.11335,15.0118],[102.11343,15.01181],[102.1135,15.01188],[102.11356,15.01195],[102.11376,15.01286],[102.11379,15.01293],[102.11383,15.01297],[102.11387,15.013],[102.114,15.01297],[102.11443,15.01291],[102.11448,15.01291],[102.11456,15.01295],[102.11464,15.01297],[102.11468,15.01296],[102.11509,15.01283],[102.11529,15.01277],[102.11571,15.01266],[102.11642,15.01245],[102.11695,15.01232],[102.11749,15.01218],[102.11777,15.01211],[102.11824,15.01202],[102.11858,15.01196],[102.11864,15.01192],[102.11867,15.01185],[102.11867,15.01148],[102.11868,15.01133],[102.11874,15.01099],[102.11878,15.01094],[102.11885,15.01094],[102.11898,15.01096]]}},{"type":"Feature","properties":{"name":"","type":"canal","osm_id":1396139125},"geometry":{"type":"LineString","coordinates":[[102.08632,15.00994],[102.0864,15.00995],[102.08646,15.00998],[102.08679,15.01014],[102.08693,15.01018],[102.0871,15.01018],[102.08722,15.01013],[102.0873,15.01005],[102.08739,15.00988],[102.08746,15.00984],[102.08757,15.00982],[102.08805,15.00983],[102.08819,15.00989],[102.08831,15.00991],[102.08853,15.00989],[102.08881,15.00984],[102.08909,15.00975],[102.08919,15.00971],[102.08941,15.00959],[102.08948,15.00958],[102.08968,15.00961],[102.08996,15.00957],[102.09042,15.00947],[102.0905,15.00948],[102.09094,15.00956],[102.09098,15.00959],[102.09116,15.00992],[102.09118,15.01001],[102.09119,15.01016],[102.09123,15.01022],[102.09132,15.01036],[102.09134,15.01037]]}},{"type":"Feature","properties":{"name":"","type":"canal","osm_id":1396139126},"geometry":{"type":"LineString","coordinates":[[102.09134,15.01037],[102.09144,15.01041]]}},{"type":"Feature","properties":{"name":"","type":"canal","osm_id":1396139127},"geometry":{"type":"LineString","coordinates":[[102.09144,15.01041],[102.09151,15.01044],[102.09179,15.01042],[102.0919,15.01046],[102.09222,15.01055],[102.0923,15.0106],[102.09239,15.01068],[102.09244,15.01073],[102.09247,15.01078],[102.09251,15.01081],[102.09255,15.01082],[102.09259,15.0108],[102.09264,15.01077],[102.09269,15.01073],[102.0928,15.01069],[102.0929,15.01066],[102.09322,15.01062],[102.09355,15.01056],[102.09389,15.01039],[102.09394,15.01039],[102.09427,15.0104],[102.09466,15.01036],[102.09492,15.01036],[102.09512,15.01035],[102.09535,15.0103],[102.0956,15.01029],[102.09567,15.01026],[102.09592,15.01018],[102.09624,15.01015],[102.09653,15.01007],[102.09667,15.01006],[102.09735,15.01019],[102.09751,15.01019],[102.09774,15.01018],[102.09785,15.01019],[102.0983,15.01025],[102.09838,15.01029],[102.09864,15.01045],[102.09879,15.01048],[102.09915,15.01053],[102.09926,15.01055],[102.09953,15.01063],[102.1004,15.01078],[102.10057,15.01082]]}},{"type":"Feature","properties":{"name":"","type":"canal","osm_id":1396139128},"geometry":{"type":"LineString","coordinates":[[102.10057,15.01082],[102.10068,15.01084]]}},{"type":"Feature","properties":{"name":"","type":"canal","osm_id":1396139129},"geometry":{"type":"LineString","coordinates":[[102.11908,15.01098],[102.11934,15.01102],[102.11955,15.01102],[102.1199,15.01105],[102.12028,15.01097],[102.12038,15.01096],[102.12047,15.01097],[102.12052,15.01105],[102.12054,15.0111],[102.12062,15.01112],[102.12076,15.01111],[102.12115,15.01105],[102.12138,15.01104],[102.12188,15.01106],[102.12236,15.01102],[102.12255,15.01101],[102.12273,15.011],[102.12278,15.01098],[102.12281,15.01092],[102.12285,15.01083],[102.12293,15.0108],[102.12305,15.0108],[102.12344,15.01078],[102.1235,15.01076]]}},{"type":"Feature","properties":{"name":"","type":"canal","osm_id":1396139130},"geometry":{"type":"LineString","coordinates":[[102.11898,15.01096],[102.11908,15.01098]]}},{"type":"Feature","properties":{"name":"","type":"canal","osm_id":1396139131},"geometry":{"type":"LineString","coordinates":[[102.12555,15.0097],[102.12566,15.00964],[102.1259,15.00966],[102.1267,15.00981],[102.12745,15.00982],[102.12811,15.01],[102.12871,15.01022],[102.12893,15.01036],[102.12936,15.0104],[102.12957,15.0101],[102.12973,15.01007],[102.13008,15.00999],[102.13041,15.00994],[102.13151,15.00984],[102.1318,15.00981],[102.13241,15.00975],[102.13335,15.0098],[102.13375,15.00981],[102.13422,15.00979],[102.13457,15.00977],[102.13593,15.01008],[102.13645,15.01004],[102.13659,15.01007],[102.13663,15.01015],[102.13668,15.01045],[102.13672,15.01072],[102.13722,15.0108]]}},{"type":"Feature","properties":{"name":"","type":"canal","osm_id":1396139132},"geometry":{"type":"LineString","coordinates":[[102.1235,15.01076],[102.1236,15.01073]]}},{"type":"Feature","properties":{"name":"","type":"canal","osm_id":1396139969},"geometry":{"type":"LineString","coordinates":[[102.1236,15.01073],[102.12361,15.01073],[102.12351,15.01017],[102.12357,15.01012],[102.12498,15.00988],[102.12503,15.00989]]}},{"type":"Feature","properties":{"name":"","type":"canal","osm_id":1396139970},"geometry":{"type":"LineString","coordinates":[[102.12503,15.00989],[102.12555,15.0097]]}},{"type":"Feature","properties":{"name":"","type":"canal","osm_id":1396139980},"geometry":{"type":"LineString","coordinates":[[102.06959,15.01037],[102.06964,15.0102],[102.06984,15.01003],[102.06972,15.00949],[102.06916,15.00953],[102.0687,15.00957],[102.06845,15.0095],[102.06821,15.00948],[102.06769,15.00956],[102.06756,15.00955],[102.0672,15.00955],[102.0671,15.00952],[102.06686,15.00927],[102.06674,15.00912],[102.06669,15.00903],[102.06661,15.00885],[102.06654,15.00875],[102.06639,15.00868],[102.06632,15.00862],[102.06628,15.00847],[102.06618,15.00841],[102.06568,15.00833],[102.0653,15.00821],[102.06522,15.00819],[102.06481,15.00821],[102.0645,15.00819],[102.06425,15.00813],[102.06411,15.00804],[102.06393,15.00801],[102.0638,15.00801],[102.06355,15.00808],[102.06331,15.00806],[102.06262,15.00805],[102.06243,15.00791],[102.06226,15.00778],[102.06218,15.00722],[102.06218,15.00707],[102.06222,15.00695],[102.06226,15.00679],[102.06227,15.00657],[102.06224,15.00648],[102.0622,15.00641],[102.06209,15.00638],[102.06162,15.00638],[102.06147,15.00643],[102.06068,15.00652],[102.0606,15.00648],[102.06057,15.00641],[102.06057,15.0062],[102.0605,15.00611],[102.06038,15.00607],[102.06014,15.00604],[102.0596,15.006],[102.05952,15.00594],[102.05945,15.00586],[102.05935,15.00584]]}},{"type":"Feature","properties":{"name":"","type":"canal","osm_id":1396139986},"geometry":{"type":"LineString","coordinates":[[102.0565,15.00563],[102.05649,15.00562],[102.05644,15.00556],[102.05637,15.00541],[102.05632,15.00536],[102.05623,15.00532],[102.05603,15.0053],[102.05565,15.00535],[102.0552,15.00531],[102.05492,15.00531],[102.05461,15.00531],[102.05442,15.0053],[102.05413,15.00526],[102.0536,15.00528],[102.05341,15.00528],[102.05293,15.00539],[102.05284,15.00538],[102.0528,15.00534],[102.05274,15.0053],[102.05258,15.0053],[102.05249,15.00532],[102.0524,15.00537],[102.05227,15.00541],[102.05176,15.00545],[102.05164,15.00539]]}},{"type":"Feature","properties":{"name":"","type":"canal","osm_id":1396139987},"geometry":{"type":"LineString","coordinates":[[102.0566,15.00565],[102.0565,15.00563]]}},{"type":"Feature","properties":{"name":"","type":"canal","osm_id":1396139990},"geometry":{"type":"LineString","coordinates":[[102.08384,15.01198],[102.08376,15.01197],[102.08358,15.012],[102.08341,15.01208],[102.08309,15.0121],[102.08281,15.01212],[102.0825,15.01217],[102.08231,15.01228],[102.08216,15.01239],[102.08194,15.01252],[102.08173,15.01258],[102.08159,15.01256],[102.08145,15.01243],[102.08141,15.01237],[102.08119,15.01227],[102.08093,15.01222],[102.08074,15.01222],[102.08041,15.01228],[102.08005,15.01228],[102.07959,15.01226],[102.07942,15.01225],[102.07927,15.01222],[102.07862,15.01221],[102.07825,15.01222],[102.07799,15.01218],[102.07743,15.01202],[102.0772,15.01206],[102.07696,15.01209],[102.07671,15.01208],[102.07625,15.01199],[102.07534,15.01172],[102.07352,15.01134],[102.07332,15.0113],[102.07308,15.0113],[102.07211,15.01144],[102.07119,15.01144],[102.07094,15.01142],[102.07086,15.01141],[102.07004,15.01159],[102.06955,15.01157],[102.0691,15.01156],[102.06953,15.0106],[102.06955,15.01051]]}},{"type":"Feature","properties":{"name":"","type":"canal","osm_id":1396139991},"geometry":{"type":"LineString","coordinates":[[102.06955,15.01051],[102.06959,15.01037]]}},{"type":"Feature","properties":{"name":"","type":"canal","osm_id":1396139994},"geometry":{"type":"LineString","coordinates":[[102.05899,15.00578],[102.05887,15.00577],[102.05846,15.00575],[102.05802,15.00586],[102.05786,15.00583],[102.0575,15.00584],[102.05705,15.00584],[102.05692,15.00582],[102.05684,15.00578],[102.05676,15.0057],[102.05668,15.00566],[102.05663,15.00566],[102.0566,15.00565]]}},{"type":"Feature","properties":{"name":"","type":"canal","osm_id":1396139995},"geometry":{"type":"LineString","coordinates":[[102.05912,15.00581],[102.05899,15.00578]]}},{"type":"Feature","properties":{"name":"","type":"canal","osm_id":1396139996},"geometry":{"type":"LineString","coordinates":[[102.05922,15.00582],[102.05912,15.00581]]}},{"type":"Feature","properties":{"name":"","type":"canal","osm_id":1396139997},"geometry":{"type":"LineString","coordinates":[[102.05935,15.00584],[102.05922,15.00582]]}},{"type":"Feature","properties":{"name":"","type":"canal","osm_id":1416285378},"geometry":{"type":"LineString","coordinates":[[102.3116,15.27532],[102.3103,15.27492],[102.30996,15.27486],[102.30837,15.27506],[102.30821,15.27516],[102.30813,15.27533],[102.30815,15.27551],[102.30812,15.2756],[102.30798,15.27563],[102.3079,15.27568],[102.30782,15.2758],[102.30765,15.27581],[102.30676,15.27562],[102.30583,15.27566],[102.30565,15.27572],[102.30557,15.27588],[102.30548,15.27592],[102.30432,15.276],[102.30401,15.27602],[102.30382,15.27595],[102.30255,15.27515],[102.30101,15.27453],[102.30011,15.27411],[102.29846,15.27369],[102.29794,15.27358],[102.29724,15.27348],[102.29616,15.27327],[102.29584,15.2732],[102.29545,15.27303],[102.29501,15.27289],[102.29463,15.27282],[102.29453,15.27285],[102.29428,15.27286],[102.29394,15.2729],[102.29369,15.27287]]}},{"type":"Feature","properties":{"name":"","type":"river","osm_id":1446844023},"geometry":{"type":"LineString","coordinates":[[101.90818,15.22583],[101.90824,15.22572]]}},{"type":"Feature","properties":{"name":"","type":"river","osm_id":1446844024},"geometry":{"type":"LineString","coordinates":[[101.90809,15.22602],[101.90818,15.22583]]}}]}